﻿<?xml version="1.0" encoding="ISO-8859-1"?>
<root>
	<item id="Title"><![CDATA[Discuz! Plugin]]></item>
	<item id="version"><![CDATA[X2,X2.5,X3,X3.1,X3.2,F1.0]]></item>
	<item id="Time"><![CDATA[2016-12-14 14:35]]></item>
	<item id="From"><![CDATA[讯幻网（www.xhkj5.com）]]></item>
	<item id="Data">
		<item id="plugin">
			<item id="available"><![CDATA[1]]></item>
			<item id="adminid"><![CDATA[1]]></item>
			<item id="name"><![CDATA[讯幻网_贴内选项卡]]></item>
			<item id="identifier"><![CDATA[threed_tab]]></item>
			<item id="description"><![CDATA[帖内选项卡]]></item>
			<item id="datatables"><![CDATA[]]></item>
			<item id="directory"><![CDATA[threed_tab/]]></item>
			<item id="copyright"><![CDATA[讯幻网（www.xhkj5.com）]]></item>
			<item id="version"><![CDATA[www.xhkj5.com]]></item>
			<item id="__modules">
				<item id="1">
					<item id="name"><![CDATA[tab]]></item>
					<item id="param"><![CDATA[]]></item>
					<item id="menu"><![CDATA[]]></item>
					<item id="url"><![CDATA[]]></item>
					<item id="type"><![CDATA[11]]></item>
					<item id="adminid"><![CDATA[0]]></item>
					<item id="displayorder"><![CDATA[0]]></item>
					<item id="navtitle"><![CDATA[]]></item>
					<item id="navicon"><![CDATA[]]></item>
					<item id="navsubname"><![CDATA[]]></item>
					<item id="navsuburl"><![CDATA[]]></item>
				</item>
			</item>
		</item>
		<item id="version"><![CDATA[X2,X2.5,X3,X3.1,X3.2,F1.0]]></item>
		<item id="var">
			<item id="0">
				<item id="displayorder"><![CDATA[0]]></item>
				<item id="title"><![CDATA[版块标签定义]]></item>
				<item id="description"><![CDATA[规则如下：
版块ID(,版块ID)[forum]标签1名称[value]该标签管理员自定义内容 [value] 预定义内容代号(,代号）（[tab]更多标签名称[value]该标签管理员自定义内容 [value] 预定义内容代号(,代号)）
[next]版块ID。。。更详细的说明，请访问：http://www.xhkj5.com/thread-15110-1-1.html 。]]></item>
				<item id="variable"><![CDATA[tab_define]]></item>
				<item id="type"><![CDATA[textarea]]></item>
				<item id="value"><![CDATA[2[forum]主标签名[value]主标签自定义内容。<br/>[value]1[tab]查看图片[value]图片自定义内容。<br/>[value]1,2,3[tab]附件下载[value]所有可供下载的附件自定义内容[value]1,2[tab]附加信息[value]这里是一些附加信息。[value]3[tab]第五个标签[value]第5个自定义内容。<br/>[value]1,2,3[tab]第六个标签[value]第六个附件自定义内容[value]1,2
[next]36,37,38[forum]主标签名[value]主标签自定义内容。<br/>[value]1[tab]查看图片[value]图片自定义内容。<br/>[value]1,2,3
[next]39[forum]主标签名[value]主标签自定义内容。<br/>[value]1[tab]附件下载[value]这里显示了所有可供下载的附件[value]1,2[tab]附加信息[value]http://www.baidu.com[value]0[tab]附件下载[value]这里显示了所有可供下载的附件[value]2]]></item>
				<item id="extra"><![CDATA[]]></item>
			</item>
			<item id="1">
				<item id="displayorder"><![CDATA[1]]></item>
				<item id="title"><![CDATA[标签用户]]></item>
				<item id="description"><![CDATA[]]></item>
				<item id="variable"><![CDATA[tab_groups]]></item>
				<item id="type"><![CDATA[groups]]></item>
				<item id="extra"><![CDATA[]]></item>
				<item id="__value">
					<item id="0"><![CDATA[11]]></item>
					<item id="1"><![CDATA[12]]></item>
					<item id="2"><![CDATA[13]]></item>
					<item id="3"><![CDATA[14]]></item>
					<item id="4"><![CDATA[15]]></item>
					<item id="5"><![CDATA[16]]></item>
					<item id="6"><![CDATA[17]]></item>
					<item id="7"><![CDATA[18]]></item>
					<item id="8"><![CDATA[19]]></item>
					<item id="9"><![CDATA[1]]></item>
					<item id="10"><![CDATA[2]]></item>
					<item id="11"><![CDATA[3]]></item>
					<item id="12"><![CDATA[4]]></item>
					<item id="13"><![CDATA[5]]></item>
				</item>
			</item>
			<item id="2">
				<item id="displayorder"><![CDATA[2]]></item>
				<item id="title"><![CDATA[选项卡位置]]></item>
				<item id="description"><![CDATA[选是：选项卡将会出现在最上方，活动信息和分类信息等都会在标签里面。
选否：选项卡会出现在分类信息、活动报名等的下面。]]></item>
				<item id="variable"><![CDATA[tab_location]]></item>
				<item id="type"><![CDATA[radio]]></item>
				<item id="value"><![CDATA[1]]></item>
				<item id="extra"><![CDATA[]]></item>
			</item>
			<item id="3">
				<item id="displayorder"><![CDATA[3]]></item>
				<item id="title"><![CDATA[主标签是否全部显示]]></item>
				<item id="description"><![CDATA[这样不会影响主标签的排版]]></item>
				<item id="variable"><![CDATA[tab1_cont]]></item>
				<item id="type"><![CDATA[radio]]></item>
				<item id="value"><![CDATA[1]]></item>
				<item id="extra"><![CDATA[]]></item>
			</item>
			<item id="4">
				<item id="displayorder"><![CDATA[4]]></item>
				<item id="title"><![CDATA[是否取消主标签内附件？]]></item>
				<item id="description"><![CDATA[]]></item>
				<item id="variable"><![CDATA[tab1_noattach]]></item>
				<item id="type"><![CDATA[radio]]></item>
				<item id="value"><![CDATA[0]]></item>
				<item id="extra"><![CDATA[]]></item>
			</item>
			<item id="5">
				<item id="displayorder"><![CDATA[5]]></item>
				<item id="title"><![CDATA[是否取消主标签内图片？]]></item>
				<item id="description"><![CDATA[]]></item>
				<item id="variable"><![CDATA[tab1_noimg]]></item>
				<item id="type"><![CDATA[radio]]></item>
				<item id="value"><![CDATA[1]]></item>
				<item id="extra"><![CDATA[]]></item>
			</item>
            <item id="6">
				<item id="displayorder"><![CDATA[6]]></item>
				<item id="title"><![CDATA[是否开启对网盘附件的支持:]]></item>
				<item id="description"><![CDATA[]]></item>
				<item id="variable"><![CDATA[tab_pan]]></item>
				<item id="type"><![CDATA[radio]]></item>
				<item id="value"><![CDATA[0]]></item>
				<item id="extra"><![CDATA[]]></item>
			</item>
            <item id="7">
				<item id="displayorder"><![CDATA[7]]></item>
				<item id="title"><![CDATA[帖子内附件显示的文字]]></item>
				<item id="description"><![CDATA[]]></item>
				<item id="variable"><![CDATA[tab_panurl]]></item>
				<item id="type"><![CDATA[textarea]]></item>
				<item id="value"><![CDATA[0]]></item>
				<item id="extra"><![CDATA[以上或 <a href="/plugin.php?id=vip:vip" target="_blank" rel="nofollow" style="text-decoration:none;"><font style="color:#CC0000 !important; font-size:14px;">VIP会员</font></a> &nbsp; <a  target="_blank" href="/plugin.php?id=vip:vip" rel="nofollow" class="xi2" style="text-decoration:none;">[购买VIP]</a> &nbsp; <a  target="_blank"href="/thread-465-1-1.html" rel="nofollow" class="xi2" style="text-decoration:none;">[充值铜板]</a> &nbsp;<a href="/thread-462-1-1.html" rel="nofollow" class="xi2" style="text-decoration:none;">[免费赚铜板]</a> ]]></item>
			</item>
		</item>
		<item id="language">
			<item id="scriptlang">
				<item id="0"><![CDATA[]]></item>
			</item>
			<item id="templatelang">
                <item id="attach1"><![CDATA[最高权限]]></item>
				<item id="attach2"><![CDATA[不限]]></item>
				<item id="attach3"><![CDATA[网盘资源]]></item>
				<item id="imgguest"><![CDATA[登录/注册后可看大图]]></item>
				<item id="attachdown"><![CDATA[请点击此处下载]]></item>
				<item id="attachdownreg"><![CDATA[请先注册会员后再进行下载]]></item>
				<item id="attachdownlogin"><![CDATA[已注册会员，请先登录后下载]]></item>
                <item id="attachdownreg_ok"><![CDATA[加入VIP，免积分下载]]></item>
				<item id="attachdownreg_pay"><![CDATA[需要先购买才能下载]]></item>
				<item id="attachdownlogin_ok"><![CDATA[您的用户组是：]]></item>
				<item id="attachname"><![CDATA[文件名称]]></item>
				<item id="attachsize"><![CDATA[文件大小]]></item>
				<item id="attachprice"><![CDATA[售价]]></item>
				<item id="attachreadperm"><![CDATA[下载权限]]></item>
				<item id="attachdownloads"><![CDATA[下载次数]]></item>
				<item id="editinfo"><![CDATA[点击给选项卡标签插入内容]]></item>

			</item>
			<item id="installlang">
				<item id="0"><![CDATA[]]></item>
			</item>
		</item>
	</item>
</root>