﻿<?xml version="1.0" encoding="ISO-8859-1"?>
<root>
	<item id="Title"><![CDATA[Discuz! Plugin]]></item>
	<item id="version"><![CDATA[X2,X2.5,X3,X3.1,X3.2,F1.0]]></item>
	<item id="Time"><![CDATA[2016-12-14 14:35]]></item>
	<item id="From"><![CDATA[讯幻网（www.xhkj5.com）]]></item>
	<item id="Data">
		<item id="plugin">
			<item id="available"><![CDATA[1]]></item>
			<item id="adminid"><![CDATA[1]]></item>
			<item id="name"><![CDATA[讯幻网_貼內選項卡]]></item>
			<item id="identifier"><![CDATA[threed_tab]]></item>
			<item id="description"><![CDATA[帖內選項卡]]></item>
			<item id="datatables"><![CDATA[]]></item>
			<item id="directory"><![CDATA[threed_tab/]]></item>
			<item id="copyright"><![CDATA[讯幻网（www.xhkj5.com）]]></item>
			<item id="version"><![CDATA[www.xhkj5.com]]></item>
			<item id="__modules">
				<item id="1">
					<item id="name"><![CDATA[tab]]></item>
					<item id="param"><![CDATA[]]></item>
					<item id="menu"><![CDATA[]]></item>
					<item id="url"><![CDATA[]]></item>
					<item id="type"><![CDATA[11]]></item>
					<item id="adminid"><![CDATA[0]]></item>
					<item id="displayorder"><![CDATA[0]]></item>
					<item id="navtitle"><![CDATA[]]></item>
					<item id="navicon"><![CDATA[]]></item>
					<item id="navsubname"><![CDATA[]]></item>
					<item id="navsuburl"><![CDATA[]]></item>
				</item>
			</item>
		</item>
		<item id="version"><![CDATA[X2,X2.5,X3,X3.1,X3.2,F1.0]]></item>
		<item id="var">
			<item id="0">
				<item id="displayorder"><![CDATA[0]]></item>
				<item id="title"><![CDATA[版塊標簽定義]]></item>
				<item id="description"><![CDATA[規則如下：
版塊ID(,版塊ID)[forum]標簽1名稱[value]該標簽管理員自定義內容 [value] 預定義內容代號(,代號）（[tab]更多標簽名稱[value]該標簽管理員自定義內容 [value] 預定義內容代號(,代號)）
[next]版塊ID。。。更詳細的說明，請訪問：http://www.xhkj5.com/thread-15110-1-1.html 。]]></item>
				<item id="variable"><![CDATA[tab_define]]></item>
				<item id="type"><![CDATA[textarea]]></item>
				<item id="value"><![CDATA[2[forum]主標簽名[value]主標簽自定義內容。<br/>[value]1[tab]查看圖片[value]圖片自定義內容。<br/>[value]1,2,3[tab]附件下載[value]所有可供下載的附件自定義內容[value]1,2[tab]附加信息[value]這里是一些附加信息。[value]3[tab]第五個標簽[value]第5個自定義內容。<br/>[value]1,2,3[tab]第六個標簽[value]第六個附件自定義內容[value]1,2
[next]36,37,38[forum]主標簽名[value]主標簽自定義內容。<br/>[value]1[tab]查看圖片[value]圖片自定義內容。<br/>[value]1,2,3
[next]39[forum]主標簽名[value]主標簽自定義內容。<br/>[value]1[tab]附件下載[value]這里顯示了所有可供下載的附件[value]1,2[tab]附加信息[value]http://www.baidu.com[value]0[tab]附件下載[value]這里顯示了所有可供下載的附件[value]2]]></item>
				<item id="extra"><![CDATA[]]></item>
			</item>
			<item id="1">
				<item id="displayorder"><![CDATA[1]]></item>
				<item id="title"><![CDATA[標簽用戶]]></item>
				<item id="description"><![CDATA[]]></item>
				<item id="variable"><![CDATA[tab_groups]]></item>
				<item id="type"><![CDATA[groups]]></item>
				<item id="extra"><![CDATA[]]></item>
				<item id="__value">
					<item id="0"><![CDATA[11]]></item>
					<item id="1"><![CDATA[12]]></item>
					<item id="2"><![CDATA[13]]></item>
					<item id="3"><![CDATA[14]]></item>
					<item id="4"><![CDATA[15]]></item>
					<item id="5"><![CDATA[16]]></item>
					<item id="6"><![CDATA[17]]></item>
					<item id="7"><![CDATA[18]]></item>
					<item id="8"><![CDATA[19]]></item>
					<item id="9"><![CDATA[1]]></item>
					<item id="10"><![CDATA[2]]></item>
					<item id="11"><![CDATA[3]]></item>
					<item id="12"><![CDATA[4]]></item>
					<item id="13"><![CDATA[5]]></item>
				</item>
			</item>
			<item id="2">
				<item id="displayorder"><![CDATA[2]]></item>
				<item id="title"><![CDATA[選項卡位置]]></item>
				<item id="description"><![CDATA[選是：選項卡將會出現在最上方，活動信息和分類信息等都會在標簽里面。
選否：選項卡會出現在分類信息、活動報名等的下面。]]></item>
				<item id="variable"><![CDATA[tab_location]]></item>
				<item id="type"><![CDATA[radio]]></item>
				<item id="value"><![CDATA[1]]></item>
				<item id="extra"><![CDATA[]]></item>
			</item>
			<item id="3">
				<item id="displayorder"><![CDATA[3]]></item>
				<item id="title"><![CDATA[主標簽是否全部顯示]]></item>
				<item id="description"><![CDATA[這樣不會影響主標簽的排版]]></item>
				<item id="variable"><![CDATA[tab1_cont]]></item>
				<item id="type"><![CDATA[radio]]></item>
				<item id="value"><![CDATA[1]]></item>
				<item id="extra"><![CDATA[]]></item>
			</item>
			<item id="4">
				<item id="displayorder"><![CDATA[4]]></item>
				<item id="title"><![CDATA[是否取消主標簽內附件？]]></item>
				<item id="description"><![CDATA[]]></item>
				<item id="variable"><![CDATA[tab1_noattach]]></item>
				<item id="type"><![CDATA[radio]]></item>
				<item id="value"><![CDATA[0]]></item>
				<item id="extra"><![CDATA[]]></item>
			</item>
			<item id="5">
				<item id="displayorder"><![CDATA[5]]></item>
				<item id="title"><![CDATA[是否取消主標簽內圖片？]]></item>
				<item id="description"><![CDATA[]]></item>
				<item id="variable"><![CDATA[tab1_noimg]]></item>
				<item id="type"><![CDATA[radio]]></item>
				<item id="value"><![CDATA[1]]></item>
				<item id="extra"><![CDATA[]]></item>
			</item>
            <item id="6">
				<item id="displayorder"><![CDATA[6]]></item>
				<item id="title"><![CDATA[是否開啟對網盤附件的支持:]]></item>
				<item id="description"><![CDATA[]]></item>
				<item id="variable"><![CDATA[tab_pan]]></item>
				<item id="type"><![CDATA[radio]]></item>
				<item id="value"><![CDATA[0]]></item>
				<item id="extra"><![CDATA[]]></item>
			</item>
            <item id="7">
				<item id="displayorder"><![CDATA[7]]></item>
				<item id="title"><![CDATA[帖子內附件顯示的文字]]></item>
				<item id="description"><![CDATA[]]></item>
				<item id="variable"><![CDATA[tab_panurl]]></item>
				<item id="type"><![CDATA[textarea]]></item>
				<item id="value"><![CDATA[0]]></item>
				<item id="extra"><![CDATA[以上或 <a href="/plugin.php?id=vip:vip" target="_blank" rel="nofollow" style="text-decoration:none;"><font style="color:#CC0000 !important; font-size:14px;">VIP會員</font></a> &nbsp; <a  target="_blank" href="/plugin.php?id=vip:vip" rel="nofollow" class="xi2" style="text-decoration:none;">[購買VIP]</a> &nbsp; <a  target="_blank"href="/thread-465-1-1.html" rel="nofollow" class="xi2" style="text-decoration:none;">[充值銅板]</a> &nbsp;<a href="/thread-462-1-1.html" rel="nofollow" class="xi2" style="text-decoration:none;">[免費賺銅板]</a> ]]></item>
			</item>
		</item>
		<item id="language">
			<item id="scriptlang">
				<item id="0"><![CDATA[]]></item>
			</item>
			<item id="templatelang">
                <item id="attach1"><![CDATA[最高權限]]></item>
				<item id="attach2"><![CDATA[不限]]></item>
				<item id="attach3"><![CDATA[網盤資源]]></item>
				<item id="imgguest"><![CDATA[登錄/注冊后可看大圖]]></item>
				<item id="attachdown"><![CDATA[請點擊此處下載]]></item>
				<item id="attachdownreg"><![CDATA[請先注冊會員后再進行下載]]></item>
				<item id="attachdownlogin"><![CDATA[已注冊會員，請先登錄后下載]]></item>
                <item id="attachdownreg_ok"><![CDATA[加入VIP，免積分下載]]></item>
				<item id="attachdownreg_pay"><![CDATA[需要先購買才能下載]]></item>
				<item id="attachdownlogin_ok"><![CDATA[您的用戶組是：]]></item>
				<item id="attachname"><![CDATA[文件名稱]]></item>
				<item id="attachsize"><![CDATA[文件大小]]></item>
				<item id="attachprice"><![CDATA[售價]]></item>
				<item id="attachreadperm"><![CDATA[下載權限]]></item>
				<item id="attachdownloads"><![CDATA[下載次數]]></item>
				<item id="editinfo"><![CDATA[點擊給選項卡標簽插入內容]]></item>

			</item>
			<item id="installlang">
				<item id="0"><![CDATA[]]></item>
			</item>
		</item>
	</item>
</root>