﻿<?xml version="1.0" encoding="ISO-8859-1"?>
<root>
	<item id="Title"><![CDATA[Discuz! Plugin]]></item>
	<item id="Version"><![CDATA[X2,X2.5,X3,X3.1,X3.2,X3.3,F1.0,L1.0]]></item>
	<item id="Time"><![CDATA[2017-06-03 00:00]]></item>
	<item id="From"><![CDATA[m12.name]]></item>
	<item id="Data">
		<item id="plugin">
			<item id="available"><![CDATA[1]]></item>
			<item id="adminid"><![CDATA[0]]></item>
			<item id="name"><![CDATA[mp4播放]]></item>
			<item id="identifier"><![CDATA[tshuz_mp4play]]></item>
			<item id="description"><![CDATA[]]></item>
			<item id="datatables"><![CDATA[]]></item>
			<item id="directory"><![CDATA[tshuz_mp4play/]]></item>
			<item id="copyright"><![CDATA[m12.name]]></item>
			<item id="version"><![CDATA[1.2]]></item>
			<item id="__modules">
				<item id="0">
					<item id="name"><![CDATA[addons]]></item>
					<item id="param"><![CDATA[]]></item>
					<item id="menu"><![CDATA[<font color="red"><b>更多精品插件</b></font>]]></item>
					<item id="url"><![CDATA[]]></item>
					<item id="type"><![CDATA[3]]></item>
					<item id="adminid"><![CDATA[0]]></item>
					<item id="displayorder"><![CDATA[0]]></item>
					<item id="navtitle"><![CDATA[]]></item>
					<item id="navicon"><![CDATA[]]></item>
					<item id="navsubname"><![CDATA[]]></item>
					<item id="navsuburl"><![CDATA[]]></item>
				</item>
				<item id="1">
					<item id="name"><![CDATA[hook]]></item>
					<item id="param"><![CDATA[]]></item>
					<item id="menu"><![CDATA[]]></item>
					<item id="url"><![CDATA[]]></item>
					<item id="type"><![CDATA[11]]></item>
					<item id="adminid"><![CDATA[0]]></item>
					<item id="displayorder"><![CDATA[0]]></item>
					<item id="navtitle"><![CDATA[]]></item>
					<item id="navicon"><![CDATA[]]></item>
					<item id="navsubname"><![CDATA[]]></item>
					<item id="navsuburl"><![CDATA[]]></item>
				</item>
				<item id="2">
					<item id="name"><![CDATA[mobile]]></item>
					<item id="param"><![CDATA[]]></item>
					<item id="menu"><![CDATA[]]></item>
					<item id="url"><![CDATA[]]></item>
					<item id="type"><![CDATA[28]]></item>
					<item id="adminid"><![CDATA[0]]></item>
					<item id="displayorder"><![CDATA[0]]></item>
					<item id="navtitle"><![CDATA[]]></item>
					<item id="navicon"><![CDATA[]]></item>
					<item id="navsubname"><![CDATA[]]></item>
					<item id="navsuburl"><![CDATA[]]></item>
				</item>
			</item>
		</item>
		<item id="version"><![CDATA[X2,X2.5,X3,X3.1,X3.2,X3.3,F1.0,L1.0]]></item>
		<item id="var">
			<item id="0">
				<item id="displayorder"><![CDATA[1]]></item>
				<item id="title"><![CDATA[啟用版塊]]></item>
				<item id="description"><![CDATA[]]></item>
				<item id="variable"><![CDATA[forums]]></item>
				<item id="type"><![CDATA[forums]]></item>
				<item id="extra"><![CDATA[]]></item>
				<item id="__value">
					<item id="0"><![CDATA[]]></item>
					<item id="1"><![CDATA[40]]></item>
					<item id="2"><![CDATA[39]]></item>
					<item id="3"><![CDATA[38]]></item>
					<item id="4"><![CDATA[2]]></item>
					<item id="5"><![CDATA[42]]></item>
					<item id="6"><![CDATA[41]]></item>
					<item id="7"><![CDATA[37]]></item>
					<item id="8"><![CDATA[43]]></item>
				</item>
			</item>
			<item id="1">
				<item id="displayorder"><![CDATA[2]]></item>
				<item id="title"><![CDATA[手機版寬]]></item>
				<item id="description"><![CDATA[單位：百分比（%）]]></item>
				<item id="variable"><![CDATA[mobile_width]]></item>
				<item id="type"><![CDATA[number]]></item>
				<item id="value"><![CDATA[80]]></item>
				<item id="extra"><![CDATA[]]></item>
			</item>
			<item id="2">
				<item id="displayorder"><![CDATA[3]]></item>
				<item id="title"><![CDATA[手機版高]]></item>
				<item id="description"><![CDATA[單位：百分比（%）]]></item>
				<item id="variable"><![CDATA[mobile_height]]></item>
				<item id="type"><![CDATA[number]]></item>
				<item id="value"><![CDATA[60]]></item>
				<item id="extra"><![CDATA[]]></item>
			</item>
			<item id="3">
				<item id="displayorder"><![CDATA[4]]></item>
				<item id="title"><![CDATA[自動播放]]></item>
				<item id="description"><![CDATA[如果頁面內多個MP4，建議關閉該選項]]></item>
				<item id="variable"><![CDATA[autoplay]]></item>
				<item id="type"><![CDATA[radio]]></item>
				<item id="value"><![CDATA[0]]></item>
				<item id="extra"><![CDATA[]]></item>
			</item>
			<item id="4">
				<item id="displayorder"><![CDATA[5]]></item>
				<item id="title"><![CDATA[背景顏色]]></item>
				<item id="description"><![CDATA[]]></item>
				<item id="variable"><![CDATA[bgcolor]]></item>
				<item id="type"><![CDATA[color]]></item>
				<item id="value"><![CDATA[#000000]]></item>
				<item id="extra"><![CDATA[]]></item>
			</item>
		</item>
		<item id="language">
			<item id="templatelang">
				<item id="lang01"><![CDATA[MP4地址：]]></item>
				<item id="lang02"><![CDATA[寬：]]></item>
				<item id="lang03"><![CDATA[高：]]></item>
			</item>
		</item>
	</item>
</root>