﻿<?xml version="1.0" encoding="ISO-8859-1"?>
<root>
	<item id="Title"><![CDATA[Discuz! Plugin]]></item>
	<item id="Version"><![CDATA[X2.5,X3,X3.1,X3.2,X3.3,X3.4,F1.0,L1.0]]></item>
	<item id="Time"><![CDATA[2018-02-07 14:54]]></item>
	<item id="TiFrom"><![CDATA[DZ时间]]></item>
	<item id="Data">
		<item id="plugin">
			<item id="available"><![CDATA[1]]></item>
			<item id="adminid"><![CDATA[1]]></item>
			<item id="name"><![CDATA[注册短信验证]]></item>
			<item id="identifier"><![CDATA[zhanmishu_sms]]></item>
			<item id="description"><![CDATA[短信全功能插件，集成手机短信注册、手机认证、手机找回密码、回帖短信邮箱提醒、短信群发功能。目前支持阿里大鱼、短信宝接口，更多接口支持添加中。]]></item>
			<item id="datatables"><![CDATA[]]></item>
			<item id="directory"><![CDATA[zhanmishu_sms/]]></item>
			<item id="copyright"><![CDATA[站秘书(成都智测科技有限公司)]]></item>
			<item id="version"><![CDATA[全功能多接口版v5.0.5]]></item>
			<item id="__modules">
				<item id="0">
					<item id="name"><![CDATA[mobile]]></item>
					<item id="param"><![CDATA[]]></item>
					<item id="menu"><![CDATA[]]></item>
					<item id="url"><![CDATA[]]></item>
					<item id="type"><![CDATA[28]]></item>
					<item id="adminid"><![CDATA[0]]></item>
					<item id="displayorder"><![CDATA[0]]></item>
					<item id="navtitle"><![CDATA[]]></item>
					<item id="navicon"><![CDATA[]]></item>
					<item id="navsubname"><![CDATA[]]></item>
					<item id="navsuburl"><![CDATA[]]></item>
				</item>
				<item id="1">
					<item id="name"><![CDATA[regmobile]]></item>
					<item id="param"><![CDATA[]]></item>
					<item id="menu"><![CDATA[绑定手机]]></item>
					<item id="url"><![CDATA[]]></item>
					<item id="type"><![CDATA[7]]></item>
					<item id="adminid"><![CDATA[0]]></item>
					<item id="displayorder"><![CDATA[0]]></item>
					<item id="navtitle"><![CDATA[]]></item>
					<item id="navicon"><![CDATA[]]></item>
					<item id="navsubname"><![CDATA[]]></item>
					<item id="navsuburl"><![CDATA[]]></item>
				</item>
				<item id="2">
					<item id="name"><![CDATA[send]]></item>
					<item id="param"><![CDATA[]]></item>
					<item id="menu"><![CDATA[]]></item>
					<item id="url"><![CDATA[]]></item>
					<item id="type"><![CDATA[11]]></item>
					<item id="adminid"><![CDATA[0]]></item>
					<item id="displayorder"><![CDATA[0]]></item>
					<item id="navtitle"><![CDATA[]]></item>
					<item id="navicon"><![CDATA[]]></item>
					<item id="navsubname"><![CDATA[]]></item>
					<item id="navsuburl"><![CDATA[]]></item>
				</item>
				<item id="3">
					<item id="name"><![CDATA[open]]></item>
					<item id="param"><![CDATA[]]></item>
					<item id="menu"><![CDATA[一键设置手机认证]]></item>
					<item id="url"><![CDATA[]]></item>
					<item id="type"><![CDATA[3]]></item>
					<item id="adminid"><![CDATA[0]]></item>
					<item id="displayorder"><![CDATA[0]]></item>
					<item id="navtitle"><![CDATA[]]></item>
					<item id="navicon"><![CDATA[]]></item>
					<item id="navsubname"><![CDATA[]]></item>
					<item id="navsuburl"><![CDATA[]]></item>
				</item>
				<item id="4">
					<item id="name"><![CDATA[templateadmin]]></item>
					<item id="param"><![CDATA[]]></item>
					<item id="menu"><![CDATA[短信模板管理]]></item>
					<item id="url"><![CDATA[]]></item>
					<item id="type"><![CDATA[3]]></item>
					<item id="adminid"><![CDATA[0]]></item>
					<item id="displayorder"><![CDATA[1]]></item>
					<item id="navtitle"><![CDATA[]]></item>
					<item id="navicon"><![CDATA[]]></item>
					<item id="navsubname"><![CDATA[]]></item>
					<item id="navsuburl"><![CDATA[]]></item>
				</item>
				<item id="5">
					<item id="name"><![CDATA[report]]></item>
					<item id="param"><![CDATA[]]></item>
					<item id="menu"><![CDATA[查看发送记录]]></item>
					<item id="url"><![CDATA[]]></item>
					<item id="type"><![CDATA[3]]></item>
					<item id="adminid"><![CDATA[0]]></item>
					<item id="displayorder"><![CDATA[2]]></item>
					<item id="navtitle"><![CDATA[]]></item>
					<item id="navicon"><![CDATA[]]></item>
					<item id="navsubname"><![CDATA[]]></item>
					<item id="navsuburl"><![CDATA[]]></item>
				</item>
				<item id="6">
					<item id="name"><![CDATA[verifyadmin]]></item>
					<item id="param"><![CDATA[]]></item>
					<item id="menu"><![CDATA[手机认证管理]]></item>
					<item id="url"><![CDATA[]]></item>
					<item id="type"><![CDATA[3]]></item>
					<item id="adminid"><![CDATA[0]]></item>
					<item id="displayorder"><![CDATA[3]]></item>
					<item id="navtitle"><![CDATA[]]></item>
					<item id="navicon"><![CDATA[]]></item>
					<item id="navsubname"><![CDATA[]]></item>
					<item id="navsuburl"><![CDATA[]]></item>
				</item>
				<item id="7">
					<item id="name"><![CDATA[groupsendsms]]></item>
					<item id="param"><![CDATA[]]></item>
					<item id="menu"><![CDATA[短信群发通知]]></item>
					<item id="url"><![CDATA[]]></item>
					<item id="type"><![CDATA[3]]></item>
					<item id="adminid"><![CDATA[0]]></item>
					<item id="displayorder"><![CDATA[4]]></item>
					<item id="navtitle"><![CDATA[]]></item>
					<item id="navicon"><![CDATA[]]></item>
					<item id="navsubname"><![CDATA[]]></item>
					<item id="navsuburl"><![CDATA[]]></item>
				</item>
				<item id="8">
					<item id="name"><![CDATA[mobilesend]]></item>
					<item id="param"><![CDATA[]]></item>
					<item id="menu"><![CDATA[手机号批量群发]]></item>
					<item id="url"><![CDATA[]]></item>
					<item id="type"><![CDATA[3]]></item>
					<item id="adminid"><![CDATA[0]]></item>
					<item id="displayorder"><![CDATA[5]]></item>
					<item id="navtitle"><![CDATA[]]></item>
					<item id="navicon"><![CDATA[]]></item>
					<item id="navsubname"><![CDATA[]]></item>
					<item id="navsuburl"><![CDATA[]]></item>
				</item>
				<item id="9">
					<item id="name"><![CDATA[blackitem]]></item>
					<item id="param"><![CDATA[]]></item>
					<item id="menu"><![CDATA[黑名单管理]]></item>
					<item id="url"><![CDATA[]]></item>
					<item id="type"><![CDATA[3]]></item>
					<item id="adminid"><![CDATA[0]]></item>
					<item id="displayorder"><![CDATA[6]]></item>
					<item id="navtitle"><![CDATA[]]></item>
					<item id="navicon"><![CDATA[]]></item>
					<item id="navsubname"><![CDATA[]]></item>
					<item id="navsuburl"><![CDATA[]]></item>
				</item>
				<item id="10">
					<item id="name"><![CDATA[admin]]></item>
					<item id="param"><![CDATA[]]></item>
					<item id="menu"><![CDATA[插件售后支持]]></item>
					<item id="url"><![CDATA[http://url.cn/Jt2oC5]]></item>
					<item id="type"><![CDATA[3]]></item>
					<item id="adminid"><![CDATA[0]]></item>
					<item id="displayorder"><![CDATA[9]]></item>
					<item id="navtitle"><![CDATA[]]></item>
					<item id="navicon"><![CDATA[]]></item>
					<item id="navsubname"><![CDATA[]]></item>
					<item id="navsuburl"><![CDATA[]]></item>
				</item>
			</item>
		</item>
		<item id="version"><![CDATA[X2.5,X3,X3.1,X3.2,X3.3,X3.4,F1.0,L1.0]]></item>
		<item id="var">
			<item id="0">
				<item id="displayorder"><![CDATA[0]]></item>
				<item id="title"><![CDATA[阿里云市场-阿里短信服务Ap ...]]></item>
				<item id="description"><![CDATA[]]></item>
				<item id="variable"><![CDATA[AppCode]]></item>
				<item id="type"><![CDATA[text]]></item>
				<item id="value"><![CDATA[]]></item>
				<item id="extra"><![CDATA[]]></item>
			</item>
			<item id="1">
				<item id="displayorder"><![CDATA[1]]></item>
				<item id="title"><![CDATA[阿里云官网accessKeyId]]></item>
				<item id="description"><![CDATA[]]></item>
				<item id="variable"><![CDATA[accessKeyId]]></item>
				<item id="type"><![CDATA[text]]></item>
				<item id="value"><![CDATA[LTAICea2n576JmWC]]></item>
				<item id="extra"><![CDATA[]]></item>
			</item>
			<item id="2">
				<item id="displayorder"><![CDATA[2]]></item>
				<item id="title"><![CDATA[阿里云官网accessKeySecret]]></item>
				<item id="description"><![CDATA[]]></item>
				<item id="variable"><![CDATA[accessKeySecret]]></item>
				<item id="type"><![CDATA[text]]></item>
				<item id="value"><![CDATA[]]></item>
				<item id="extra"><![CDATA[]]></item>
			</item>
			<item id="3">
				<item id="displayorder"><![CDATA[2]]></item>
				<item id="title"><![CDATA[阿里云消息服务Endpoint]]></item>
				<item id="description"><![CDATA[]]></item>
				<item id="variable"><![CDATA[Endpoint]]></item>
				<item id="type"><![CDATA[text]]></item>
				<item id="value"><![CDATA[http://34001808.mns.cn-hangzhou.aliyuncs.com/]]></item>
				<item id="extra"><![CDATA[]]></item>
			</item>
			<item id="4">
				<item id="displayorder"><![CDATA[2]]></item>
				<item id="title"><![CDATA[阿里云消息服务-主题名称]]></item>
				<item id="description"><![CDATA[]]></item>
				<item id="variable"><![CDATA[topicName]]></item>
				<item id="type"><![CDATA[text]]></item>
				<item id="value"><![CDATA[sms.topic-cn-hangzhou]]></item>
				<item id="extra"><![CDATA[]]></item>
			</item>
			<item id="5">
				<item id="displayorder"><![CDATA[3]]></item>
				<item id="title"><![CDATA[阿里大鱼AppKey]]></item>
				<item id="description"><![CDATA[2017年6月后，阿里大鱼新用户将无法申请，只能用阿里云短信了，底层都是一个接口，价格也一样。]]></item>
				<item id="variable"><![CDATA[appkey]]></item>
				<item id="type"><![CDATA[text]]></item>
				<item id="value"><![CDATA[23318359]]></item>
				<item id="extra"><![CDATA[]]></item>
			</item>
			<item id="6">
				<item id="displayorder"><![CDATA[4]]></item>
				<item id="title"><![CDATA[阿里大鱼AppSecret]]></item>
				<item id="description"><![CDATA[2017年6月后，阿里大鱼新用户将无法申请，只能用阿里云短信了，底层都是一个接口，价格也一样。]]></item>
				<item id="variable"><![CDATA[appsecret]]></item>
				<item id="type"><![CDATA[text]]></item>
				<item id="value"><![CDATA[]]></item>
				<item id="extra"><![CDATA[]]></item>
			</item>
			<item id="7">
				<item id="displayorder"><![CDATA[7]]></item>
				<item id="title"><![CDATA[短信宝用户名]]></item>
				<item id="description"><![CDATA[http://www.smsbao.com/去申请获取，另外可以联系我们客服QQ:2575163778获取10元试用优惠券]]></item>
				<item id="variable"><![CDATA[smsbaousername]]></item>
				<item id="type"><![CDATA[text]]></item>
				<item id="value"><![CDATA[]]></item>
				<item id="extra"><![CDATA[]]></item>
			</item>
			<item id="8">
				<item id="displayorder"><![CDATA[8]]></item>
				<item id="title"><![CDATA[短信宝密码]]></item>
				<item id="description"><![CDATA[http://www.smsbao.com/去申请获取，另外可以联系我们客服QQ:2575163778获取10元试用优惠券]]></item>
				<item id="variable"><![CDATA[smsbaopassword]]></item>
				<item id="type"><![CDATA[text]]></item>
				<item id="value"><![CDATA[]]></item>
				<item id="extra"><![CDATA[]]></item>
			</item>
			<item id="9">
				<item id="displayorder"><![CDATA[9]]></item>
				<item id="title"><![CDATA[腾讯云sdkappid]]></item>
				<item id="description"><![CDATA[]]></item>
				<item id="variable"><![CDATA[sdkappid]]></item>
				<item id="type"><![CDATA[text]]></item>
				<item id="value"><![CDATA[]]></item>
				<item id="extra"><![CDATA[]]></item>
			</item>
			<item id="10">
				<item id="displayorder"><![CDATA[9]]></item>
				<item id="title"><![CDATA[腾讯云appkey]]></item>
				<item id="description"><![CDATA[]]></item>
				<item id="variable"><![CDATA[qq_appkey]]></item>
				<item id="type"><![CDATA[text]]></item>
				<item id="value"><![CDATA[]]></item>
				<item id="extra"><![CDATA[]]></item>
			</item>
			<item id="11">
				<item id="displayorder"><![CDATA[10]]></item>
				<item id="title"><![CDATA[台湾mitake账户]]></item>
				<item id="description"><![CDATA[]]></item>
				<item id="variable"><![CDATA[mitakeusername]]></item>
				<item id="type"><![CDATA[text]]></item>
				<item id="value"><![CDATA[]]></item>
				<item id="extra"><![CDATA[]]></item>
			</item>
			<item id="12">
				<item id="displayorder"><![CDATA[11]]></item>
				<item id="title"><![CDATA[台湾mitake密码]]></item>
				<item id="description"><![CDATA[]]></item>
				<item id="variable"><![CDATA[mitakepwd]]></item>
				<item id="type"><![CDATA[text]]></item>
				<item id="value"><![CDATA[5337580]]></item>
				<item id="extra"><![CDATA[]]></item>
			</item>
			<item id="13">
				<item id="displayorder"><![CDATA[12]]></item>
				<item id="title"><![CDATA[zrsms展信通账号]]></item>
				<item id="description"><![CDATA[http://oa.zrsms.com/自助申请]]></item>
				<item id="variable"><![CDATA[zrsmsuser]]></item>
				<item id="type"><![CDATA[text]]></item>
				<item id="value"><![CDATA[jingyuan]]></item>
				<item id="extra"><![CDATA[]]></item>
			</item>
			<item id="14">
				<item id="displayorder"><![CDATA[13]]></item>
				<item id="title"><![CDATA[zrsms展信通密码]]></item>
				<item id="description"><![CDATA[http://oa.zrsms.com/自助申请]]></item>
				<item id="variable"><![CDATA[zrsmspwd]]></item>
				<item id="type"><![CDATA[text]]></item>
				<item id="value"><![CDATA[123456]]></item>
				<item id="extra"><![CDATA[]]></item>
			</item>
			<item id="15">
				<item id="displayorder"><![CDATA[14]]></item>
				<item id="title"><![CDATA[中国网建Uid]]></item>
				<item id="description"><![CDATA[]]></item>
				<item id="variable"><![CDATA[webcnuid]]></item>
				<item id="type"><![CDATA[text]]></item>
				<item id="value"><![CDATA[荆视新媒体]]></item>
				<item id="extra"><![CDATA[]]></item>
			</item>
			<item id="16">
				<item id="displayorder"><![CDATA[15]]></item>
				<item id="title"><![CDATA[中国网建Key]]></item>
				<item id="description"><![CDATA[]]></item>
				<item id="variable"><![CDATA[webcnkey]]></item>
				<item id="type"><![CDATA[text]]></item>
				<item id="value"><![CDATA[29B0A377D0665679]]></item>
				<item id="extra"><![CDATA[]]></item>
			</item>
			<item id="17">
				<item id="displayorder"><![CDATA[17]]></item>
				<item id="title"><![CDATA[是否放开认证]]></item>
				<item id="description"><![CDATA[放开认证后，认证机制将会变化，只要用户栏目有手机号即为已认证。用户栏目没有的为未认证。清除认证同时候也就是清除手机号]]></item>
				<item id="variable"><![CDATA[iseasy_verisy]]></item>
				<item id="type"><![CDATA[radio]]></item>
				<item id="value"><![CDATA[0]]></item>
				<item id="extra"><![CDATA[]]></item>
			</item>
			<item id="18">
				<item id="displayorder"><![CDATA[18]]></item>
				<item id="title"><![CDATA[手机版三方登录自定义按钮  ...]]></item>
				<item id="description"><![CDATA[手机版可自定义第三方插件或者dz官方插件的微信、qq登录按钮。支持HTML代码，支持变量{referer}]]></item>
				<item id="variable"><![CDATA[login_html]]></item>
				<item id="type"><![CDATA[textarea]]></item>
				<item id="value"><![CDATA[<style>.login_button{width:30px;height:30px;line-height: 30px;padding:0 5px;}</style>
<a href="connect.php?mod=login&op=init&referer={referer}&statfrom=login"><img class="login_button" src="source/plugin/zhanmishu_sms/template/touch/img/qq_login.svg" alt="QQ登录"></a>
<a href="plugin.php?id=wechat:login"><img class="login_button" src="source/plugin/zhanmishu_sms/template/touch/img/wechat_login.svg" alt="微信登录"></a>]]></item>
				<item id="extra"><![CDATA[]]></item>
			</item>
			<item id="19">
				<item id="displayorder"><![CDATA[19]]></item>
				<item id="title"><![CDATA[短信发送API安全KEY]]></item>
				<item id="description"><![CDATA[主要是为了对接马甲API，请务必重视，次key不填写则不会开启此接口，如填写，则会开启此接口，安全key请勿给他人展示，泄露会影响短信安全。]]></item>
				<item id="variable"><![CDATA[sendsafekey]]></item>
				<item id="type"><![CDATA[text]]></item>
				<item id="value"><![CDATA[AAA123123aaaaa]]></item>
				<item id="extra"><![CDATA[]]></item>
			</item>
			<item id="20">
				<item id="displayorder"><![CDATA[21]]></item>
				<item id="title"><![CDATA[开启手机归属地限制]]></item>
				<item id="description"><![CDATA[]]></item>
				<item id="variable"><![CDATA[is_area_limit]]></item>
				<item id="type"><![CDATA[radio]]></item>
				<item id="value"><![CDATA[0]]></item>
				<item id="extra"><![CDATA[]]></item>
			</item>
			<item id="21">
				<item id="displayorder"><![CDATA[22]]></item>
				<item id="title"><![CDATA[归属地白名单]]></item>
				<item id="description"><![CDATA[填写省级行政区名称，如四川重庆。自动匹配，如果发送手机中有此处设置的地区名称，即通过。]]></item>
				<item id="variable"><![CDATA[area_limit]]></item>
				<item id="type"><![CDATA[textarea]]></item>
				<item id="value"><![CDATA[]]></item>
				<item id="extra"><![CDATA[]]></item>
			</item>
			<item id="22">
				<item id="displayorder"><![CDATA[23]]></item>
				<item id="title"><![CDATA[归属地限制后提醒]]></item>
				<item id="description"><![CDATA[开启归属地限制后，如果用户被限制不能注册，给他一个提醒。此提醒可自定义]]></item>
				<item id="variable"><![CDATA[area_limit_tips]]></item>
				<item id="type"><![CDATA[textarea]]></item>
				<item id="value"><![CDATA[您好，由于您手机号归属地不属于我地，因此被限制不能注册。如有疑问可联系管理员或者客服。]]></item>
				<item id="extra"><![CDATA[]]></item>
			</item>
			<item id="23">
				<item id="displayorder"><![CDATA[24]]></item>
				<item id="title"><![CDATA[每天发送短信最大值 ...]]></item>
				<item id="description"><![CDATA[由于阿里大鱼系统，欠费短期内仍然可以发送短信，为了避免短时间内大量刷短信量，可设置每天一个最大值，超过这个量短信则发送不出去了。]]></item>
				<item id="variable"><![CDATA[daymaxlimit]]></item>
				<item id="type"><![CDATA[number]]></item>
				<item id="value"><![CDATA[10000]]></item>
				<item id="extra"><![CDATA[]]></item>
			</item>
			<item id="24">
				<item id="displayorder"><![CDATA[25]]></item>
				<item id="title"><![CDATA[手机认证关联系统认证设置 ...]]></item>
				<item id="description"><![CDATA[discuz内置用户认证系统，此配置自动将系统认证移交给此关联的认证，方便管理和维护admin.php?action=verify]]></item>
				<item id="variable"><![CDATA[verifyid]]></item>
				<item id="type"><![CDATA[select]]></item>
				<item id="value"><![CDATA[3]]></item>
				<item id="extra"><![CDATA[1=verify1
2=verify2
3=verify3
4=verify4
5=verify5]]></item>
			</item>
			<item id="25">
				<item id="displayorder"><![CDATA[26]]></item>
				<item id="title"><![CDATA[验证码有效期（秒） ...]]></item>
				<item id="description"><![CDATA[设置验证码有效期，默认360秒，时间与缓存有关，不一定准确。]]></item>
				<item id="variable"><![CDATA[verify_life]]></item>
				<item id="type"><![CDATA[number]]></item>
				<item id="value"><![CDATA[360]]></item>
				<item id="extra"><![CDATA[]]></item>
			</item>
			<item id="26">
				<item id="displayorder"><![CDATA[27]]></item>
				<item id="title"><![CDATA[是否开启手机号登录]]></item>
				<item id="description"><![CDATA[]]></item>
				<item id="variable"><![CDATA[mobilelogin]]></item>
				<item id="type"><![CDATA[radio]]></item>
				<item id="value"><![CDATA[1]]></item>
				<item id="extra"><![CDATA[]]></item>
			</item>
			<item id="27">
				<item id="displayorder"><![CDATA[28]]></item>
				<item id="title"><![CDATA[PC版是否开启短信注册 ...]]></item>
				<item id="description"><![CDATA[开启后，pc注册会出现手机号必填，并验证验证码。如关闭，则pc版本不会有短信验证功能。对用户手机认证无影响。]]></item>
				<item id="variable"><![CDATA[isopen]]></item>
				<item id="type"><![CDATA[radio]]></item>
				<item id="value"><![CDATA[1]]></item>
				<item id="extra"><![CDATA[]]></item>
			</item>
			<item id="28">
				<item id="displayorder"><![CDATA[29]]></item>
				<item id="title"><![CDATA[是否开启手机版手机注册]]></item>
				<item id="description"><![CDATA[]]></item>
				<item id="variable"><![CDATA[ismobileopen]]></item>
				<item id="type"><![CDATA[radio]]></item>
				<item id="value"><![CDATA[1]]></item>
				<item id="extra"><![CDATA[]]></item>
			</item>
			<item id="29">
				<item id="displayorder"><![CDATA[30]]></item>
				<item id="title"><![CDATA[是否开启手机快速注册 ...]]></item>
				<item id="description"><![CDATA[开启后，手机touch版本中，底部会增加注册按钮。点击可进行手机短信快速注册。]]></item>
				<item id="variable"><![CDATA[ismobileregister]]></item>
				<item id="type"><![CDATA[radio]]></item>
				<item id="value"><![CDATA[1]]></item>
				<item id="extra"><![CDATA[]]></item>
			</item>
			<item id="30">
				<item id="displayorder"><![CDATA[30]]></item>
				<item id="title"><![CDATA[登录是否跳转到单页]]></item>
				<item id="description"><![CDATA[]]></item>
				<item id="variable"><![CDATA[login_gotospa]]></item>
				<item id="type"><![CDATA[radio]]></item>
				<item id="value"><![CDATA[1]]></item>
				<item id="extra"><![CDATA[]]></item>
			</item>
			<item id="31">
				<item id="displayorder"><![CDATA[30]]></item>
				<item id="title"><![CDATA[手机版是否显示安全提问]]></item>
				<item id="description"><![CDATA[]]></item>
				<item id="variable"><![CDATA[isquestion]]></item>
				<item id="type"><![CDATA[radio]]></item>
				<item id="value"><![CDATA[1]]></item>
				<item id="extra"><![CDATA[]]></item>
			</item>
			<item id="32">
				<item id="displayorder"><![CDATA[31]]></item>
				<item id="title"><![CDATA[手机号正则规则]]></item>
				<item id="description"><![CDATA[]]></item>
				<item id="variable"><![CDATA[mobilerule]]></item>
				<item id="type"><![CDATA[text]]></item>
				<item id="value"><![CDATA[/^(13[0-9]|15[0-9]|17[0678]|18[0-9]|14[57]|09)[0-9]{8}$/]]></item>
				<item id="extra"><![CDATA[]]></item>
			</item>
			<item id="33">
				<item id="displayorder"><![CDATA[32]]></item>
				<item id="title"><![CDATA[pc版验证码框默认显示 ...]]></item>
				<item id="description"><![CDATA[验证码默认显示，如设置为否，点击发送短信成功后才会显示验证码输入框。]]></item>
				<item id="variable"><![CDATA[isbuttonshow]]></item>
				<item id="type"><![CDATA[radio]]></item>
				<item id="value"><![CDATA[1]]></item>
				<item id="extra"><![CDATA[]]></item>
			</item>
			<item id="34">
				<item id="displayorder"><![CDATA[33]]></item>
				<item id="title"><![CDATA[是否同步手机号到会员栏目 ...]]></item>
				<item id="description"><![CDATA[开启后，短信注册用户成功后，自动同步用户信息到会员栏目，方便后期扩展插件手机号登录。]]></item>
				<item id="variable"><![CDATA[isauto]]></item>
				<item id="type"><![CDATA[radio]]></item>
				<item id="value"><![CDATA[1]]></item>
				<item id="extra"><![CDATA[]]></item>
			</item>
			<item id="35">
				<item id="displayorder"><![CDATA[34]]></item>
				<item id="title"><![CDATA[注册短信验证码保护 ...]]></item>
				<item id="description"><![CDATA[开启后，注册短信将强制验证码才能发送。这个是防刷最后一道防线了。]]></item>
				<item id="variable"><![CDATA[regsmssec]]></item>
				<item id="type"><![CDATA[radio]]></item>
				<item id="value"><![CDATA[1]]></item>
				<item id="extra"><![CDATA[]]></item>
			</item>
			<item id="36">
				<item id="displayorder"><![CDATA[35]]></item>
				<item id="title"><![CDATA[同一IP每天发送最高限制 ...]]></item>
				<item id="description"><![CDATA[开启后，每天单个ip发送手机验证码次数不得超过设置次数。]]></item>
				<item id="variable"><![CDATA[iplimit]]></item>
				<item id="type"><![CDATA[number]]></item>
				<item id="value"><![CDATA[1000]]></item>
				<item id="extra"><![CDATA[]]></item>
			</item>
			<item id="37">
				<item id="displayorder"><![CDATA[36]]></item>
				<item id="title"><![CDATA[同一手机号每天发送次数限 ...]]></item>
				<item id="description"><![CDATA[防止恶意用户频发发送消耗短信配额。]]></item>
				<item id="variable"><![CDATA[timeslimit]]></item>
				<item id="type"><![CDATA[number]]></item>
				<item id="value"><![CDATA[900]]></item>
				<item id="extra"><![CDATA[]]></item>
			</item>
			<item id="38">
				<item id="displayorder"><![CDATA[37]]></item>
				<item id="title"><![CDATA[已存在手机号不允许注册 ...]]></item>
				<item id="description"><![CDATA[只允许手机号与用户一一对应，用户唯一性，并且为以后使用手机登录打下基础。]]></item>
				<item id="variable"><![CDATA[ismobilelimit]]></item>
				<item id="type"><![CDATA[radio]]></item>
				<item id="value"><![CDATA[0]]></item>
				<item id="extra"><![CDATA[]]></item>
			</item>
			<item id="39">
				<item id="displayorder"><![CDATA[38]]></item>
				<item id="title"><![CDATA[验证码最大允许错误次数 ...]]></item>
				<item id="description"><![CDATA[短信宝贵。短信为6位数字，防止暴力刷破解，所以增加此设置可有效保护安全。配合ip限制，dz自带的安全防护，可有效防止暴力破解。]]></item>
				<item id="variable"><![CDATA[maxnums]]></item>
				<item id="type"><![CDATA[number]]></item>
				<item id="value"><![CDATA[100]]></item>
				<item id="extra"><![CDATA[]]></item>
			</item>
			<item id="40">
				<item id="displayorder"><![CDATA[39]]></item>
				<item id="title"><![CDATA[等待时长（单位：秒） ...]]></item>
				<item id="description"><![CDATA[当短信发送成功后，会锁定发送按钮时长。（单位秒。）]]></item>
				<item id="variable"><![CDATA[waittime]]></item>
				<item id="type"><![CDATA[number]]></item>
				<item id="value"><![CDATA[60]]></item>
				<item id="extra"><![CDATA[]]></item>
			</item>
			<item id="41">
				<item id="displayorder"><![CDATA[40]]></item>
				<item id="title"><![CDATA[新版自定义配色]]></item>
				<item id="description"><![CDATA[新版手机版UI自定义配色]]></item>
				<item id="variable"><![CDATA[diycolor]]></item>
				<item id="type"><![CDATA[color]]></item>
				<item id="value"><![CDATA[#12b7f5]]></item>
				<item id="extra"><![CDATA[]]></item>
			</item>
			<item id="42">
				<item id="displayorder"><![CDATA[51]]></item>
				<item id="title"><![CDATA[手机版按钮颜色]]></item>
				<item id="description"><![CDATA[]]></item>
				<item id="variable"><![CDATA[mobilebuttoncolor]]></item>
				<item id="type"><![CDATA[color]]></item>
				<item id="value"><![CDATA[#12b7f5]]></item>
				<item id="extra"><![CDATA[]]></item>
			</item>
			<item id="43">
				<item id="displayorder"><![CDATA[52]]></item>
				<item id="title"><![CDATA[新用户手机注册自动认证]]></item>
				<item id="description"><![CDATA[]]></item>
				<item id="variable"><![CDATA[auto_verify]]></item>
				<item id="type"><![CDATA[radio]]></item>
				<item id="value"><![CDATA[1]]></item>
				<item id="extra"><![CDATA[]]></item>
			</item>
			<item id="44">
				<item id="displayorder"><![CDATA[52]]></item>
				<item id="title"><![CDATA[开启强制认证]]></item>
				<item id="description"><![CDATA[由于网络安全法实施，“网站必须实名认证后才能发布和回复”，因此增加此功能，开启后，用户登录后必须完成手机认证才能进行其他操作（白名单除外）]]></item>
				<item id="variable"><![CDATA[force_verisy]]></item>
				<item id="type"><![CDATA[radio]]></item>
				<item id="value"><![CDATA[1]]></item>
				<item id="extra"><![CDATA[]]></item>
			</item>
			<item id="45">
				<item id="displayorder"><![CDATA[53]]></item>
				<item id="title"><![CDATA[开启全局认证提醒]]></item>
				<item id="description"><![CDATA[]]></item>
				<item id="variable"><![CDATA[verify_tip]]></item>
				<item id="type"><![CDATA[radio]]></item>
				<item id="value"><![CDATA[1]]></item>
				<item id="extra"><![CDATA[]]></item>
			</item>
			<item id="46">
				<item id="displayorder"><![CDATA[54]]></item>
				<item id="title"><![CDATA[认证提醒频次]]></item>
				<item id="description"><![CDATA[]]></item>
				<item id="variable"><![CDATA[tip_times]]></item>
				<item id="type"><![CDATA[number]]></item>
				<item id="value"><![CDATA[30]]></item>
				<item id="extra"><![CDATA[]]></item>
			</item>
			<item id="47">
				<item id="displayorder"><![CDATA[55]]></item>
				<item id="title"><![CDATA[强制发帖认证板块]]></item>
				<item id="description"><![CDATA[哪些板块需要强制手机认证，为空表示都不强制认证。]]></item>
				<item id="variable"><![CDATA[limit_forums]]></item>
				<item id="type"><![CDATA[forums]]></item>
				<item id="extra"><![CDATA[]]></item>
				<item id="__value">
					<item id="0"><![CDATA[]]></item>
					<item id="1"><![CDATA[38]]></item>
					<item id="2"><![CDATA[82]]></item>
					<item id="3"><![CDATA[83]]></item>
					<item id="4"><![CDATA[39]]></item>
					<item id="5"><![CDATA[40]]></item>
					<item id="6"><![CDATA[36]]></item>
					<item id="7"><![CDATA[87]]></item>
					<item id="8"><![CDATA[88]]></item>
					<item id="9"><![CDATA[145]]></item>
					<item id="10"><![CDATA[144]]></item>
					<item id="11"><![CDATA[42]]></item>
					<item id="12"><![CDATA[43]]></item>
					<item id="13"><![CDATA[44]]></item>
				</item>
			</item>
			<item id="48">
				<item id="displayorder"><![CDATA[56]]></item>
				<item id="title"><![CDATA[回帖强制认证板块]]></item>
				<item id="description"><![CDATA[]]></item>
				<item id="variable"><![CDATA[reply_limit_forums]]></item>
				<item id="type"><![CDATA[forums]]></item>
				<item id="extra"><![CDATA[]]></item>
				<item id="__value">
					<item id="0"><![CDATA[]]></item>
					<item id="1"><![CDATA[38]]></item>
					<item id="2"><![CDATA[82]]></item>
					<item id="3"><![CDATA[83]]></item>
					<item id="4"><![CDATA[39]]></item>
					<item id="5"><![CDATA[40]]></item>
					<item id="6"><![CDATA[36]]></item>
					<item id="7"><![CDATA[87]]></item>
					<item id="8"><![CDATA[88]]></item>
					<item id="9"><![CDATA[145]]></item>
					<item id="10"><![CDATA[144]]></item>
					<item id="11"><![CDATA[42]]></item>
					<item id="12"><![CDATA[43]]></item>
					<item id="13"><![CDATA[44]]></item>
				</item>
			</item>
			<item id="49">
				<item id="displayorder"><![CDATA[57]]></item>
				<item id="title"><![CDATA[认证免打扰用户组]]></item>
				<item id="description"><![CDATA[]]></item>
				<item id="variable"><![CDATA[no_tip_group]]></item>
				<item id="type"><![CDATA[groups]]></item>
				<item id="extra"><![CDATA[]]></item>
				<item id="__value">
					<item id="0"><![CDATA[1]]></item>
				</item>
			</item>
			<item id="50">
				<item id="displayorder"><![CDATA[58]]></item>
				<item id="title"><![CDATA[发帖强制认证]]></item>
				<item id="description"><![CDATA[]]></item>
				<item id="variable"><![CDATA[post_verify]]></item>
				<item id="type"><![CDATA[radio]]></item>
				<item id="value"><![CDATA[1]]></item>
				<item id="extra"><![CDATA[]]></item>
			</item>
			<item id="51">
				<item id="displayorder"><![CDATA[59]]></item>
				<item id="title"><![CDATA[是否开启回帖认证]]></item>
				<item id="description"><![CDATA[]]></item>
				<item id="variable"><![CDATA[reply_verify]]></item>
				<item id="type"><![CDATA[radio]]></item>
				<item id="value"><![CDATA[1]]></item>
				<item id="extra"><![CDATA[]]></item>
			</item>
			<item id="52">
				<item id="displayorder"><![CDATA[60]]></item>
				<item id="title"><![CDATA[认证发帖不受限制用户组 ...]]></item>
				<item id="description"><![CDATA[]]></item>
				<item id="variable"><![CDATA[no_limit]]></item>
				<item id="type"><![CDATA[groups]]></item>
				<item id="extra"><![CDATA[]]></item>
				<item id="__value">
					<item id="0"><![CDATA[1]]></item>
				</item>
			</item>
			<item id="53">
				<item id="displayorder"><![CDATA[71]]></item>
				<item id="title"><![CDATA[认证回帖不受限制用户组]]></item>
				<item id="description"><![CDATA[]]></item>
				<item id="variable"><![CDATA[reply_nolimit_group]]></item>
				<item id="type"><![CDATA[groups]]></item>
				<item id="extra"><![CDATA[]]></item>
				<item id="__value">
					<item id="0"><![CDATA[1]]></item>
				</item>
			</item>
			<item id="54">
				<item id="displayorder"><![CDATA[73]]></item>
				<item id="title"><![CDATA[认证系统提醒内容]]></item>
				<item id="description"><![CDATA[]]></item>
				<item id="variable"><![CDATA[noticetemplate]]></item>
				<item id="type"><![CDATA[textarea]]></item>
				<item id="value"><![CDATA[恭喜您，您完成了网站手机认证，您将获得更高的社区权限和积分。]]></item>
				<item id="extra"><![CDATA[]]></item>
			</item>
			<item id="55">
				<item id="displayorder"><![CDATA[74]]></item>
				<item id="title"><![CDATA[开启认证奖励积分]]></item>
				<item id="description"><![CDATA[]]></item>
				<item id="variable"><![CDATA[openaddextcredit]]></item>
				<item id="type"><![CDATA[radio]]></item>
				<item id="value"><![CDATA[1]]></item>
				<item id="extra"><![CDATA[]]></item>
			</item>
			<item id="56">
				<item id="displayorder"><![CDATA[75]]></item>
				<item id="title"><![CDATA[认证奖励积分类型]]></item>
				<item id="description"><![CDATA[]]></item>
				<item id="variable"><![CDATA[extcredit]]></item>
				<item id="type"><![CDATA[extcredit]]></item>
				<item id="value"><![CDATA[2]]></item>
				<item id="extra"><![CDATA[]]></item>
			</item>
			<item id="57">
				<item id="displayorder"><![CDATA[76]]></item>
				<item id="title"><![CDATA[认证后奖励积分数量]]></item>
				<item id="description"><![CDATA[]]></item>
				<item id="variable"><![CDATA[addnum]]></item>
				<item id="type"><![CDATA[number]]></item>
				<item id="value"><![CDATA[10]]></item>
				<item id="extra"><![CDATA[]]></item>
			</item>
			<item id="58">
				<item id="displayorder"><![CDATA[78]]></item>
				<item id="title"><![CDATA[是否开启回帖短信提醒]]></item>
				<item id="description"><![CDATA[]]></item>
				<item id="variable"><![CDATA[isopensmsnotice]]></item>
				<item id="type"><![CDATA[radio]]></item>
				<item id="value"><![CDATA[1]]></item>
				<item id="extra"><![CDATA[]]></item>
			</item>
			<item id="59">
				<item id="displayorder"><![CDATA[79]]></item>
				<item id="title"><![CDATA[是否开启回帖邮箱提醒]]></item>
				<item id="description"><![CDATA[]]></item>
				<item id="variable"><![CDATA[isopenemailnotice]]></item>
				<item id="type"><![CDATA[radio]]></item>
				<item id="value"><![CDATA[1]]></item>
				<item id="extra"><![CDATA[]]></item>
			</item>
			<item id="60">
				<item id="displayorder"><![CDATA[80]]></item>
				<item id="title"><![CDATA[邮箱提醒板块]]></item>
				<item id="description"><![CDATA[]]></item>
				<item id="variable"><![CDATA[emailnoticeforum]]></item>
				<item id="type"><![CDATA[forums]]></item>
				<item id="extra"><![CDATA[]]></item>
				<item id="__value">
					<item id="0"><![CDATA[]]></item>
					<item id="1"><![CDATA[38]]></item>
					<item id="2"><![CDATA[82]]></item>
					<item id="3"><![CDATA[83]]></item>
					<item id="4"><![CDATA[39]]></item>
					<item id="5"><![CDATA[40]]></item>
					<item id="6"><![CDATA[36]]></item>
					<item id="7"><![CDATA[87]]></item>
					<item id="8"><![CDATA[88]]></item>
					<item id="9"><![CDATA[145]]></item>
					<item id="10"><![CDATA[144]]></item>
					<item id="11"><![CDATA[42]]></item>
					<item id="12"><![CDATA[43]]></item>
					<item id="13"><![CDATA[44]]></item>
				</item>
			</item>
			<item id="61">
				<item id="displayorder"><![CDATA[91]]></item>
				<item id="title"><![CDATA[短信提醒板块]]></item>
				<item id="description"><![CDATA[]]></item>
				<item id="variable"><![CDATA[smsnoticeforum]]></item>
				<item id="type"><![CDATA[forums]]></item>
				<item id="extra"><![CDATA[]]></item>
				<item id="__value">
					<item id="0"><![CDATA[]]></item>
					<item id="1"><![CDATA[38]]></item>
					<item id="2"><![CDATA[82]]></item>
					<item id="3"><![CDATA[83]]></item>
					<item id="4"><![CDATA[39]]></item>
					<item id="5"><![CDATA[40]]></item>
					<item id="6"><![CDATA[36]]></item>
					<item id="7"><![CDATA[87]]></item>
					<item id="8"><![CDATA[88]]></item>
					<item id="9"><![CDATA[145]]></item>
					<item id="10"><![CDATA[144]]></item>
					<item id="11"><![CDATA[42]]></item>
					<item id="12"><![CDATA[43]]></item>
					<item id="13"><![CDATA[44]]></item>
				</item>
			</item>
			<item id="62">
				<item id="displayorder"><![CDATA[92]]></item>
				<item id="title"><![CDATA[短信提醒用户组]]></item>
				<item id="description"><![CDATA[]]></item>
				<item id="variable"><![CDATA[smsnoticegroups]]></item>
				<item id="type"><![CDATA[groups]]></item>
				<item id="extra"><![CDATA[]]></item>
				<item id="__value">
					<item id="0"><![CDATA[]]></item>
					<item id="1"><![CDATA[9]]></item>
					<item id="2"><![CDATA[10]]></item>
					<item id="3"><![CDATA[11]]></item>
					<item id="4"><![CDATA[12]]></item>
					<item id="5"><![CDATA[13]]></item>
					<item id="6"><![CDATA[14]]></item>
					<item id="7"><![CDATA[15]]></item>
					<item id="8"><![CDATA[20]]></item>
					<item id="9"><![CDATA[16]]></item>
					<item id="10"><![CDATA[17]]></item>
					<item id="11"><![CDATA[18]]></item>
					<item id="12"><![CDATA[19]]></item>
					<item id="13"><![CDATA[1]]></item>
					<item id="14"><![CDATA[2]]></item>
					<item id="15"><![CDATA[3]]></item>
					<item id="16"><![CDATA[4]]></item>
					<item id="17"><![CDATA[5]]></item>
					<item id="18"><![CDATA[6]]></item>
					<item id="19"><![CDATA[7]]></item>
					<item id="20"><![CDATA[8]]></item>
				</item>
			</item>
			<item id="63">
				<item id="displayorder"><![CDATA[93]]></item>
				<item id="title"><![CDATA[邮箱提醒用户组]]></item>
				<item id="description"><![CDATA[]]></item>
				<item id="variable"><![CDATA[emailnoticegroups]]></item>
				<item id="type"><![CDATA[groups]]></item>
				<item id="extra"><![CDATA[]]></item>
				<item id="__value">
					<item id="0"><![CDATA[]]></item>
					<item id="1"><![CDATA[9]]></item>
					<item id="2"><![CDATA[10]]></item>
					<item id="3"><![CDATA[11]]></item>
					<item id="4"><![CDATA[12]]></item>
					<item id="5"><![CDATA[13]]></item>
					<item id="6"><![CDATA[14]]></item>
					<item id="7"><![CDATA[15]]></item>
					<item id="8"><![CDATA[20]]></item>
					<item id="9"><![CDATA[16]]></item>
					<item id="10"><![CDATA[17]]></item>
					<item id="11"><![CDATA[18]]></item>
					<item id="12"><![CDATA[19]]></item>
					<item id="13"><![CDATA[1]]></item>
					<item id="14"><![CDATA[2]]></item>
					<item id="15"><![CDATA[3]]></item>
					<item id="16"><![CDATA[4]]></item>
					<item id="17"><![CDATA[5]]></item>
					<item id="18"><![CDATA[6]]></item>
					<item id="19"><![CDATA[7]]></item>
					<item id="20"><![CDATA[8]]></item>
				</item>
			</item>
			<item id="64">
				<item id="displayorder"><![CDATA[94]]></item>
				<item id="title"><![CDATA[短信单用户每天最多条数]]></item>
				<item id="description"><![CDATA[]]></item>
				<item id="variable"><![CDATA[smsnoticedaylimit]]></item>
				<item id="type"><![CDATA[number]]></item>
				<item id="value"><![CDATA[20]]></item>
				<item id="extra"><![CDATA[]]></item>
			</item>
			<item id="65">
				<item id="displayorder"><![CDATA[95]]></item>
				<item id="title"><![CDATA[邮箱单用户每天最多条数]]></item>
				<item id="description"><![CDATA[]]></item>
				<item id="variable"><![CDATA[emailnoticedaylimit]]></item>
				<item id="type"><![CDATA[number]]></item>
				<item id="value"><![CDATA[5]]></item>
				<item id="extra"><![CDATA[]]></item>
			</item>
			<item id="66">
				<item id="displayorder"><![CDATA[96]]></item>
				<item id="title"><![CDATA[短信发送间隔（小时）]]></item>
				<item id="description"><![CDATA[]]></item>
				<item id="variable"><![CDATA[smstimeslimit]]></item>
				<item id="type"><![CDATA[number]]></item>
				<item id="value"><![CDATA[0]]></item>
				<item id="extra"><![CDATA[]]></item>
			</item>
			<item id="67">
				<item id="displayorder"><![CDATA[97]]></item>
				<item id="title"><![CDATA[邮箱发送间隔（小时）]]></item>
				<item id="description"><![CDATA[]]></item>
				<item id="variable"><![CDATA[emailtimeslimit]]></item>
				<item id="type"><![CDATA[number]]></item>
				<item id="value"><![CDATA[0]]></item>
				<item id="extra"><![CDATA[]]></item>
			</item>
			<item id="68">
				<item id="displayorder"><![CDATA[98]]></item>
				<item id="title"><![CDATA[短信提醒强制发送]]></item>
				<item id="description"><![CDATA[]]></item>
				<item id="variable"><![CDATA[smsnoticemustsend]]></item>
				<item id="type"><![CDATA[radio]]></item>
				<item id="value"><![CDATA[1]]></item>
				<item id="extra"><![CDATA[]]></item>
			</item>
			<item id="69">
				<item id="displayorder"><![CDATA[99]]></item>
				<item id="title"><![CDATA[邮箱提醒强制发送]]></item>
				<item id="description"><![CDATA[开启后，用户选择是否接收邮箱选项将失效。不管用户是否选择邮箱提醒，系统都将会发送提醒信息。]]></item>
				<item id="variable"><![CDATA[emailnoticemustsend]]></item>
				<item id="type"><![CDATA[radio]]></item>
				<item id="value"><![CDATA[1]]></item>
				<item id="extra"><![CDATA[]]></item>
			</item>
			<item id="70">
				<item id="displayorder"><![CDATA[111]]></item>
				<item id="title"><![CDATA[邮箱模板]]></item>
				<item id="description"><![CDATA[]]></item>
				<item id="variable"><![CDATA[emailnoticetemplateid]]></item>
				<item id="type"><![CDATA[textarea]]></item>
				<item id="value"><![CDATA[尊敬的用户您好，玩站网您的帖子有新回复，请登录查收。<a href="http://www.playzhan.com/">http://www.playzhan.com/</a>]]></item>
				<item id="extra"><![CDATA[]]></item>
			</item>
			<item id="71">
				<item id="displayorder"><![CDATA[112]]></item>
				<item id="title"><![CDATA[开启发送短信扣减积分数量 ...]]></item>
				<item id="description"><![CDATA[短信发送成功后，扣减积分。]]></item>
				<item id="variable"><![CDATA[smsnoticeextcredit]]></item>
				<item id="type"><![CDATA[number]]></item>
				<item id="value"><![CDATA[1]]></item>
				<item id="extra"><![CDATA[]]></item>
			</item>
			<item id="72">
				<item id="displayorder"><![CDATA[113]]></item>
				<item id="title"><![CDATA[开启邮箱扣减积分数量 ...]]></item>
				<item id="description"><![CDATA[发送邮件成功后，扣减积分。]]></item>
				<item id="variable"><![CDATA[emailnoticeextcredit]]></item>
				<item id="type"><![CDATA[number]]></item>
				<item id="value"><![CDATA[1]]></item>
				<item id="extra"><![CDATA[]]></item>
			</item>
		</item>
		<item id="language">
			<item id="scriptlang">
				<item id="sendlog"><![CDATA[发送日志]]></item>
				<item id="phone_isnot_exists"><![CDATA[请输入手机号]]></item>
				<item id="sid"><![CDATA[编号]]></item>
				<item id="uid"><![CDATA[uid]]></item>
				<item id="username_not_vailid"><![CDATA[用户名已存在或者不合法]]></item>
				<item id="mobile"><![CDATA[手机号]]></item>
				<item id="issuccess"><![CDATA[是否发送]]></item>
				<item id="type"><![CDATA[类型]]></item>
				<item id="dateline"><![CDATA[发送时间]]></item>
				<item id="set_error"><![CDATA[密码修改失败]]></item>
				<item id="password_too_simple"><![CDATA[密码太简单了，长度必须大于6位数]]></item>
				<item id="changesuccess"><![CDATA[<span style="color:green;">修改密码成功</span>]]></item>
				<item id="changeerror"><![CDATA[<span style="color:#cdcdcd;">未完成</span>]]></item>
				<item id="nouser"><![CDATA[没有查找到相应用户]]></item>
				<item id="searchuser"><![CDATA[搜索用户]]></item>
				<item id="username"><![CDATA[用户名]]></item>
				<item id="sendwhy"><![CDATA[发送目的]]></item>
				<item id="offverify"><![CDATA[解绑(如重新绑定成功才解绑成功)]]></item>
				<item id="reverify"><![CDATA[重新绑定]]></item>
				<item id="none"><![CDATA[未知]]></item>
				<item id="condition"><![CDATA[状态]]></item>
				<item id="fail"><![CDATA[<span style="color:#cdcdcd;">未完成</span>]]></item>
				<item id="setsuccess"><![CDATA[设置成功，您可按照上面提示优化设置]]></item>
				<item id="change"><![CDATA[更换绑定手机]]></item>
				<item id="have_verify"><![CDATA[此手机号已经绑定过其他账号，请更换手机号重试]]></item>
				<item id="verify_error"><![CDATA[验证错误，请检查后台验证设置是否有误]]></item>
				<item id="newold_mobile_cannot_same"><![CDATA[新旧手机号不能相同]]></item>
				<item id="dataeror_or_not"><![CDATA[参数错误或者不完整]]></item>
				<item id="updatesuccess"><![CDATA[修改成功]]></item>
				<item id="senderror"><![CDATA[没有发送成功]]></item>
				<item id="verifyerror_verify_notsuccess"><![CDATA[验证不正确，认证失败]]></item>
				<item id="verify_error_please_checksetting"><![CDATA[验证错误，请检查后台验证设置是否有误]]></item>
				<item id="ip"><![CDATA[ip地址]]></item>
				<item id="report"><![CDATA[：总计请求<span style="color:red;">{num}</span>次，发送成功<span style="color:red;">{send_num}</span>次，成功注册<span style="color:red;">{register_num}</span>个会员,<span style="color:red;">除接口不稳定原因造成数据异常外，扣费一般按照“发送成功”次数扣费。</span>]]></item>
				<item id="user_register"><![CDATA[用户注册]]></item>
				<item id="user_verify"><![CDATA[手机认证]]></item>
				<item id="user_getpasswd"><![CDATA[找回密码]]></item>
				<item id="other"><![CDATA[其他]]></item>
				<item id="sendstatus"><![CDATA[发送状态]]></item>
				<item id="verifystatus"><![CDATA[认证状态]]></item>
				<item id="usestatus"><![CDATA[使用状态]]></item>
				<item id="register_success"><![CDATA[已注册]]></item>
				<item id="register_unsuccess"><![CDATA[未完成注册]]></item>
				<item id="verify_success"><![CDATA[认证成功]]></item>
				<item id="verify_unsuccess"><![CDATA[未完成认证]]></item>
				<item id="colorverify_success"><![CDATA[<span style="color:green;">认证成功</span>]]></item>
				<item id="colorverify_unsuccess"><![CDATA[<span style="color:#cdcdcd;">未完成认证</span>]]></item>
				<item id="getpwd_success"><![CDATA[已修改密码]]></item>
				<item id="getpwd_unsuccess"><![CDATA[未完成密码修改]]></item>
				<item id="sendsuccess"><![CDATA[<span style="color:green;">已发送</span>]]></item>
				<item id="sendunsuccess"><![CDATA[<span style="color:#cdcdcd;">未发送</span>]]></item>
				<item id="too_offen"><![CDATA[您操作太频繁了，]]></item>
				<item id="have_register"><![CDATA[您已经注册账号了，可直接登录]]></item>
				<item id="send_error"><![CDATA[发送失败，请重试]]></item>
				<item id="send_success"><![CDATA[发送成功]]></item>
				<item id="data_error"><![CDATA[参数错误，验证码不存在]]></item>
				<item id="verify_timeout"><![CDATA[验证失效了，请重试]]></item>
				<item id="is_used"><![CDATA[验证码已经失效]]></item>
				<item id="servicetiptitle"><![CDATA[温馨提示]]></item>
				<item id="search"><![CDATA[搜索]]></item>
				<item id="verify"><![CDATA[认证]]></item>
				<item id="mobileverify"><![CDATA[手机认证]]></item>
				<item id="success"><![CDATA[<span style="color:green;">成功</span>]]></item>
				<item id="verifytips"><![CDATA[<li>开启认证后，会自动关联用户栏目手机号至认证信息，也就是会修改系统的设置，同一手机号将只允许认证一次，如手机号已经完成认证，将提示更换手机号</li>
    <li>查看认证设置，可在后台“<a style="color:red;font-size16px;font-weight:bold" href="admin.php?frames=yes&action=verify&highlight=%E8%AE%A4%E8%AF%81" target="_blank">用户认证</a>”查看</li>
    <li>认证的图标，需要自行上传，上传地址：“<a style="color:red;font-size16px;font-weight:bold" href="admin.php?frames=yes&action=verify&highlight=%E8%AE%A4%E8%AF%81" target="_blank">点击这里，然后点击手机认证设置的编辑</a>”</li>]]></item>
				<item id="opendone"><![CDATA[<div style="text-align:center; margin-top:20px;"><input onclick="return false;" id="jiesubmit" type="submit" name="jiesubmit" value="已完成开启" style=" border:none; padding:5px 10px;width:200px;height:40px;text-align:center;font-size:18px;padding:5px; color:#fff;background:#cdcdcd;" /></div>]]></item>
				<item id="open"><![CDATA[<div style="text-align:center; margin-top:20px;"><input id="jiesubmit" type="submit" name="jiesubmit" value="一键开启手机认证" style=" border:none; padding:5px 10px;width:200px;height:40px;text-align:center;font-size:18px;padding:5px; color:#fff;background:#09C" /></div>]]></item>
				<item id="dataeror"><![CDATA[参数错误。]]></item>
				<item id="servicetips"><![CDATA[
    <li>使用帮助手册（会及时更新遇到的问题和解决方案）：<a style="color:red;" href="http://www.playzhan.com/p/1400" target="blank" style="color:red;">新手帮助使用文档</a></li>
    <li>需求和bug交流（您有新插件需求，功能扩展需求可提交我们）：<a style="color:red;" href="http://url.cn/Jt2oC5" target="blank">需求和意见提交</a></li>
    <li>技术客服qq：<a style="color:red;" href="tencent://message/?uin=2575163778&site=%E7%8E%A9%E7%AB%99%E7%BD%91&menu=yes">2575163778</a></li>
  ]]></item>
				<item id="verify_servicetips"><![CDATA[
    <li>手机号修改会自动同步安米表，但是取消认证则安米数据不会取消。</li>
    <li>为了方便管理，此后台是唯一能允许一个手机号重复认证的地方，如一个手机号多次被绑定，可在此处搜索解绑。</li>
  ]]></item>
				<item id="please_verify_before_post"><![CDATA[请完成手机短信认证后再发帖]]></item>
				<item id="mobile_have_verify"><![CDATA[此手机号已经绑定过其他账号，请更换手机号重试]]></item>
				<item id="verifycode"><![CDATA[验证码]]></item>
				<item id="smsnotice"><![CDATA[短信回帖提醒]]></item>
				<item id="smsgroupnotice"><![CDATA[短信群发]]></item>
				<item id="user_and_mobile_is_not_exists"><![CDATA[用户名和手机号不存在或不匹配]]></item>
				<item id="editpwdsuccess"><![CDATA[恭喜您，您成功修改了密码。]]></item>
				<item id="searchtips"><![CDATA[如用户名、手机号、ip地址]]></item>
				<item id="searchtipsnoip"><![CDATA[如用户名、手机号]]></item>
				<item id="searchtitle"><![CDATA[搜索关键词：]]></item>
				<item id="cat"><![CDATA[搜索关键词：]]></item>
				<item id="verifycheck"><![CDATA[选择认证状态]]></item>
				<item id="please_input_mobile"><![CDATA[请输入11位手机号码]]></item>
				<item id="please_input_username"><![CDATA[请输入用户名]]></item>
				<item id="please_input_password"><![CDATA[请输入密码]]></item>
				<item id="please_input_password1"><![CDATA[请输入重复密码]]></item>
				<item id="wrongmobile_number"><![CDATA[手机号码格式错误]]></item>
				<item id="username_password_wrong"><![CDATA[用户名或密码错误]]></item>
				<item id="please_get_verifycode"><![CDATA[请点击验证码，获取正确的图片验证码]]></item>
				<item id="please_input_verifycode"><![CDATA[请输入短信验证码]]></item>
				<item id="username_wrong"><![CDATA[用户名不得小于3个字符]]></item>
				<item id="password_wrong"><![CDATA[密码不得小于6个字符]]></item>
				<item id="wrongverify"><![CDATA[验证码不得为空]]></item>
				<item id="pwd_is_not_same"><![CDATA[两次密码不相同]]></item>
				<item id="mobile_tips"><![CDATA[请填写11位手机号]]></item>
				<item id="choosetip"><![CDATA[请选择]]></item>
				<item id="getsmsnotice"><![CDATA[接受短信提醒]]></item>
				<item id="getemailnotice"><![CDATA[接受邮件提醒]]></item>
				<item id="please_input_right_info"><![CDATA[请填写验证码]]></item>
				<item id="fogetpwd_getpasswd_bymobile"><![CDATA[忘记密码？点击通过手机号找回密码]]></item>
				<item id="fogetemail_getpasswd_bymobile"><![CDATA[忘记手机号？点击通过邮箱找回密码]]></item>
				<item id="fogetmobile_getpasswd_byemail"><![CDATA[忘记邮箱？点击通过手机号找回密码]]></item>
				<item id="please_choose_group"><![CDATA[请选择您需要搜索的用户组]]></item>
				<item id="please_choose_template"><![CDATA[请输入您当前已经通过阿里大鱼审核的群发短信模板id]]></item>
				<item id="groupsms_addtips"><![CDATA[搜索到{num}个手机号，是否添加到发送短信队列？]]></item>
				<item id="add_into_sms"><![CDATA[添加到发送短信队列]]></item>
				<item id="add_groupsms_done"><![CDATA[填完完毕，系统已经将发送短信添加入发送队列]]></item>
				<item id="step_tips"><![CDATA[当前为第{curpage}批次手机号，一共有{pages}批次手机号]]></item>
				<item id="templateid"><![CDATA[短信模板ID]]></item>
				<item id="mobiles"><![CDATA[手机号]]></item>
				<item id="carrier"><![CDATA[归属地]]></item>
				<item id="mobiles_desc"><![CDATA[输入需要发送信息的手机号，一行一个]]></item>
				<item id="templateid_desc"><![CDATA[短信模板ID决定了发送短信的格式，因此必须通过阿里大鱼审核后的短信模板才能作为发送的短信。]]></item>
				<item id="groupid"><![CDATA[用户组id]]></item>
				<item id="doact"><![CDATA[操作]]></item>
				<item id="clear_verify_success"><![CDATA[取消认证成功]]></item>
				<item id="edit_verify"><![CDATA[修改认证]]></item>
				<item id="clear_verify"><![CDATA[清除认证]]></item>
				<item id="mobile_and_verify_user_is_not_exists"><![CDATA[此用户手机号与您当前登录用户不一致]]></item>
				<item id="haven_verify_thissuer"><![CDATA[该用户已经完成了认证]]></item>
				<item id="sce_verify_error"><![CDATA[手机安全验证错误，请重试]]></item>
				<item id="you_must_verify_before_tranfer"><![CDATA[您必须先完成手机认证，才能进行积分转让]]></item>
				<item id="verify_before_post"><![CDATA[本版块要求手机认证用户才能发帖]]></item>
				<item id="sms_sce_verify"><![CDATA[安全校验]]></item>
				<item id="error_msg"><![CDATA[错误原因]]></item>
				<item id="templatevartips"><![CDATA[<a href="admin.php?action=plugins&operation=config&do=145&identifier=zhanmishu_sms&pmod=templateadmin">添加<span style="color:red;">《短信模板》</span>或者管理<span style="color:red;">《短信模板变量》</span></a>]]></item>
				<item id="smsbaosendsuccess"><![CDATA[短信发送成功]]></item>
				<item id="smsbaosenddataerror"><![CDATA[参数不全]]></item>
				<item id="smsbaosendservernot_support"><![CDATA[服务器空间不支持,请确认支持curl或者fsocket，联系您的空间商解决或者更换空间！]]></item>
				<item id="smsbaosendusernotexists"><![CDATA[账号不存在]]></item>
				<item id="smsbaosendpleasecharge"><![CDATA[余额不足]]></item>
				<item id="smsbaosendpleaseuser_outofdate"><![CDATA[用户过期]]></item>
				<item id="smsbaosendpleaseiplimit"><![CDATA[ip地址限制]]></item>
				<item id="smsbaosendcontent_limit"><![CDATA[敏感词限制]]></item>
				<item id="please_finish_templatename"><![CDATA[请填写短信模板名称，方便后期识别管理]]></item>
				<item id="please_finish_templateid"><![CDATA[您选择的是“阿里大鱼”接口，必须填写模板Id才能发送短信，请填写模板ID]]></item>
				<item id="please_finish_templateintro"><![CDATA[您选择的是“短信宝”接口，必须填写短信模板内容]]></item>
				<item id="please_finish_sign"><![CDATA[请填写短信“签名”信息，这个是必填的。]]></item>
				<item id="please_finish_api"><![CDATA[请选择短信发送api，这个是必须选择的]]></item>
				<item id="please_finish_types"><![CDATA[请选择短短信类别，这个是必须选择的]]></item>
				<item id="template_edit_success"><![CDATA[短信模板编辑成功，请仔细查看是否有需要补全的信息]]></item>
				<item id="vars_edit_success"><![CDATA[模板变量编辑成功]]></item>
				<item id="templateedittips"><![CDATA[<li>短信模板系统可自动匹配的变量：</li>
    <li>短信模板ID：很重要，如果是调用模板发送短信，如阿里大鱼，这个模板id设置不正确会导致短信发送失败</li>
    <li>短信模板内容：很重要，接口如调用模板id，以模板id为准，如直接以内容发送短信，则直接按照此模板内容拼接字符发送</li>
    <li>关联功能：设置短信模板用途，如注册，则表示此模板用于用户注册</li>]]></item>
				<item id="templateedittips_title"><![CDATA[短信模板，以前在插件的“设置”里面，考虑到后期功能复杂性，分离出来单独管理。]]></item>
				<item id="templateadmin"><![CDATA[短信模板管理]]></item>
				<item id="delete"><![CDATA[删除]]></item>
				<item id="templatename"><![CDATA[模板名称]]></item>
				<item id="templateintro"><![CDATA[短信模板内容]]></item>
				<item id="sign"><![CDATA[短信签名]]></item>
				<item id="types"><![CDATA[关联功能]]></item>
				<item id="apis"><![CDATA[接口选择]]></item>
				<item id="isopen"><![CDATA[是否启用]]></item>
				<item id="addnewtemplate"><![CDATA[添加新模板]]></item>
				<item id="addnewtemplatevar"><![CDATA[添加新模板变量]]></item>
				<item id="submit"><![CDATA[提交]]></item>
				<item id="varsedittips"><![CDATA[<li>请勿在变量中添加特殊符号,不支持空格,如: , . # / : - ，。</li><li>变量格式如${name}，不能使用${email},${mobile},${id},${nick},${site}</li>]]></item>
				<item id="varsedittips_title"><![CDATA[变量名称格式必须为"${varname}"格式，如变量值包含此格式，则表示此变量值也包含变量]]></item>
				<item id="varsadmin"><![CDATA[内置变量管理]]></item>
				<item id="varname"><![CDATA[变量名称]]></item>
				<item id="varvalue"><![CDATA[变量值]]></item>
				<item id="varintro"><![CDATA[备注说明]]></item>
				<item id="alidayu"><![CDATA[阿里大鱼]]></item>
				<item id="smsbao"><![CDATA[短信宝]]></item>
				<item id="mydevelop"><![CDATA[自助开发]]></item>
				<item id="templatestr1"><![CDATA[，模板配置：]]></item>
				<item id="templatestr2"><![CDATA[，传参：]]></item>
				<item id="systemvar1"><![CDATA[系统内置变量为${username},${time},${code}(系统自动随机生成)，更多变量可自己手动添加，如网站名称、论坛名称等]]></item>
				<item id="systemvar2"><![CDATA[如注册、认证等短信，自动调用当前登录用户名，如订单、群发等自动调用接受短信一方用户名]]></item>
				<item id="systemvar3"><![CDATA[发送时候随机生成6位数字验证码]]></item>
				<item id="systemvar4"><![CDATA[发送的时间，以短信发送时间而定]]></item>
				<item id="signleft"><![CDATA[【]]></item>
				<item id="signright"><![CDATA[】]]></item>
				<item id="taiwan_sanzhu"><![CDATA[台湾三竹]]></item>
				<item id="zhanxintong"><![CDATA[展信通]]></item>
				<item id="webchinses"><![CDATA[中国网建]]></item>
				<item id="pleabuy"><![CDATA[<h2>检测到您正在使用盗版，请购买正版支持。</h2><li>盗版可能导致我们放弃更新支持此插件，降低更新插件频率，降低修复BUG频率</li><li>太多盗版我们将被迫加密插件进行销售</li><li>盗版也可能导致网站数据都是、被挂马被黑等各种安全问题。</li>]]></item>
				<item id="add_blackmobile_tips_intro"><![CDATA[添加手机号黑名单，黑名单内手机号将无法发送短信]]></item>
				<item id="add_blackmobile_tips"><![CDATA[手机号黑名单管理]]></item>
				<item id="add"><![CDATA[添加]]></item>
				<item id="del"><![CDATA[移除]]></item>
				<item id="blackitem"><![CDATA[请输入需要操作的手机号]]></item>
				<item id="isblack"><![CDATA[黑名单]]></item>
				<item id="black"><![CDATA[黑名单]]></item>
				<item id="delblack"><![CDATA[移除黑名单]]></item>
				<item id="act"><![CDATA[操作]]></item>
				<item id="mobile_is_in_blacklist"><![CDATA[手机号异常，建议更换其他手机号]]></item>
				<item id="aliyunsms"><![CDATA[阿里云市场-阿里短信服务]]></item>
				<item id="alismsapi"><![CDATA[阿里官网-短信服务]]></item>
				<item id="this_mobile_is_not_allow_in_area"><![CDATA[此手机号归属地不在允许注册范围内，有疑问可联系管理员或网站客服]]></item>
				<item id="ali_message_smsapi"><![CDATA[阿里云-消息服务短信]]></item>
				<item id="qcloudsms"><![CDATA[腾讯云-国内接口]]></item>
			</item>
			<item id="templatelang">
				<item id="username"><![CDATA[用户名]]></item>
				<item id="password"><![CDATA[密码]]></item>
				<item id="mobile_number"><![CDATA[手机号]]></item>
				<item id="verifycode"><![CDATA[验证码]]></item>
				<item id="smsverifycode"><![CDATA[短信验证码]]></item>
				<item id="getverifycode"><![CDATA[获取验证码]]></item>
				<item id="registerandlogin"><![CDATA[注册并登陆]]></item>
				<item id="safe_mobile_number"><![CDATA[安全手机号]]></item>
				<item id="close"><![CDATA[关闭]]></item>
				<item id="please_input_mobile"><![CDATA[请输入11位手机号码]]></item>
				<item id="please_input_username"><![CDATA[请输入用户名]]></item>
				<item id="please_input_password"><![CDATA[请输入密码]]></item>
				<item id="wrongmobile_number"><![CDATA[手机号码格式错误]]></item>
				<item id="username_password_wrong"><![CDATA[用户名或密码错误]]></item>
				<item id="username_wrong"><![CDATA[用户名不得小于3个字符]]></item>
				<item id="password_wrong"><![CDATA[密码不得小于6个字符]]></item>
				<item id="wrongverify"><![CDATA[验证码不得为空]]></item>
				<item id="mobile_tips"><![CDATA[请填写11位手机号]]></item>
				<item id="fastmobileregister"><![CDATA[手机快速注册(8秒注册)]]></item>
				<item id="fastmobileregister_tip"><![CDATA[注册新用户(84%的用户8秒钟完成注册)]]></item>
				<item id="send"><![CDATA[发送]]></item>
				<item id="mobile_verify"><![CDATA[短信验证码]]></item>
				<item id="input_tips"><![CDATA[请输入11位手机号码]]></item>
				<item id="input_tips_sec"><![CDATA[请在" + curCount + "秒内输入验证码]]></item>
				<item id="mobile_input_tips_sec"><![CDATA[" + curCount + "秒]]></item>
				<item id="resend"><![CDATA[重新发送]]></item>
				<item id="mobile_lable"><![CDATA[手机号:]]></item>
				<item id="submit_getpwd"><![CDATA[提交找回密码]]></item>
				<item id="changemobile"><![CDATA[更换认证手机:]]></item>
				<item id="mobileverify"><![CDATA[手机认证:]]></item>
				<item id="mobileverifymobile"><![CDATA[手机认证]]></item>
				<item id="oldmobile"><![CDATA[旧手机号:]]></item>
				<item id="oldmobilemobile"><![CDATA[旧手机号]]></item>
				<item id="newmobile"><![CDATA[新手机号:]]></item>
				<item id="newmobilemobile"><![CDATA[新手机号]]></item>
				<item id="submit"><![CDATA[提交]]></item>
				<item id="getpasswd_bymobile"><![CDATA[手机短信找回密码]]></item>
				<item id="newpasswd"><![CDATA[新密码:]]></item>
				<item id="renewpasswd"><![CDATA[重复新密码:]]></item>
				<item id="mobile"><![CDATA[手机号:]]></item>
				<item id="fogetemail_getpasswd_bymobile"><![CDATA[忘记手机号？点击通过邮箱找回密码]]></item>
				<item id="fogetmobile_getpasswd_byemail"><![CDATA[忘记邮箱？点击通过手机号找回密码]]></item>
				<item id="getpasswd_byemail"><![CDATA[邮箱找回密码]]></item>
				<item id="passwd_not_right"><![CDATA[密码长度应大于6位]]></item>
				<item id="newpasswd_not_right"><![CDATA[新密码长度应大于6位]]></item>
				<item id="newandold_passwd_not_same"><![CDATA[新旧密码不相同]]></item>
				<item id="please_input_passwd"><![CDATA[请输入正确的手机号]]></item>
				<item id="passwd_edit_success"><![CDATA[密码修改正确]]></item>
				<item id="tips"><![CDATA[提示信息]]></item>
				<item id="please_input_right_info"><![CDATA[请填写图片验证码]]></item>
				<item id="verify_success"><![CDATA[恭喜您，您已完成手机绑定成。]]></item>
				<item id="verify_mobile"><![CDATA[绑定手机]]></item>
				<item id="change_mobile"><![CDATA[更换绑定手机]]></item>
				<item id="please_finish_mobile"><![CDATA[请完成绑定手机号，获取更高的用户权限]]></item>
			</item>
		</item>
		<item id="installfile"><![CDATA[install.php]]></item>
		<item id="uninstallfile"><![CDATA[uninstall.php]]></item>
		<item id="upgradefile"><![CDATA[upgrade.php]]></item>
	</item>
</root>