﻿<?xml version="1.0" encoding="ISO-8859-1"?>
<root>
	<item id="Title"><![CDATA[Discuz! Plugin]]></item>
	<item id="version"><![CDATA[X2,X2.5,X3,X3.1,X3.2,F1.0]]></item>
	<item id="Time"><![CDATA[2016-12-24 21:57]]></item>
	<item id="From"><![CDATA[分享吧（www.fx8.cc）]]></item>
	<item id="Data">
		<item id="plugin">
			<item id="available"><![CDATA[1]]></item>
			<item id="adminid"><![CDATA[1]]></item>
			<item id="name"><![CDATA[源码哥_帮助中心]]></item>
			<item id="identifier"><![CDATA[xlwsq_faq]]></item>
			<item id="description"><![CDATA[]]></item>
			<item id="datatables"><![CDATA[]]></item>
			<item id="directory"><![CDATA[xlwsq_faq/]]></item>
			<item id="copyright"><![CDATA[源码哥（www.ymg6.com）]]></item>
			<item id="version"><![CDATA[1.1]]></item>
			<item id="__modules">
				<item id="9">
					<item id="name"><![CDATA[myyapmagoo]]></item>
					<item id="menu"><![CDATA[<span style="color:#E53333;"><b>源码哥</b></span>]]></item>
					<item id="url"><![CDATA[]]></item>
					<item id="type"><![CDATA[3]]></item>
					<item id="adminid"><![CDATA[0]]></item>
					<item id="displayorder"><![CDATA[0]]></item>
					<item id="navtitle"><![CDATA[]]></item>
					<item id="navicon"><![CDATA[]]></item>
					<item id="navsubname"><![CDATA[]]></item>
					<item id="navsuburl"><![CDATA[]]></item>
				</item>
				<item id="0">
					<item id="name"><![CDATA[index]]></item>
					<item id="menu"><![CDATA[帮助]]></item>
					<item id="url"><![CDATA[plugin.php?id=xlwsq_faq]]></item>
					<item id="type"><![CDATA[1]]></item>
					<item id="adminid"><![CDATA[0]]></item>
					<item id="displayorder"><![CDATA[0]]></item>
					<item id="navtitle"><![CDATA[]]></item>
					<item id="navicon"><![CDATA[]]></item>
					<item id="navsubname"><![CDATA[]]></item>
					<item id="navsuburl"><![CDATA[]]></item>
				</item>
				<item id="1">
					<item id="name"><![CDATA[xlwsq_faq_cate]]></item>
					<item id="menu"><![CDATA[分类设置]]></item>
					<item id="url"><![CDATA[]]></item>
					<item id="type"><![CDATA[3]]></item>
					<item id="adminid"><![CDATA[0]]></item>
					<item id="displayorder"><![CDATA[2]]></item>
					<item id="navtitle"><![CDATA[]]></item>
					<item id="navicon"><![CDATA[]]></item>
					<item id="navsubname"><![CDATA[]]></item>
					<item id="navsuburl"><![CDATA[]]></item>
				</item>
				<item id="2">
					<item id="name"><![CDATA[app]]></item>
					<item id="menu"><![CDATA[<span style="color:#FF33CC">其它插件>>></span>]]></item>
					<item id="url"><![CDATA[]]></item>
					<item id="type"><![CDATA[3]]></item>
					<item id="adminid"><![CDATA[0]]></item>
					<item id="displayorder"><![CDATA[10]]></item>
					<item id="navtitle"><![CDATA[]]></item>
					<item id="navicon"><![CDATA[]]></item>
					<item id="navsubname"><![CDATA[]]></item>
					<item id="navsuburl"><![CDATA[]]></item>
				</item>
			</item>
		</item>
	<item id="version"><![CDATA[X2,X2.5,X3,X3.1,X3.2,F1.0]]></item>
		<item id="var">
			<item id="1">
				<item id="displayorder"><![CDATA[1]]></item>
				<item id="title"><![CDATA[title]]></item>
				<item id="description"><![CDATA[]]></item>
				<item id="variable"><![CDATA[title]]></item>
				<item id="type"><![CDATA[text]]></item>
				<item id="value"><![CDATA[帮助中心]]></item>
				<item id="extra"><![CDATA[]]></item>
			</item>
			<item id="2">
				<item id="displayorder"><![CDATA[2]]></item>
				<item id="title"><![CDATA[description]]></item>
				<item id="description"><![CDATA[]]></item>
				<item id="variable"><![CDATA[metadescription]]></item>
				<item id="type"><![CDATA[text]]></item>
				<item id="value"><![CDATA[帮助中心]]></item>
				<item id="extra"><![CDATA[]]></item>
			</item>
			<item id="3">
				<item id="displayorder"><![CDATA[3]]></item>
				<item id="title"><![CDATA[keywords]]></item>
				<item id="description"><![CDATA[多个关键字用英文逗号隔开]]></item>
				<item id="variable"><![CDATA[metakeywords]]></item>
				<item id="type"><![CDATA[text]]></item>
				<item id="value"><![CDATA[帮助中心,问答,使用帮助]]></item>
				<item id="extra"><![CDATA[]]></item>
			</item>
			<item id="10">
				<item id="displayorder"><![CDATA[10]]></item>
				<item id="title"><![CDATA[每页列表显示数量]]></item>
				<item id="description"><![CDATA[达到设置数量则进行翻页]]></item>
				<item id="variable"><![CDATA[eacha]]></item>
				<item id="type"><![CDATA[number]]></item>
				<item id="value"><![CDATA[10]]></item>
				<item id="extra"><![CDATA[]]></item>
			</item>
			<item id="33">
				<item id="displayorder"><![CDATA[33]]></item>
				<item id="title"><![CDATA[底部广告位]]></item>
				<item id="description"><![CDATA[页面底部横幅广告代码，留空则不显示，支持HTML]]></item>
				<item id="variable"><![CDATA[footad]]></item>
				<item id="type"><![CDATA[textarea]]></item>
				<item id="value"><![CDATA[<a href="http://www.ymg6.com/gg/addon.php?/?@48286.developer" target="_blank"><img src="source/plugin/xlwsq_faq/images/fd.jpg" width="100%"></a>]]></item>
				<item id="extra"><![CDATA[]]></item>
			</item>
			<item id="39">
				<item id="displayorder"><![CDATA[39]]></item>
				<item id="title"><![CDATA[插件前台管理员UID]]></item>
				<item id="description"><![CDATA[多个uid(任何用户组成员)用半角逗号“,”号隔开,设置的成员将拥有审核、编辑、删除等前台管理功能。]]></item>
				<item id="variable"><![CDATA[groupso]]></item>
				<item id="type"><![CDATA[text]]></item>
				<item id="value"><![CDATA[1]]></item>
				<item id="extra"><![CDATA[]]></item>
			</item>
			<item id="40">
				<item id="displayorder"><![CDATA[40]]></item>
				<item id="title"><![CDATA[插件主色调]]></item>
				<item id="description"><![CDATA[]]></item>
				<item id="variable"><![CDATA[menubgcolor]]></item>
				<item id="type"><![CDATA[color]]></item>
				<item id="value"><![CDATA[#0099FF]]></item>
				<item id="extra"><![CDATA[]]></item>
			</item>
		</item>
		<item id="language">
			<item id="scriptlang">
				<item id="logy_m_g"><![CDATA[<h2 style="text-align:-webkit-center;">
	<span style="color:#4C33E5;">推荐一个dz商</span><span style="color:#4C33E5;">业插件模版下载的</span><span style="color:#4C33E5;"></span><span style="color:#4C33E5;">网站给大家</span><a href="http://www.ymg6.com" target="_blank"><span style="color:#4C33E5;">源码哥分享吧</span></a><span style="color:#4C33E5;">（www.ymg6.com）</span> 
</h2>
<h3 style="text-align:-webkit-center;">
	<span style="color:#E53333;">这</span><span style="color:#E53333;">是一个</span><span style="color:#E53333;">dz商业</span><a href="http://www.ymg6.com/forum.php?mod=forumdisplay&fid=2" target="_blank"><span style="color:#337FE5;">插</span><u><span style="color:#337FE5;"></span></u><span style="color:#337FE5;">件</span></a><a href="http://www.ymg6.com/forum.php?mod=forumdisplay&fid=36" target="_blank"><u><span style="color:#337FE5;">模</span></u><u><span style="color:#337FE5;"></span></u><u><span style="color:#337FE5;">版</span></u></a><span style="color:#E53333;">资源破解分享的网站，而且还有很多精品的网站源码下载</span> 
</h3>
<h3 style="text-align:-webkit-center;">
	<span style="color:#E53333;">他们资源每天更新，并且很多都是他们自己出钱在应用中心购买后破解分享出来的</span><br />
</h3>
<h3>
	<div style="text-align:center;">
		<span style="color:#E53333;">不过还是替他们说一下</span> 
	</div>
	<div style="text-align:center;">
		<span style="color:#E53333;">&nbsp;他们站下载的资源只限于自己学习研究内含的设计思想和原理 请勿有任何商业盈利行为</span> 
	</div>
</h3>
<h3 style="text-align:center;">
	<span style="color:#999999;">介绍也介绍完了，给大家做个小导航吧</span> 
</h3>
<h3 style="text-align:center;">
	<span style="color:#337FE5;"><a href="http://www.ymg6.com/forum.php?mod=forumdisplay&fid=2" target="_blank">dz商业破解插件下载</a> &nbsp; <a href="http://www.ymg6.com/forum.php?mod=forumdisplay&fid=36" target="_blank">dz商业风格模版下载</a> &nbsp; &nbsp;<a href="http://www.ymg6.com/forum.php?mod=forumdisplay&fid=50" target="_blank">精品网站源码下载</a> &nbsp; &nbsp;<a href="http://www.ymg6.com/forum.php?mod=forumdisplay&fid=51" target="_blank">工具素材下载</a></span><span style="color:#337FE5;">&nbsp; &nbsp; <a href="http://www.ymg6.com/forum.php?mod=forumdisplay&fid=41" target="_blank">精选教程区</a></span> 
</h3> ]]></item>
				<item id="wuquanxiancaozuo"><![CDATA[无权限进行该操作]]></item>
				<item id="tijiaochenggong"><![CDATA[提交成功]]></item>
				<item id="gengxinok"><![CDATA[更新成功]]></item>
				<item id="shenheok"><![CDATA[审核通过]]></item>
				<item id="qxshenhe"><![CDATA[取消审核]]></item>
				<item id="shanchuok"><![CDATA[删除成功]]></item>
				<item id="caozuo"><![CDATA[操作]]></item>
				<item id="caozuocuowu"><![CDATA[操作错误，请返回]]></item>
				<item id="error"><![CDATA[当前信息已被删除]]></item>
				<item id="querenshanchutishi"><![CDATA[删除后无法恢复，确定删除吗？]]></item>
				<item id="querenshanchu"><![CDATA[确认删除]]></item>
				<item id="shanchu"><![CDATA[删除]]></item>
				<item id="quxiaoshanchu"><![CDATA[取消删除]]></item>
				<item id="areapaixu"><![CDATA[排序]]></item>
				<item id="areafenleimingcheng"><![CDATA[分类名称]]></item>
				<item id="areatianjiafenlei"><![CDATA[添加分类]]></item>
				<item id="areatianjiazifenlei"><![CDATA[添加子分类]]></item>
				<item id="areacaozuo"><![CDATA[操作]]></item>
				<item id="fabudengdaishenhe"><![CDATA[提交成功，等待审核]]></item>
				<item id="fabuchenggong"><![CDATA[发布成功]]></item>
			</item>
			<item id="templatelang">
				<item id="xiazairenshu"><![CDATA[已有{$value['downloads']}人安装]]></item>
				<item id="fabuxinxi"><![CDATA[提交信息]]></item>
				<item id="fenlei"><![CDATA[分类]]></item>
				<item id="xuanzefenlei"><![CDATA[请选择]]></item>
				<item id="biaoti"><![CDATA[标题]]></item>	
				<item id="jianjie"><![CDATA[简介]]></item>
				<item id="info"><![CDATA[内容]]></item>
				<item id="listquanbu"><![CDATA[全部]]></item>
				<item id="listgongyouxinxi"><![CDATA[共有<font color="red"> {$counts} </font> 条信息]]></item>
				<item id="listfenlei"><![CDATA[分类]]></item>
				<item id="listliulan"><![CDATA[浏览]]></item>
				<item id="listshijian"><![CDATA[时间]]></item>
				<item id="zanwu"><![CDATA[未找到相关信息]]></item>
				<item id="menufenlei"><![CDATA[分类]]></item>
				<item id="menuquanbu"><![CDATA[全部]]></item>
				<item id="menubuxian"><![CDATA[不限]]></item>
				<item id="maohao"><![CDATA[：]]></item>
				<item id="queding"><![CDATA[确定]]></item>
				<item id="tijiao"><![CDATA[提交]]></item>
				<item id="beizhu"><![CDATA[提醒：有二级分类的，请精确归类]]></item>
				<item id="bianji"><![CDATA[编辑]]></item>
				<item id="chakan"><![CDATA[查看]]></item>
				<item id="shanchu"><![CDATA[删除]]></item>
				<item id="quedingshanchu"><![CDATA[确定删除吗？]]></item>
				<item id="guanlimianban"><![CDATA[管理面板]]></item>
				<item id="sousuo"><![CDATA[搜索]]></item>
				<item id="fabushijian"><![CDATA[时间]]></item>
				<item id="ci"><![CDATA[次]]></item>
				<item id="zhuangtai"><![CDATA[当前状态]]></item>
				<item id="caozuo"><![CDATA[操作]]></item>
				<item id="mobllefanhuiluntan"><![CDATA[返回论坛]]></item>
				<item id="moblleshouye"><![CDATA[首页]]></item>
				<item id="mobllefenlei"><![CDATA[分类]]></item>
				<item id="mobllequanbu"><![CDATA[全部(首页)]]></item>
			    <item id="mobilechakangengduo"><![CDATA[点击查看更多 / 收回]]></item>
			    <item id="mobilenext"><![CDATA[下一页：]]></item>
			    <item id="mobileprev"><![CDATA[上一页：]]></item>
				<item id="xinxiguanli"><![CDATA[管理信息]]></item>
				<item id="admingongyoushuliang"><![CDATA[共有 <b>{$countr}</b> 条信息]]></item>
				<item id="adminquanbu"><![CDATA[全部]]></item>
				<item id="adminpai"><![CDATA[排序]]></item>
				<item id="adminpaibeizhu"><![CDATA[允许留空，数值越大越靠前]]></item>
				<item id="adminqita"><![CDATA[其它]]></item>
				<item id="adminquanxuan"><![CDATA[全选]]></item>
				<item id="adminxianshi"><![CDATA[显示]]></item>
				<item id="adminyincang"><![CDATA[隐藏]]></item>
			</item>
			<item id="installlang">
				<item id="cate1"><![CDATA[帐号相关]]></item>
				<item id="cate2"><![CDATA[购物指南]]></item>
				<item id="cate3"><![CDATA[售后服务]]></item>
				<item id="cate4"><![CDATA[配送方式]]></item>
				<item id="cate5"><![CDATA[责任声明]]></item>
			</item>
		</item>
		<item id="installfile"><![CDATA[install.php]]></item>
		<item id="uninstallfile"><![CDATA[uninstall.php]]></item>
	    <item id="upgradefile"><![CDATA[upgrade.php]]></item>
	</item>
</root>
