﻿<?xml version="1.0" encoding="ISO-8859-1"?>
<root>
	<item id="Title"><![CDATA[Discuz! Plugin]]></item>
	<item id="version"><![CDATA[X2,X2.5,X3,X3.1,X3.2,F1.0]]></item>
	<item id="Time"><![CDATA[2016-12-24 21:57]]></item>
	<item id="From"><![CDATA[分享吧（www.fx8.cc）]]></item>
	<item id="Data">
		<item id="plugin">
			<item id="available"><![CDATA[1]]></item>
			<item id="adminid"><![CDATA[1]]></item>
			<item id="name"><![CDATA[源碼哥_幫助中心]]></item>
			<item id="identifier"><![CDATA[xlwsq_faq]]></item>
			<item id="description"><![CDATA[]]></item>
			<item id="datatables"><![CDATA[]]></item>
			<item id="directory"><![CDATA[xlwsq_faq/]]></item>
			<item id="copyright"><![CDATA[源碼哥（www.ymg6.com）]]></item>
			<item id="version"><![CDATA[1.1]]></item>
			<item id="__modules">
				<item id="9">
					<item id="name"><![CDATA[myyapmagoo]]></item>
					<item id="menu"><![CDATA[<span style="color:#E53333;"><b>源碼哥</b></span>]]></item>
					<item id="url"><![CDATA[]]></item>
					<item id="type"><![CDATA[3]]></item>
					<item id="adminid"><![CDATA[0]]></item>
					<item id="displayorder"><![CDATA[0]]></item>
					<item id="navtitle"><![CDATA[]]></item>
					<item id="navicon"><![CDATA[]]></item>
					<item id="navsubname"><![CDATA[]]></item>
					<item id="navsuburl"><![CDATA[]]></item>
				</item>
				<item id="0">
					<item id="name"><![CDATA[index]]></item>
					<item id="menu"><![CDATA[幫助]]></item>
					<item id="url"><![CDATA[plugin.php?id=xlwsq_faq]]></item>
					<item id="type"><![CDATA[1]]></item>
					<item id="adminid"><![CDATA[0]]></item>
					<item id="displayorder"><![CDATA[0]]></item>
					<item id="navtitle"><![CDATA[]]></item>
					<item id="navicon"><![CDATA[]]></item>
					<item id="navsubname"><![CDATA[]]></item>
					<item id="navsuburl"><![CDATA[]]></item>
				</item>
				<item id="1">
					<item id="name"><![CDATA[xlwsq_faq_cate]]></item>
					<item id="menu"><![CDATA[分類設置]]></item>
					<item id="url"><![CDATA[]]></item>
					<item id="type"><![CDATA[3]]></item>
					<item id="adminid"><![CDATA[0]]></item>
					<item id="displayorder"><![CDATA[2]]></item>
					<item id="navtitle"><![CDATA[]]></item>
					<item id="navicon"><![CDATA[]]></item>
					<item id="navsubname"><![CDATA[]]></item>
					<item id="navsuburl"><![CDATA[]]></item>
				</item>
				<item id="2">
					<item id="name"><![CDATA[app]]></item>
					<item id="menu"><![CDATA[<span style="color:#FF33CC">其它插件>>></span>]]></item>
					<item id="url"><![CDATA[]]></item>
					<item id="type"><![CDATA[3]]></item>
					<item id="adminid"><![CDATA[0]]></item>
					<item id="displayorder"><![CDATA[10]]></item>
					<item id="navtitle"><![CDATA[]]></item>
					<item id="navicon"><![CDATA[]]></item>
					<item id="navsubname"><![CDATA[]]></item>
					<item id="navsuburl"><![CDATA[]]></item>
				</item>
			</item>
		</item>
	<item id="version"><![CDATA[X2,X2.5,X3,X3.1,X3.2,F1.0]]></item>
		<item id="var">
			<item id="1">
				<item id="displayorder"><![CDATA[1]]></item>
				<item id="title"><![CDATA[title]]></item>
				<item id="description"><![CDATA[]]></item>
				<item id="variable"><![CDATA[title]]></item>
				<item id="type"><![CDATA[text]]></item>
				<item id="value"><![CDATA[幫助中心]]></item>
				<item id="extra"><![CDATA[]]></item>
			</item>
			<item id="2">
				<item id="displayorder"><![CDATA[2]]></item>
				<item id="title"><![CDATA[description]]></item>
				<item id="description"><![CDATA[]]></item>
				<item id="variable"><![CDATA[metadescription]]></item>
				<item id="type"><![CDATA[text]]></item>
				<item id="value"><![CDATA[幫助中心]]></item>
				<item id="extra"><![CDATA[]]></item>
			</item>
			<item id="3">
				<item id="displayorder"><![CDATA[3]]></item>
				<item id="title"><![CDATA[keywords]]></item>
				<item id="description"><![CDATA[多個關鍵字用英文逗號隔開]]></item>
				<item id="variable"><![CDATA[metakeywords]]></item>
				<item id="type"><![CDATA[text]]></item>
				<item id="value"><![CDATA[幫助中心,問答,使用幫助]]></item>
				<item id="extra"><![CDATA[]]></item>
			</item>
			<item id="10">
				<item id="displayorder"><![CDATA[10]]></item>
				<item id="title"><![CDATA[每頁列表顯示數量]]></item>
				<item id="description"><![CDATA[達到設置數量則進行翻頁]]></item>
				<item id="variable"><![CDATA[eacha]]></item>
				<item id="type"><![CDATA[number]]></item>
				<item id="value"><![CDATA[10]]></item>
				<item id="extra"><![CDATA[]]></item>
			</item>
			<item id="33">
				<item id="displayorder"><![CDATA[33]]></item>
				<item id="title"><![CDATA[底部廣告位]]></item>
				<item id="description"><![CDATA[頁面底部橫幅廣告代碼，留空則不顯示，支持HTML]]></item>
				<item id="variable"><![CDATA[footad]]></item>
				<item id="type"><![CDATA[textarea]]></item>
				<item id="value"><![CDATA[<a href="http://www.ymg6.com/gg/addon.php?/?@48286.developer" target="_blank"><img src="source/plugin/xlwsq_faq/images/fd.jpg" width="100%"></a>]]></item>
				<item id="extra"><![CDATA[]]></item>
			</item>
			<item id="39">
				<item id="displayorder"><![CDATA[39]]></item>
				<item id="title"><![CDATA[插件前臺管理員UID]]></item>
				<item id="description"><![CDATA[多個uid(任何用戶組成員)用半角逗號“,”號隔開,設置的成員將擁有審核、編輯、刪除等前臺管理功能。]]></item>
				<item id="variable"><![CDATA[groupso]]></item>
				<item id="type"><![CDATA[text]]></item>
				<item id="value"><![CDATA[1]]></item>
				<item id="extra"><![CDATA[]]></item>
			</item>
			<item id="40">
				<item id="displayorder"><![CDATA[40]]></item>
				<item id="title"><![CDATA[插件主色調]]></item>
				<item id="description"><![CDATA[]]></item>
				<item id="variable"><![CDATA[menubgcolor]]></item>
				<item id="type"><![CDATA[color]]></item>
				<item id="value"><![CDATA[#0099FF]]></item>
				<item id="extra"><![CDATA[]]></item>
			</item>
		</item>
		<item id="language">
			<item id="scriptlang">
				<item id="logy_m_g"><![CDATA[<h2 style="text-align:-webkit-center;">
	<span style="color:#4C33E5;">推薦一個dz商</span><span style="color:#4C33E5;">業插件模版下載的</span><span style="color:#4C33E5;"></span><span style="color:#4C33E5;">網站給大家</span><a href="http://www.ymg6.com" target="_blank"><span style="color:#4C33E5;">源碼哥分享吧</span></a><span style="color:#4C33E5;">（www.ymg6.com）</span> 
</h2>
<h3 style="text-align:-webkit-center;">
	<span style="color:#E53333;">這</span><span style="color:#E53333;">是一個</span><span style="color:#E53333;">dz商業</span><a href="http://www.ymg6.com/forum.php?mod=forumdisplay&fid=2" target="_blank"><span style="color:#337FE5;">插</span><u><span style="color:#337FE5;"></span></u><span style="color:#337FE5;">件</span></a><a href="http://www.ymg6.com/forum.php?mod=forumdisplay&fid=36" target="_blank"><u><span style="color:#337FE5;">模</span></u><u><span style="color:#337FE5;"></span></u><u><span style="color:#337FE5;">版</span></u></a><span style="color:#E53333;">資源破解分享的網站，而且還有很多精品的網站源碼下載</span> 
</h3>
<h3 style="text-align:-webkit-center;">
	<span style="color:#E53333;">他們資源每天更新，并且很多都是他們自己出錢在應用中心購買后破解分享出來的</span><br />
</h3>
<h3>
	<div style="text-align:center;">
		<span style="color:#E53333;">不過還是替他們說一下</span> 
	</div>
	<div style="text-align:center;">
		<span style="color:#E53333;">&nbsp;他們站下載的資源只限于自己學習研究內含的設計思想和原理 請勿有任何商業盈利行為</span> 
	</div>
</h3>
<h3 style="text-align:center;">
	<span style="color:#999999;">介紹也介紹完了，給大家做個小導航吧</span> 
</h3>
<h3 style="text-align:center;">
	<span style="color:#337FE5;"><a href="http://www.ymg6.com/forum.php?mod=forumdisplay&fid=2" target="_blank">dz商業破解插件下載</a> &nbsp; <a href="http://www.ymg6.com/forum.php?mod=forumdisplay&fid=36" target="_blank">dz商業風格模版下載</a> &nbsp; &nbsp;<a href="http://www.ymg6.com/forum.php?mod=forumdisplay&fid=50" target="_blank">精品網站源碼下載</a> &nbsp; &nbsp;<a href="http://www.ymg6.com/forum.php?mod=forumdisplay&fid=51" target="_blank">工具素材下載</a></span><span style="color:#337FE5;">&nbsp; &nbsp; <a href="http://www.ymg6.com/forum.php?mod=forumdisplay&fid=41" target="_blank">精選教程區</a></span> 
</h3> ]]></item>
				<item id="wuquanxiancaozuo"><![CDATA[無權限進行該操作]]></item>
				<item id="tijiaochenggong"><![CDATA[提交成功]]></item>
				<item id="gengxinok"><![CDATA[更新成功]]></item>
				<item id="shenheok"><![CDATA[審核通過]]></item>
				<item id="qxshenhe"><![CDATA[取消審核]]></item>
				<item id="shanchuok"><![CDATA[刪除成功]]></item>
				<item id="caozuo"><![CDATA[操作]]></item>
				<item id="caozuocuowu"><![CDATA[操作錯誤，請返回]]></item>
				<item id="error"><![CDATA[當前信息已被刪除]]></item>
				<item id="querenshanchutishi"><![CDATA[刪除后無法恢復，確定刪除嗎？]]></item>
				<item id="querenshanchu"><![CDATA[確認刪除]]></item>
				<item id="shanchu"><![CDATA[刪除]]></item>
				<item id="quxiaoshanchu"><![CDATA[取消刪除]]></item>
				<item id="areapaixu"><![CDATA[排序]]></item>
				<item id="areafenleimingcheng"><![CDATA[分類名稱]]></item>
				<item id="areatianjiafenlei"><![CDATA[添加分類]]></item>
				<item id="areatianjiazifenlei"><![CDATA[添加子分類]]></item>
				<item id="areacaozuo"><![CDATA[操作]]></item>
				<item id="fabudengdaishenhe"><![CDATA[提交成功，等待審核]]></item>
				<item id="fabuchenggong"><![CDATA[發布成功]]></item>
			</item>
			<item id="templatelang">
				<item id="xiazairenshu"><![CDATA[已有{$value['downloads']}人安裝]]></item>
				<item id="fabuxinxi"><![CDATA[提交信息]]></item>
				<item id="fenlei"><![CDATA[分類]]></item>
				<item id="xuanzefenlei"><![CDATA[請選擇]]></item>
				<item id="biaoti"><![CDATA[標題]]></item>	
				<item id="jianjie"><![CDATA[簡介]]></item>
				<item id="info"><![CDATA[內容]]></item>
				<item id="listquanbu"><![CDATA[全部]]></item>
				<item id="listgongyouxinxi"><![CDATA[共有<font color="red"> {$counts} </font> 條信息]]></item>
				<item id="listfenlei"><![CDATA[分類]]></item>
				<item id="listliulan"><![CDATA[瀏覽]]></item>
				<item id="listshijian"><![CDATA[時間]]></item>
				<item id="zanwu"><![CDATA[未找到相關信息]]></item>
				<item id="menufenlei"><![CDATA[分類]]></item>
				<item id="menuquanbu"><![CDATA[全部]]></item>
				<item id="menubuxian"><![CDATA[不限]]></item>
				<item id="maohao"><![CDATA[：]]></item>
				<item id="queding"><![CDATA[確定]]></item>
				<item id="tijiao"><![CDATA[提交]]></item>
				<item id="beizhu"><![CDATA[提醒：有二級分類的，請精確歸類]]></item>
				<item id="bianji"><![CDATA[編輯]]></item>
				<item id="chakan"><![CDATA[查看]]></item>
				<item id="shanchu"><![CDATA[刪除]]></item>
				<item id="quedingshanchu"><![CDATA[確定刪除嗎？]]></item>
				<item id="guanlimianban"><![CDATA[管理面板]]></item>
				<item id="sousuo"><![CDATA[搜索]]></item>
				<item id="fabushijian"><![CDATA[時間]]></item>
				<item id="ci"><![CDATA[次]]></item>
				<item id="zhuangtai"><![CDATA[當前狀態]]></item>
				<item id="caozuo"><![CDATA[操作]]></item>
				<item id="mobllefanhuiluntan"><![CDATA[返回論壇]]></item>
				<item id="moblleshouye"><![CDATA[首頁]]></item>
				<item id="mobllefenlei"><![CDATA[分類]]></item>
				<item id="mobllequanbu"><![CDATA[全部(首頁)]]></item>
			    <item id="mobilechakangengduo"><![CDATA[點擊查看更多 / 收回]]></item>
			    <item id="mobilenext"><![CDATA[下一頁：]]></item>
			    <item id="mobileprev"><![CDATA[上一頁：]]></item>
				<item id="xinxiguanli"><![CDATA[管理信息]]></item>
				<item id="admingongyoushuliang"><![CDATA[共有 <b>{$countr}</b> 條信息]]></item>
				<item id="adminquanbu"><![CDATA[全部]]></item>
				<item id="adminpai"><![CDATA[排序]]></item>
				<item id="adminpaibeizhu"><![CDATA[允許留空，數值越大越靠前]]></item>
				<item id="adminqita"><![CDATA[其它]]></item>
				<item id="adminquanxuan"><![CDATA[全選]]></item>
				<item id="adminxianshi"><![CDATA[顯示]]></item>
				<item id="adminyincang"><![CDATA[隱藏]]></item>
			</item>
			<item id="installlang">
				<item id="cate1"><![CDATA[帳號相關]]></item>
				<item id="cate2"><![CDATA[購物指南]]></item>
				<item id="cate3"><![CDATA[售后服務]]></item>
				<item id="cate4"><![CDATA[配送方式]]></item>
				<item id="cate5"><![CDATA[責任聲明]]></item>
			</item>
		</item>
		<item id="installfile"><![CDATA[install.php]]></item>
		<item id="uninstallfile"><![CDATA[uninstall.php]]></item>
	    <item id="upgradefile"><![CDATA[upgrade.php]]></item>
	</item>
</root>
