﻿<?xml version="1.0" encoding="ISO-8859-1"?>
<root>
	<item id="Title"><![CDATA[Discuz! Plugin]]></item>
	<item id="Version"><![CDATA[X2,X2.5,X3,X3.1,X3.2,F1.0]]></item>
	<item id="Time"><![CDATA[2016-08-08 03:14]]></item>
	<item id="From"><![CDATA[分享吧（www.fx8.cc）]]></item>
	<item id="Data">
		<item id="plugin">
			<item id="available"><![CDATA[1]]></item>
			<item id="adminid"><![CDATA[1]]></item>
			<item id="name"><![CDATA[源碼哥_多種分類]]></item>
			<item id="identifier"><![CDATA[xj_sort]]></item>
			<item id="description"><![CDATA[]]></item>
			<item id="datatables"><![CDATA[]]></item>
			<item id="directory"><![CDATA[xj_sort/]]></item>
			<item id="copyright"><![CDATA[源碼哥（www.ymg6.com）]]></item>
			<item id="version"><![CDATA[1.52]]></item>
			<item id="__modules">
				<item id="9">
					<item id="name"><![CDATA[myyapmagoo]]></item>
					<item id="menu"><![CDATA[<span style="color:#E53333;"><b>源碼哥</b></span>]]></item>
					<item id="url"><![CDATA[]]></item>
					<item id="type"><![CDATA[3]]></item>
					<item id="adminid"><![CDATA[0]]></item>
					<item id="displayorder"><![CDATA[0]]></item>
					<item id="navtitle"><![CDATA[]]></item>
					<item id="navicon"><![CDATA[]]></item>
					<item id="navsubname"><![CDATA[]]></item>
					<item id="navsuburl"><![CDATA[]]></item>
				</item>
				<item id="0">
					<item id="name"><![CDATA[forumcp]]></item>
					<item id="menu"><![CDATA[版塊可用分類]]></item>
					<item id="url"><![CDATA[]]></item>
					<item id="type"><![CDATA[3]]></item>
					<item id="adminid"><![CDATA[0]]></item>
					<item id="displayorder"><![CDATA[0]]></item>
					<item id="navtitle"><![CDATA[]]></item>
					<item id="navicon"><![CDATA[]]></item>
					<item id="navsubname"><![CDATA[]]></item>
					<item id="navsuburl"><![CDATA[]]></item>
				</item>
				<item id="1">
					<item id="name"><![CDATA[classcp]]></item>
					<item id="menu"><![CDATA[大分類管理]]></item>
					<item id="url"><![CDATA[]]></item>
					<item id="type"><![CDATA[3]]></item>
					<item id="adminid"><![CDATA[0]]></item>
					<item id="displayorder"><![CDATA[0]]></item>
					<item id="navtitle"><![CDATA[]]></item>
					<item id="navicon"><![CDATA[]]></item>
					<item id="navsubname"><![CDATA[]]></item>
					<item id="navsuburl"><![CDATA[]]></item>
				</item>
				<item id="2">
					<item id="name"><![CDATA[main]]></item>
					<item id="menu"><![CDATA[]]></item>
					<item id="url"><![CDATA[]]></item>
					<item id="type"><![CDATA[11]]></item>
					<item id="adminid"><![CDATA[0]]></item>
					<item id="displayorder"><![CDATA[0]]></item>
					<item id="navtitle"><![CDATA[]]></item>
					<item id="navicon"><![CDATA[]]></item>
					<item id="navsubname"><![CDATA[]]></item>
					<item id="navsuburl"><![CDATA[]]></item>
				</item>
				<item id="3">
					<item id="name"><![CDATA[sortcp]]></item>
					<item id="menu"><![CDATA[小分類管理]]></item>
					<item id="url"><![CDATA[]]></item>
					<item id="type"><![CDATA[3]]></item>
					<item id="adminid"><![CDATA[0]]></item>
					<item id="displayorder"><![CDATA[0]]></item>
					<item id="navtitle"><![CDATA[]]></item>
					<item id="navicon"><![CDATA[]]></item>
					<item id="navsubname"><![CDATA[]]></item>
					<item id="navsuburl"><![CDATA[]]></item>
				</item>
			</item>
		</item>
		<item id="version"><![CDATA[X2,X2.5,X3,X3.1,X3.2,F1.0]]></item>
		<item id="var">
			<item id="0">
				<item id="displayorder"><![CDATA[0]]></item>
				<item id="title"><![CDATA[標題前面顯示分類]]></item>
				<item id="description"><![CDATA[]]></item>
				<item id="variable"><![CDATA[title_show]]></item>
				<item id="type"><![CDATA[radio]]></item>
				<item id="value"><![CDATA[1]]></item>
				<item id="extra"><![CDATA[]]></item>
			</item>
			<item id="1">
				<item id="displayorder"><![CDATA[0]]></item>
				<item id="title"><![CDATA[可用的大分類]]></item>
				<item id="description"><![CDATA[]]></item>
				<item id="variable"><![CDATA[sorts]]></item>
				<item id="type"><![CDATA[forum_text]]></item>
				<item id="extra"><![CDATA[]]></item>
				<item id="__value">
					<item id="2"><![CDATA[]]></item>
					<item id="36"><![CDATA[14,12,31,32]]></item>
					<item id="37"><![CDATA[]]></item>
					<item id=""><![CDATA[14,12,32]]></item>
					<item id="43"><![CDATA[]]></item>
					<item id="40"><![CDATA[]]></item>
					<item id="46"><![CDATA[]]></item>
					<item id="47"><![CDATA[]]></item>
				</item>
			</item>
		</item>
		<item id="language">
			<item id="scriptlang">
				<item id="logy_m_g"><![CDATA[<h2 style="text-align:-webkit-center;">
	<span style="color:#4C33E5;">推薦一個dz商</span><span style="color:#4C33E5;">業插件模版下載的</span><span style="color:#4C33E5;"></span><span style="color:#4C33E5;">網站給大家</span><a href="http://www.ymg6.com" target="_blank"><span style="color:#4C33E5;">源碼哥分享吧</span></a><span style="color:#4C33E5;">（www.ymg6.com）</span> 
</h2>
<h3 style="text-align:-webkit-center;">
	<span style="color:#E53333;">這</span><span style="color:#E53333;">是一個</span><span style="color:#E53333;">dz商業</span><a href="http://www.ymg6.com/forum.php?mod=forumdisplay&fid=2" target="_blank"><span style="color:#337FE5;">插</span><u><span style="color:#337FE5;"></span></u><span style="color:#337FE5;">件</span></a><a href="http://www.ymg6.com/forum.php?mod=forumdisplay&fid=36" target="_blank"><u><span style="color:#337FE5;">模</span></u><u><span style="color:#337FE5;"></span></u><u><span style="color:#337FE5;">版</span></u></a><span style="color:#E53333;">資源破解分享的網站，而且還有很多精品的網站源碼下載</span> 
</h3>
<h3 style="text-align:-webkit-center;">
	<span style="color:#E53333;">他們資源每天更新，并且很多都是他們自己出錢在應用中心購買后破解分享出來的</span><br />
</h3>
<h3>
	<div style="text-align:center;">
		<span style="color:#E53333;">不過還是替他們說一下</span> 
	</div>
	<div style="text-align:center;">
		<span style="color:#E53333;">&nbsp;他們站下載的資源只限于自己學習研究內含的設計思想和原理 請勿有任何商業盈利行為</span> 
	</div>
</h3>
<h3 style="text-align:center;">
	<span style="color:#999999;">介紹也介紹完了，給大家做個小導航吧</span> 
</h3>
<h3 style="text-align:center;">
	<span style="color:#337FE5;"><a href="http://www.ymg6.com/forum.php?mod=forumdisplay&fid=2" target="_blank">dz商業破解插件下載</a> &nbsp; <a href="http://www.ymg6.com/forum.php?mod=forumdisplay&fid=36" target="_blank">dz商業風格模版下載</a> &nbsp; &nbsp;<a href="http://www.ymg6.com/forum.php?mod=forumdisplay&fid=50" target="_blank">精品網站源碼下載</a> &nbsp; &nbsp;<a href="http://www.ymg6.com/forum.php?mod=forumdisplay&fid=51" target="_blank">工具素材下載</a></span><span style="color:#337FE5;">&nbsp; &nbsp; <a href="http://www.ymg6.com/forum.php?mod=forumdisplay&fid=41" target="_blank">精選教程區</a></span> 
</h3> ]]></item>
				<item id="add"><![CDATA[增加]]></item>
				<item id="flmc"><![CDATA[分類名稱：]]></item>
				<item id="tjdfl"><![CDATA[添加大分類]]></item>
				<item id="flmc2"><![CDATA[分類名稱]]></item>
				<item id="cz"><![CDATA[操作]]></item>
				<item id="del"><![CDATA[刪除]]></item>
				<item id="dlxz"><![CDATA[大類選擇：]]></item>
				<item id="tjxfl"><![CDATA[添加小分類]]></item>
				<item id="xgdjflcg"><![CDATA[修改分類成功！]]></item>
				<item id="bkxz"><![CDATA[版塊選擇：]]></item>
				<item id="xzkydfl"><![CDATA[選擇可用大分類]]></item>
				<item id="save"><![CDATA[保存]]></item>
				<item id="tzfl"><![CDATA[貼子分類]]></item>
				<item id="qb"><![CDATA[全部]]></item>
				<item id="xssx"><![CDATA[顯示順序]]></item>
				<item id="flxx"><![CDATA[分類選項]]></item>
				<item id="dx"><![CDATA[單選]]></item>
				<item id="duox"><![CDATA[多選]]></item>
				<item id="qxz"><![CDATA[請選擇]]></item>
				<item id="fl"><![CDATA[分類]]></item>
				<item id="bxx"><![CDATA[必選項]]></item>
			</item>
			<item id="templatelang">
				<item id="gdflxz"><![CDATA[更多分類選擇：]]></item>
				<item id="xz"><![CDATA[選擇]]></item>
				<item id="fl"><![CDATA[分類]]></item>
				<item id="qxzxyczdtz"><![CDATA[請選擇需要操作的帖子]]></item>
				<item id="dcfl"><![CDATA[多種分類]]></item>
				<item id="xzl"><![CDATA[選擇了]]></item>
				<item id="ptz"><![CDATA[篇帖子]]></item>
				<item id="close"><![CDATA[關閉]]></item>
				<item id="qxxz"><![CDATA[取消選擇]]></item>
				<item id="sure"><![CDATA[確定]]></item>
				<item id="glczcg"><![CDATA[管理操作成功]]></item>
			</item>
		</item>
		<item id="installfile"><![CDATA[install.php]]></item>
		<item id="uninstallfile"><![CDATA[uninstall.php]]></item>
		<item id="upgradefile"><![CDATA[upgrade.php]]></item>
	</item>
</root>