﻿<?xml version="1.0" encoding="ISO-8859-1"?>
<root>
	<item id="Title"><![CDATA[Discuz! Plugin]]></item>
	<item id="Version"><![CDATA[X2,X2.5,X3,X3.1,X3.2,F1.0]]></item>
	<item id="Time"><![CDATA[2016-07-29 18:37]]></item>
	<item id="From"><![CDATA[分享吧（www.fx8.cc）]]></item>
	<item id="Data">
		<item id="plugin">
			<item id="available"><![CDATA[1]]></item>
			<item id="adminid"><![CDATA[1]]></item>
			<item id="name"><![CDATA[源碼哥_瀏覽點擊]]></item>
			<item id="identifier"><![CDATA[ymg6com_1469788659]]></item>
			<item id="description"><![CDATA[廣告任務網之瀏覽廣告賺金幣]]></item>
			<item id="datatables"><![CDATA[]]></item>
			<item id="directory"><![CDATA[ymg6com_1469788659/]]></item>
			<item id="copyright"><![CDATA[源碼哥（www.ymg6.com）]]></item>
			<item id="version"><![CDATA[Ver0.1]]></item>
			<item id="__modules">
				<item id="9">
					<item id="name"><![CDATA[myyapmagoo]]></item>
					<item id="menu"><![CDATA[<span style="color:#E53333;"><b>源碼哥</b></span>]]></item>
					<item id="url"><![CDATA[]]></item>
					<item id="type"><![CDATA[3]]></item>
					<item id="adminid"><![CDATA[0]]></item>
					<item id="displayorder"><![CDATA[0]]></item>
					<item id="navtitle"><![CDATA[]]></item>
					<item id="navicon"><![CDATA[]]></item>
					<item id="navsubname"><![CDATA[]]></item>
					<item id="navsuburl"><![CDATA[]]></item>
				</item>
				<item id="0">
					<item id="name"><![CDATA[ymg6com_1469788659]]></item>
					<item id="param"><![CDATA[]]></item>
					<item id="menu"><![CDATA[瀏覽點擊]]></item>
					<item id="url"><![CDATA[]]></item>
					<item id="type"><![CDATA[1]]></item>
					<item id="adminid"><![CDATA[0]]></item>
					<item id="displayorder"><![CDATA[0]]></item>
					<item id="navtitle"><![CDATA[]]></item>
					<item id="navicon"><![CDATA[]]></item>
					<item id="navsubname"><![CDATA[]]></item>
					<item id="navsuburl"><![CDATA[]]></item>
				</item>
			</item>
		</item>
		<item id="version"><![CDATA[X2,X2.5,X3,X3.1,X3.2,F1.0]]></item>
		<item id="var">
			<item id="0">
				<item id="displayorder"><![CDATA[0]]></item>
				<item id="title"><![CDATA[功能開關]]></item>
				<item id="description"><![CDATA[]]></item>
				<item id="variable"><![CDATA[open]]></item>
				<item id="type"><![CDATA[radio]]></item>
				<item id="value"><![CDATA[1]]></item>
				<item id="extra"><![CDATA[]]></item>
			</item>
			<item id="1">
				<item id="displayorder"><![CDATA[1]]></item>
				<item id="title"><![CDATA[發布積分類型]]></item>
				<item id="description"><![CDATA[]]></item>
				<item id="variable"><![CDATA[post_jifen]]></item>
				<item id="type"><![CDATA[extcredit]]></item>
				<item id="value"><![CDATA[2]]></item>
				<item id="extra"><![CDATA[]]></item>
			</item>
			<item id="2">
				<item id="displayorder"><![CDATA[2]]></item>
				<item id="title"><![CDATA[獎勵積分類型]]></item>
				<item id="description"><![CDATA[]]></item>
				<item id="variable"><![CDATA[jifen]]></item>
				<item id="type"><![CDATA[extcredit]]></item>
				<item id="value"><![CDATA[2]]></item>
				<item id="extra"><![CDATA[]]></item>
			</item>
			<item id="3">
				<item id="displayorder"><![CDATA[3]]></item>
				<item id="title"><![CDATA[最少發布廣告數量]]></item>
				<item id="description"><![CDATA[]]></item>
				<item id="variable"><![CDATA[num]]></item>
				<item id="type"><![CDATA[number]]></item>
				<item id="value"><![CDATA[1000]]></item>
				<item id="extra"><![CDATA[]]></item>
			</item>
			<item id="4">
				<item id="displayorder"><![CDATA[4]]></item>
				<item id="title"><![CDATA[5秒廣告的單價]]></item>
				<item id="description"><![CDATA[]]></item>
				<item id="variable"><![CDATA[pricea]]></item>
				<item id="type"><![CDATA[number]]></item>
				<item id="value"><![CDATA[50]]></item>
				<item id="extra"><![CDATA[]]></item>
			</item>
			<item id="5">
				<item id="displayorder"><![CDATA[5]]></item>
				<item id="title"><![CDATA[10秒廣告的單價]]></item>
				<item id="description"><![CDATA[]]></item>
				<item id="variable"><![CDATA[priceb]]></item>
				<item id="type"><![CDATA[number]]></item>
				<item id="value"><![CDATA[80]]></item>
				<item id="extra"><![CDATA[]]></item>
			</item>
			<item id="6">
				<item id="displayorder"><![CDATA[6]]></item>
				<item id="title"><![CDATA[20秒廣告的單價]]></item>
				<item id="description"><![CDATA[]]></item>
				<item id="variable"><![CDATA[pricec]]></item>
				<item id="type"><![CDATA[number]]></item>
				<item id="value"><![CDATA[160]]></item>
				<item id="extra"><![CDATA[]]></item>
			</item>
			<item id="7">
				<item id="displayorder"><![CDATA[7]]></item>
				<item id="title"><![CDATA[30秒廣告單價]]></item>
				<item id="description"><![CDATA[]]></item>
				<item id="variable"><![CDATA[priced]]></item>
				<item id="type"><![CDATA[number]]></item>
				<item id="value"><![CDATA[240]]></item>
				<item id="extra"><![CDATA[]]></item>
			</item>
			<item id="8">
				<item id="displayorder"><![CDATA[8]]></item>
				<item id="title"><![CDATA[會員獎勵比例]]></item>
				<item id="description"><![CDATA[業內一般設置60%,
比如一個單價10金幣的廣告,會員點擊后獲得6金幣,網站利潤為4金幣.
設置比例時不加%,比如60%時,只填寫60]]></item>
				<item id="variable"><![CDATA[profit]]></item>
				<item id="type"><![CDATA[number]]></item>
				<item id="value"><![CDATA[60]]></item>
				<item id="extra"><![CDATA[]]></item>
			</item>
		</item>
		<item id="installfile"><![CDATA[install.php]]></item>
		<item id="uninstallfile"><![CDATA[uninstall.php]]></item>
	</item>
</root>