﻿<?xml version="1.0" encoding="ISO-8859-1"?>
<root>
	<item id="Title"><![CDATA[Discuz! Plugin]]></item>
	<item id="Version"><![CDATA[X2,X2.5,X3,X3.1,X3.2,F1.0]]></item>
	<item id="Time"><![CDATA[2016-07-29 18:37]]></item>
	<item id="From"><![CDATA[分享吧（www.fx8.cc）]]></item>
	<item id="Data">
		<item id="plugin">
			<item id="available"><![CDATA[1]]></item>
			<item id="adminid"><![CDATA[1]]></item>
			<item id="name"><![CDATA[源码哥_浏览点击]]></item>
			<item id="identifier"><![CDATA[ymg6com_1469788659]]></item>
			<item id="description"><![CDATA[广告任务网之浏览广告赚金币]]></item>
			<item id="datatables"><![CDATA[]]></item>
			<item id="directory"><![CDATA[ymg6com_1469788659/]]></item>
			<item id="copyright"><![CDATA[源码哥（www.ymg6.com）]]></item>
			<item id="version"><![CDATA[Ver0.1]]></item>
			<item id="__modules">
				<item id="9">
					<item id="name"><![CDATA[myyapmagoo]]></item>
					<item id="menu"><![CDATA[<span style="color:#E53333;"><b>源码哥</b></span>]]></item>
					<item id="url"><![CDATA[]]></item>
					<item id="type"><![CDATA[3]]></item>
					<item id="adminid"><![CDATA[0]]></item>
					<item id="displayorder"><![CDATA[0]]></item>
					<item id="navtitle"><![CDATA[]]></item>
					<item id="navicon"><![CDATA[]]></item>
					<item id="navsubname"><![CDATA[]]></item>
					<item id="navsuburl"><![CDATA[]]></item>
				</item>
				<item id="0">
					<item id="name"><![CDATA[ymg6com_1469788659]]></item>
					<item id="param"><![CDATA[]]></item>
					<item id="menu"><![CDATA[浏览点击]]></item>
					<item id="url"><![CDATA[]]></item>
					<item id="type"><![CDATA[1]]></item>
					<item id="adminid"><![CDATA[0]]></item>
					<item id="displayorder"><![CDATA[0]]></item>
					<item id="navtitle"><![CDATA[]]></item>
					<item id="navicon"><![CDATA[]]></item>
					<item id="navsubname"><![CDATA[]]></item>
					<item id="navsuburl"><![CDATA[]]></item>
				</item>
			</item>
		</item>
		<item id="version"><![CDATA[X2,X2.5,X3,X3.1,X3.2,F1.0]]></item>
		<item id="var">
			<item id="0">
				<item id="displayorder"><![CDATA[0]]></item>
				<item id="title"><![CDATA[功能开关]]></item>
				<item id="description"><![CDATA[]]></item>
				<item id="variable"><![CDATA[open]]></item>
				<item id="type"><![CDATA[radio]]></item>
				<item id="value"><![CDATA[1]]></item>
				<item id="extra"><![CDATA[]]></item>
			</item>
			<item id="1">
				<item id="displayorder"><![CDATA[1]]></item>
				<item id="title"><![CDATA[发布积分类型]]></item>
				<item id="description"><![CDATA[]]></item>
				<item id="variable"><![CDATA[post_jifen]]></item>
				<item id="type"><![CDATA[extcredit]]></item>
				<item id="value"><![CDATA[2]]></item>
				<item id="extra"><![CDATA[]]></item>
			</item>
			<item id="2">
				<item id="displayorder"><![CDATA[2]]></item>
				<item id="title"><![CDATA[奖励积分类型]]></item>
				<item id="description"><![CDATA[]]></item>
				<item id="variable"><![CDATA[jifen]]></item>
				<item id="type"><![CDATA[extcredit]]></item>
				<item id="value"><![CDATA[2]]></item>
				<item id="extra"><![CDATA[]]></item>
			</item>
			<item id="3">
				<item id="displayorder"><![CDATA[3]]></item>
				<item id="title"><![CDATA[最少发布广告数量]]></item>
				<item id="description"><![CDATA[]]></item>
				<item id="variable"><![CDATA[num]]></item>
				<item id="type"><![CDATA[number]]></item>
				<item id="value"><![CDATA[1000]]></item>
				<item id="extra"><![CDATA[]]></item>
			</item>
			<item id="4">
				<item id="displayorder"><![CDATA[4]]></item>
				<item id="title"><![CDATA[5秒广告的单价]]></item>
				<item id="description"><![CDATA[]]></item>
				<item id="variable"><![CDATA[pricea]]></item>
				<item id="type"><![CDATA[number]]></item>
				<item id="value"><![CDATA[50]]></item>
				<item id="extra"><![CDATA[]]></item>
			</item>
			<item id="5">
				<item id="displayorder"><![CDATA[5]]></item>
				<item id="title"><![CDATA[10秒广告的单价]]></item>
				<item id="description"><![CDATA[]]></item>
				<item id="variable"><![CDATA[priceb]]></item>
				<item id="type"><![CDATA[number]]></item>
				<item id="value"><![CDATA[80]]></item>
				<item id="extra"><![CDATA[]]></item>
			</item>
			<item id="6">
				<item id="displayorder"><![CDATA[6]]></item>
				<item id="title"><![CDATA[20秒广告的单价]]></item>
				<item id="description"><![CDATA[]]></item>
				<item id="variable"><![CDATA[pricec]]></item>
				<item id="type"><![CDATA[number]]></item>
				<item id="value"><![CDATA[160]]></item>
				<item id="extra"><![CDATA[]]></item>
			</item>
			<item id="7">
				<item id="displayorder"><![CDATA[7]]></item>
				<item id="title"><![CDATA[30秒广告单价]]></item>
				<item id="description"><![CDATA[]]></item>
				<item id="variable"><![CDATA[priced]]></item>
				<item id="type"><![CDATA[number]]></item>
				<item id="value"><![CDATA[240]]></item>
				<item id="extra"><![CDATA[]]></item>
			</item>
			<item id="8">
				<item id="displayorder"><![CDATA[8]]></item>
				<item id="title"><![CDATA[会员奖励比例]]></item>
				<item id="description"><![CDATA[业内一般设置60%,
比如一个单价10金币的广告,会员点击后获得6金币,网站利润为4金币.
设置比例时不加%,比如60%时,只填写60]]></item>
				<item id="variable"><![CDATA[profit]]></item>
				<item id="type"><![CDATA[number]]></item>
				<item id="value"><![CDATA[60]]></item>
				<item id="extra"><![CDATA[]]></item>
			</item>
		</item>
		<item id="installfile"><![CDATA[install.php]]></item>
		<item id="uninstallfile"><![CDATA[uninstall.php]]></item>
	</item>
</root>