<?xml version="1.0" encoding="ISO-8859-1"?>
<root>
	<item id="Title"><![CDATA[Discuz! Plugin]]></item>
	<item id="Version"><![CDATA[X2]]></item>
	<item id="Time"><![CDATA[2012-10-11 20:00]]></item>
	<item id="From"><![CDATA[讯幻网(http://www.xhkj5.com/)]]></item>
	<item id="Data">
		<item id="plugin">
			<item id="available"><![CDATA[1]]></item>
			<item id="adminid"><![CDATA[1]]></item>
			<item id="name"><![CDATA[讯幻网[1314]会员自助风格切换]]></item>
			<item id="identifier"><![CDATA[study_stylechange]]></item>
			<item id="description"><![CDATA[讯幻网（www.xhkj5.com）]]></item>
			<item id="datatables"><![CDATA[]]></item>
			<item id="directory"><![CDATA[study_stylechange/]]></item>
			<item id="copyright"><![CDATA[讯幻网www.xhkj5.com]]></item>
			<item id="version"><![CDATA[2.0.1]]></item>
			<item id="__modules">
				<item id="0">
					<item id="name"><![CDATA[admin]]></item>
					<item id="menu"><![CDATA[设置允许切换的模板]]></item>
					<item id="url"><![CDATA[]]></item>
					<item id="type"><![CDATA[3]]></item>
					<item id="adminid"><![CDATA[0]]></item>
					<item id="displayorder"><![CDATA[1]]></item>
					<item id="navtitle"><![CDATA[]]></item>
					<item id="navicon"><![CDATA[]]></item>
					<item id="navsubname"><![CDATA[]]></item>
					<item id="navsuburl"><![CDATA[]]></item>
				</item>
				<item id="1">
					<item id="name"><![CDATA[feedback]]></item>
					<item id="menu"><![CDATA[<b style=color:green>问题反馈</b>]]></item>
					<item id="url"><![CDATA[]]></item>
					<item id="type"><![CDATA[3]]></item>
					<item id="adminid"><![CDATA[0]]></item>
					<item id="displayorder"><![CDATA[2]]></item>
					<item id="navtitle"><![CDATA[]]></item>
					<item id="navicon"><![CDATA[]]></item>
					<item id="navsubname"><![CDATA[]]></item>
					<item id="navsuburl"><![CDATA[]]></item>
				</item>
				<item id="2">
					<item id="name"><![CDATA[hook]]></item>
					<item id="menu"><![CDATA[]]></item>
					<item id="url"><![CDATA[]]></item>
					<item id="type"><![CDATA[11]]></item>
					<item id="adminid"><![CDATA[0]]></item>
					<item id="displayorder"><![CDATA[2]]></item>
					<item id="navtitle"><![CDATA[]]></item>
					<item id="navicon"><![CDATA[]]></item>
					<item id="navsubname"><![CDATA[]]></item>
					<item id="navsuburl"><![CDATA[]]></item>
				</item>
				<item id="3">
					<item id="name"><![CDATA[changelog]]></item>
					<item id="menu"><![CDATA[升级日志]]></item>
					<item id="url"><![CDATA[]]></item>
					<item id="type"><![CDATA[3]]></item>
					<item id="adminid"><![CDATA[0]]></item>
					<item id="displayorder"><![CDATA[3]]></item>
					<item id="navtitle"><![CDATA[]]></item>
					<item id="navicon"><![CDATA[]]></item>
					<item id="navsubname"><![CDATA[]]></item>
					<item id="navsuburl"><![CDATA[]]></item>
				</item>
				<item id="4">
					<item id="name"><![CDATA[addon]]></item>
					<item id="menu"><![CDATA[讯幻网]]></item>
					<item id="url"><![CDATA[]]></item>
					<item id="type"><![CDATA[3]]></item>
					<item id="adminid"><![CDATA[0]]></item>
					<item id="displayorder"><![CDATA[4]]></item>
					<item id="navtitle"><![CDATA[]]></item>
					<item id="navicon"><![CDATA[]]></item>
					<item id="navsubname"><![CDATA[]]></item>
					<item id="navsuburl"><![CDATA[]]></item>
				</item>
			</item>
		</item>
		<item id="version"><![CDATA[X2,X2.5]]></item>
		<item id="var">
			<item id="0">
				<item id="displayorder"><![CDATA[2]]></item>
				<item id="title"><![CDATA[允许使用的用户组]]></item>
				<item id="description"><![CDATA[]]></item>
				<item id="variable"><![CDATA[study_gids]]></item>
				<item id="type"><![CDATA[groups]]></item>
				<item id="extra"><![CDATA[]]></item>
				<item id="__value">
					<item id="0"><![CDATA[]]></item>
					<item id="1"><![CDATA[1]]></item>
				</item>
			</item>
			<item id="1">
				<item id="displayorder"><![CDATA[1]]></item>
				<item id="title"><![CDATA[切换按钮显示方式]]></item>
				<item id="description"><![CDATA[]]></item>
				<item id="variable"><![CDATA[study_way]]></item>
				<item id="type"><![CDATA[select]]></item>
				<item id="value"><![CDATA[2]]></item>
				<item id="extra"><![CDATA[1 = 文字按钮
2 = 图片按钮]]></item>
			</item>
			<item id="2">
				<item id="displayorder"><![CDATA[3]]></item>
				<item id="title"><![CDATA[按钮显示的位置]]></item>
				<item id="description"><![CDATA[]]></item>
				<item id="variable"><![CDATA[study_place]]></item>
				<item id="type"><![CDATA[select]]></item>
				<item id="value"><![CDATA[2]]></item>
				<item id="extra"><![CDATA[1 = 顶部导航左侧
2 = 顶部导航右侧
3 = 会员名右侧]]></item>
			</item>
		</item>
		<item id="language">
			<item id="scriptlang">
				<item id="scriptlang_001"><![CDATA[切换模板]]></item>
				<item id="scriptlang_002"><![CDATA[<li>插件安装后，请选择允许会员使用（切换）的模板及允许使用本插件的用户组</li>
	<li>对应的模板根目录默认应该有 preview_large.jpg 和 preview_large.jpg ，缺少时请手动补全，图片用与会员预览</li>
	<li>可以根据需要修改模板显示的名称</li>
	<li>本插件只负责切换模板，模板自身的显示问题与本插件无关</li>
	<li>更多插件访问 <a href="http://www.xhkj5.com/" target="_blank" title="访问讯幻网网"><font color=blue>讯幻网（www.xhkj5.com）</font></a>下载，插件仅供学习，不得用于商业用途。</li>]]></item>
				<item id="scriptlang_003"><![CDATA[设置并更新插件缓存]]></item>
				<item id="scriptlang_004"><![CDATA[使用]]></item>
			</item>
			<item id="templatelang">
				<item id="templatelang_001"><![CDATA[会员自助切换模板]]></item>
				<item id="templatelang_002"><![CDATA[单击选择使用的模板，双击大图预览。]]></item>
				<item id="templatelang_003"><![CDATA[切换]]></item>
				<item id="templatelang_004"><![CDATA[取消]]></item>
				<item id="templatelang_005"><![CDATA[切换成功,页面自动跳转]]></item>
				<item id="templatelang_006"><![CDATA[你没有选择模板，切换失败]]></item>
			</item>
		</item>
	</item>
</root>