<?xml version="1.0" encoding="ISO-8859-1"?>
<root>
	<item id="Title"><![CDATA[Discuz! Plugin]]></item>
	<item id="Version"><![CDATA[X2]]></item>
	<item id="Time"><![CDATA[2012-10-11 20:00]]></item>
	<item id="From"><![CDATA[1314學習網 (http://www.xhkj5.com/)]]></item>
	<item id="Data">
		<item id="plugin">
			<item id="available"><![CDATA[1]]></item>
			<item id="adminid"><![CDATA[1]]></item>
			<item id="name"><![CDATA[[1314]會員自助風格切換]]></item>
			<item id="identifier"><![CDATA[study_stylechange]]></item>
			<item id="description"><![CDATA[1314學習網（www.xhkj5.com）]]></item>
			<item id="datatables"><![CDATA[]]></item>
			<item id="directory"><![CDATA[study_stylechange/]]></item>
			<item id="copyright"><![CDATA[1314學習網]]></item>
			<item id="version"><![CDATA[2.0.1]]></item>
			<item id="__modules">
				<item id="0">
					<item id="name"><![CDATA[admin]]></item>
					<item id="menu"><![CDATA[設置允許切換的模板]]></item>
					<item id="url"><![CDATA[]]></item>
					<item id="type"><![CDATA[3]]></item>
					<item id="adminid"><![CDATA[0]]></item>
					<item id="displayorder"><![CDATA[1]]></item>
					<item id="navtitle"><![CDATA[]]></item>
					<item id="navicon"><![CDATA[]]></item>
					<item id="navsubname"><![CDATA[]]></item>
					<item id="navsuburl"><![CDATA[]]></item>
				</item>
				<item id="1">
					<item id="name"><![CDATA[feedback]]></item>
					<item id="menu"><![CDATA[<b style=color:green>問題反饋</b>]]></item>
					<item id="url"><![CDATA[]]></item>
					<item id="type"><![CDATA[3]]></item>
					<item id="adminid"><![CDATA[0]]></item>
					<item id="displayorder"><![CDATA[2]]></item>
					<item id="navtitle"><![CDATA[]]></item>
					<item id="navicon"><![CDATA[]]></item>
					<item id="navsubname"><![CDATA[]]></item>
					<item id="navsuburl"><![CDATA[]]></item>
				</item>
				<item id="2">
					<item id="name"><![CDATA[hook]]></item>
					<item id="menu"><![CDATA[]]></item>
					<item id="url"><![CDATA[]]></item>
					<item id="type"><![CDATA[11]]></item>
					<item id="adminid"><![CDATA[0]]></item>
					<item id="displayorder"><![CDATA[2]]></item>
					<item id="navtitle"><![CDATA[]]></item>
					<item id="navicon"><![CDATA[]]></item>
					<item id="navsubname"><![CDATA[]]></item>
					<item id="navsuburl"><![CDATA[]]></item>
				</item>
				<item id="3">
					<item id="name"><![CDATA[changelog]]></item>
					<item id="menu"><![CDATA[升級日志]]></item>
					<item id="url"><![CDATA[]]></item>
					<item id="type"><![CDATA[3]]></item>
					<item id="adminid"><![CDATA[0]]></item>
					<item id="displayorder"><![CDATA[3]]></item>
					<item id="navtitle"><![CDATA[]]></item>
					<item id="navicon"><![CDATA[]]></item>
					<item id="navsubname"><![CDATA[]]></item>
					<item id="navsuburl"><![CDATA[]]></item>
				</item>
				<item id="4">
					<item id="name"><![CDATA[addon]]></item>
					<item id="menu"><![CDATA[[1314]應用中心]]></item>
					<item id="url"><![CDATA[]]></item>
					<item id="type"><![CDATA[3]]></item>
					<item id="adminid"><![CDATA[0]]></item>
					<item id="displayorder"><![CDATA[4]]></item>
					<item id="navtitle"><![CDATA[]]></item>
					<item id="navicon"><![CDATA[]]></item>
					<item id="navsubname"><![CDATA[]]></item>
					<item id="navsuburl"><![CDATA[]]></item>
				</item>
			</item>
		</item>
		<item id="version"><![CDATA[X2,X2.5]]></item>
		<item id="var">
			<item id="0">
				<item id="displayorder"><![CDATA[2]]></item>
				<item id="title"><![CDATA[允許使用的用戶組]]></item>
				<item id="description"><![CDATA[]]></item>
				<item id="variable"><![CDATA[study_gids]]></item>
				<item id="type"><![CDATA[groups]]></item>
				<item id="extra"><![CDATA[]]></item>
				<item id="__value">
					<item id="0"><![CDATA[]]></item>
					<item id="1"><![CDATA[1]]></item>
				</item>
			</item>
			<item id="1">
				<item id="displayorder"><![CDATA[1]]></item>
				<item id="title"><![CDATA[切換按鈕顯示方式]]></item>
				<item id="description"><![CDATA[]]></item>
				<item id="variable"><![CDATA[study_way]]></item>
				<item id="type"><![CDATA[select]]></item>
				<item id="value"><![CDATA[2]]></item>
				<item id="extra"><![CDATA[1 = 文字按鈕
2 = 圖片按鈕]]></item>
			</item>
			<item id="2">
				<item id="displayorder"><![CDATA[3]]></item>
				<item id="title"><![CDATA[按鈕顯示的位置]]></item>
				<item id="description"><![CDATA[]]></item>
				<item id="variable"><![CDATA[study_place]]></item>
				<item id="type"><![CDATA[select]]></item>
				<item id="value"><![CDATA[2]]></item>
				<item id="extra"><![CDATA[1 = 頂部導航左側
2 = 頂部導航右側
3 = 會員名右側]]></item>
			</item>
		</item>
		<item id="language">
			<item id="scriptlang">
				<item id="scriptlang_001"><![CDATA[切換模板]]></item>
				<item id="scriptlang_002"><![CDATA[<li>插件安裝後，請選擇允許\會員使用（切換）的模板及允許\使用本插件的用戶組</li>
	<li>對應的模板根目錄默認應該有 preview_large.jpg 和 preview_large.jpg ，缺少時請手動補全，圖片用與會員預覽</li>
	<li>可以根據需要修改模板顯示的名稱</li>
	<li>本插件只負責切換模板，模板自身的顯示問題與本插件無關</li>
	<li>本插件由 <a href="http://www.xhkj5.com/" target="_blank" title="訪問1314學習網"><font color=blue>1314學習網（www.xhkj5.com）</font></a>制作，未經許\可禁止修改、二次開發、傳播。</li>]]></item>
				<item id="scriptlang_003"><![CDATA[設置並更新插件緩存]]></item>
				<item id="scriptlang_004"><![CDATA[使用]]></item>
			</item>
			<item id="templatelang">
				<item id="templatelang_001"><![CDATA[會員自助切換模板]]></item>
				<item id="templatelang_002"><![CDATA[單擊選擇使用的模板，雙擊大圖預覽。]]></item>
				<item id="templatelang_003"><![CDATA[切換]]></item>
				<item id="templatelang_004"><![CDATA[取消]]></item>
				<item id="templatelang_005"><![CDATA[切換成功\,頁面自動跳轉]]></item>
				<item id="templatelang_006"><![CDATA[你沒有選擇模板，切換失敗]]></item>
			</item>
		</item>
	</item>
</root>