﻿<?xml version="1.0" encoding="ISO-8859-1"?>
<root>
	<item id="Title"><![CDATA[Discuz! Plugin]]></item>
	<item id="Version"><![CDATA[X2,X2.5,X3,X3.1,X3.2,F1.0]]></item>
	<item id="Time"><![CDATA[2016-10-11 10:16]]></item>
	<item id="From"><![CDATA[分享吧（www.fx8.cc）]]></item>
	<item id="Data">
		<item id="plugin">
			<item id="available"><![CDATA[1]]></item>
			<item id="adminid"><![CDATA[1]]></item>
			<item id="name"><![CDATA[源码哥_[柒瑞]首页十二格]]></item>
			<item id="identifier"><![CDATA[toplist_7ree]]></item>
			<item id="description"><![CDATA[柒瑞首页十二格华丽升级版
信息展示、高速智能缓存、个性参数配置、 完美升级服务]]></item>
			<item id="datatables"><![CDATA[]]></item>
			<item id="directory"><![CDATA[toplist_7ree/]]></item>
			<item id="copyright"><![CDATA[源码哥（www.ymg6.com）]]></item>
			<item id="version"><![CDATA[v10.35]]></item>
			<item id="__modules">
				<item id="99">
					<item id="name"><![CDATA[myyapmagoo]]></item>
					<item id="menu"><![CDATA[<span style="color:#E53333;"><b>源码哥</b></span>]]></item>
					<item id="url"><![CDATA[]]></item>
					<item id="type"><![CDATA[3]]></item>
					<item id="adminid"><![CDATA[0]]></item>
					<item id="displayorder"><![CDATA[0]]></item>
					<item id="navtitle"><![CDATA[]]></item>
					<item id="navicon"><![CDATA[]]></item>
					<item id="navsubname"><![CDATA[]]></item>
					<item id="navsuburl"><![CDATA[]]></item>
				</item>
				<item id="0">
					<item id="name"><![CDATA[toplist_7ree]]></item>
					<item id="menu"><![CDATA[]]></item>
					<item id="url"><![CDATA[]]></item>
					<item id="type"><![CDATA[11]]></item>
					<item id="adminid"><![CDATA[0]]></item>
					<item id="displayorder"><![CDATA[0]]></item>
					<item id="navtitle"><![CDATA[]]></item>
					<item id="navicon"><![CDATA[]]></item>
					<item id="navsubname"><![CDATA[]]></item>
					<item id="navsuburl"><![CDATA[]]></item>
				</item>
				<item id="1">
					<item id="name"><![CDATA[pushlist_7ree]]></item>
					<item id="menu"><![CDATA[推送管理]]></item>
					<item id="url"><![CDATA[]]></item>
					<item id="type"><![CDATA[3]]></item>
					<item id="adminid"><![CDATA[0]]></item>
					<item id="displayorder"><![CDATA[1]]></item>
					<item id="navtitle"><![CDATA[]]></item>
					<item id="navicon"><![CDATA[]]></item>
					<item id="navsubname"><![CDATA[]]></item>
					<item id="navsuburl"><![CDATA[]]></item>
				</item>
				<item id="2">
					<item id="name"><![CDATA[recache_7ree]]></item>
					<item id="menu"><![CDATA[清空缓存]]></item>
					<item id="url"><![CDATA[]]></item>
					<item id="type"><![CDATA[3]]></item>
					<item id="adminid"><![CDATA[0]]></item>
					<item id="displayorder"><![CDATA[2]]></item>
					<item id="navtitle"><![CDATA[]]></item>
					<item id="navicon"><![CDATA[]]></item>
					<item id="navsubname"><![CDATA[]]></item>
					<item id="navsuburl"><![CDATA[]]></item>
				</item>
				<item id="3">
					<item id="name"><![CDATA[more_7ree]]></item>
					<item id="menu"><![CDATA[[柒瑞更多产品服务]]]></item>
					<item id="url"><![CDATA[]]></item>
					<item id="type"><![CDATA[3]]></item>
					<item id="adminid"><![CDATA[0]]></item>
					<item id="displayorder"><![CDATA[3]]></item>
					<item id="navtitle"><![CDATA[]]></item>
					<item id="navicon"><![CDATA[]]></item>
					<item id="navsubname"><![CDATA[]]></item>
					<item id="navsuburl"><![CDATA[]]></item>
				</item>
			</item>
		</item>
		<item id="version"><![CDATA[X2,X2.5,X3,X3.1,X3.2,F1.0]]></item>
		<item id="var">
			<item id="0">
				<item id="displayorder"><![CDATA[1]]></item>
				<item id="title"><![CDATA[是否同意柒瑞用户协议]]></item>
				<item id="description"><![CDATA[同意协议内容方可正常使用该插件
协议地址：http://www.ymg6.com/gg/addon.php?/?@7.developer.doc/agreement_7ree_html]]></item>
				<item id="variable"><![CDATA[agreement_7ree]]></item>
				<item id="type"><![CDATA[radio]]></item>
				<item id="value"><![CDATA[1]]></item>
				<item id="extra"><![CDATA[]]></item>
			</item>
			<item id="1">
				<item id="displayorder"><![CDATA[2]]></item>
				<item id="title"><![CDATA[是否启用柒瑞首页十二格]]></item>
				<item id="description"><![CDATA[]]></item>
				<item id="variable"><![CDATA[onoff_7ree]]></item>
				<item id="type"><![CDATA[radio]]></item>
				<item id="value"><![CDATA[1]]></item>
				<item id="extra"><![CDATA[]]></item>
			</item>
			<item id="2">
				<item id="displayorder"><![CDATA[3]]></item>
				<item id="title"><![CDATA[不启用十二格的用户组]]></item>
				<item id="description"><![CDATA[指定的用户组不启用十二格功能
（程序不会调用，页面也不会显示）]]></item>
				<item id="variable"><![CDATA[bangid_7ree]]></item>
				<item id="type"><![CDATA[groups]]></item>
				<item id="extra"><![CDATA[]]></item>
				<item id="__value">
					<item id="0"><![CDATA[]]></item>
				</item>
			</item>
			<item id="3">
				<item id="displayorder"><![CDATA[4]]></item>
				<item id="title"><![CDATA[最新幻灯图片的栏目标题]]></item>
				<item id="description"><![CDATA[不超过4个汉字
留空则不启用本栏目
* 特别注意：不启用的栏目排序时不能作为第一栏]]></item>
				<item id="variable"><![CDATA[newpic_title_7ree]]></item>
				<item id="type"><![CDATA[text]]></item>
				<item id="value"><![CDATA[ 最新图片]]></item>
				<item id="extra"><![CDATA[]]></item>
			</item>
			<item id="4">
				<item id="displayorder"><![CDATA[5]]></item>
				<item id="title"><![CDATA[精华图片栏目标题]]></item>
				<item id="description"><![CDATA[不超过4个汉字
留空则不启用本栏目
* 特别注意：不启用的栏目排序时不能作为第一栏]]></item>
				<item id="variable"><![CDATA[digpic_title_7ree]]></item>
				<item id="type"><![CDATA[text]]></item>
				<item id="value"><![CDATA[精华图片]]></item>
				<item id="extra"><![CDATA[]]></item>
			</item>
			<item id="5">
				<item id="displayorder"><![CDATA[6]]></item>
				<item id="title"><![CDATA[自定义广告栏目标题]]></item>
				<item id="description"><![CDATA[不超过4个汉字
留空则不启用本栏目
* 特别注意：不启用的栏目排序时不能作为第一栏]]></item>
				<item id="variable"><![CDATA[adspic_title_7ree]]></item>
				<item id="type"><![CDATA[text]]></item>
				<item id="value"><![CDATA[广告插播]]></item>
				<item id="extra"><![CDATA[]]></item>
			</item>
			<item id="6">
				<item id="displayorder"><![CDATA[7]]></item>
				<item id="title"><![CDATA[最新主题的栏目标题]]></item>
				<item id="description"><![CDATA[不超过4个汉字
留空则不启用本栏目
* 特别注意：不启用的栏目排序时不能作为第一栏]]></item>
				<item id="variable"><![CDATA[new_title_7ree]]></item>
				<item id="type"><![CDATA[text]]></item>
				<item id="value"><![CDATA[新鲜出炉]]></item>
				<item id="extra"><![CDATA[]]></item>
			</item>
			<item id="7">
				<item id="displayorder"><![CDATA[8]]></item>
				<item id="title"><![CDATA[最新回复的栏目标题]]></item>
				<item id="description"><![CDATA[不超过4个汉字
留空则不启用本栏目
* 特别注意：不启用的栏目排序时不能作为第一栏]]></item>
				<item id="variable"><![CDATA[rep_title_7ree]]></item>
				<item id="type"><![CDATA[text]]></item>
				<item id="value"><![CDATA[最新关注]]></item>
				<item id="extra"><![CDATA[]]></item>
			</item>
			<item id="8">
				<item id="displayorder"><![CDATA[9]]></item>
				<item id="title"><![CDATA[精华帖子的栏目标题]]></item>
				<item id="description"><![CDATA[不超过4个汉字
留空则不启用本栏目
* 特别注意：不启用的栏目排序时不能作为第一栏]]></item>
				<item id="variable"><![CDATA[dig_title_7ree]]></item>
				<item id="type"><![CDATA[text]]></item>
				<item id="value"><![CDATA[ 精华采撷]]></item>
				<item id="extra"><![CDATA[]]></item>
			</item>
			<item id="9">
				<item id="displayorder"><![CDATA[10]]></item>
				<item id="title"><![CDATA[人气热帖的栏目标题]]></item>
				<item id="description"><![CDATA[不超过4个汉字
留空则不启用本栏目
* 特别注意：不启用的栏目排序时不能作为第一栏]]></item>
				<item id="variable"><![CDATA[hot_title_7ree]]></item>
				<item id="type"><![CDATA[text]]></item>
				<item id="value"><![CDATA[人气热门]]></item>
				<item id="extra"><![CDATA[]]></item>
			</item>
			<item id="10">
				<item id="displayorder"><![CDATA[11]]></item>
				<item id="title"><![CDATA[会员发帖排行栏目标题]]></item>
				<item id="description"><![CDATA[不超过3个汉字留空则不启用本栏目
* 特别注意：不启用的栏目排序时不能作为第一栏]]></item>
				<item id="variable"><![CDATA[acvrank_title_7ree]]></item>
				<item id="type"><![CDATA[text]]></item>
				<item id="value"><![CDATA[活跃榜]]></item>
				<item id="extra"><![CDATA[]]></item>
			</item>
			<item id="11">
				<item id="displayorder"><![CDATA[12]]></item>
				<item id="title"><![CDATA[会员积分排行栏目标题]]></item>
				<item id="description"><![CDATA[不超过3个汉字
留空则不启用本栏目
* 特别注意：不启用的栏目排序时不能作为第一栏]]></item>
				<item id="variable"><![CDATA[extrank_title_7ree]]></item>
				<item id="type"><![CDATA[text]]></item>
				<item id="value"><![CDATA[积分榜]]></item>
				<item id="extra"><![CDATA[]]></item>
			</item>
			<item id="12">
				<item id="displayorder"><![CDATA[13]]></item>
				<item id="title"><![CDATA[新注册会员栏目标题]]></item>
				<item id="description"><![CDATA[不超过3个汉字
留空则不启用本栏目
* 特别注意：不启用的栏目排序时不能作为第一栏]]></item>
				<item id="variable"><![CDATA[newrank_title_7ree]]></item>
				<item id="type"><![CDATA[text]]></item>
				<item id="value"><![CDATA[新会员]]></item>
				<item id="extra"><![CDATA[]]></item>
			</item>
			<item id="13">
				<item id="displayorder"><![CDATA[14]]></item>
				<item id="title"><![CDATA[调用版块一栏目标题]]></item>
				<item id="description"><![CDATA[不超过4个汉字
留空则不启用本栏目
* 特别注意：不启用的栏目排序时不能作为第一栏]]></item>
				<item id="variable"><![CDATA[diy1_title_7ree]]></item>
				<item id="type"><![CDATA[text]]></item>
				<item id="value"><![CDATA[设定版一]]></item>
				<item id="extra"><![CDATA[]]></item>
			</item>
			<item id="14">
				<item id="displayorder"><![CDATA[15]]></item>
				<item id="title"><![CDATA[调用版块二栏目标题]]></item>
				<item id="description"><![CDATA[不超过4个汉字
留空则不启用本栏目
* 特别注意：不启用的栏目排序时不能作为第一栏]]></item>
				<item id="variable"><![CDATA[diy2_title_7ree]]></item>
				<item id="type"><![CDATA[text]]></item>
				<item id="value"><![CDATA[调用版二]]></item>
				<item id="extra"><![CDATA[]]></item>
			</item>
			<item id="15">
				<item id="displayorder"><![CDATA[16]]></item>
				<item id="title"><![CDATA[推荐主题栏目标题]]></item>
				<item id="description"><![CDATA[不超过4个汉字
留空则不启用本栏目
*本栏目显示手动推荐的主题
* 特别注意：不启用的栏目排序时不能作为第一栏]]></item>
				<item id="variable"><![CDATA[tui_title_7ree]]></item>
				<item id="type"><![CDATA[text]]></item>
				<item id="value"><![CDATA[推荐主题]]></item>
				<item id="extra"><![CDATA[]]></item>
			</item>
			<item id="16">
				<item id="displayorder"><![CDATA[17]]></item>
				<item id="title"><![CDATA[调用版块一]]></item>
				<item id="description"><![CDATA[只有填写了“调用版块一栏目标题”方可启用。]]></item>
				<item id="variable"><![CDATA[fid1_7ree]]></item>
				<item id="type"><![CDATA[forums]]></item>
				<item id="extra"><![CDATA[]]></item>
				<item id="__value">
					<item id="0"><![CDATA[2]]></item>
				</item>
			</item>
			<item id="17">
				<item id="displayorder"><![CDATA[18]]></item>
				<item id="title"><![CDATA[调用版块二]]></item>
				<item id="description"><![CDATA[只有填写了“调用版块二栏目标题”方可启用。]]></item>
				<item id="variable"><![CDATA[fid2_7ree]]></item>
				<item id="type"><![CDATA[forums]]></item>
				<item id="extra"><![CDATA[]]></item>
				<item id="__value">
					<item id="0"><![CDATA[36]]></item>
				</item>
			</item>
			<item id="18">
				<item id="displayorder"><![CDATA[19]]></item>
				<item id="title"><![CDATA[标题栏左侧显示的信息内容]]></item>
				<item id="description"><![CDATA[标题栏默认显示的内容，可选为系统时间或者按照24小时分别显示健康小贴士]]></item>
				<item id="variable"><![CDATA[headertitleshow_7ree]]></item>
				<item id="type"><![CDATA[select]]></item>
				<item id="value"><![CDATA[diymsg_7ree]]></item>
				<item id="extra"><![CDATA[show_time_7ree=显示服务器当前时间
health_7ree=根据时间显示健康提示
show_share_7ree=显示分享到微博按钮
diymsg_7ree=显示自定义信息内容]]></item>
			</item>
			<item id="19">
				<item id="displayorder"><![CDATA[20]]></item>
				<item id="title"><![CDATA[标题栏右侧显示的信息内容]]></item>
				<item id="description"><![CDATA[]]></item>
				<item id="variable"><![CDATA[right_show_7ree]]></item>
				<item id="type"><![CDATA[select]]></item>
				<item id="value"><![CDATA[show_time_7ree]]></item>
				<item id="extra"><![CDATA[show_tools_7ree=显示网站访问快捷方式下载
show_share_7ree=显示分享到微博按钮
show_time_7ree=显示服务器当前时间
health_7ree=根据时间显示健康提示
show_none_7ree=右侧不显示任何信息]]></item>
			</item>
			<item id="20">
				<item id="displayorder"><![CDATA[21]]></item>
				<item id="title"><![CDATA[标题栏左侧自定义信息]]></item>
				<item id="description"><![CDATA[这里定会的信息会在标题栏左侧无缝滚动展示
可使用html链接]]></item>
				<item id="variable"><![CDATA[leftdiymsg_7ree]]></item>
				<item id="type"><![CDATA[textarea]]></item>
				<item id="value"><![CDATA[<a href="http://www.ymg6.com/" target="_blank" style="color:blue;">【源码哥】源码哥所有的商业插件和模版都是免费下载的额！每天更新！</a>]]></item>
				<item id="extra"><![CDATA[]]></item>
			</item>
			<item id="21">
				<item id="displayorder"><![CDATA[22]]></item>
				<item id="title"><![CDATA[标题栏左侧信息的宽度]]></item>
				<item id="description"><![CDATA[单位：px]]></item>
				<item id="variable"><![CDATA[ltmsg_width_7ree]]></item>
				<item id="type"><![CDATA[number]]></item>
				<item id="value"><![CDATA[580]]></item>
				<item id="extra"><![CDATA[]]></item>
			</item>
			<item id="22">
				<item id="displayorder"><![CDATA[23]]></item>
				<item id="title"><![CDATA[标题栏左侧信息滚动效果]]></item>
				<item id="description"><![CDATA[]]></item>
				<item id="variable"><![CDATA[marquee_7ree]]></item>
				<item id="type"><![CDATA[radio]]></item>
				<item id="value"><![CDATA[1]]></item>
				<item id="extra"><![CDATA[]]></item>
			</item>
			<item id="23">
				<item id="displayorder"><![CDATA[25]]></item>
				<item id="title"><![CDATA[标题栏微博分享代码]]></item>
				<item id="description"><![CDATA[]]></item>
				<item id="variable"><![CDATA[rightdiymsg_7ree]]></item>
				<item id="type"><![CDATA[textarea]]></item>
				<item id="value"><![CDATA[				<!-- Baidu Button BEGIN -->
				<div id="bdshare" class="bdshare_t bds_tools get-codes-bdshare">
					<a class="bds_tqq"></a>
					<a class="bds_qzone"></a>
					<a class="bds_tsina"></a>
					<a class="bds_renren"></a>
					<a class="bds_t163"></a>
					<span class="bds_more"></span>
				<a class="shareCount"></a>
				</div>
				<script type="text/javascript" id="bdshare_js" data="type=tools&amp;uid=0" ></script>
				<script type="text/javascript" id="bdshell_js"></script>
				<script type="text/javascript">
				document.getElementById("bdshell_js").src = "http://bdimg.share.baidu.com/static/js/shell_v2.js?cdnversion=" + Math.ceil(new Date()/3600000)
				</script>
				<!-- Baidu Button END -->]]></item>
				<item id="extra"><![CDATA[]]></item>
			</item>
			<item id="24">
				<item id="displayorder"><![CDATA[26]]></item>
				<item id="title"><![CDATA[自定义广告代码]]></item>
				<item id="description"><![CDATA[显示在图片栏的第3个tab内]]></item>
				<item id="variable"><![CDATA[addiy_7ree]]></item>
				<item id="type"><![CDATA[textarea]]></item>
				<item id="value"><![CDATA[<div class="module cl slidebox">
<ul class="slideshow">
<li style="width:280px; height:205px;">
<a href="http://www.ymg6.com/gg/addon.php?/?@toplist_7ree.plugin" target="_blank">
<img src="source/plugin/toplist_7ree/template/images/12ge_7ree_201211.jpg" border="0">
</a><span class="title">传承四格经典</span></li>
<li style="width:280px; height:205px;">
<a href="http://www.ymg6.com/gg/addon.php?/?@toplist_7ree.plugin" target="_blank">
<img src="source/plugin/toplist_7ree/template/images/12ge_7ree_201211.jpg" border="0">
</a><span class="title">创新时尚风格</span></li>
<li style="width:280px; height:205px;">
<a href="http://www.ymg6.com/gg/addon.php?/?@toplist_7ree.plugin" target="_blank">
<img src="source/plugin/toplist_7ree/template/images/12ge_7ree_201211.jpg" border="0">
</a><span class="title">丰富信息展示</span></li>
<li style="width:280px; height:205px;">
<a href="http://www.ymg6.com/gg/addon.php?/?@toplist_7ree.plugin" target="_blank">
<img src="source/plugin/toplist_7ree/template/images/12ge_7ree_201211.jpg" border="0">
</a><span class="title">高速智能缓存</span></li>
<li style="width:280px; height:205px;">
<a href="http://www.ymg6.com/gg/addon.php?/?@toplist_7ree.plugin" target="_blank">
<img src="source/plugin/toplist_7ree/template/images/12ge_7ree_201211.jpg" border="0">
</a><span class="title">个性参数配置</span></li>
<li style="width:280px; height:205px;">
<a href="http://www.ymg6.com/gg/addon.php?/?@toplist_7ree.plugin" target="_blank">
<img src="source/plugin/toplist_7ree/template/images/12ge_7ree_201211.jpg" border="0">
</a><span class="title">完美升级服务</span></li>
</ul>
</div>
<script type="text/javascript">
runslideshow();
</script>]]></item>
				<item id="extra"><![CDATA[]]></item>
			</item>
			<item id="25">
				<item id="displayorder"><![CDATA[27]]></item>
				<item id="title"><![CDATA[大标题栏的颜色]]></item>
				<item id="description"><![CDATA[不设置则表示使用模版默认颜色]]></item>
				<item id="variable"><![CDATA[titlecolor_7ree]]></item>
				<item id="type"><![CDATA[color]]></item>
				<item id="value"><![CDATA[]]></item>
				<item id="extra"><![CDATA[]]></item>
			</item>
			<item id="26">
				<item id="displayorder"><![CDATA[28]]></item>
				<item id="title"><![CDATA[左侧图片子栏目标题的颜色]]></item>
				<item id="description"><![CDATA[不设置则表示使用模版默认颜色]]></item>
				<item id="variable"><![CDATA[color1_7ree]]></item>
				<item id="type"><![CDATA[color]]></item>
				<item id="value"><![CDATA[darkgreen]]></item>
				<item id="extra"><![CDATA[]]></item>
			</item>
			<item id="27">
				<item id="displayorder"><![CDATA[29]]></item>
				<item id="title"><![CDATA[中间主题子栏目标题的颜色]]></item>
				<item id="description"><![CDATA[不设置则表示使用模版默认颜色]]></item>
				<item id="variable"><![CDATA[color2_7ree]]></item>
				<item id="type"><![CDATA[color]]></item>
				<item id="value"><![CDATA[darkred]]></item>
				<item id="extra"><![CDATA[]]></item>
			</item>
			<item id="28">
				<item id="displayorder"><![CDATA[30]]></item>
				<item id="title"><![CDATA[右侧会员子栏目标题的颜色]]></item>
				<item id="description"><![CDATA[不设置则表示使用模版默认颜色]]></item>
				<item id="variable"><![CDATA[color3_7ree]]></item>
				<item id="type"><![CDATA[color]]></item>
				<item id="value"><![CDATA[darkblue]]></item>
				<item id="extra"><![CDATA[]]></item>
			</item>
			<item id="29">
				<item id="displayorder"><![CDATA[31]]></item>
				<item id="title"><![CDATA[主题列表下划线颜色]]></item>
				<item id="description"><![CDATA[留空则表示不显示下划线]]></item>
				<item id="variable"><![CDATA[bordercolor_7ree]]></item>
				<item id="type"><![CDATA[color]]></item>
				<item id="value"><![CDATA[#CDCDCD]]></item>
				<item id="extra"><![CDATA[]]></item>
			</item>
			<item id="30">
				<item id="displayorder"><![CDATA[32]]></item>
				<item id="title"><![CDATA[幻灯图版块过滤]]></item>
				<item id="description"><![CDATA[在此处选择的版块将被过滤，不被显示其对应的首页格子调用幻灯图片中。]]></item>
				<item id="variable"><![CDATA[forums_7ree]]></item>
				<item id="type"><![CDATA[forums]]></item>
				<item id="extra"><![CDATA[]]></item>
				<item id="__value">
					<item id="0"><![CDATA[]]></item>
				</item>
			</item>
			<item id="31">
				<item id="displayorder"><![CDATA[33]]></item>
				<item id="title"><![CDATA[主题列表版块过滤]]></item>
				<item id="description"><![CDATA[在此处选择的版块将被过滤，不被显示其对应的首页主题列表格子中。]]></item>
				<item id="variable"><![CDATA[forums2_7ree]]></item>
				<item id="type"><![CDATA[forums]]></item>
				<item id="extra"><![CDATA[]]></item>
				<item id="__value">
					<item id="0"><![CDATA[]]></item>
				</item>
			</item>
			<item id="32">
				<item id="displayorder"><![CDATA[34]]></item>
				<item id="title"><![CDATA[数据缓存周期]]></item>
				<item id="description"><![CDATA[单位：分钟
（缓存时间越长，图片、帖子、会员等数据更新越慢，但系统负载相对小）
（缓存时间越短，图片、帖子、会员等数据更新越快，但系统负载相对大）]]></item>
				<item id="variable"><![CDATA[cachecycle_7ree]]></item>
				<item id="type"><![CDATA[number]]></item>
				<item id="value"><![CDATA[10]]></item>
				<item id="extra"><![CDATA[]]></item>
			</item>
			<item id="33">
				<item id="displayorder"><![CDATA[35]]></item>
				<item id="title"><![CDATA[是否在分区页面展示]]></item>
				<item id="description"><![CDATA[是否在非首页的论坛分区页面展示四格]]></item>
				<item id="variable"><![CDATA[gidshow_7ree]]></item>
				<item id="type"><![CDATA[radio]]></item>
				<item id="value"><![CDATA[1]]></item>
				<item id="extra"><![CDATA[]]></item>
			</item>
			<item id="34">
				<item id="displayorder"><![CDATA[36]]></item>
				<item id="title"><![CDATA[游客提示登录条显示时间]]></item>
				<item id="description"><![CDATA[填写0则不提示游客登录
（单位：秒）]]></item>
				<item id="variable"><![CDATA[tiptime_7ree]]></item>
				<item id="type"><![CDATA[number]]></item>
				<item id="value"><![CDATA[2]]></item>
				<item id="extra"><![CDATA[]]></item>
			</item>
			<item id="35">
				<item id="displayorder"><![CDATA[37]]></item>
				<item id="title"><![CDATA[游客提示登录语]]></item>
				<item id="description"><![CDATA[]]></item>
				<item id="variable"><![CDATA[guesttipmsg_7ree]]></item>
				<item id="type"><![CDATA[text]]></item>
				<item id="value"><![CDATA[亲，快登录吧！ 登录后就可浏览更多精彩内容哦 ^o^]]></item>
				<item id="extra"><![CDATA[]]></item>
			</item>
			<item id="36">
				<item id="displayorder"><![CDATA[38]]></item>
				<item id="title"><![CDATA[链接是否在新窗口打开]]></item>
				<item id="description"><![CDATA[主题列表链接是否在新窗口打开。]]></item>
				<item id="variable"><![CDATA[blank_7ree]]></item>
				<item id="type"><![CDATA[radio]]></item>
				<item id="value"><![CDATA[1]]></item>
				<item id="extra"><![CDATA[]]></item>
			</item>
			<item id="37">
				<item id="displayorder"><![CDATA[39]]></item>
				<item id="title"><![CDATA[幻灯图片调用的数量]]></item>
				<item id="description"><![CDATA[]]></item>
				<item id="variable"><![CDATA[picnum_7ree]]></item>
				<item id="type"><![CDATA[number]]></item>
				<item id="value"><![CDATA[8]]></item>
				<item id="extra"><![CDATA[]]></item>
			</item>
			<item id="38">
				<item id="displayorder"><![CDATA[40]]></item>
				<item id="title"><![CDATA[幻灯图的宽度]]></item>
				<item id="description"><![CDATA[单位：PX （只有在启用图文版式的时候才有效）]]></item>
				<item id="variable"><![CDATA[width_7ree]]></item>
				<item id="type"><![CDATA[number]]></item>
				<item id="value"><![CDATA[280]]></item>
				<item id="extra"><![CDATA[]]></item>
			</item>
			<item id="39">
				<item id="displayorder"><![CDATA[41]]></item>
				<item id="title"><![CDATA[幻灯图的高度]]></item>
				<item id="description"><![CDATA[单位：PX （只有在启用图文版式的时候才有效）]]></item>
				<item id="variable"><![CDATA[height_7ree]]></item>
				<item id="type"><![CDATA[number]]></item>
				<item id="value"><![CDATA[205]]></item>
				<item id="extra"><![CDATA[]]></item>
			</item>
			<item id="40">
				<item id="displayorder"><![CDATA[42]]></item>
				<item id="title"><![CDATA[最新幻灯图是否随机排序]]></item>
				<item id="description"><![CDATA[选择“是”，则最新的幻灯图随机排序播放，
选择“否”，则最新的幻灯图按照发帖时间播放。]]></item>
				<item id="variable"><![CDATA[picsorder_7ree]]></item>
				<item id="type"><![CDATA[radio]]></item>
				<item id="value"><![CDATA[0]]></item>
				<item id="extra"><![CDATA[]]></item>
			</item>
			<item id="41">
				<item id="displayorder"><![CDATA[43]]></item>
				<item id="title"><![CDATA[是否开启幻灯缩略图]]></item>
				<item id="description"><![CDATA[开启后幻灯图会直接调用附件缩略图，从而加快幻灯载入速度，降低幻灯画质。
需discuz系统开启附件图片缩略图功能，并已生成相应的缩略图。]]></item>
				<item id="variable"><![CDATA[thumbimg_7ree]]></item>
				<item id="type"><![CDATA[radio]]></item>
				<item id="value"><![CDATA[0]]></item>
				<item id="extra"><![CDATA[]]></item>
			</item>
			<item id="42">
				<item id="displayorder"><![CDATA[44]]></item>
				<item id="title"><![CDATA[幻灯播放模式]]></item>
				<item id="description"><![CDATA[选择幻灯片图片播放的式样]]></item>
				<item id="variable"><![CDATA[slidemode_7ree]]></item>
				<item id="type"><![CDATA[select]]></item>
				<item id="value"><![CDATA[flash]]></item>
				<item id="extra"><![CDATA[flash=经典多格Flash Player幻灯播放器
dzjs=Discuz内置Javascript幻灯播放器]]></item>
			</item>
			<item id="43">
				<item id="displayorder"><![CDATA[45]]></item>
				<item id="title"><![CDATA[幻灯图中标题截取字数]]></item>
				<item id="description"><![CDATA[幻灯图主题标题显示截取的字数]]></item>
				<item id="variable"><![CDATA[piccutstr_7ree]]></item>
				<item id="type"><![CDATA[number]]></item>
				<item id="value"><![CDATA[50]]></item>
				<item id="extra"><![CDATA[]]></item>
			</item>
			<item id="44">
				<item id="displayorder"><![CDATA[46]]></item>
				<item id="title"><![CDATA[幻灯图按钮的颜色]]></item>
				<item id="description"><![CDATA[FLASH幻灯图片文字及按钮的背景颜色
如不填写默认为蓝色]]></item>
				<item id="variable"><![CDATA[fotobtnbg_7ree]]></item>
				<item id="type"><![CDATA[color]]></item>
				<item id="value"><![CDATA[]]></item>
				<item id="extra"><![CDATA[]]></item>
			</item>
			<item id="45">
				<item id="displayorder"><![CDATA[47]]></item>
				<item id="title"><![CDATA[主题栏目帖子调用的数量]]></item>
				<item id="description"><![CDATA[适用新帖、新回复、精华、热帖、调用版块一、调用版块二几个栏目]]></item>
				<item id="variable"><![CDATA[shownum_7ree]]></item>
				<item id="type"><![CDATA[number]]></item>
				<item id="value"><![CDATA[10]]></item>
				<item id="extra"><![CDATA[]]></item>
			</item>
			<item id="46">
				<item id="displayorder"><![CDATA[48]]></item>
				<item id="title"><![CDATA[是否显示主题高亮]]></item>
				<item id="description"><![CDATA[是否在主题格子的列表中显示被加高亮的展示效果。]]></item>
				<item id="variable"><![CDATA[highlight_7ree]]></item>
				<item id="type"><![CDATA[radio]]></item>
				<item id="value"><![CDATA[1]]></item>
				<item id="extra"><![CDATA[]]></item>
			</item>
			<item id="47">
				<item id="displayorder"><![CDATA[49]]></item>
				<item id="title"><![CDATA[列表中标题截取字数]]></item>
				<item id="description"><![CDATA[格子列表内主题标题显示截取的字数]]></item>
				<item id="variable"><![CDATA[cutstr_7ree]]></item>
				<item id="type"><![CDATA[number]]></item>
				<item id="value"><![CDATA[50]]></item>
				<item id="extra"><![CDATA[]]></item>
			</item>
			<item id="48">
				<item id="displayorder"><![CDATA[50]]></item>
				<item id="title"><![CDATA[主题提示信息的显示方式]]></item>
				<item id="description"><![CDATA[]]></item>
				<item id="variable"><![CDATA[linetitle_style_7ree]]></item>
				<item id="type"><![CDATA[select]]></item>
				<item id="value"><![CDATA[on_popupmenu_7ree]]></item>
				<item id="extra"><![CDATA[on_popupmenu_7ree=鼠标下方跟随弹出菜单显示帖子详细信息
on_popupmenu2_7ree=鼠标上方跟随弹出菜单显示帖子详细信息
none=禁止显示帖子详细信息]]></item>
			</item>
			<item id="49">
				<item id="displayorder"><![CDATA[51]]></item>
				<item id="title"><![CDATA[是否显示主题作者]]></item>
				<item id="description"><![CDATA[是否在主题列表中显示作者]]></item>
				<item id="variable"><![CDATA[showauthor_7ree]]></item>
				<item id="type"><![CDATA[radio]]></item>
				<item id="value"><![CDATA[1]]></item>
				<item id="extra"><![CDATA[]]></item>
			</item>
			<item id="50">
				<item id="displayorder"><![CDATA[52]]></item>
				<item id="title"><![CDATA[是否显示发帖时间]]></item>
				<item id="description"><![CDATA[是否在主题列表中显示发帖时间]]></item>
				<item id="variable"><![CDATA[showtime_7ree]]></item>
				<item id="type"><![CDATA[radio]]></item>
				<item id="value"><![CDATA[0]]></item>
				<item id="extra"><![CDATA[]]></item>
			</item>
			<item id="51">
				<item id="displayorder"><![CDATA[53]]></item>
				<item id="title"><![CDATA[是否显示版块名称]]></item>
				<item id="description"><![CDATA[是否在主题列表中显示主题所在的版块]]></item>
				<item id="variable"><![CDATA[showfidname_7ree]]></item>
				<item id="type"><![CDATA[select]]></item>
				<item id="value"><![CDATA[1]]></item>
				<item id="extra"><![CDATA[3=只在主题列表中显示版块名称
2=只在弹出提示层中显示版块名称
1=以上两处都显示版块名称
0=以上两处都不显示版块名称]]></item>
			</item>
			<item id="52">
				<item id="displayorder"><![CDATA[54]]></item>
				<item id="title"><![CDATA[最新回复跳转到的位置]]></item>
				<item id="description"><![CDATA[]]></item>
				<item id="variable"><![CDATA[replaygoto_7ree]]></item>
				<item id="type"><![CDATA[select]]></item>
				<item id="value"><![CDATA[1]]></item>
				<item id="extra"><![CDATA[1=最新回复所在主题楼主（可支持伪静态）
2=最新回复主题最后一层（不支持伪静态）]]></item>
			</item>
			<item id="53">
				<item id="displayorder"><![CDATA[55]]></item>
				<item id="title"><![CDATA[热帖的排序方式]]></item>
				<item id="description"><![CDATA[]]></item>
				<item id="variable"><![CDATA[hotorder_7ree]]></item>
				<item id="type"><![CDATA[select]]></item>
				<item id="value"><![CDATA[view]]></item>
				<item id="extra"><![CDATA[view=按照浏览数量排序
reply=按照回复数量排序]]></item>
			</item>
			<item id="54">
				<item id="displayorder"><![CDATA[56]]></item>
				<item id="title"><![CDATA[热帖的时间范围]]></item>
				<item id="description"><![CDATA[单位：天，发帖时间距离现在在有效时间范围内方可被显示在首页四格中]]></item>
				<item id="variable"><![CDATA[hottime_7ree]]></item>
				<item id="type"><![CDATA[number]]></item>
				<item id="value"><![CDATA[365]]></item>
				<item id="extra"><![CDATA[]]></item>
			</item>
			<item id="55">
				<item id="displayorder"><![CDATA[57]]></item>
				<item id="title"><![CDATA[新帖的时间范围]]></item>
				<item id="description"><![CDATA[单位：天，发帖时间距离现在在有效时间范围内方可被显示在首页四格中]]></item>
				<item id="variable"><![CDATA[newtime_7ree]]></item>
				<item id="type"><![CDATA[number]]></item>
				<item id="value"><![CDATA[365]]></item>
				<item id="extra"><![CDATA[]]></item>
			</item>
			<item id="56">
				<item id="displayorder"><![CDATA[58]]></item>
				<item id="title"><![CDATA[新回复的时间范围]]></item>
				<item id="description"><![CDATA[单位：天，发帖时间距离现在在有效时间范围内方可被显示在首页四格中]]></item>
				<item id="variable"><![CDATA[reptime_7ree]]></item>
				<item id="type"><![CDATA[number]]></item>
				<item id="value"><![CDATA[365]]></item>
				<item id="extra"><![CDATA[]]></item>
			</item>
			<item id="57">
				<item id="displayorder"><![CDATA[59]]></item>
				<item id="title"><![CDATA[精华帖的时间范围]]></item>
				<item id="description"><![CDATA[单位：天，发帖时间距离现在在有效时间范围内方可被显示在首页四格中]]></item>
				<item id="variable"><![CDATA[digtime_7ree]]></item>
				<item id="type"><![CDATA[number]]></item>
				<item id="value"><![CDATA[365]]></item>
				<item id="extra"><![CDATA[]]></item>
			</item>
			<item id="58">
				<item id="displayorder"><![CDATA[60]]></item>
				<item id="title"><![CDATA[会员栏目显示的数量]]></item>
				<item id="description"><![CDATA[发帖帮、积分榜、新会员展示的会员数量]]></item>
				<item id="variable"><![CDATA[newbienum_7ree]]></item>
				<item id="type"><![CDATA[number]]></item>
				<item id="value"><![CDATA[10]]></item>
				<item id="extra"><![CDATA[]]></item>
			</item>
			<item id="59">
				<item id="displayorder"><![CDATA[61]]></item>
				<item id="title"><![CDATA[会员活跃排行榜周期]]></item>
				<item id="description"><![CDATA[活跃榜会，发帖排行榜计算时间周期
即： 按照周期时间内发帖数量排序]]></item>
				<item id="variable"><![CDATA[membercycle_7ree]]></item>
				<item id="type"><![CDATA[select]]></item>
				<item id="value"><![CDATA[5]]></item>
				<item id="extra"><![CDATA[1=本日
2=本周
3=本月
4=本季度
5=本年度]]></item>
			</item>
			<item id="60">
				<item id="displayorder"><![CDATA[62]]></item>
				<item id="title"><![CDATA[会员积分排行榜规则]]></item>
				<item id="description"><![CDATA[请选择会员积分排行榜依据的积分字段
选择空则表示用总积分排行]]></item>
				<item id="variable"><![CDATA[rankext_7ree]]></item>
				<item id="type"><![CDATA[extcredit]]></item>
				<item id="value"><![CDATA[]]></item>
				<item id="extra"><![CDATA[]]></item>
			</item>
			<item id="61">
				<item id="displayorder"><![CDATA[63]]></item>
				<item id="title"><![CDATA[用户栏目是否显示头像]]></item>
				<item id="description"><![CDATA[是否在会员排行的三个栏目显示会员的头像。
（头像被缩小为：16*16px ）]]></item>
				<item id="variable"><![CDATA[onoffavatar_7ree]]></item>
				<item id="type"><![CDATA[radio]]></item>
				<item id="value"><![CDATA[1]]></item>
				<item id="extra"><![CDATA[]]></item>
			</item>
			<item id="62">
				<item id="displayorder"><![CDATA[64]]></item>
				<item id="title"><![CDATA[是否启用横幅广告]]></item>
				<item id="description"><![CDATA[]]></item>
				<item id="variable"><![CDATA[baradonoff_7ree]]></item>
				<item id="type"><![CDATA[radio]]></item>
				<item id="value"><![CDATA[0]]></item>
				<item id="extra"><![CDATA[]]></item>
			</item>
			<item id="63">
				<item id="displayorder"><![CDATA[65]]></item>
				<item id="title"><![CDATA[横幅广告展示时间]]></item>
				<item id="description"><![CDATA[单位：秒
多少秒后，横幅广告会自动关闭
当然会员可手动点击按钮重播广告。]]></item>
				<item id="variable"><![CDATA[baradtime_7ree]]></item>
				<item id="type"><![CDATA[number]]></item>
				<item id="value"><![CDATA[5]]></item>
				<item id="extra"><![CDATA[]]></item>
			</item>
			<item id="64">
				<item id="displayorder"><![CDATA[66]]></item>
				<item id="title"><![CDATA[横幅广告代码]]></item>
				<item id="description"><![CDATA[支持html代码]]></item>
				<item id="variable"><![CDATA[baradcode_7ree]]></item>
				<item id="type"><![CDATA[textarea]]></item>
				<item id="value"><![CDATA[<a href="http://www.ymg6.com/" target="_blank"><img src="source/plugin/toplist_7ree/template/images/barad_demo_7ree.jpg"></a>]]></item>
				<item id="extra"><![CDATA[]]></item>
			</item>
			<item id="65">
				<item id="displayorder"><![CDATA[67]]></item>
				<item id="title"><![CDATA[横幅广告高度]]></item>
				<item id="description"><![CDATA[单位：像素px
横幅广告宽度不用设置，会自动适用discuz当前风格，只需设置高度既可；]]></item>
				<item id="variable"><![CDATA[baradheight_7ree]]></item>
				<item id="type"><![CDATA[number]]></item>
				<item id="value"><![CDATA[150]]></item>
				<item id="extra"><![CDATA[]]></item>
			</item>
			<item id="66">
				<item id="displayorder"><![CDATA[68]]></item>
				<item id="title"><![CDATA[横幅广告打开/关闭速度]]></item>
				<item id="description"><![CDATA[]]></item>
				<item id="variable"><![CDATA[baradspeed_7ree]]></item>
				<item id="type"><![CDATA[select]]></item>
				<item id="value"><![CDATA[6]]></item>
				<item id="extra"><![CDATA[9=非常快
6=快速
4=中速
2=慢速
1=非常慢]]></item>
			</item>
			<item id="67">
				<item id="displayorder"><![CDATA[69]]></item>
				<item id="title"><![CDATA[横幅广告显示位置]]></item>
				<item id="description"><![CDATA[]]></item>
				<item id="variable"><![CDATA[adposition_7ree]]></item>
				<item id="type"><![CDATA[select]]></item>
				<item id="value"><![CDATA[1]]></item>
				<item id="extra"><![CDATA[0=显示在十二格上方
1=显示在十二格下方]]></item>
			</item>
			<item id="68">
				<item id="displayorder"><![CDATA[70]]></item>
				<item id="title"><![CDATA[是否显示群组主题]]></item>
				<item id="description"><![CDATA[是否在主题列表中调用群组的主题？]]></item>
				<item id="variable"><![CDATA[showgroup_7ree]]></item>
				<item id="type"><![CDATA[radio]]></item>
				<item id="value"><![CDATA[1]]></item>
				<item id="extra"><![CDATA[]]></item>
			</item>
			<item id="69">
				<item id="displayorder"><![CDATA[71]]></item>
				<item id="title"><![CDATA[格子标签切换模式]]></item>
				<item id="description"><![CDATA[格子标题栏切换的动作模式]]></item>
				<item id="variable"><![CDATA[slipmod_7ree]]></item>
				<item id="type"><![CDATA[select]]></item>
				<item id="value"><![CDATA[onmouseover]]></item>
				<item id="extra"><![CDATA[onclick=鼠标点击标题切换格子内容
onmouseover=鼠标滑过标题切换格子内容]]></item>
			</item>
			<item id="70">
				<item id="displayorder"><![CDATA[72]]></item>
				<item id="title"><![CDATA[版式选择]]></item>
				<item id="description"><![CDATA[]]></item>
				<item id="variable"><![CDATA[tplmode_7ree]]></item>
				<item id="type"><![CDATA[select]]></item>
				<item id="value"><![CDATA[2]]></item>
				<item id="extra"><![CDATA[1=经典四格版式
2=华丽十二格版式]]></item>
			</item>
			<item id="71">
				<item id="displayorder"><![CDATA[73]]></item>
				<item id="title"><![CDATA[图片格子的栏目顺序]]></item>
				<item id="description"><![CDATA[“new”代表最新图片栏目，“dig”代表精华图片栏目，“ads”代表广告图片栏目
栏目之间用横线“-”分割
如：“new-dig-ads”
* 特别注意：格子的第一个栏目必须启用
* 只对华丽十二格版式有效]]></item>
				<item id="variable"><![CDATA[pic_order_7ree]]></item>
				<item id="type"><![CDATA[text]]></item>
				<item id="value"><![CDATA[new-dig-ads]]></item>
				<item id="extra"><![CDATA[]]></item>
			</item>
			<item id="72">
				<item id="displayorder"><![CDATA[74]]></item>
				<item id="title"><![CDATA[主题格子的栏目顺序]]></item>
				<item id="description"><![CDATA[“new”代表最新主题，“rep”代表最新回复，“dig”代表精华主题，“hot”代表热门主题，“diy1”代表调用版块一，“diy2”代表调用版块二，“tui”代表人工推荐主题
栏目之间用横线“-”分割
如：“new-rep-dig-hot-diy1-diy2”
* 特别注意：第一个栏目必须启用
* 只对 ...]]></item>
				<item id="variable"><![CDATA[thread_order_7ree]]></item>
				<item id="type"><![CDATA[text]]></item>
				<item id="value"><![CDATA[new-rep-hot-dig-diy1-tui]]></item>
				<item id="extra"><![CDATA[]]></item>
			</item>
			<item id="73">
				<item id="displayorder"><![CDATA[75]]></item>
				<item id="title"><![CDATA[排行格子的显示顺序]]></item>
				<item id="description"><![CDATA[“acv”代表活跃排行栏目，“ext”代表积分排行栏目，“new”代表最新会员栏目
栏目之间用横线“-”分割
如：“acv-ext-new”
* 特别注意：格子的第一个栏目必须启用
* 只对华丽十二格版式有效]]></item>
				<item id="variable"><![CDATA[rank_order_7ree]]></item>
				<item id="type"><![CDATA[text]]></item>
				<item id="value"><![CDATA[acv-ext-new]]></item>
				<item id="extra"><![CDATA[]]></item>
			</item>
			<item id="74">
				<item id="displayorder"><![CDATA[76]]></item>
				<item id="title"><![CDATA[经典四格栏目顺序]]></item>
				<item id="description"><![CDATA[最新图片:xt
精华图片:jt
广告图片:gt
最新主题:xz
最新回复:xh
精华主题:jz
热门主题:rz
调用版块一:d1
调用版块二:d2
推荐主题:tj
活跃排行栏目:hy
积分排行栏目:jf
最新会员栏目:xm
* 只对经典四格版式有效]]></item>
				<item id="variable"><![CDATA[toplist_4georder_7ree]]></item>
				<item id="type"><![CDATA[text]]></item>
				<item id="value"><![CDATA[xz-xh-jz-rz-tj]]></item>
				<item id="extra"><![CDATA[]]></item>
			</item>
			<item id="75">
				<item id="displayorder"><![CDATA[77]]></item>
				<item id="title"><![CDATA[《版块名称》的颜色]]></item>
				<item id="description"><![CDATA[格子中主题列表前版块名称的文字颜色]]></item>
				<item id="variable"><![CDATA[fcolor_7ree]]></item>
				<item id="type"><![CDATA[color]]></item>
				<item id="value"><![CDATA[#999999]]></item>
				<item id="extra"><![CDATA[]]></item>
			</item>
			<item id="76">
				<item id="displayorder"><![CDATA[78]]></item>
				<item id="title"><![CDATA[《作者、发帖时间》的颜色]]></item>
				<item id="description"><![CDATA[格子中主题列表后作者用户名和发帖时间的文字颜色]]></item>
				<item id="variable"><![CDATA[acolor_7ree]]></item>
				<item id="type"><![CDATA[color]]></item>
				<item id="value"><![CDATA[#999999]]></item>
				<item id="extra"><![CDATA[]]></item>
			</item>
			<item id="77">
				<item id="displayorder"><![CDATA[79]]></item>
				<item id="title"><![CDATA[排行榜《扩展信息》的颜色]]></item>
				<item id="description"><![CDATA[排行榜中作者用户名后扩展信息（如积分、贴数、注册时间）的文字颜色]]></item>
				<item id="variable"><![CDATA[rcolor_7ree]]></item>
				<item id="type"><![CDATA[color]]></item>
				<item id="value"><![CDATA[#999999]]></item>
				<item id="extra"><![CDATA[]]></item>
			</item>
			<item id="78">
				<item id="displayorder"><![CDATA[80]]></item>
				<item id="title"><![CDATA[格子的整体背景色]]></item>
				<item id="description"><![CDATA[]]></item>
				<item id="variable"><![CDATA[bgcolor_7ree]]></item>
				<item id="type"><![CDATA[color]]></item>
				<item id="value"><![CDATA[#FBF9F7]]></item>
				<item id="extra"><![CDATA[]]></item>
			</item>
			<item id="79">
				<item id="displayorder"><![CDATA[81]]></item>
				<item id="title"><![CDATA[标题部分的背景色]]></item>
				<item id="description"><![CDATA[]]></item>
				<item id="variable"><![CDATA[titlebgcolor_7ree]]></item>
				<item id="type"><![CDATA[color]]></item>
				<item id="value"><![CDATA[#F2F2F2]]></item>
				<item id="extra"><![CDATA[]]></item>
			</item>
			<item id="80">
				<item id="displayorder"><![CDATA[82]]></item>
				<item id="title"><![CDATA[是否显示总标题栏]]></item>
				<item id="description"><![CDATA[]]></item>
				<item id="variable"><![CDATA[showtitle_7ree]]></item>
				<item id="type"><![CDATA[radio]]></item>
				<item id="value"><![CDATA[1]]></item>
				<item id="extra"><![CDATA[]]></item>
			</item>
			<item id="81">
				<item id="displayorder"><![CDATA[83]]></item>
				<item id="title"><![CDATA[是否开启头像检测]]></item>
				<item id="description"><![CDATA[是否检测本地uc中会员头像是否存在，非本地uc请勿开启。]]></item>
				<item id="variable"><![CDATA[avaexit_7ree]]></item>
				<item id="type"><![CDATA[radio]]></item>
				<item id="value"><![CDATA[1]]></item>
				<item id="extra"><![CDATA[]]></item>
			</item>
			<item id="82">
				<item id="displayorder"><![CDATA[84]]></item>
				<item id="title"><![CDATA[前台推荐管理员UID]]></item>
				<item id="description"><![CDATA[负责前台推荐主题操作的管理账号uid
多个管理员账号之间用半角逗号分割]]></item>
				<item id="variable"><![CDATA[adminuid_7ree]]></item>
				<item id="type"><![CDATA[text]]></item>
				<item id="value"><![CDATA[1,2,3]]></item>
				<item id="extra"><![CDATA[]]></item>
			</item>
			<item id="83">
				<item id="displayorder"><![CDATA[85]]></item>
				<item id="title"><![CDATA[最新图片栏目标题链接]]></item>
				<item id="description"><![CDATA[如不填写则表示此格子栏目的标题无链接。]]></item>
				<item id="variable"><![CDATA[newpic_url_7ree]]></item>
				<item id="type"><![CDATA[text]]></item>
				<item id="value"><![CDATA[]]></item>
				<item id="extra"><![CDATA[]]></item>
			</item>
			<item id="84">
				<item id="displayorder"><![CDATA[86]]></item>
				<item id="title"><![CDATA[精华图片栏目标题链接]]></item>
				<item id="description"><![CDATA[如不填写则表示此格子栏目的标题无链接。]]></item>
				<item id="variable"><![CDATA[digpic_url_7ree]]></item>
				<item id="type"><![CDATA[text]]></item>
				<item id="value"><![CDATA[]]></item>
				<item id="extra"><![CDATA[]]></item>
			</item>
			<item id="85">
				<item id="displayorder"><![CDATA[87]]></item>
				<item id="title"><![CDATA[广告图片栏目标题链接]]></item>
				<item id="description"><![CDATA[如不填写则表示此格子栏目的标题无链接。]]></item>
				<item id="variable"><![CDATA[adspic_url_7ree]]></item>
				<item id="type"><![CDATA[text]]></item>
				<item id="value"><![CDATA[]]></item>
				<item id="extra"><![CDATA[]]></item>
			</item>
			<item id="86">
				<item id="displayorder"><![CDATA[88]]></item>
				<item id="title"><![CDATA[最新主题栏目标题链接]]></item>
				<item id="description"><![CDATA[如不填写则表示此格子栏目的标题无链接。]]></item>
				<item id="variable"><![CDATA[newpost_url_7ree]]></item>
				<item id="type"><![CDATA[text]]></item>
				<item id="value"><![CDATA[]]></item>
				<item id="extra"><![CDATA[]]></item>
			</item>
			<item id="87">
				<item id="displayorder"><![CDATA[89]]></item>
				<item id="title"><![CDATA[最新回复栏目标题链接]]></item>
				<item id="description"><![CDATA[如不填写则表示此格子栏目的标题无链接。]]></item>
				<item id="variable"><![CDATA[newreply_url_7ree]]></item>
				<item id="type"><![CDATA[text]]></item>
				<item id="value"><![CDATA[]]></item>
				<item id="extra"><![CDATA[]]></item>
			</item>
			<item id="88">
				<item id="displayorder"><![CDATA[90]]></item>
				<item id="title"><![CDATA[热门主题栏目标题链接]]></item>
				<item id="description"><![CDATA[如不填写则表示此格子栏目的标题无链接。]]></item>
				<item id="variable"><![CDATA[hotpost_url_7ree]]></item>
				<item id="type"><![CDATA[text]]></item>
				<item id="value"><![CDATA[]]></item>
				<item id="extra"><![CDATA[]]></item>
			</item>
			<item id="89">
				<item id="displayorder"><![CDATA[91]]></item>
				<item id="title"><![CDATA[精华主题栏目标题链接]]></item>
				<item id="description"><![CDATA[如不填写则表示此格子栏目的标题无链接。]]></item>
				<item id="variable"><![CDATA[digpost_url_7ree]]></item>
				<item id="type"><![CDATA[text]]></item>
				<item id="value"><![CDATA[]]></item>
				<item id="extra"><![CDATA[]]></item>
			</item>
			<item id="90">
				<item id="displayorder"><![CDATA[92]]></item>
				<item id="title"><![CDATA[调用版块一栏目标题链接]]></item>
				<item id="description"><![CDATA[如不填写则表示此格子栏目的标题无链接。]]></item>
				<item id="variable"><![CDATA[diy1_url_7ree]]></item>
				<item id="type"><![CDATA[text]]></item>
				<item id="value"><![CDATA[]]></item>
				<item id="extra"><![CDATA[]]></item>
			</item>
			<item id="91">
				<item id="displayorder"><![CDATA[93]]></item>
				<item id="title"><![CDATA[调用版块二栏目标题链接]]></item>
				<item id="description"><![CDATA[如不填写则表示此格子栏目的标题无链接。]]></item>
				<item id="variable"><![CDATA[diy2_url_7ree]]></item>
				<item id="type"><![CDATA[text]]></item>
				<item id="value"><![CDATA[]]></item>
				<item id="extra"><![CDATA[]]></item>
			</item>
			<item id="92">
				<item id="displayorder"><![CDATA[94]]></item>
				<item id="title"><![CDATA[推荐主题栏目标题链接]]></item>
				<item id="description"><![CDATA[如不填写则表示此格子栏目的标题无链接。]]></item>
				<item id="variable"><![CDATA[tuijian_url_7ree]]></item>
				<item id="type"><![CDATA[text]]></item>
				<item id="value"><![CDATA[]]></item>
				<item id="extra"><![CDATA[]]></item>
			</item>
			<item id="93">
				<item id="displayorder"><![CDATA[95]]></item>
				<item id="title"><![CDATA[活跃用户栏目标题链接]]></item>
				<item id="description"><![CDATA[如不填写则表示此格子栏目的标题无链接。]]></item>
				<item id="variable"><![CDATA[huoyue_url_7ree]]></item>
				<item id="type"><![CDATA[text]]></item>
				<item id="value"><![CDATA[]]></item>
				<item id="extra"><![CDATA[]]></item>
			</item>
			<item id="94">
				<item id="displayorder"><![CDATA[96]]></item>
				<item id="title"><![CDATA[积分排行栏目标题链接]]></item>
				<item id="description"><![CDATA[如不填写则表示此格子栏目的标题无链接。]]></item>
				<item id="variable"><![CDATA[jifen_url_7ree]]></item>
				<item id="type"><![CDATA[text]]></item>
				<item id="value"><![CDATA[]]></item>
				<item id="extra"><![CDATA[]]></item>
			</item>
			<item id="95">
				<item id="displayorder"><![CDATA[97]]></item>
				<item id="title"><![CDATA[最新用户栏目标题链接]]></item>
				<item id="description"><![CDATA[如不填写则表示此格子栏目的标题无链接。]]></item>
				<item id="variable"><![CDATA[newbie_url_7ree]]></item>
				<item id="type"><![CDATA[text]]></item>
				<item id="value"><![CDATA[]]></item>
				<item id="extra"><![CDATA[]]></item>
			</item>
			<item id="96">
				<item id="displayorder"><![CDATA[98]]></item>
				<item id="title"><![CDATA[弹出层显示查看回复数量]]></item>
				<item id="description"><![CDATA[]]></item>
				<item id="variable"><![CDATA[tips_repnum_7ree]]></item>
				<item id="type"><![CDATA[radio]]></item>
				<item id="value"><![CDATA[1]]></item>
				<item id="extra"><![CDATA[]]></item>
			</item>
			<item id="97">
				<item id="displayorder"><![CDATA[99]]></item>
				<item id="title"><![CDATA[开启标题栏天气预报]]></item>
				<item id="description"><![CDATA[显示位置在首页十二格标题栏左侧
天气预报会根据ip自动判断所在地区]]></item>
				<item id="variable"><![CDATA[tianqi_7ree]]></item>
				<item id="type"><![CDATA[radio]]></item>
				<item id="value"><![CDATA[1]]></item>
				<item id="extra"><![CDATA[]]></item>
			</item>
			<item id="98">
				<item id="displayorder"><![CDATA[100]]></item>
				<item id="title"><![CDATA[天气预报的宽度]]></item>
				<item id="description"><![CDATA[单位：px]]></item>
				<item id="variable"><![CDATA[tq_width_7ree]]></item>
				<item id="type"><![CDATA[number]]></item>
				<item id="value"><![CDATA[145]]></item>
				<item id="extra"><![CDATA[]]></item>
			</item>
		</item>
		<item id="language">
			<item id="scriptlang">
				<item id="logy_m_g"><![CDATA[<h2 style="text-align:-webkit-center;">
	<span style="color:#4C33E5;">推荐一个dz商</span><span style="color:#4C33E5;">业插件模版下载的</span><span style="color:#4C33E5;"></span><span style="color:#4C33E5;">网站给大家</span><a href="http://www.ymg6.com" target="_blank"><span style="color:#4C33E5;">源码哥分享吧</span></a><span style="color:#4C33E5;">（www.ymg6.com）</span> 
</h2>
<h3 style="text-align:-webkit-center;">
	<span style="color:#E53333;">这</span><span style="color:#E53333;">是一个</span><span style="color:#E53333;">dz商业</span><a href="http://www.ymg6.com/forum.php?mod=forumdisplay&fid=2" target="_blank"><span style="color:#337FE5;">插</span><u><span style="color:#337FE5;"></span></u><span style="color:#337FE5;">件</span></a><a href="http://www.ymg6.com/forum.php?mod=forumdisplay&fid=36" target="_blank"><u><span style="color:#337FE5;">模</span></u><u><span style="color:#337FE5;"></span></u><u><span style="color:#337FE5;">版</span></u></a><span style="color:#E53333;">资源破解分享的网站，而且还有很多精品的网站源码下载</span> 
</h3>
<h3 style="text-align:-webkit-center;">
	<span style="color:#E53333;">他们资源每天更新，并且很多都是他们自己出钱在应用中心购买后破解分享出来的</span><br />
</h3>
<h3>
	<div style="text-align:center;">
		<span style="color:#E53333;">不过还是替他们说一下</span> 
	</div>
	<div style="text-align:center;">
		<span style="color:#E53333;">&nbsp;他们站下载的资源只限于自己学习研究内含的设计思想和原理 请勿有任何商业盈利行为</span> 
	</div>
</h3>
<h3 style="text-align:center;">
	<span style="color:#999999;">介绍也介绍完了，给大家做个小导航吧</span> 
</h3>
<h3 style="text-align:center;">
	<span style="color:#337FE5;"><a href="http://www.ymg6.com/forum.php?mod=forumdisplay&fid=2" target="_blank">dz商业破解插件下载</a> &nbsp; <a href="http://www.ymg6.com/forum.php?mod=forumdisplay&fid=36" target="_blank">dz商业风格模版下载</a> &nbsp; &nbsp;<a href="http://www.ymg6.com/forum.php?mod=forumdisplay&fid=50" target="_blank">精品网站源码下载</a> &nbsp; &nbsp;<a href="http://www.ymg6.com/forum.php?mod=forumdisplay&fid=51" target="_blank">工具素材下载</a></span><span style="color:#337FE5;">&nbsp; &nbsp; <a href="http://www.ymg6.com/forum.php?mod=forumdisplay&fid=41" target="_blank">精选教程区</a></span> 
</h3> ]]></item>
				<item id="php_lang_agree_7ree"><![CDATA[管理员必须同意柒瑞软件产品用户协议方可使用该插件，请在Discuz后台插件管理处设置同意。]]></item>
				<item id="php_lang_week1_7ree"><![CDATA[星期一]]></item>
				<item id="php_lang_week2_7ree"><![CDATA[星期二]]></item>
				<item id="php_lang_week3_7ree"><![CDATA[星期三]]></item>
				<item id="php_lang_week4_7ree"><![CDATA[星期四]]></item>
				<item id="php_lang_week5_7ree"><![CDATA[星期五]]></item>
				<item id="php_lang_week6_7ree"><![CDATA[星期六]]></item>
				<item id="php_lang_week0_7ree"><![CDATA[星期日]]></item>
				<item id="php_lang_date_7ree"><![CDATA[Y年n月j日]]></item>
				<item id="php_lang_time_7ree"><![CDATA[G时i分]]></item>
				<item id="php_lang_nocache_7ree"><![CDATA[暂未获取对应缓存文件，请尝试刷新首页重建。]]></item>
				<item id="php_lang_delpiccache_7ree"><![CDATA[恭喜你，成功清空“幻灯图片”缓存文件，现在返回。]]></item>
				<item id="php_lang_delpostcache_7ree"><![CDATA[恭喜你，成功清空“主题帖子”缓存文件，现在返回。]]></item>
				<item id="php_lang_delrankcache_7ree"><![CDATA[恭喜你，成功清空“会员排行”缓存文件，现在返回。]]></item>
				<item id="php_lang_fen_7ree"><![CDATA[分]]></item>
				<item id="php_lang_tuisong_7ree"><![CDATA[推送到十二格]]></item>
				<item id="php_lang_tuisong2_7ree"><![CDATA[本主题已推送]]></item>
				<item id="php_more_lang_push_error_7ree"><![CDATA[本主题已经推送过了，请不要重复推送。]]></item>
				<item id="php_more_lang_push_success_7ree"><![CDATA[恭喜，推送成功了！]]></item>
				<item id="php_more_lang_unpush_success_7ree"><![CDATA[成功取消了主推的推送！]]></item>
				<item id="php_lang_pushadmin_error_7ree"><![CDATA[请先选择需要取消推送的主题再提交操作，现在返回。]]></item>
				<item id="php_more_lang_production_7ree"><![CDATA[柒瑞插件产品]]></item>
				<item id="php_more_lang_free_7ree"><![CDATA[应用中心插件]]></item>
				<item id="php_more_lang_trade_7ree"><![CDATA[2012精品商业产品]]></item>
				<item id="php_more_lang_shangjia_7ree"><![CDATA[柒瑞已经在DISCUZ应用中心上架的产品]]></item>
				<item id="php_more_lang_baojia_7ree"><![CDATA[柒瑞《突破潜能·超越价值·腾飞梦想》系列精品商业插件产品]]></item>
				<item id="php_more_lang_moreinfo_7ree"><![CDATA[[ 了解详情 ]]]></item>
				<item id="php_more_lang_service_7ree"><![CDATA[柒瑞公益服务]]></item>
				<item id="php_more_lang_logo_7ree"><![CDATA[网站LOGO制作]]></item>
				<item id="php_more_lang_logodetail_7ree"><![CDATA[几年来，我们已经为上千位站长免费制作了LOGO]]></item>
				<item id="php_more_lang_analysis_7ree"><![CDATA[网站运营分析]]></item>
				<item id="php_more_lang_analysisdetail_7ree"><![CDATA[在网站运营过程中有任何困惑均可求助或交流，已经有上百位站长参与]]></item>
				<item id="php_more_lang_discuz_7ree"><![CDATA[DISCUZ问题解答]]></item>
				<item id="php_more_lang_discuzdetail_7ree"><![CDATA[Discuz及其插件安装、使用的问题可以在这里寻求帮助]]></item>
				<item id="php_more_lang_about_7ree"><![CDATA[关于柒瑞]]></item>
				<item id="php_more_lang_trust_7ree"><![CDATA[信赖与责任]]></item>
				<item id="php_more_lang_trustdetail_7ree"><![CDATA[	柒瑞是Discuz! 开放平台认证的企业开发者、康盛官方授权认可的第三方资源提供商和长期忠实合作伙伴，几年来我们专业的discuz插件产品和优质服务已经得到了全球大量discuz站长的支持和认可，具有较强的影响力。
	我们的典型客户有：卡巴斯基官方论坛、招商银行、盛大游戏、中国电信**市分公司、中国移动**市分公司、中国联通**市分公司、**市广电局、**市旅游局、北京协和医院、21CN论坛、电脑报官方论坛、硅谷动力论坛、电玩巴士、中华网汽车论坛、中少论坛、中国书法网、东林书院、绿森数码商城、深圳论坛、济南论坛、YY公会联盟、DOD不死血战工会、永恒国度工会……]]></item>
				<item id="php_more_lang_detailinfo_7ree"><![CDATA[[更多]]]></item>
				<item id="php_more_lang_siteweibo_7ree"><![CDATA[官网&微博]]></item>
				<item id="php_more_lang_site_7ree"><![CDATA[柒瑞官网：]]></item>
				<item id="php_more_lang_weibo_7ree"><![CDATA[官方微博：]]></item>
				<item id="php_more_lang_qqweibo_7ree"><![CDATA[腾讯微博]]></item>
				<item id="php_more_lang_sinaweibo_7ree"><![CDATA[新浪微博]]></item>
				<item id="php_more_lang_club_7ree"><![CDATA[QQ群]]></item>
				<item id="php_more_lang_qqqun_7ree"><![CDATA[柒瑞活跃站长超级群]]></item>
				<item id="php_more_lang_qqcopy_7ree"><![CDATA[点击复制QQ群号]]></item>
				<item id="php_more_lang_qqtip_7ree"><![CDATA[QQ群号已经复制到剪贴板]]></item>
				<item id="php_more_lang_qqnotice_7ree"><![CDATA[（申请入群请输入验证信息：7ree，否则不予通过）]]></item>
				<item id="php_more_lang_document_7ree"><![CDATA[法律文书]]></item>
				<item id="php_more_lang_agreement_7ree"><![CDATA[柒瑞终端用户协议]]></item>
				<item id="php_more_lang_lawyer_7ree"><![CDATA[法律顾问]]></item>
				<item id="php_more_lang_wuxingliang_7ree"><![CDATA[吴兴亮]]></item>
				<item id="php_more_lang_appdy1_7ree"><![CDATA[柒瑞应用动态(24小时]]></item>
				<item id="php_more_lang_appdy2_7ree"><![CDATA[条)]]></item>
				<item id="php_more_lang_yu_7ree"><![CDATA[于]]></item>
				<item id="php_more_lang_cong_7ree"><![CDATA[从]]></item>
				<item id="php_more_lang_zhongxin_7ree"><![CDATA[应用中心]]></item>
				<item id="php_more_lang_anzhuang_7ree"><![CDATA[安装了]]></item>
				<item id="php_more_lang_gengxin_7ree"><![CDATA[更新于]]></item>
				<item id="php_more_lang_dytitle1_7ree"><![CDATA[截止现在(]]></item>
				<item id="php_more_lang_dytitle2_7ree"><![CDATA[)柒瑞在应用中心共计]]></item>
				<item id="php_more_lang_dytitle3_7ree"><![CDATA[款产品深受好评，并被]]></item>
				<item id="php_more_lang_dytitle4_7ree"><![CDATA[个网站安装使用！]]></item>
			</item>
			<item id="templatelang">
				<item id="htm_lang_guesttip_7ree"><![CDATA[亲，快登录吧！ 登录后就可浏览更多精彩内容…… ^o^]]></item>
				<item id="htm_lang_desktopshotcut_7ree"><![CDATA[下载桌面快捷访问]]></item>
				<item id="htm_lang_onoff_7ree"><![CDATA[收起、展开十二格]]></item>
				<item id="htm_lang_replyad_7ree"><![CDATA[重播顶部横幅广告]]></item>
				<item id="htm_lang_healthtip_7ree"><![CDATA[『健康时刻』]]></item>
				<item id="htm_lang_bankuai_7ree"><![CDATA[版块：]]></item>
				<item id="htm_lang_zuozhe_7ree"><![CDATA[作者：]]></item>
				<item id="htm_lang_shijian_7ree"><![CDATA[时间：]]></item>
				<item id="htm_lang_liulan_7ree"><![CDATA[浏览：]]></item>
				<item id="htm_lang_huifu_7ree"><![CDATA[回复：]]></item>
				<item id="htm_lang_ci_7ree"><![CDATA[次]]></item>
				<item id="htm_lang_healthtip0_7ree"><![CDATA[0点~1点：进入睡眠状态，充分恢复体能。]]></item>
				<item id="htm_lang_healthtip1_7ree"><![CDATA[1点~2点：人体进入浅睡眠阶段，易醒，对痛觉特别敏感。]]></item>
				<item id="htm_lang_healthtip2_7ree"><![CDATA[ 体内大部分器官处于一天中工作最慢的时刻。肝脏紧张地工作，为人体排毒。]]></item>
				<item id="htm_lang_healthtip3_7ree"><![CDATA[3点~4点：全身处于休息状态，肌肉完全放松。]]></item>
				<item id="htm_lang_healthtip4_7ree"><![CDATA[4点~5点：血压最低，人体脑部供血最少。所以，此时老年人容易发生心脑血管意外。]]></item>
				<item id="htm_lang_healthtip5_7ree"><![CDATA[5点~6点：经历了一定时间的睡眠，人体得到了充分休息。此时起床，显得精神饱满。]]></item>
				<item id="htm_lang_healthtip6_7ree"><![CDATA[6点~7点：血压开始升高，心跳也逐渐加快。]]></item>
				<item id="htm_lang_healthtip7_7ree"><![CDATA[7点~8点：体温开始上升，人体免疫力最强。]]></item>
				<item id="htm_lang_healthtip8_7ree"><![CDATA[8点~9点：皮肤有毒物质排除殆尽，性激素含量最高。]]></item>
				<item id="htm_lang_healthtip9_7ree"><![CDATA[9点~10点：皮肤痛觉降低。此时是就医注射的好时机。]]></item>
				<item id="htm_lang_healthtip10_7ree"><![CDATA[10点~11点：精力充沛，最适宜工作。]]></item>
				<item id="htm_lang_healthtip11_7ree"><![CDATA[11点~12点：精力最旺盛，人体不易感觉疲劳。]]></item>
				<item id="htm_lang_healthtip12_7ree"><![CDATA[12点~13点：经历了一个上午的工作，人体需要休息。]]></item>
				<item id="htm_lang_healthtip13_7ree"><![CDATA[13点~14点：胃液分泌最多，胃肠加紧工作，适宜进餐，稍感疲乏，需要短时间的休息。]]></item>
				<item id="htm_lang_healthtip14_7ree"><![CDATA[14点~15点：人体应激能力下降，全身反应迟钝。]]></item>
				<item id="htm_lang_healthtip15_7ree"><![CDATA[15点~16点：体温最高，工作能力开始恢复。]]></item>
				<item id="htm_lang_healthtip16_7ree"><![CDATA[16点~17点：血糖升高，脸部最红。]]></item>
				<item id="htm_lang_healthtip17_7ree"><![CDATA[17点~18点：工作效率最高，肺部呼吸运动最活跃，适宜进行体育锻炼。]]></item>
				<item id="htm_lang_healthtip18_7ree"><![CDATA[18点~19点：人体痛觉再度降低。]]></item>
				<item id="htm_lang_healthtip19_7ree"><![CDATA[19点~20点：血压略有升高。此时，人们情绪最不稳定。]]></item>
				<item id="htm_lang_healthtip20_7ree"><![CDATA[20点~21点：记忆力最强，大脑反应异常迅速。]]></item>
				<item id="htm_lang_healthtip21_7ree"><![CDATA[21点~22点：脑神经反应活跃，适宜学习和记忆。]]></item>
				<item id="htm_lang_healthtip22_7ree"><![CDATA[22点~23点：呼吸开始减慢，体温逐渐下降。]]></item>
				<item id="htm_lang_healthtip23_7ree"><![CDATA[23点~24点：机体功能处于休息状态，一天的疲劳开始缓解。]]></item>
				<item id="htm_lang_tie_7ree"><![CDATA[帖]]></item>
				<item id="htm_lang_fen_7ree"><![CDATA[分]]></item>
				<item id="htm_lang_delcache_7ree"><![CDATA[清空十二格缓存]]></item>
				<item id="htm_lang_cachetime_7ree"><![CDATA[缓存建立时间]]></item>
				<item id="htm_lang_cachecycle_7ree"><![CDATA[当前缓存周期为：]]></item>
				<item id="htm_lang_cachefenzhong_7ree"><![CDATA[分钟]]></item>
				<item id="htm_lang_cachepic_7ree"><![CDATA[幻灯图片缓存]]></item>
				<item id="htm_lang_cachepost_7ree"><![CDATA[主题帖子缓存]]></item>
				<item id="htm_lang_cacherank_7ree"><![CDATA[会员排行缓存]]></item>
				<item id="htm_lang_delcachepic_7ree"><![CDATA[您确定要清空幻灯图片缓存文件吗？\n清空后，刷新首页缓存会再次自动生成。]]></item>
				<item id="htm_lang_delcachepost_7ree"><![CDATA[您确定要清空主题帖子缓存文件吗？\n清空后，刷新首页缓存会再次自动生成。]]></item>
				<item id="htm_lang_delcacherank_7ree"><![CDATA[您确定要清空会员排行缓存文件吗？\n清空后，刷新首页缓存会再次自动生成。]]></item>
				<item id="htm_lang_delpicbtn_7ree"><![CDATA[清空幻灯图片缓存]]></item>
				<item id="htm_lang_delpostbtn_7ree"><![CDATA[清空主题帖子缓存]]></item>
				<item id="htm_lang_delrankbtn_7ree"><![CDATA[清空会员排行缓存]]></item>
				<item id="htm_lang_tuititle_7ree"><![CDATA[管理操作提示]]></item>
				<item id="htm_lang_tuitips_7ree"><![CDATA[本操作将把当前帖子推送到首页十二格的《推荐主题》栏目]]></item>
				<item id="htm_lang_tuitbtn_yes_7ree"><![CDATA[确认]]></item>
				<item id="htm_lang_tuitbtn_no_7ree"><![CDATA[取消]]></item>
				<item id="htm_lang_pushadmin_title_7ree"><![CDATA[温馨提示]]></item>
				<item id="htm_lang_pushadmin_tips1_7ree"><![CDATA[请在前台对主题执行推送操作，推送后主题会显示在十二格的《推荐主题》栏目]]></item>
				<item id="htm_lang_pushadmin_tips2_7ree"><![CDATA[如果不想在柒瑞首页十二格中显示《推荐主题》栏目，可在后台设置中取消]]></item>
				<item id="htm_lang_pushadmin_tips3_7ree"><![CDATA[您也可以在后台设置中改变《推荐主题》栏目在柒瑞首页十二格中显示位置]]></item>
				<item id="htm_lang_pushadmin_zhuti_7ree"><![CDATA[主题]]></item>
				<item id="htm_lang_pushadmin_zuozhe_7ree"><![CDATA[作者]]></item>
				<item id="htm_lang_pushadmin_bankuai_7ree"><![CDATA[版块]]></item>
				<item id="htm_lang_pushadmin_shijian_7ree"><![CDATA[发帖时间]]></item>
				<item id="htm_lang_pushadmin_guanli_7ree"><![CDATA[管理操作]]></item>
				<item id="htm_lang_pushadmin_quxiao_7ree"><![CDATA[取消推送]]></item>
				<item id="htm_lang_pushadmin_queren_7ree"><![CDATA[操作确认]]></item>
				<item id="htm_lang_pushadmin_queren1_7ree"><![CDATA[您确认要取消主题《]]></item>
				<item id="htm_lang_pushadmin_queren2_7ree"><![CDATA[》的推送吗？]]></item>
				<item id="htm_lang_pushadmin_quanxuan_7ree"><![CDATA[全选]]></item>
				<item id="htm_lang_pushadmin_quxiaoyixuan_7ree"><![CDATA[取消已选主题的推送]]></item>
			</item>
		</item>
		<item id="installfile"><![CDATA[install.php]]></item>
		<item id="uninstallfile"><![CDATA[uninstall.php]]></item>
		<item id="upgradefile"><![CDATA[upgrade.php]]></item>
	</item>
</root>