﻿<?xml version="1.0" encoding="ISO-8859-1"?>
<root>
	<item id="Title"><![CDATA[Discuz! Plugin]]></item>
	<item id="Version"><![CDATA[X2,X2.5,X3,X3.1,X3.2,F1.0]]></item>
	<item id="Time"><![CDATA[2016-10-11 10:16]]></item>
	<item id="From"><![CDATA[分享吧（www.fx8.cc）]]></item>
	<item id="Data">
		<item id="plugin">
			<item id="available"><![CDATA[1]]></item>
			<item id="adminid"><![CDATA[1]]></item>
			<item id="name"><![CDATA[源碼哥_[柒瑞]首頁十二格]]></item>
			<item id="identifier"><![CDATA[toplist_7ree]]></item>
			<item id="description"><![CDATA[柒瑞首頁十二格華麗升級版
信息展示、高速智能緩存、個性參數配置、 完美升級服務]]></item>
			<item id="datatables"><![CDATA[]]></item>
			<item id="directory"><![CDATA[toplist_7ree/]]></item>
			<item id="copyright"><![CDATA[源碼哥（www.ymg6.com）]]></item>
			<item id="version"><![CDATA[v10.35]]></item>
			<item id="__modules">
				<item id="99">
					<item id="name"><![CDATA[myyapmagoo]]></item>
					<item id="menu"><![CDATA[<span style="color:#E53333;"><b>源碼哥</b></span>]]></item>
					<item id="url"><![CDATA[]]></item>
					<item id="type"><![CDATA[3]]></item>
					<item id="adminid"><![CDATA[0]]></item>
					<item id="displayorder"><![CDATA[0]]></item>
					<item id="navtitle"><![CDATA[]]></item>
					<item id="navicon"><![CDATA[]]></item>
					<item id="navsubname"><![CDATA[]]></item>
					<item id="navsuburl"><![CDATA[]]></item>
				</item>
				<item id="0">
					<item id="name"><![CDATA[toplist_7ree]]></item>
					<item id="menu"><![CDATA[]]></item>
					<item id="url"><![CDATA[]]></item>
					<item id="type"><![CDATA[11]]></item>
					<item id="adminid"><![CDATA[0]]></item>
					<item id="displayorder"><![CDATA[0]]></item>
					<item id="navtitle"><![CDATA[]]></item>
					<item id="navicon"><![CDATA[]]></item>
					<item id="navsubname"><![CDATA[]]></item>
					<item id="navsuburl"><![CDATA[]]></item>
				</item>
				<item id="1">
					<item id="name"><![CDATA[pushlist_7ree]]></item>
					<item id="menu"><![CDATA[推送管理]]></item>
					<item id="url"><![CDATA[]]></item>
					<item id="type"><![CDATA[3]]></item>
					<item id="adminid"><![CDATA[0]]></item>
					<item id="displayorder"><![CDATA[1]]></item>
					<item id="navtitle"><![CDATA[]]></item>
					<item id="navicon"><![CDATA[]]></item>
					<item id="navsubname"><![CDATA[]]></item>
					<item id="navsuburl"><![CDATA[]]></item>
				</item>
				<item id="2">
					<item id="name"><![CDATA[recache_7ree]]></item>
					<item id="menu"><![CDATA[清空緩存]]></item>
					<item id="url"><![CDATA[]]></item>
					<item id="type"><![CDATA[3]]></item>
					<item id="adminid"><![CDATA[0]]></item>
					<item id="displayorder"><![CDATA[2]]></item>
					<item id="navtitle"><![CDATA[]]></item>
					<item id="navicon"><![CDATA[]]></item>
					<item id="navsubname"><![CDATA[]]></item>
					<item id="navsuburl"><![CDATA[]]></item>
				</item>
				<item id="3">
					<item id="name"><![CDATA[more_7ree]]></item>
					<item id="menu"><![CDATA[[柒瑞更多產品服務]]]></item>
					<item id="url"><![CDATA[]]></item>
					<item id="type"><![CDATA[3]]></item>
					<item id="adminid"><![CDATA[0]]></item>
					<item id="displayorder"><![CDATA[3]]></item>
					<item id="navtitle"><![CDATA[]]></item>
					<item id="navicon"><![CDATA[]]></item>
					<item id="navsubname"><![CDATA[]]></item>
					<item id="navsuburl"><![CDATA[]]></item>
				</item>
			</item>
		</item>
		<item id="version"><![CDATA[X2,X2.5,X3,X3.1,X3.2,F1.0]]></item>
		<item id="var">
			<item id="0">
				<item id="displayorder"><![CDATA[1]]></item>
				<item id="title"><![CDATA[是否同意柒瑞用戶協議]]></item>
				<item id="description"><![CDATA[同意協議內容方可正常使用該插件
協議地址：http://www.ymg6.com/gg/addon.php?/?@7.developer.doc/agreement_7ree_html]]></item>
				<item id="variable"><![CDATA[agreement_7ree]]></item>
				<item id="type"><![CDATA[radio]]></item>
				<item id="value"><![CDATA[1]]></item>
				<item id="extra"><![CDATA[]]></item>
			</item>
			<item id="1">
				<item id="displayorder"><![CDATA[2]]></item>
				<item id="title"><![CDATA[是否啟用柒瑞首頁十二格]]></item>
				<item id="description"><![CDATA[]]></item>
				<item id="variable"><![CDATA[onoff_7ree]]></item>
				<item id="type"><![CDATA[radio]]></item>
				<item id="value"><![CDATA[1]]></item>
				<item id="extra"><![CDATA[]]></item>
			</item>
			<item id="2">
				<item id="displayorder"><![CDATA[3]]></item>
				<item id="title"><![CDATA[不啟用十二格的用戶組]]></item>
				<item id="description"><![CDATA[指定的用戶組不啟用十二格功能
（程序不會調用，頁面也不會顯示）]]></item>
				<item id="variable"><![CDATA[bangid_7ree]]></item>
				<item id="type"><![CDATA[groups]]></item>
				<item id="extra"><![CDATA[]]></item>
				<item id="__value">
					<item id="0"><![CDATA[]]></item>
				</item>
			</item>
			<item id="3">
				<item id="displayorder"><![CDATA[4]]></item>
				<item id="title"><![CDATA[最新幻燈圖片的欄目標題]]></item>
				<item id="description"><![CDATA[不超過4個漢字
留空則不啟用本欄目
* 特別注意：不啟用的欄目排序時不能作為第一欄]]></item>
				<item id="variable"><![CDATA[newpic_title_7ree]]></item>
				<item id="type"><![CDATA[text]]></item>
				<item id="value"><![CDATA[ 最新圖片]]></item>
				<item id="extra"><![CDATA[]]></item>
			</item>
			<item id="4">
				<item id="displayorder"><![CDATA[5]]></item>
				<item id="title"><![CDATA[精華圖片欄目標題]]></item>
				<item id="description"><![CDATA[不超過4個漢字
留空則不啟用本欄目
* 特別注意：不啟用的欄目排序時不能作為第一欄]]></item>
				<item id="variable"><![CDATA[digpic_title_7ree]]></item>
				<item id="type"><![CDATA[text]]></item>
				<item id="value"><![CDATA[精華圖片]]></item>
				<item id="extra"><![CDATA[]]></item>
			</item>
			<item id="5">
				<item id="displayorder"><![CDATA[6]]></item>
				<item id="title"><![CDATA[自定義廣告欄目標題]]></item>
				<item id="description"><![CDATA[不超過4個漢字
留空則不啟用本欄目
* 特別注意：不啟用的欄目排序時不能作為第一欄]]></item>
				<item id="variable"><![CDATA[adspic_title_7ree]]></item>
				<item id="type"><![CDATA[text]]></item>
				<item id="value"><![CDATA[廣告插播]]></item>
				<item id="extra"><![CDATA[]]></item>
			</item>
			<item id="6">
				<item id="displayorder"><![CDATA[7]]></item>
				<item id="title"><![CDATA[最新主題的欄目標題]]></item>
				<item id="description"><![CDATA[不超過4個漢字
留空則不啟用本欄目
* 特別注意：不啟用的欄目排序時不能作為第一欄]]></item>
				<item id="variable"><![CDATA[new_title_7ree]]></item>
				<item id="type"><![CDATA[text]]></item>
				<item id="value"><![CDATA[新鮮出爐]]></item>
				<item id="extra"><![CDATA[]]></item>
			</item>
			<item id="7">
				<item id="displayorder"><![CDATA[8]]></item>
				<item id="title"><![CDATA[最新回復的欄目標題]]></item>
				<item id="description"><![CDATA[不超過4個漢字
留空則不啟用本欄目
* 特別注意：不啟用的欄目排序時不能作為第一欄]]></item>
				<item id="variable"><![CDATA[rep_title_7ree]]></item>
				<item id="type"><![CDATA[text]]></item>
				<item id="value"><![CDATA[最新關注]]></item>
				<item id="extra"><![CDATA[]]></item>
			</item>
			<item id="8">
				<item id="displayorder"><![CDATA[9]]></item>
				<item id="title"><![CDATA[精華帖子的欄目標題]]></item>
				<item id="description"><![CDATA[不超過4個漢字
留空則不啟用本欄目
* 特別注意：不啟用的欄目排序時不能作為第一欄]]></item>
				<item id="variable"><![CDATA[dig_title_7ree]]></item>
				<item id="type"><![CDATA[text]]></item>
				<item id="value"><![CDATA[ 精華采擷]]></item>
				<item id="extra"><![CDATA[]]></item>
			</item>
			<item id="9">
				<item id="displayorder"><![CDATA[10]]></item>
				<item id="title"><![CDATA[人氣熱帖的欄目標題]]></item>
				<item id="description"><![CDATA[不超過4個漢字
留空則不啟用本欄目
* 特別注意：不啟用的欄目排序時不能作為第一欄]]></item>
				<item id="variable"><![CDATA[hot_title_7ree]]></item>
				<item id="type"><![CDATA[text]]></item>
				<item id="value"><![CDATA[人氣熱門]]></item>
				<item id="extra"><![CDATA[]]></item>
			</item>
			<item id="10">
				<item id="displayorder"><![CDATA[11]]></item>
				<item id="title"><![CDATA[會員發帖排行欄目標題]]></item>
				<item id="description"><![CDATA[不超過3個漢字留空則不啟用本欄目
* 特別注意：不啟用的欄目排序時不能作為第一欄]]></item>
				<item id="variable"><![CDATA[acvrank_title_7ree]]></item>
				<item id="type"><![CDATA[text]]></item>
				<item id="value"><![CDATA[活躍榜]]></item>
				<item id="extra"><![CDATA[]]></item>
			</item>
			<item id="11">
				<item id="displayorder"><![CDATA[12]]></item>
				<item id="title"><![CDATA[會員積分排行欄目標題]]></item>
				<item id="description"><![CDATA[不超過3個漢字
留空則不啟用本欄目
* 特別注意：不啟用的欄目排序時不能作為第一欄]]></item>
				<item id="variable"><![CDATA[extrank_title_7ree]]></item>
				<item id="type"><![CDATA[text]]></item>
				<item id="value"><![CDATA[積分榜]]></item>
				<item id="extra"><![CDATA[]]></item>
			</item>
			<item id="12">
				<item id="displayorder"><![CDATA[13]]></item>
				<item id="title"><![CDATA[新注冊會員欄目標題]]></item>
				<item id="description"><![CDATA[不超過3個漢字
留空則不啟用本欄目
* 特別注意：不啟用的欄目排序時不能作為第一欄]]></item>
				<item id="variable"><![CDATA[newrank_title_7ree]]></item>
				<item id="type"><![CDATA[text]]></item>
				<item id="value"><![CDATA[新會員]]></item>
				<item id="extra"><![CDATA[]]></item>
			</item>
			<item id="13">
				<item id="displayorder"><![CDATA[14]]></item>
				<item id="title"><![CDATA[調用版塊一欄目標題]]></item>
				<item id="description"><![CDATA[不超過4個漢字
留空則不啟用本欄目
* 特別注意：不啟用的欄目排序時不能作為第一欄]]></item>
				<item id="variable"><![CDATA[diy1_title_7ree]]></item>
				<item id="type"><![CDATA[text]]></item>
				<item id="value"><![CDATA[設定版一]]></item>
				<item id="extra"><![CDATA[]]></item>
			</item>
			<item id="14">
				<item id="displayorder"><![CDATA[15]]></item>
				<item id="title"><![CDATA[調用版塊二欄目標題]]></item>
				<item id="description"><![CDATA[不超過4個漢字
留空則不啟用本欄目
* 特別注意：不啟用的欄目排序時不能作為第一欄]]></item>
				<item id="variable"><![CDATA[diy2_title_7ree]]></item>
				<item id="type"><![CDATA[text]]></item>
				<item id="value"><![CDATA[調用版二]]></item>
				<item id="extra"><![CDATA[]]></item>
			</item>
			<item id="15">
				<item id="displayorder"><![CDATA[16]]></item>
				<item id="title"><![CDATA[推薦主題欄目標題]]></item>
				<item id="description"><![CDATA[不超過4個漢字
留空則不啟用本欄目
*本欄目顯示手動推薦的主題
* 特別注意：不啟用的欄目排序時不能作為第一欄]]></item>
				<item id="variable"><![CDATA[tui_title_7ree]]></item>
				<item id="type"><![CDATA[text]]></item>
				<item id="value"><![CDATA[推薦主題]]></item>
				<item id="extra"><![CDATA[]]></item>
			</item>
			<item id="16">
				<item id="displayorder"><![CDATA[17]]></item>
				<item id="title"><![CDATA[調用版塊一]]></item>
				<item id="description"><![CDATA[只有填寫了“調用版塊一欄目標題”方可啟用。]]></item>
				<item id="variable"><![CDATA[fid1_7ree]]></item>
				<item id="type"><![CDATA[forums]]></item>
				<item id="extra"><![CDATA[]]></item>
				<item id="__value">
					<item id="0"><![CDATA[2]]></item>
				</item>
			</item>
			<item id="17">
				<item id="displayorder"><![CDATA[18]]></item>
				<item id="title"><![CDATA[調用版塊二]]></item>
				<item id="description"><![CDATA[只有填寫了“調用版塊二欄目標題”方可啟用。]]></item>
				<item id="variable"><![CDATA[fid2_7ree]]></item>
				<item id="type"><![CDATA[forums]]></item>
				<item id="extra"><![CDATA[]]></item>
				<item id="__value">
					<item id="0"><![CDATA[36]]></item>
				</item>
			</item>
			<item id="18">
				<item id="displayorder"><![CDATA[19]]></item>
				<item id="title"><![CDATA[標題欄左側顯示的信息內容]]></item>
				<item id="description"><![CDATA[標題欄默認顯示的內容，可選為系統時間或者按照24小時分別顯示健康小貼士]]></item>
				<item id="variable"><![CDATA[headertitleshow_7ree]]></item>
				<item id="type"><![CDATA[select]]></item>
				<item id="value"><![CDATA[diymsg_7ree]]></item>
				<item id="extra"><![CDATA[show_time_7ree=顯示服務器當前時間
health_7ree=根據時間顯示健康提示
show_share_7ree=顯示分享到微博按鈕
diymsg_7ree=顯示自定義信息內容]]></item>
			</item>
			<item id="19">
				<item id="displayorder"><![CDATA[20]]></item>
				<item id="title"><![CDATA[標題欄右側顯示的信息內容]]></item>
				<item id="description"><![CDATA[]]></item>
				<item id="variable"><![CDATA[right_show_7ree]]></item>
				<item id="type"><![CDATA[select]]></item>
				<item id="value"><![CDATA[show_time_7ree]]></item>
				<item id="extra"><![CDATA[show_tools_7ree=顯示網站訪問快捷方式下載
show_share_7ree=顯示分享到微博按鈕
show_time_7ree=顯示服務器當前時間
health_7ree=根據時間顯示健康提示
show_none_7ree=右側不顯示任何信息]]></item>
			</item>
			<item id="20">
				<item id="displayorder"><![CDATA[21]]></item>
				<item id="title"><![CDATA[標題欄左側自定義信息]]></item>
				<item id="description"><![CDATA[這里定會的信息會在標題欄左側無縫滾動展示
可使用html鏈接]]></item>
				<item id="variable"><![CDATA[leftdiymsg_7ree]]></item>
				<item id="type"><![CDATA[textarea]]></item>
				<item id="value"><![CDATA[<a href="http://www.ymg6.com/" target="_blank" style="color:blue;">【源碼哥】源碼哥所有的商業插件和模版都是免費下載的額！每天更新！</a>]]></item>
				<item id="extra"><![CDATA[]]></item>
			</item>
			<item id="21">
				<item id="displayorder"><![CDATA[22]]></item>
				<item id="title"><![CDATA[標題欄左側信息的寬度]]></item>
				<item id="description"><![CDATA[單位：px]]></item>
				<item id="variable"><![CDATA[ltmsg_width_7ree]]></item>
				<item id="type"><![CDATA[number]]></item>
				<item id="value"><![CDATA[580]]></item>
				<item id="extra"><![CDATA[]]></item>
			</item>
			<item id="22">
				<item id="displayorder"><![CDATA[23]]></item>
				<item id="title"><![CDATA[標題欄左側信息滾動效果]]></item>
				<item id="description"><![CDATA[]]></item>
				<item id="variable"><![CDATA[marquee_7ree]]></item>
				<item id="type"><![CDATA[radio]]></item>
				<item id="value"><![CDATA[1]]></item>
				<item id="extra"><![CDATA[]]></item>
			</item>
			<item id="23">
				<item id="displayorder"><![CDATA[25]]></item>
				<item id="title"><![CDATA[標題欄微博分享代碼]]></item>
				<item id="description"><![CDATA[]]></item>
				<item id="variable"><![CDATA[rightdiymsg_7ree]]></item>
				<item id="type"><![CDATA[textarea]]></item>
				<item id="value"><![CDATA[				<!-- Baidu Button BEGIN -->
				<div id="bdshare" class="bdshare_t bds_tools get-codes-bdshare">
					<a class="bds_tqq"></a>
					<a class="bds_qzone"></a>
					<a class="bds_tsina"></a>
					<a class="bds_renren"></a>
					<a class="bds_t163"></a>
					<span class="bds_more"></span>
				<a class="shareCount"></a>
				</div>
				<script type="text/javascript" id="bdshare_js" data="type=tools&amp;uid=0" ></script>
				<script type="text/javascript" id="bdshell_js"></script>
				<script type="text/javascript">
				document.getElementById("bdshell_js").src = "http://bdimg.share.baidu.com/static/js/shell_v2.js?cdnversion=" + Math.ceil(new Date()/3600000)
				</script>
				<!-- Baidu Button END -->]]></item>
				<item id="extra"><![CDATA[]]></item>
			</item>
			<item id="24">
				<item id="displayorder"><![CDATA[26]]></item>
				<item id="title"><![CDATA[自定義廣告代碼]]></item>
				<item id="description"><![CDATA[顯示在圖片欄的第3個tab內]]></item>
				<item id="variable"><![CDATA[addiy_7ree]]></item>
				<item id="type"><![CDATA[textarea]]></item>
				<item id="value"><![CDATA[<div class="module cl slidebox">
<ul class="slideshow">
<li style="width:280px; height:205px;">
<a href="http://www.ymg6.com/gg/addon.php?/?@toplist_7ree.plugin" target="_blank">
<img src="source/plugin/toplist_7ree/template/images/12ge_7ree_201211.jpg" border="0">
</a><span class="title">傳承四格經典</span></li>
<li style="width:280px; height:205px;">
<a href="http://www.ymg6.com/gg/addon.php?/?@toplist_7ree.plugin" target="_blank">
<img src="source/plugin/toplist_7ree/template/images/12ge_7ree_201211.jpg" border="0">
</a><span class="title">創新時尚風格</span></li>
<li style="width:280px; height:205px;">
<a href="http://www.ymg6.com/gg/addon.php?/?@toplist_7ree.plugin" target="_blank">
<img src="source/plugin/toplist_7ree/template/images/12ge_7ree_201211.jpg" border="0">
</a><span class="title">豐富信息展示</span></li>
<li style="width:280px; height:205px;">
<a href="http://www.ymg6.com/gg/addon.php?/?@toplist_7ree.plugin" target="_blank">
<img src="source/plugin/toplist_7ree/template/images/12ge_7ree_201211.jpg" border="0">
</a><span class="title">高速智能緩存</span></li>
<li style="width:280px; height:205px;">
<a href="http://www.ymg6.com/gg/addon.php?/?@toplist_7ree.plugin" target="_blank">
<img src="source/plugin/toplist_7ree/template/images/12ge_7ree_201211.jpg" border="0">
</a><span class="title">個性參數配置</span></li>
<li style="width:280px; height:205px;">
<a href="http://www.ymg6.com/gg/addon.php?/?@toplist_7ree.plugin" target="_blank">
<img src="source/plugin/toplist_7ree/template/images/12ge_7ree_201211.jpg" border="0">
</a><span class="title">完美升級服務</span></li>
</ul>
</div>
<script type="text/javascript">
runslideshow();
</script>]]></item>
				<item id="extra"><![CDATA[]]></item>
			</item>
			<item id="25">
				<item id="displayorder"><![CDATA[27]]></item>
				<item id="title"><![CDATA[大標題欄的顏色]]></item>
				<item id="description"><![CDATA[不設置則表示使用模版默認顏色]]></item>
				<item id="variable"><![CDATA[titlecolor_7ree]]></item>
				<item id="type"><![CDATA[color]]></item>
				<item id="value"><![CDATA[]]></item>
				<item id="extra"><![CDATA[]]></item>
			</item>
			<item id="26">
				<item id="displayorder"><![CDATA[28]]></item>
				<item id="title"><![CDATA[左側圖片子欄目標題的顏色]]></item>
				<item id="description"><![CDATA[不設置則表示使用模版默認顏色]]></item>
				<item id="variable"><![CDATA[color1_7ree]]></item>
				<item id="type"><![CDATA[color]]></item>
				<item id="value"><![CDATA[darkgreen]]></item>
				<item id="extra"><![CDATA[]]></item>
			</item>
			<item id="27">
				<item id="displayorder"><![CDATA[29]]></item>
				<item id="title"><![CDATA[中間主題子欄目標題的顏色]]></item>
				<item id="description"><![CDATA[不設置則表示使用模版默認顏色]]></item>
				<item id="variable"><![CDATA[color2_7ree]]></item>
				<item id="type"><![CDATA[color]]></item>
				<item id="value"><![CDATA[darkred]]></item>
				<item id="extra"><![CDATA[]]></item>
			</item>
			<item id="28">
				<item id="displayorder"><![CDATA[30]]></item>
				<item id="title"><![CDATA[右側會員子欄目標題的顏色]]></item>
				<item id="description"><![CDATA[不設置則表示使用模版默認顏色]]></item>
				<item id="variable"><![CDATA[color3_7ree]]></item>
				<item id="type"><![CDATA[color]]></item>
				<item id="value"><![CDATA[darkblue]]></item>
				<item id="extra"><![CDATA[]]></item>
			</item>
			<item id="29">
				<item id="displayorder"><![CDATA[31]]></item>
				<item id="title"><![CDATA[主題列表下劃線顏色]]></item>
				<item id="description"><![CDATA[留空則表示不顯示下劃線]]></item>
				<item id="variable"><![CDATA[bordercolor_7ree]]></item>
				<item id="type"><![CDATA[color]]></item>
				<item id="value"><![CDATA[#CDCDCD]]></item>
				<item id="extra"><![CDATA[]]></item>
			</item>
			<item id="30">
				<item id="displayorder"><![CDATA[32]]></item>
				<item id="title"><![CDATA[幻燈圖版塊過濾]]></item>
				<item id="description"><![CDATA[在此處選擇的版塊將被過濾，不被顯示其對應的首頁格子調用幻燈圖片中。]]></item>
				<item id="variable"><![CDATA[forums_7ree]]></item>
				<item id="type"><![CDATA[forums]]></item>
				<item id="extra"><![CDATA[]]></item>
				<item id="__value">
					<item id="0"><![CDATA[]]></item>
				</item>
			</item>
			<item id="31">
				<item id="displayorder"><![CDATA[33]]></item>
				<item id="title"><![CDATA[主題列表版塊過濾]]></item>
				<item id="description"><![CDATA[在此處選擇的版塊將被過濾，不被顯示其對應的首頁主題列表格子中。]]></item>
				<item id="variable"><![CDATA[forums2_7ree]]></item>
				<item id="type"><![CDATA[forums]]></item>
				<item id="extra"><![CDATA[]]></item>
				<item id="__value">
					<item id="0"><![CDATA[]]></item>
				</item>
			</item>
			<item id="32">
				<item id="displayorder"><![CDATA[34]]></item>
				<item id="title"><![CDATA[數據緩存周期]]></item>
				<item id="description"><![CDATA[單位：分鐘
（緩存時間越長，圖片、帖子、會員等數據更新越慢，但系統負載相對小）
（緩存時間越短，圖片、帖子、會員等數據更新越快，但系統負載相對大）]]></item>
				<item id="variable"><![CDATA[cachecycle_7ree]]></item>
				<item id="type"><![CDATA[number]]></item>
				<item id="value"><![CDATA[10]]></item>
				<item id="extra"><![CDATA[]]></item>
			</item>
			<item id="33">
				<item id="displayorder"><![CDATA[35]]></item>
				<item id="title"><![CDATA[是否在分區頁面展示]]></item>
				<item id="description"><![CDATA[是否在非首頁的論壇分區頁面展示四格]]></item>
				<item id="variable"><![CDATA[gidshow_7ree]]></item>
				<item id="type"><![CDATA[radio]]></item>
				<item id="value"><![CDATA[1]]></item>
				<item id="extra"><![CDATA[]]></item>
			</item>
			<item id="34">
				<item id="displayorder"><![CDATA[36]]></item>
				<item id="title"><![CDATA[游客提示登錄條顯示時間]]></item>
				<item id="description"><![CDATA[填寫0則不提示游客登錄
（單位：秒）]]></item>
				<item id="variable"><![CDATA[tiptime_7ree]]></item>
				<item id="type"><![CDATA[number]]></item>
				<item id="value"><![CDATA[2]]></item>
				<item id="extra"><![CDATA[]]></item>
			</item>
			<item id="35">
				<item id="displayorder"><![CDATA[37]]></item>
				<item id="title"><![CDATA[游客提示登錄語]]></item>
				<item id="description"><![CDATA[]]></item>
				<item id="variable"><![CDATA[guesttipmsg_7ree]]></item>
				<item id="type"><![CDATA[text]]></item>
				<item id="value"><![CDATA[親，快登錄吧！ 登錄后就可瀏覽更多精彩內容哦 ^o^]]></item>
				<item id="extra"><![CDATA[]]></item>
			</item>
			<item id="36">
				<item id="displayorder"><![CDATA[38]]></item>
				<item id="title"><![CDATA[鏈接是否在新窗口打開]]></item>
				<item id="description"><![CDATA[主題列表鏈接是否在新窗口打開。]]></item>
				<item id="variable"><![CDATA[blank_7ree]]></item>
				<item id="type"><![CDATA[radio]]></item>
				<item id="value"><![CDATA[1]]></item>
				<item id="extra"><![CDATA[]]></item>
			</item>
			<item id="37">
				<item id="displayorder"><![CDATA[39]]></item>
				<item id="title"><![CDATA[幻燈圖片調用的數量]]></item>
				<item id="description"><![CDATA[]]></item>
				<item id="variable"><![CDATA[picnum_7ree]]></item>
				<item id="type"><![CDATA[number]]></item>
				<item id="value"><![CDATA[8]]></item>
				<item id="extra"><![CDATA[]]></item>
			</item>
			<item id="38">
				<item id="displayorder"><![CDATA[40]]></item>
				<item id="title"><![CDATA[幻燈圖的寬度]]></item>
				<item id="description"><![CDATA[單位：PX （只有在啟用圖文版式的時候才有效）]]></item>
				<item id="variable"><![CDATA[width_7ree]]></item>
				<item id="type"><![CDATA[number]]></item>
				<item id="value"><![CDATA[280]]></item>
				<item id="extra"><![CDATA[]]></item>
			</item>
			<item id="39">
				<item id="displayorder"><![CDATA[41]]></item>
				<item id="title"><![CDATA[幻燈圖的高度]]></item>
				<item id="description"><![CDATA[單位：PX （只有在啟用圖文版式的時候才有效）]]></item>
				<item id="variable"><![CDATA[height_7ree]]></item>
				<item id="type"><![CDATA[number]]></item>
				<item id="value"><![CDATA[205]]></item>
				<item id="extra"><![CDATA[]]></item>
			</item>
			<item id="40">
				<item id="displayorder"><![CDATA[42]]></item>
				<item id="title"><![CDATA[最新幻燈圖是否隨機排序]]></item>
				<item id="description"><![CDATA[選擇“是”，則最新的幻燈圖隨機排序播放，
選擇“否”，則最新的幻燈圖按照發帖時間播放。]]></item>
				<item id="variable"><![CDATA[picsorder_7ree]]></item>
				<item id="type"><![CDATA[radio]]></item>
				<item id="value"><![CDATA[0]]></item>
				<item id="extra"><![CDATA[]]></item>
			</item>
			<item id="41">
				<item id="displayorder"><![CDATA[43]]></item>
				<item id="title"><![CDATA[是否開啟幻燈縮略圖]]></item>
				<item id="description"><![CDATA[開啟后幻燈圖會直接調用附件縮略圖，從而加快幻燈載入速度，降低幻燈畫質。
需discuz系統開啟附件圖片縮略圖功能，并已生成相應的縮略圖。]]></item>
				<item id="variable"><![CDATA[thumbimg_7ree]]></item>
				<item id="type"><![CDATA[radio]]></item>
				<item id="value"><![CDATA[0]]></item>
				<item id="extra"><![CDATA[]]></item>
			</item>
			<item id="42">
				<item id="displayorder"><![CDATA[44]]></item>
				<item id="title"><![CDATA[幻燈播放模式]]></item>
				<item id="description"><![CDATA[選擇幻燈片圖片播放的式樣]]></item>
				<item id="variable"><![CDATA[slidemode_7ree]]></item>
				<item id="type"><![CDATA[select]]></item>
				<item id="value"><![CDATA[flash]]></item>
				<item id="extra"><![CDATA[flash=經典多格Flash Player幻燈播放器
dzjs=Discuz內置Javascript幻燈播放器]]></item>
			</item>
			<item id="43">
				<item id="displayorder"><![CDATA[45]]></item>
				<item id="title"><![CDATA[幻燈圖中標題截取字數]]></item>
				<item id="description"><![CDATA[幻燈圖主題標題顯示截取的字數]]></item>
				<item id="variable"><![CDATA[piccutstr_7ree]]></item>
				<item id="type"><![CDATA[number]]></item>
				<item id="value"><![CDATA[50]]></item>
				<item id="extra"><![CDATA[]]></item>
			</item>
			<item id="44">
				<item id="displayorder"><![CDATA[46]]></item>
				<item id="title"><![CDATA[幻燈圖按鈕的顏色]]></item>
				<item id="description"><![CDATA[FLASH幻燈圖片文字及按鈕的背景顏色
如不填寫默認為藍色]]></item>
				<item id="variable"><![CDATA[fotobtnbg_7ree]]></item>
				<item id="type"><![CDATA[color]]></item>
				<item id="value"><![CDATA[]]></item>
				<item id="extra"><![CDATA[]]></item>
			</item>
			<item id="45">
				<item id="displayorder"><![CDATA[47]]></item>
				<item id="title"><![CDATA[主題欄目帖子調用的數量]]></item>
				<item id="description"><![CDATA[適用新帖、新回復、精華、熱帖、調用版塊一、調用版塊二幾個欄目]]></item>
				<item id="variable"><![CDATA[shownum_7ree]]></item>
				<item id="type"><![CDATA[number]]></item>
				<item id="value"><![CDATA[10]]></item>
				<item id="extra"><![CDATA[]]></item>
			</item>
			<item id="46">
				<item id="displayorder"><![CDATA[48]]></item>
				<item id="title"><![CDATA[是否顯示主題高亮]]></item>
				<item id="description"><![CDATA[是否在主題格子的列表中顯示被加高亮的展示效果。]]></item>
				<item id="variable"><![CDATA[highlight_7ree]]></item>
				<item id="type"><![CDATA[radio]]></item>
				<item id="value"><![CDATA[1]]></item>
				<item id="extra"><![CDATA[]]></item>
			</item>
			<item id="47">
				<item id="displayorder"><![CDATA[49]]></item>
				<item id="title"><![CDATA[列表中標題截取字數]]></item>
				<item id="description"><![CDATA[格子列表內主題標題顯示截取的字數]]></item>
				<item id="variable"><![CDATA[cutstr_7ree]]></item>
				<item id="type"><![CDATA[number]]></item>
				<item id="value"><![CDATA[50]]></item>
				<item id="extra"><![CDATA[]]></item>
			</item>
			<item id="48">
				<item id="displayorder"><![CDATA[50]]></item>
				<item id="title"><![CDATA[主題提示信息的顯示方式]]></item>
				<item id="description"><![CDATA[]]></item>
				<item id="variable"><![CDATA[linetitle_style_7ree]]></item>
				<item id="type"><![CDATA[select]]></item>
				<item id="value"><![CDATA[on_popupmenu_7ree]]></item>
				<item id="extra"><![CDATA[on_popupmenu_7ree=鼠標下方跟隨彈出菜單顯示帖子詳細信息
on_popupmenu2_7ree=鼠標上方跟隨彈出菜單顯示帖子詳細信息
none=禁止顯示帖子詳細信息]]></item>
			</item>
			<item id="49">
				<item id="displayorder"><![CDATA[51]]></item>
				<item id="title"><![CDATA[是否顯示主題作者]]></item>
				<item id="description"><![CDATA[是否在主題列表中顯示作者]]></item>
				<item id="variable"><![CDATA[showauthor_7ree]]></item>
				<item id="type"><![CDATA[radio]]></item>
				<item id="value"><![CDATA[1]]></item>
				<item id="extra"><![CDATA[]]></item>
			</item>
			<item id="50">
				<item id="displayorder"><![CDATA[52]]></item>
				<item id="title"><![CDATA[是否顯示發帖時間]]></item>
				<item id="description"><![CDATA[是否在主題列表中顯示發帖時間]]></item>
				<item id="variable"><![CDATA[showtime_7ree]]></item>
				<item id="type"><![CDATA[radio]]></item>
				<item id="value"><![CDATA[0]]></item>
				<item id="extra"><![CDATA[]]></item>
			</item>
			<item id="51">
				<item id="displayorder"><![CDATA[53]]></item>
				<item id="title"><![CDATA[是否顯示版塊名稱]]></item>
				<item id="description"><![CDATA[是否在主題列表中顯示主題所在的版塊]]></item>
				<item id="variable"><![CDATA[showfidname_7ree]]></item>
				<item id="type"><![CDATA[select]]></item>
				<item id="value"><![CDATA[1]]></item>
				<item id="extra"><![CDATA[3=只在主題列表中顯示版塊名稱
2=只在彈出提示層中顯示版塊名稱
1=以上兩處都顯示版塊名稱
0=以上兩處都不顯示版塊名稱]]></item>
			</item>
			<item id="52">
				<item id="displayorder"><![CDATA[54]]></item>
				<item id="title"><![CDATA[最新回復跳轉到的位置]]></item>
				<item id="description"><![CDATA[]]></item>
				<item id="variable"><![CDATA[replaygoto_7ree]]></item>
				<item id="type"><![CDATA[select]]></item>
				<item id="value"><![CDATA[1]]></item>
				<item id="extra"><![CDATA[1=最新回復所在主題樓主（可支持偽靜態）
2=最新回復主題最后一層（不支持偽靜態）]]></item>
			</item>
			<item id="53">
				<item id="displayorder"><![CDATA[55]]></item>
				<item id="title"><![CDATA[熱帖的排序方式]]></item>
				<item id="description"><![CDATA[]]></item>
				<item id="variable"><![CDATA[hotorder_7ree]]></item>
				<item id="type"><![CDATA[select]]></item>
				<item id="value"><![CDATA[view]]></item>
				<item id="extra"><![CDATA[view=按照瀏覽數量排序
reply=按照回復數量排序]]></item>
			</item>
			<item id="54">
				<item id="displayorder"><![CDATA[56]]></item>
				<item id="title"><![CDATA[熱帖的時間范圍]]></item>
				<item id="description"><![CDATA[單位：天，發帖時間距離現在在有效時間范圍內方可被顯示在首頁四格中]]></item>
				<item id="variable"><![CDATA[hottime_7ree]]></item>
				<item id="type"><![CDATA[number]]></item>
				<item id="value"><![CDATA[365]]></item>
				<item id="extra"><![CDATA[]]></item>
			</item>
			<item id="55">
				<item id="displayorder"><![CDATA[57]]></item>
				<item id="title"><![CDATA[新帖的時間范圍]]></item>
				<item id="description"><![CDATA[單位：天，發帖時間距離現在在有效時間范圍內方可被顯示在首頁四格中]]></item>
				<item id="variable"><![CDATA[newtime_7ree]]></item>
				<item id="type"><![CDATA[number]]></item>
				<item id="value"><![CDATA[365]]></item>
				<item id="extra"><![CDATA[]]></item>
			</item>
			<item id="56">
				<item id="displayorder"><![CDATA[58]]></item>
				<item id="title"><![CDATA[新回復的時間范圍]]></item>
				<item id="description"><![CDATA[單位：天，發帖時間距離現在在有效時間范圍內方可被顯示在首頁四格中]]></item>
				<item id="variable"><![CDATA[reptime_7ree]]></item>
				<item id="type"><![CDATA[number]]></item>
				<item id="value"><![CDATA[365]]></item>
				<item id="extra"><![CDATA[]]></item>
			</item>
			<item id="57">
				<item id="displayorder"><![CDATA[59]]></item>
				<item id="title"><![CDATA[精華帖的時間范圍]]></item>
				<item id="description"><![CDATA[單位：天，發帖時間距離現在在有效時間范圍內方可被顯示在首頁四格中]]></item>
				<item id="variable"><![CDATA[digtime_7ree]]></item>
				<item id="type"><![CDATA[number]]></item>
				<item id="value"><![CDATA[365]]></item>
				<item id="extra"><![CDATA[]]></item>
			</item>
			<item id="58">
				<item id="displayorder"><![CDATA[60]]></item>
				<item id="title"><![CDATA[會員欄目顯示的數量]]></item>
				<item id="description"><![CDATA[發帖幫、積分榜、新會員展示的會員數量]]></item>
				<item id="variable"><![CDATA[newbienum_7ree]]></item>
				<item id="type"><![CDATA[number]]></item>
				<item id="value"><![CDATA[10]]></item>
				<item id="extra"><![CDATA[]]></item>
			</item>
			<item id="59">
				<item id="displayorder"><![CDATA[61]]></item>
				<item id="title"><![CDATA[會員活躍排行榜周期]]></item>
				<item id="description"><![CDATA[活躍榜會，發帖排行榜計算時間周期
即： 按照周期時間內發帖數量排序]]></item>
				<item id="variable"><![CDATA[membercycle_7ree]]></item>
				<item id="type"><![CDATA[select]]></item>
				<item id="value"><![CDATA[5]]></item>
				<item id="extra"><![CDATA[1=本日
2=本周
3=本月
4=本季度
5=本年度]]></item>
			</item>
			<item id="60">
				<item id="displayorder"><![CDATA[62]]></item>
				<item id="title"><![CDATA[會員積分排行榜規則]]></item>
				<item id="description"><![CDATA[請選擇會員積分排行榜依據的積分字段
選擇空則表示用總積分排行]]></item>
				<item id="variable"><![CDATA[rankext_7ree]]></item>
				<item id="type"><![CDATA[extcredit]]></item>
				<item id="value"><![CDATA[]]></item>
				<item id="extra"><![CDATA[]]></item>
			</item>
			<item id="61">
				<item id="displayorder"><![CDATA[63]]></item>
				<item id="title"><![CDATA[用戶欄目是否顯示頭像]]></item>
				<item id="description"><![CDATA[是否在會員排行的三個欄目顯示會員的頭像。
（頭像被縮小為：16*16px ）]]></item>
				<item id="variable"><![CDATA[onoffavatar_7ree]]></item>
				<item id="type"><![CDATA[radio]]></item>
				<item id="value"><![CDATA[1]]></item>
				<item id="extra"><![CDATA[]]></item>
			</item>
			<item id="62">
				<item id="displayorder"><![CDATA[64]]></item>
				<item id="title"><![CDATA[是否啟用橫幅廣告]]></item>
				<item id="description"><![CDATA[]]></item>
				<item id="variable"><![CDATA[baradonoff_7ree]]></item>
				<item id="type"><![CDATA[radio]]></item>
				<item id="value"><![CDATA[0]]></item>
				<item id="extra"><![CDATA[]]></item>
			</item>
			<item id="63">
				<item id="displayorder"><![CDATA[65]]></item>
				<item id="title"><![CDATA[橫幅廣告展示時間]]></item>
				<item id="description"><![CDATA[單位：秒
多少秒后，橫幅廣告會自動關閉
當然會員可手動點擊按鈕重播廣告。]]></item>
				<item id="variable"><![CDATA[baradtime_7ree]]></item>
				<item id="type"><![CDATA[number]]></item>
				<item id="value"><![CDATA[5]]></item>
				<item id="extra"><![CDATA[]]></item>
			</item>
			<item id="64">
				<item id="displayorder"><![CDATA[66]]></item>
				<item id="title"><![CDATA[橫幅廣告代碼]]></item>
				<item id="description"><![CDATA[支持html代碼]]></item>
				<item id="variable"><![CDATA[baradcode_7ree]]></item>
				<item id="type"><![CDATA[textarea]]></item>
				<item id="value"><![CDATA[<a href="http://www.ymg6.com/" target="_blank"><img src="source/plugin/toplist_7ree/template/images/barad_demo_7ree.jpg"></a>]]></item>
				<item id="extra"><![CDATA[]]></item>
			</item>
			<item id="65">
				<item id="displayorder"><![CDATA[67]]></item>
				<item id="title"><![CDATA[橫幅廣告高度]]></item>
				<item id="description"><![CDATA[單位：像素px
橫幅廣告寬度不用設置，會自動適用discuz當前風格，只需設置高度既可；]]></item>
				<item id="variable"><![CDATA[baradheight_7ree]]></item>
				<item id="type"><![CDATA[number]]></item>
				<item id="value"><![CDATA[150]]></item>
				<item id="extra"><![CDATA[]]></item>
			</item>
			<item id="66">
				<item id="displayorder"><![CDATA[68]]></item>
				<item id="title"><![CDATA[橫幅廣告打開/關閉速度]]></item>
				<item id="description"><![CDATA[]]></item>
				<item id="variable"><![CDATA[baradspeed_7ree]]></item>
				<item id="type"><![CDATA[select]]></item>
				<item id="value"><![CDATA[6]]></item>
				<item id="extra"><![CDATA[9=非常快
6=快速
4=中速
2=慢速
1=非常慢]]></item>
			</item>
			<item id="67">
				<item id="displayorder"><![CDATA[69]]></item>
				<item id="title"><![CDATA[橫幅廣告顯示位置]]></item>
				<item id="description"><![CDATA[]]></item>
				<item id="variable"><![CDATA[adposition_7ree]]></item>
				<item id="type"><![CDATA[select]]></item>
				<item id="value"><![CDATA[1]]></item>
				<item id="extra"><![CDATA[0=顯示在十二格上方
1=顯示在十二格下方]]></item>
			</item>
			<item id="68">
				<item id="displayorder"><![CDATA[70]]></item>
				<item id="title"><![CDATA[是否顯示群組主題]]></item>
				<item id="description"><![CDATA[是否在主題列表中調用群組的主題？]]></item>
				<item id="variable"><![CDATA[showgroup_7ree]]></item>
				<item id="type"><![CDATA[radio]]></item>
				<item id="value"><![CDATA[1]]></item>
				<item id="extra"><![CDATA[]]></item>
			</item>
			<item id="69">
				<item id="displayorder"><![CDATA[71]]></item>
				<item id="title"><![CDATA[格子標簽切換模式]]></item>
				<item id="description"><![CDATA[格子標題欄切換的動作模式]]></item>
				<item id="variable"><![CDATA[slipmod_7ree]]></item>
				<item id="type"><![CDATA[select]]></item>
				<item id="value"><![CDATA[onmouseover]]></item>
				<item id="extra"><![CDATA[onclick=鼠標點擊標題切換格子內容
onmouseover=鼠標滑過標題切換格子內容]]></item>
			</item>
			<item id="70">
				<item id="displayorder"><![CDATA[72]]></item>
				<item id="title"><![CDATA[版式選擇]]></item>
				<item id="description"><![CDATA[]]></item>
				<item id="variable"><![CDATA[tplmode_7ree]]></item>
				<item id="type"><![CDATA[select]]></item>
				<item id="value"><![CDATA[2]]></item>
				<item id="extra"><![CDATA[1=經典四格版式
2=華麗十二格版式]]></item>
			</item>
			<item id="71">
				<item id="displayorder"><![CDATA[73]]></item>
				<item id="title"><![CDATA[圖片格子的欄目順序]]></item>
				<item id="description"><![CDATA[“new”代表最新圖片欄目，“dig”代表精華圖片欄目，“ads”代表廣告圖片欄目
欄目之間用橫線“-”分割
如：“new-dig-ads”
* 特別注意：格子的第一個欄目必須啟用
* 只對華麗十二格版式有效]]></item>
				<item id="variable"><![CDATA[pic_order_7ree]]></item>
				<item id="type"><![CDATA[text]]></item>
				<item id="value"><![CDATA[new-dig-ads]]></item>
				<item id="extra"><![CDATA[]]></item>
			</item>
			<item id="72">
				<item id="displayorder"><![CDATA[74]]></item>
				<item id="title"><![CDATA[主題格子的欄目順序]]></item>
				<item id="description"><![CDATA[“new”代表最新主題，“rep”代表最新回復，“dig”代表精華主題，“hot”代表熱門主題，“diy1”代表調用版塊一，“diy2”代表調用版塊二，“tui”代表人工推薦主題
欄目之間用橫線“-”分割
如：“new-rep-dig-hot-diy1-diy2”
* 特別注意：第一個欄目必須啟用
* 只對 ...]]></item>
				<item id="variable"><![CDATA[thread_order_7ree]]></item>
				<item id="type"><![CDATA[text]]></item>
				<item id="value"><![CDATA[new-rep-hot-dig-diy1-tui]]></item>
				<item id="extra"><![CDATA[]]></item>
			</item>
			<item id="73">
				<item id="displayorder"><![CDATA[75]]></item>
				<item id="title"><![CDATA[排行格子的顯示順序]]></item>
				<item id="description"><![CDATA[“acv”代表活躍排行欄目，“ext”代表積分排行欄目，“new”代表最新會員欄目
欄目之間用橫線“-”分割
如：“acv-ext-new”
* 特別注意：格子的第一個欄目必須啟用
* 只對華麗十二格版式有效]]></item>
				<item id="variable"><![CDATA[rank_order_7ree]]></item>
				<item id="type"><![CDATA[text]]></item>
				<item id="value"><![CDATA[acv-ext-new]]></item>
				<item id="extra"><![CDATA[]]></item>
			</item>
			<item id="74">
				<item id="displayorder"><![CDATA[76]]></item>
				<item id="title"><![CDATA[經典四格欄目順序]]></item>
				<item id="description"><![CDATA[最新圖片:xt
精華圖片:jt
廣告圖片:gt
最新主題:xz
最新回復:xh
精華主題:jz
熱門主題:rz
調用版塊一:d1
調用版塊二:d2
推薦主題:tj
活躍排行欄目:hy
積分排行欄目:jf
最新會員欄目:xm
* 只對經典四格版式有效]]></item>
				<item id="variable"><![CDATA[toplist_4georder_7ree]]></item>
				<item id="type"><![CDATA[text]]></item>
				<item id="value"><![CDATA[xz-xh-jz-rz-tj]]></item>
				<item id="extra"><![CDATA[]]></item>
			</item>
			<item id="75">
				<item id="displayorder"><![CDATA[77]]></item>
				<item id="title"><![CDATA[《版塊名稱》的顏色]]></item>
				<item id="description"><![CDATA[格子中主題列表前版塊名稱的文字顏色]]></item>
				<item id="variable"><![CDATA[fcolor_7ree]]></item>
				<item id="type"><![CDATA[color]]></item>
				<item id="value"><![CDATA[#999999]]></item>
				<item id="extra"><![CDATA[]]></item>
			</item>
			<item id="76">
				<item id="displayorder"><![CDATA[78]]></item>
				<item id="title"><![CDATA[《作者、發帖時間》的顏色]]></item>
				<item id="description"><![CDATA[格子中主題列表后作者用戶名和發帖時間的文字顏色]]></item>
				<item id="variable"><![CDATA[acolor_7ree]]></item>
				<item id="type"><![CDATA[color]]></item>
				<item id="value"><![CDATA[#999999]]></item>
				<item id="extra"><![CDATA[]]></item>
			</item>
			<item id="77">
				<item id="displayorder"><![CDATA[79]]></item>
				<item id="title"><![CDATA[排行榜《擴展信息》的顏色]]></item>
				<item id="description"><![CDATA[排行榜中作者用戶名后擴展信息（如積分、貼數、注冊時間）的文字顏色]]></item>
				<item id="variable"><![CDATA[rcolor_7ree]]></item>
				<item id="type"><![CDATA[color]]></item>
				<item id="value"><![CDATA[#999999]]></item>
				<item id="extra"><![CDATA[]]></item>
			</item>
			<item id="78">
				<item id="displayorder"><![CDATA[80]]></item>
				<item id="title"><![CDATA[格子的整體背景色]]></item>
				<item id="description"><![CDATA[]]></item>
				<item id="variable"><![CDATA[bgcolor_7ree]]></item>
				<item id="type"><![CDATA[color]]></item>
				<item id="value"><![CDATA[#FBF9F7]]></item>
				<item id="extra"><![CDATA[]]></item>
			</item>
			<item id="79">
				<item id="displayorder"><![CDATA[81]]></item>
				<item id="title"><![CDATA[標題部分的背景色]]></item>
				<item id="description"><![CDATA[]]></item>
				<item id="variable"><![CDATA[titlebgcolor_7ree]]></item>
				<item id="type"><![CDATA[color]]></item>
				<item id="value"><![CDATA[#F2F2F2]]></item>
				<item id="extra"><![CDATA[]]></item>
			</item>
			<item id="80">
				<item id="displayorder"><![CDATA[82]]></item>
				<item id="title"><![CDATA[是否顯示總標題欄]]></item>
				<item id="description"><![CDATA[]]></item>
				<item id="variable"><![CDATA[showtitle_7ree]]></item>
				<item id="type"><![CDATA[radio]]></item>
				<item id="value"><![CDATA[1]]></item>
				<item id="extra"><![CDATA[]]></item>
			</item>
			<item id="81">
				<item id="displayorder"><![CDATA[83]]></item>
				<item id="title"><![CDATA[是否開啟頭像檢測]]></item>
				<item id="description"><![CDATA[是否檢測本地uc中會員頭像是否存在，非本地uc請勿開啟。]]></item>
				<item id="variable"><![CDATA[avaexit_7ree]]></item>
				<item id="type"><![CDATA[radio]]></item>
				<item id="value"><![CDATA[1]]></item>
				<item id="extra"><![CDATA[]]></item>
			</item>
			<item id="82">
				<item id="displayorder"><![CDATA[84]]></item>
				<item id="title"><![CDATA[前臺推薦管理員UID]]></item>
				<item id="description"><![CDATA[負責前臺推薦主題操作的管理賬號uid
多個管理員賬號之間用半角逗號分割]]></item>
				<item id="variable"><![CDATA[adminuid_7ree]]></item>
				<item id="type"><![CDATA[text]]></item>
				<item id="value"><![CDATA[1,2,3]]></item>
				<item id="extra"><![CDATA[]]></item>
			</item>
			<item id="83">
				<item id="displayorder"><![CDATA[85]]></item>
				<item id="title"><![CDATA[最新圖片欄目標題鏈接]]></item>
				<item id="description"><![CDATA[如不填寫則表示此格子欄目的標題無鏈接。]]></item>
				<item id="variable"><![CDATA[newpic_url_7ree]]></item>
				<item id="type"><![CDATA[text]]></item>
				<item id="value"><![CDATA[]]></item>
				<item id="extra"><![CDATA[]]></item>
			</item>
			<item id="84">
				<item id="displayorder"><![CDATA[86]]></item>
				<item id="title"><![CDATA[精華圖片欄目標題鏈接]]></item>
				<item id="description"><![CDATA[如不填寫則表示此格子欄目的標題無鏈接。]]></item>
				<item id="variable"><![CDATA[digpic_url_7ree]]></item>
				<item id="type"><![CDATA[text]]></item>
				<item id="value"><![CDATA[]]></item>
				<item id="extra"><![CDATA[]]></item>
			</item>
			<item id="85">
				<item id="displayorder"><![CDATA[87]]></item>
				<item id="title"><![CDATA[廣告圖片欄目標題鏈接]]></item>
				<item id="description"><![CDATA[如不填寫則表示此格子欄目的標題無鏈接。]]></item>
				<item id="variable"><![CDATA[adspic_url_7ree]]></item>
				<item id="type"><![CDATA[text]]></item>
				<item id="value"><![CDATA[]]></item>
				<item id="extra"><![CDATA[]]></item>
			</item>
			<item id="86">
				<item id="displayorder"><![CDATA[88]]></item>
				<item id="title"><![CDATA[最新主題欄目標題鏈接]]></item>
				<item id="description"><![CDATA[如不填寫則表示此格子欄目的標題無鏈接。]]></item>
				<item id="variable"><![CDATA[newpost_url_7ree]]></item>
				<item id="type"><![CDATA[text]]></item>
				<item id="value"><![CDATA[]]></item>
				<item id="extra"><![CDATA[]]></item>
			</item>
			<item id="87">
				<item id="displayorder"><![CDATA[89]]></item>
				<item id="title"><![CDATA[最新回復欄目標題鏈接]]></item>
				<item id="description"><![CDATA[如不填寫則表示此格子欄目的標題無鏈接。]]></item>
				<item id="variable"><![CDATA[newreply_url_7ree]]></item>
				<item id="type"><![CDATA[text]]></item>
				<item id="value"><![CDATA[]]></item>
				<item id="extra"><![CDATA[]]></item>
			</item>
			<item id="88">
				<item id="displayorder"><![CDATA[90]]></item>
				<item id="title"><![CDATA[熱門主題欄目標題鏈接]]></item>
				<item id="description"><![CDATA[如不填寫則表示此格子欄目的標題無鏈接。]]></item>
				<item id="variable"><![CDATA[hotpost_url_7ree]]></item>
				<item id="type"><![CDATA[text]]></item>
				<item id="value"><![CDATA[]]></item>
				<item id="extra"><![CDATA[]]></item>
			</item>
			<item id="89">
				<item id="displayorder"><![CDATA[91]]></item>
				<item id="title"><![CDATA[精華主題欄目標題鏈接]]></item>
				<item id="description"><![CDATA[如不填寫則表示此格子欄目的標題無鏈接。]]></item>
				<item id="variable"><![CDATA[digpost_url_7ree]]></item>
				<item id="type"><![CDATA[text]]></item>
				<item id="value"><![CDATA[]]></item>
				<item id="extra"><![CDATA[]]></item>
			</item>
			<item id="90">
				<item id="displayorder"><![CDATA[92]]></item>
				<item id="title"><![CDATA[調用版塊一欄目標題鏈接]]></item>
				<item id="description"><![CDATA[如不填寫則表示此格子欄目的標題無鏈接。]]></item>
				<item id="variable"><![CDATA[diy1_url_7ree]]></item>
				<item id="type"><![CDATA[text]]></item>
				<item id="value"><![CDATA[]]></item>
				<item id="extra"><![CDATA[]]></item>
			</item>
			<item id="91">
				<item id="displayorder"><![CDATA[93]]></item>
				<item id="title"><![CDATA[調用版塊二欄目標題鏈接]]></item>
				<item id="description"><![CDATA[如不填寫則表示此格子欄目的標題無鏈接。]]></item>
				<item id="variable"><![CDATA[diy2_url_7ree]]></item>
				<item id="type"><![CDATA[text]]></item>
				<item id="value"><![CDATA[]]></item>
				<item id="extra"><![CDATA[]]></item>
			</item>
			<item id="92">
				<item id="displayorder"><![CDATA[94]]></item>
				<item id="title"><![CDATA[推薦主題欄目標題鏈接]]></item>
				<item id="description"><![CDATA[如不填寫則表示此格子欄目的標題無鏈接。]]></item>
				<item id="variable"><![CDATA[tuijian_url_7ree]]></item>
				<item id="type"><![CDATA[text]]></item>
				<item id="value"><![CDATA[]]></item>
				<item id="extra"><![CDATA[]]></item>
			</item>
			<item id="93">
				<item id="displayorder"><![CDATA[95]]></item>
				<item id="title"><![CDATA[活躍用戶欄目標題鏈接]]></item>
				<item id="description"><![CDATA[如不填寫則表示此格子欄目的標題無鏈接。]]></item>
				<item id="variable"><![CDATA[huoyue_url_7ree]]></item>
				<item id="type"><![CDATA[text]]></item>
				<item id="value"><![CDATA[]]></item>
				<item id="extra"><![CDATA[]]></item>
			</item>
			<item id="94">
				<item id="displayorder"><![CDATA[96]]></item>
				<item id="title"><![CDATA[積分排行欄目標題鏈接]]></item>
				<item id="description"><![CDATA[如不填寫則表示此格子欄目的標題無鏈接。]]></item>
				<item id="variable"><![CDATA[jifen_url_7ree]]></item>
				<item id="type"><![CDATA[text]]></item>
				<item id="value"><![CDATA[]]></item>
				<item id="extra"><![CDATA[]]></item>
			</item>
			<item id="95">
				<item id="displayorder"><![CDATA[97]]></item>
				<item id="title"><![CDATA[最新用戶欄目標題鏈接]]></item>
				<item id="description"><![CDATA[如不填寫則表示此格子欄目的標題無鏈接。]]></item>
				<item id="variable"><![CDATA[newbie_url_7ree]]></item>
				<item id="type"><![CDATA[text]]></item>
				<item id="value"><![CDATA[]]></item>
				<item id="extra"><![CDATA[]]></item>
			</item>
			<item id="96">
				<item id="displayorder"><![CDATA[98]]></item>
				<item id="title"><![CDATA[彈出層顯示查看回復數量]]></item>
				<item id="description"><![CDATA[]]></item>
				<item id="variable"><![CDATA[tips_repnum_7ree]]></item>
				<item id="type"><![CDATA[radio]]></item>
				<item id="value"><![CDATA[1]]></item>
				<item id="extra"><![CDATA[]]></item>
			</item>
			<item id="97">
				<item id="displayorder"><![CDATA[99]]></item>
				<item id="title"><![CDATA[開啟標題欄天氣預報]]></item>
				<item id="description"><![CDATA[顯示位置在首頁十二格標題欄左側
天氣預報會根據ip自動判斷所在地區]]></item>
				<item id="variable"><![CDATA[tianqi_7ree]]></item>
				<item id="type"><![CDATA[radio]]></item>
				<item id="value"><![CDATA[1]]></item>
				<item id="extra"><![CDATA[]]></item>
			</item>
			<item id="98">
				<item id="displayorder"><![CDATA[100]]></item>
				<item id="title"><![CDATA[天氣預報的寬度]]></item>
				<item id="description"><![CDATA[單位：px]]></item>
				<item id="variable"><![CDATA[tq_width_7ree]]></item>
				<item id="type"><![CDATA[number]]></item>
				<item id="value"><![CDATA[145]]></item>
				<item id="extra"><![CDATA[]]></item>
			</item>
		</item>
		<item id="language">
			<item id="scriptlang">
				<item id="logy_m_g"><![CDATA[<h2 style="text-align:-webkit-center;">
	<span style="color:#4C33E5;">推薦一個dz商</span><span style="color:#4C33E5;">業插件模版下載的</span><span style="color:#4C33E5;"></span><span style="color:#4C33E5;">網站給大家</span><a href="http://www.ymg6.com" target="_blank"><span style="color:#4C33E5;">源碼哥分享吧</span></a><span style="color:#4C33E5;">（www.ymg6.com）</span> 
</h2>
<h3 style="text-align:-webkit-center;">
	<span style="color:#E53333;">這</span><span style="color:#E53333;">是一個</span><span style="color:#E53333;">dz商業</span><a href="http://www.ymg6.com/forum.php?mod=forumdisplay&fid=2" target="_blank"><span style="color:#337FE5;">插</span><u><span style="color:#337FE5;"></span></u><span style="color:#337FE5;">件</span></a><a href="http://www.ymg6.com/forum.php?mod=forumdisplay&fid=36" target="_blank"><u><span style="color:#337FE5;">模</span></u><u><span style="color:#337FE5;"></span></u><u><span style="color:#337FE5;">版</span></u></a><span style="color:#E53333;">資源破解分享的網站，而且還有很多精品的網站源碼下載</span> 
</h3>
<h3 style="text-align:-webkit-center;">
	<span style="color:#E53333;">他們資源每天更新，并且很多都是他們自己出錢在應用中心購買后破解分享出來的</span><br />
</h3>
<h3>
	<div style="text-align:center;">
		<span style="color:#E53333;">不過還是替他們說一下</span> 
	</div>
	<div style="text-align:center;">
		<span style="color:#E53333;">&nbsp;他們站下載的資源只限于自己學習研究內含的設計思想和原理 請勿有任何商業盈利行為</span> 
	</div>
</h3>
<h3 style="text-align:center;">
	<span style="color:#999999;">介紹也介紹完了，給大家做個小導航吧</span> 
</h3>
<h3 style="text-align:center;">
	<span style="color:#337FE5;"><a href="http://www.ymg6.com/forum.php?mod=forumdisplay&fid=2" target="_blank">dz商業破解插件下載</a> &nbsp; <a href="http://www.ymg6.com/forum.php?mod=forumdisplay&fid=36" target="_blank">dz商業風格模版下載</a> &nbsp; &nbsp;<a href="http://www.ymg6.com/forum.php?mod=forumdisplay&fid=50" target="_blank">精品網站源碼下載</a> &nbsp; &nbsp;<a href="http://www.ymg6.com/forum.php?mod=forumdisplay&fid=51" target="_blank">工具素材下載</a></span><span style="color:#337FE5;">&nbsp; &nbsp; <a href="http://www.ymg6.com/forum.php?mod=forumdisplay&fid=41" target="_blank">精選教程區</a></span> 
</h3> ]]></item>
				<item id="php_lang_agree_7ree"><![CDATA[管理員必須同意柒瑞軟件產品用戶協議方可使用該插件，請在Discuz后臺插件管理處設置同意。]]></item>
				<item id="php_lang_week1_7ree"><![CDATA[星期一]]></item>
				<item id="php_lang_week2_7ree"><![CDATA[星期二]]></item>
				<item id="php_lang_week3_7ree"><![CDATA[星期三]]></item>
				<item id="php_lang_week4_7ree"><![CDATA[星期四]]></item>
				<item id="php_lang_week5_7ree"><![CDATA[星期五]]></item>
				<item id="php_lang_week6_7ree"><![CDATA[星期六]]></item>
				<item id="php_lang_week0_7ree"><![CDATA[星期日]]></item>
				<item id="php_lang_date_7ree"><![CDATA[Y年n月j日]]></item>
				<item id="php_lang_time_7ree"><![CDATA[G時i分]]></item>
				<item id="php_lang_nocache_7ree"><![CDATA[暫未獲取對應緩存文件，請嘗試刷新首頁重建。]]></item>
				<item id="php_lang_delpiccache_7ree"><![CDATA[恭喜你，成功清空“幻燈圖片”緩存文件，現在返回。]]></item>
				<item id="php_lang_delpostcache_7ree"><![CDATA[恭喜你，成功清空“主題帖子”緩存文件，現在返回。]]></item>
				<item id="php_lang_delrankcache_7ree"><![CDATA[恭喜你，成功清空“會員排行”緩存文件，現在返回。]]></item>
				<item id="php_lang_fen_7ree"><![CDATA[分]]></item>
				<item id="php_lang_tuisong_7ree"><![CDATA[推送到十二格]]></item>
				<item id="php_lang_tuisong2_7ree"><![CDATA[本主題已推送]]></item>
				<item id="php_more_lang_push_error_7ree"><![CDATA[本主題已經推送過了，請不要重復推送。]]></item>
				<item id="php_more_lang_push_success_7ree"><![CDATA[恭喜，推送成功了！]]></item>
				<item id="php_more_lang_unpush_success_7ree"><![CDATA[成功取消了主推的推送！]]></item>
				<item id="php_lang_pushadmin_error_7ree"><![CDATA[請先選擇需要取消推送的主題再提交操作，現在返回。]]></item>
				<item id="php_more_lang_production_7ree"><![CDATA[柒瑞插件產品]]></item>
				<item id="php_more_lang_free_7ree"><![CDATA[應用中心插件]]></item>
				<item id="php_more_lang_trade_7ree"><![CDATA[2012精品商業產品]]></item>
				<item id="php_more_lang_shangjia_7ree"><![CDATA[柒瑞已經在DISCUZ應用中心上架的產品]]></item>
				<item id="php_more_lang_baojia_7ree"><![CDATA[柒瑞《突破潛能·超越價值·騰飛夢想》系列精品商業插件產品]]></item>
				<item id="php_more_lang_moreinfo_7ree"><![CDATA[[ 了解詳情 ]]]></item>
				<item id="php_more_lang_service_7ree"><![CDATA[柒瑞公益服務]]></item>
				<item id="php_more_lang_logo_7ree"><![CDATA[網站LOGO制作]]></item>
				<item id="php_more_lang_logodetail_7ree"><![CDATA[幾年來，我們已經為上千位站長免費制作了LOGO]]></item>
				<item id="php_more_lang_analysis_7ree"><![CDATA[網站運營分析]]></item>
				<item id="php_more_lang_analysisdetail_7ree"><![CDATA[在網站運營過程中有任何困惑均可求助或交流，已經有上百位站長參與]]></item>
				<item id="php_more_lang_discuz_7ree"><![CDATA[DISCUZ問題解答]]></item>
				<item id="php_more_lang_discuzdetail_7ree"><![CDATA[Discuz及其插件安裝、使用的問題可以在這里尋求幫助]]></item>
				<item id="php_more_lang_about_7ree"><![CDATA[關于柒瑞]]></item>
				<item id="php_more_lang_trust_7ree"><![CDATA[信賴與責任]]></item>
				<item id="php_more_lang_trustdetail_7ree"><![CDATA[	柒瑞是Discuz! 開放平臺認證的企業開發者、康盛官方授權認可的第三方資源提供商和長期忠實合作伙伴，幾年來我們專業的discuz插件產品和優質服務已經得到了全球大量discuz站長的支持和認可，具有較強的影響力。
	我們的典型客戶有：卡巴斯基官方論壇、招商銀行、盛大游戲、中國電信**市分公司、中國移動**市分公司、中國聯通**市分公司、**市廣電局、**市旅游局、北京協和醫院、21CN論壇、電腦報官方論壇、硅谷動力論壇、電玩巴士、中華網汽車論壇、中少論壇、中國書法網、東林書院、綠森數碼商城、深圳論壇、濟南論壇、YY公會聯盟、DOD不死血戰工會、永恒國度工會……]]></item>
				<item id="php_more_lang_detailinfo_7ree"><![CDATA[[更多]]]></item>
				<item id="php_more_lang_siteweibo_7ree"><![CDATA[官網&微博]]></item>
				<item id="php_more_lang_site_7ree"><![CDATA[柒瑞官網：]]></item>
				<item id="php_more_lang_weibo_7ree"><![CDATA[官方微博：]]></item>
				<item id="php_more_lang_qqweibo_7ree"><![CDATA[騰訊微博]]></item>
				<item id="php_more_lang_sinaweibo_7ree"><![CDATA[新浪微博]]></item>
				<item id="php_more_lang_club_7ree"><![CDATA[QQ群]]></item>
				<item id="php_more_lang_qqqun_7ree"><![CDATA[柒瑞活躍站長超級群]]></item>
				<item id="php_more_lang_qqcopy_7ree"><![CDATA[點擊復制QQ群號]]></item>
				<item id="php_more_lang_qqtip_7ree"><![CDATA[QQ群號已經復制到剪貼板]]></item>
				<item id="php_more_lang_qqnotice_7ree"><![CDATA[（申請入群請輸入驗證信息：7ree，否則不予通過）]]></item>
				<item id="php_more_lang_document_7ree"><![CDATA[法律文書]]></item>
				<item id="php_more_lang_agreement_7ree"><![CDATA[柒瑞終端用戶協議]]></item>
				<item id="php_more_lang_lawyer_7ree"><![CDATA[法律顧問]]></item>
				<item id="php_more_lang_wuxingliang_7ree"><![CDATA[吳興亮]]></item>
				<item id="php_more_lang_appdy1_7ree"><![CDATA[柒瑞應用動態(24小時]]></item>
				<item id="php_more_lang_appdy2_7ree"><![CDATA[條)]]></item>
				<item id="php_more_lang_yu_7ree"><![CDATA[于]]></item>
				<item id="php_more_lang_cong_7ree"><![CDATA[從]]></item>
				<item id="php_more_lang_zhongxin_7ree"><![CDATA[應用中心]]></item>
				<item id="php_more_lang_anzhuang_7ree"><![CDATA[安裝了]]></item>
				<item id="php_more_lang_gengxin_7ree"><![CDATA[更新于]]></item>
				<item id="php_more_lang_dytitle1_7ree"><![CDATA[截止現在(]]></item>
				<item id="php_more_lang_dytitle2_7ree"><![CDATA[)柒瑞在應用中心共計]]></item>
				<item id="php_more_lang_dytitle3_7ree"><![CDATA[款產品深受好評，并被]]></item>
				<item id="php_more_lang_dytitle4_7ree"><![CDATA[個網站安裝使用！]]></item>
			</item>
			<item id="templatelang">
				<item id="htm_lang_guesttip_7ree"><![CDATA[親，快登錄吧！ 登錄后就可瀏覽更多精彩內容…… ^o^]]></item>
				<item id="htm_lang_desktopshotcut_7ree"><![CDATA[下載桌面快捷訪問]]></item>
				<item id="htm_lang_onoff_7ree"><![CDATA[收起、展開十二格]]></item>
				<item id="htm_lang_replyad_7ree"><![CDATA[重播頂部橫幅廣告]]></item>
				<item id="htm_lang_healthtip_7ree"><![CDATA[『健康時刻』]]></item>
				<item id="htm_lang_bankuai_7ree"><![CDATA[版塊：]]></item>
				<item id="htm_lang_zuozhe_7ree"><![CDATA[作者：]]></item>
				<item id="htm_lang_shijian_7ree"><![CDATA[時間：]]></item>
				<item id="htm_lang_liulan_7ree"><![CDATA[瀏覽：]]></item>
				<item id="htm_lang_huifu_7ree"><![CDATA[回復：]]></item>
				<item id="htm_lang_ci_7ree"><![CDATA[次]]></item>
				<item id="htm_lang_healthtip0_7ree"><![CDATA[0點~1點：進入睡眠狀態，充分恢復體能。]]></item>
				<item id="htm_lang_healthtip1_7ree"><![CDATA[1點~2點：人體進入淺睡眠階段，易醒，對痛覺特別敏感。]]></item>
				<item id="htm_lang_healthtip2_7ree"><![CDATA[ 體內大部分器官處于一天中工作最慢的時刻。肝臟緊張地工作，為人體排毒。]]></item>
				<item id="htm_lang_healthtip3_7ree"><![CDATA[3點~4點：全身處于休息狀態，肌肉完全放松。]]></item>
				<item id="htm_lang_healthtip4_7ree"><![CDATA[4點~5點：血壓最低，人體腦部供血最少。所以，此時老年人容易發生心腦血管意外。]]></item>
				<item id="htm_lang_healthtip5_7ree"><![CDATA[5點~6點：經歷了一定時間的睡眠，人體得到了充分休息。此時起床，顯得精神飽滿。]]></item>
				<item id="htm_lang_healthtip6_7ree"><![CDATA[6點~7點：血壓開始升高，心跳也逐漸加快。]]></item>
				<item id="htm_lang_healthtip7_7ree"><![CDATA[7點~8點：體溫開始上升，人體免疫力最強。]]></item>
				<item id="htm_lang_healthtip8_7ree"><![CDATA[8點~9點：皮膚有毒物質排除殆盡，性激素含量最高。]]></item>
				<item id="htm_lang_healthtip9_7ree"><![CDATA[9點~10點：皮膚痛覺降低。此時是就醫注射的好時機。]]></item>
				<item id="htm_lang_healthtip10_7ree"><![CDATA[10點~11點：精力充沛，最適宜工作。]]></item>
				<item id="htm_lang_healthtip11_7ree"><![CDATA[11點~12點：精力最旺盛，人體不易感覺疲勞。]]></item>
				<item id="htm_lang_healthtip12_7ree"><![CDATA[12點~13點：經歷了一個上午的工作，人體需要休息。]]></item>
				<item id="htm_lang_healthtip13_7ree"><![CDATA[13點~14點：胃液分泌最多，胃腸加緊工作，適宜進餐，稍感疲乏，需要短時間的休息。]]></item>
				<item id="htm_lang_healthtip14_7ree"><![CDATA[14點~15點：人體應激能力下降，全身反應遲鈍。]]></item>
				<item id="htm_lang_healthtip15_7ree"><![CDATA[15點~16點：體溫最高，工作能力開始恢復。]]></item>
				<item id="htm_lang_healthtip16_7ree"><![CDATA[16點~17點：血糖升高，臉部最紅。]]></item>
				<item id="htm_lang_healthtip17_7ree"><![CDATA[17點~18點：工作效率最高，肺部呼吸運動最活躍，適宜進行體育鍛煉。]]></item>
				<item id="htm_lang_healthtip18_7ree"><![CDATA[18點~19點：人體痛覺再度降低。]]></item>
				<item id="htm_lang_healthtip19_7ree"><![CDATA[19點~20點：血壓略有升高。此時，人們情緒最不穩定。]]></item>
				<item id="htm_lang_healthtip20_7ree"><![CDATA[20點~21點：記憶力最強，大腦反應異常迅速。]]></item>
				<item id="htm_lang_healthtip21_7ree"><![CDATA[21點~22點：腦神經反應活躍，適宜學習和記憶。]]></item>
				<item id="htm_lang_healthtip22_7ree"><![CDATA[22點~23點：呼吸開始減慢，體溫逐漸下降。]]></item>
				<item id="htm_lang_healthtip23_7ree"><![CDATA[23點~24點：機體功能處于休息狀態，一天的疲勞開始緩解。]]></item>
				<item id="htm_lang_tie_7ree"><![CDATA[帖]]></item>
				<item id="htm_lang_fen_7ree"><![CDATA[分]]></item>
				<item id="htm_lang_delcache_7ree"><![CDATA[清空十二格緩存]]></item>
				<item id="htm_lang_cachetime_7ree"><![CDATA[緩存建立時間]]></item>
				<item id="htm_lang_cachecycle_7ree"><![CDATA[當前緩存周期為：]]></item>
				<item id="htm_lang_cachefenzhong_7ree"><![CDATA[分鐘]]></item>
				<item id="htm_lang_cachepic_7ree"><![CDATA[幻燈圖片緩存]]></item>
				<item id="htm_lang_cachepost_7ree"><![CDATA[主題帖子緩存]]></item>
				<item id="htm_lang_cacherank_7ree"><![CDATA[會員排行緩存]]></item>
				<item id="htm_lang_delcachepic_7ree"><![CDATA[您確定要清空幻燈圖片緩存文件嗎？\n清空后，刷新首頁緩存會再次自動生成。]]></item>
				<item id="htm_lang_delcachepost_7ree"><![CDATA[您確定要清空主題帖子緩存文件嗎？\n清空后，刷新首頁緩存會再次自動生成。]]></item>
				<item id="htm_lang_delcacherank_7ree"><![CDATA[您確定要清空會員排行緩存文件嗎？\n清空后，刷新首頁緩存會再次自動生成。]]></item>
				<item id="htm_lang_delpicbtn_7ree"><![CDATA[清空幻燈圖片緩存]]></item>
				<item id="htm_lang_delpostbtn_7ree"><![CDATA[清空主題帖子緩存]]></item>
				<item id="htm_lang_delrankbtn_7ree"><![CDATA[清空會員排行緩存]]></item>
				<item id="htm_lang_tuititle_7ree"><![CDATA[管理操作提示]]></item>
				<item id="htm_lang_tuitips_7ree"><![CDATA[本操作將把當前帖子推送到首頁十二格的《推薦主題》欄目]]></item>
				<item id="htm_lang_tuitbtn_yes_7ree"><![CDATA[確認]]></item>
				<item id="htm_lang_tuitbtn_no_7ree"><![CDATA[取消]]></item>
				<item id="htm_lang_pushadmin_title_7ree"><![CDATA[溫馨提示]]></item>
				<item id="htm_lang_pushadmin_tips1_7ree"><![CDATA[請在前臺對主題執行推送操作，推送后主題會顯示在十二格的《推薦主題》欄目]]></item>
				<item id="htm_lang_pushadmin_tips2_7ree"><![CDATA[如果不想在柒瑞首頁十二格中顯示《推薦主題》欄目，可在后臺設置中取消]]></item>
				<item id="htm_lang_pushadmin_tips3_7ree"><![CDATA[您也可以在后臺設置中改變《推薦主題》欄目在柒瑞首頁十二格中顯示位置]]></item>
				<item id="htm_lang_pushadmin_zhuti_7ree"><![CDATA[主題]]></item>
				<item id="htm_lang_pushadmin_zuozhe_7ree"><![CDATA[作者]]></item>
				<item id="htm_lang_pushadmin_bankuai_7ree"><![CDATA[版塊]]></item>
				<item id="htm_lang_pushadmin_shijian_7ree"><![CDATA[發帖時間]]></item>
				<item id="htm_lang_pushadmin_guanli_7ree"><![CDATA[管理操作]]></item>
				<item id="htm_lang_pushadmin_quxiao_7ree"><![CDATA[取消推送]]></item>
				<item id="htm_lang_pushadmin_queren_7ree"><![CDATA[操作確認]]></item>
				<item id="htm_lang_pushadmin_queren1_7ree"><![CDATA[您確認要取消主題《]]></item>
				<item id="htm_lang_pushadmin_queren2_7ree"><![CDATA[》的推送嗎？]]></item>
				<item id="htm_lang_pushadmin_quanxuan_7ree"><![CDATA[全選]]></item>
				<item id="htm_lang_pushadmin_quxiaoyixuan_7ree"><![CDATA[取消已選主題的推送]]></item>
			</item>
		</item>
		<item id="installfile"><![CDATA[install.php]]></item>
		<item id="uninstallfile"><![CDATA[uninstall.php]]></item>
		<item id="upgradefile"><![CDATA[upgrade.php]]></item>
	</item>
</root>