﻿<?xml version="1.0" encoding="ISO-8859-1"?>
<root>
	<item id="Title"><![CDATA[Discuz! Plugin]]></item>
	<item id="Version"><![CDATA[X2,X2.5,X3,X3.1,X3.2,F1.0]]></item>
	<item id="Time"><![CDATA[2016-10-25 12:57]]></item>
	<item id="From"><![CDATA[分享吧（www.fx8.cc）]]></item>
	<item id="Data">
		<item id="plugin">
			<item id="available"><![CDATA[1]]></item>
			<item id="adminid"><![CDATA[1]]></item>
			<item id="name"><![CDATA[源碼哥_微信婚戀交友平臺]]></item>
			<item id="identifier"><![CDATA[tom_love]]></item>
			<item id="description"><![CDATA[地方微信婚戀交友平臺]]></item>
			<item id="datatables"><![CDATA[]]></item>
			<item id="directory"><![CDATA[tom_love/]]></item>
			<item id="copyright"><![CDATA[源碼哥（www.ymg6.com）]]></item>
			<item id="version"><![CDATA[4.0]]></item>
			<item id="__modules">
				<item id="59">
					<item id="name"><![CDATA[myyapmagoo]]></item>
					<item id="menu"><![CDATA[<span style="color:#E53333;"><b>源碼哥</b></span>]]></item>
					<item id="url"><![CDATA[]]></item>
					<item id="type"><![CDATA[3]]></item>
					<item id="adminid"><![CDATA[0]]></item>
					<item id="displayorder"><![CDATA[0]]></item>
					<item id="navtitle"><![CDATA[]]></item>
					<item id="navicon"><![CDATA[]]></item>
					<item id="navsubname"><![CDATA[]]></item>
					<item id="navsuburl"><![CDATA[]]></item>
				</item>
				<item id="0">
					<item id="name"><![CDATA[pc]]></item>
					<item id="param"><![CDATA[]]></item>
					<item id="menu"><![CDATA[婚戀交友]]></item>
					<item id="url"><![CDATA[]]></item>
					<item id="type"><![CDATA[1]]></item>
					<item id="adminid"><![CDATA[0]]></item>
					<item id="displayorder"><![CDATA[0]]></item>
					<item id="navtitle"><![CDATA[]]></item>
					<item id="navicon"><![CDATA[]]></item>
					<item id="navsubname"><![CDATA[]]></item>
					<item id="navsuburl"><![CDATA[]]></item>
				</item>
				<item id="1">
					<item id="name"><![CDATA[admin]]></item>
					<item id="param"><![CDATA[tmod=user]]></item>
					<item id="menu"><![CDATA[會員管理]]></item>
					<item id="url"><![CDATA[]]></item>
					<item id="type"><![CDATA[3]]></item>
					<item id="adminid"><![CDATA[0]]></item>
					<item id="displayorder"><![CDATA[1]]></item>
					<item id="navtitle"><![CDATA[]]></item>
					<item id="navicon"><![CDATA[]]></item>
					<item id="navsubname"><![CDATA[]]></item>
					<item id="navsuburl"><![CDATA[]]></item>
				</item>
				<item id="2">
					<item id="name"><![CDATA[admin]]></item>
					<item id="param"><![CDATA[tmod=ss]]></item>
					<item id="menu"><![CDATA[說說管理]]></item>
					<item id="url"><![CDATA[]]></item>
					<item id="type"><![CDATA[3]]></item>
					<item id="adminid"><![CDATA[0]]></item>
					<item id="displayorder"><![CDATA[2]]></item>
					<item id="navtitle"><![CDATA[]]></item>
					<item id="navicon"><![CDATA[]]></item>
					<item id="navsubname"><![CDATA[]]></item>
					<item id="navsuburl"><![CDATA[]]></item>
				</item>
				<item id="3">
					<item id="name"><![CDATA[admin]]></item>
					<item id="param"><![CDATA[tmod=rec]]></item>
					<item id="menu"><![CDATA[申請推薦]]></item>
					<item id="url"><![CDATA[]]></item>
					<item id="type"><![CDATA[3]]></item>
					<item id="adminid"><![CDATA[0]]></item>
					<item id="displayorder"><![CDATA[3]]></item>
					<item id="navtitle"><![CDATA[]]></item>
					<item id="navicon"><![CDATA[]]></item>
					<item id="navsubname"><![CDATA[]]></item>
					<item id="navsuburl"><![CDATA[]]></item>
				</item>
				<item id="4">
					<item id="name"><![CDATA[admin]]></item>
					<item id="param"><![CDATA[tmod=rz]]></item>
					<item id="menu"><![CDATA[申請認證]]></item>
					<item id="url"><![CDATA[]]></item>
					<item id="type"><![CDATA[3]]></item>
					<item id="adminid"><![CDATA[0]]></item>
					<item id="displayorder"><![CDATA[4]]></item>
					<item id="navtitle"><![CDATA[]]></item>
					<item id="navicon"><![CDATA[]]></item>
					<item id="navsubname"><![CDATA[]]></item>
					<item id="navsuburl"><![CDATA[]]></item>
				</item>
				<item id="5">
					<item id="name"><![CDATA[admin]]></item>
					<item id="param"><![CDATA[tmod=addon]]></item>
					<item id="menu"><![CDATA[微信營銷專區]]></item>
					<item id="url"><![CDATA[]]></item>
					<item id="type"><![CDATA[3]]></item>
					<item id="adminid"><![CDATA[0]]></item>
					<item id="displayorder"><![CDATA[5]]></item>
					<item id="navtitle"><![CDATA[]]></item>
					<item id="navicon"><![CDATA[]]></item>
					<item id="navsubname"><![CDATA[]]></item>
					<item id="navsuburl"><![CDATA[]]></item>
				</item>
			</item>
		</item>
		<item id="version"><![CDATA[X2,X2.5,X3,X3.1,X3.2,F1.0]]></item>
		<item id="var">
			<item id="0">
				<item id="displayorder"><![CDATA[1]]></item>
				<item id="title"><![CDATA[應用標題]]></item>
				<item id="description"><![CDATA[]]></item>
				<item id="variable"><![CDATA[plugin_name]]></item>
				<item id="type"><![CDATA[text]]></item>
				<item id="value"><![CDATA[微信婚戀交友平臺]]></item>
				<item id="extra"><![CDATA[]]></item>
			</item>
			<item id="1">
				<item id="displayorder"><![CDATA[2]]></item>
				<item id="title"><![CDATA[論壇名稱]]></item>
				<item id="description"><![CDATA[填寫你的論壇主站名稱（注冊登錄時，提示主站名）]]></item>
				<item id="variable"><![CDATA[bbs_site_name]]></item>
				<item id="type"><![CDATA[text]]></item>
				<item id="value"><![CDATA[TOM微信]]></item>
				<item id="extra"><![CDATA[]]></item>
			</item>
			<item id="2">
				<item id="displayorder"><![CDATA[3]]></item>
				<item id="title"><![CDATA[積分別名]]></item>
				<item id="description"><![CDATA[]]></item>
				<item id="variable"><![CDATA[score_name]]></item>
				<item id="type"><![CDATA[text]]></item>
				<item id="value"><![CDATA[金幣]]></item>
				<item id="extra"><![CDATA[]]></item>
			</item>
			<item id="3">
				<item id="displayorder"><![CDATA[11]]></item>
				<item id="title"><![CDATA[新用戶贈送積分]]></item>
				<item id="description"><![CDATA[填寫新用戶注冊時贈送的積分數量]]></item>
				<item id="variable"><![CDATA[score_num]]></item>
				<item id="type"><![CDATA[number]]></item>
				<item id="value"><![CDATA[100]]></item>
				<item id="extra"><![CDATA[]]></item>
			</item>
			<item id="4">
				<item id="displayorder"><![CDATA[12]]></item>
				<item id="title"><![CDATA[允許上傳照片張數]]></item>
				<item id="description"><![CDATA[]]></item>
				<item id="variable"><![CDATA[pic_num]]></item>
				<item id="type"><![CDATA[number]]></item>
				<item id="value"><![CDATA[9]]></item>
				<item id="extra"><![CDATA[]]></item>
			</item>
			<item id="5">
				<item id="displayorder"><![CDATA[13]]></item>
				<item id="title"><![CDATA[指定默認搜索地區]]></item>
				<item id="description"><![CDATA[指定前臺搜索頁面，默認搜索地區]]></item>
				<item id="variable"><![CDATA[search_district]]></item>
				<item id="type"><![CDATA[text]]></item>
				<item id="value"><![CDATA[上海]]></item>
				<item id="extra"><![CDATA[]]></item>
			</item>
			<item id="6">
				<item id="displayorder"><![CDATA[14]]></item>
				<item id="title"><![CDATA[上傳圖片尺寸限制]]></item>
				<item id="description"><![CDATA[設置允許上傳圖片的尺寸，單位（kb）]]></item>
				<item id="variable"><![CDATA[max_upload_size]]></item>
				<item id="type"><![CDATA[number]]></item>
				<item id="value"><![CDATA[2000]]></item>
				<item id="extra"><![CDATA[]]></item>
			</item>
			<item id="7">
				<item id="displayorder"><![CDATA[14]]></item>
				<item id="title"><![CDATA[服務器端圖片壓縮尺寸]]></item>
				<item id="description"><![CDATA[設置上傳服務器的圖片壓縮尺寸]]></item>
				<item id="variable"><![CDATA[server_yasu_size]]></item>
				<item id="type"><![CDATA[number]]></item>
				<item id="value"><![CDATA[640]]></item>
				<item id="extra"><![CDATA[]]></item>
			</item>
			<item id="8">
				<item id="displayorder"><![CDATA[15]]></item>
				<item id="title"><![CDATA[年齡計算方式]]></item>
				<item id="description"><![CDATA[選擇年齡計算方式]]></item>
				<item id="variable"><![CDATA[age_type_id]]></item>
				<item id="type"><![CDATA[select]]></item>
				<item id="value"><![CDATA[1]]></item>
				<item id="extra"><![CDATA[1=當前年份減去出生年份
2=當前年份減去出生年份加一]]></item>
			</item>
			<item id="9">
				<item id="displayorder"><![CDATA[16]]></item>
				<item id="title"><![CDATA[排行榜調用數量]]></item>
				<item id="description"><![CDATA[設置鮮花排行榜、暗戀排行榜調用的數量]]></item>
				<item id="variable"><![CDATA[phb_num]]></item>
				<item id="type"><![CDATA[number]]></item>
				<item id="value"><![CDATA[10]]></item>
				<item id="extra"><![CDATA[]]></item>
			</item>
			<item id="10">
				<item id="displayorder"><![CDATA[21]]></item>
				<item id="title"><![CDATA[用戶必須認證]]></item>
				<item id="description"><![CDATA[]]></item>
				<item id="variable"><![CDATA[must_renzheng]]></item>
				<item id="type"><![CDATA[radio]]></item>
				<item id="value"><![CDATA[0]]></item>
				<item id="extra"><![CDATA[]]></item>
			</item>
			<item id="11">
				<item id="displayorder"><![CDATA[22]]></item>
				<item id="title"><![CDATA[必須完善資料]]></item>
				<item id="description"><![CDATA[]]></item>
				<item id="variable"><![CDATA[must_info]]></item>
				<item id="type"><![CDATA[radio]]></item>
				<item id="value"><![CDATA[1]]></item>
				<item id="extra"><![CDATA[]]></item>
			</item>
			<item id="12">
				<item id="displayorder"><![CDATA[25]]></item>
				<item id="title"><![CDATA[認證必須上傳身份證照片]]></item>
				<item id="description"><![CDATA[]]></item>
				<item id="variable"><![CDATA[renzheng_sfz]]></item>
				<item id="type"><![CDATA[radio]]></item>
				<item id="value"><![CDATA[0]]></item>
				<item id="extra"><![CDATA[]]></item>
			</item>
			<item id="13">
				<item id="displayorder"><![CDATA[26]]></item>
				<item id="title"><![CDATA[開啟QQ登錄]]></item>
				<item id="description"><![CDATA[開啟QQ登錄，需要你論壇本身就開啟了QQ互聯，并且設置OK，否則不能使用
【請確定你論壇手機版QQ登錄正常，否則不能正常使用】]]></item>
				<item id="variable"><![CDATA[open_qq_login]]></item>
				<item id="type"><![CDATA[radio]]></item>
				<item id="value"><![CDATA[0]]></item>
				<item id="extra"><![CDATA[]]></item>
			</item>
			<item id="14">
				<item id="displayorder"><![CDATA[27]]></item>
				<item id="title"><![CDATA[開啟微信登錄]]></item>
				<item id="description"><![CDATA[開啟微信登錄，需要認證的服務號支持
必須填寫認證服務號的appid、appsecret、和認證服務號的網頁授權域名，否則不能正常使用。]]></item>
				<item id="variable"><![CDATA[open_wx_login]]></item>
				<item id="type"><![CDATA[radio]]></item>
				<item id="value"><![CDATA[0]]></item>
				<item id="extra"><![CDATA[]]></item>
			</item>
			<item id="15">
				<item id="displayorder"><![CDATA[31]]></item>
				<item id="title"><![CDATA[認證消耗金幣]]></item>
				<item id="description"><![CDATA[]]></item>
				<item id="variable"><![CDATA[renzheng_score]]></item>
				<item id="type"><![CDATA[number]]></item>
				<item id="value"><![CDATA[1]]></item>
				<item id="extra"><![CDATA[]]></item>
			</item>
			<item id="16">
				<item id="displayorder"><![CDATA[32]]></item>
				<item id="title"><![CDATA[推薦消耗金幣]]></item>
				<item id="description"><![CDATA[]]></item>
				<item id="variable"><![CDATA[rec_score]]></item>
				<item id="type"><![CDATA[number]]></item>
				<item id="value"><![CDATA[1]]></item>
				<item id="extra"><![CDATA[]]></item>
			</item>
			<item id="17">
				<item id="displayorder"><![CDATA[33]]></item>
				<item id="title"><![CDATA[暗戀消耗金幣]]></item>
				<item id="description"><![CDATA[]]></item>
				<item id="variable"><![CDATA[anlian_score]]></item>
				<item id="type"><![CDATA[number]]></item>
				<item id="value"><![CDATA[1]]></item>
				<item id="extra"><![CDATA[]]></item>
			</item>
			<item id="18">
				<item id="displayorder"><![CDATA[34]]></item>
				<item id="title"><![CDATA[查看聯系方式消耗金幣]]></item>
				<item id="description"><![CDATA[]]></item>
				<item id="variable"><![CDATA[contact_score]]></item>
				<item id="type"><![CDATA[number]]></item>
				<item id="value"><![CDATA[1]]></item>
				<item id="extra"><![CDATA[]]></item>
			</item>
			<item id="19">
				<item id="displayorder"><![CDATA[35]]></item>
				<item id="title"><![CDATA[打招呼消耗金幣]]></item>
				<item id="description"><![CDATA[]]></item>
				<item id="variable"><![CDATA[hello_score]]></item>
				<item id="type"><![CDATA[number]]></item>
				<item id="value"><![CDATA[1]]></item>
				<item id="extra"><![CDATA[]]></item>
			</item>
			<item id="20">
				<item id="displayorder"><![CDATA[36]]></item>
				<item id="title"><![CDATA[1朵鮮花等于多少金幣]]></item>
				<item id="description"><![CDATA[]]></item>
				<item id="variable"><![CDATA[flowers_score]]></item>
				<item id="type"><![CDATA[number]]></item>
				<item id="value"><![CDATA[1]]></item>
				<item id="extra"><![CDATA[]]></item>
			</item>
			<item id="21">
				<item id="displayorder"><![CDATA[37]]></item>
				<item id="title"><![CDATA[發布說說消耗金幣]]></item>
				<item id="description"><![CDATA[]]></item>
				<item id="variable"><![CDATA[shuoshuo_score]]></item>
				<item id="type"><![CDATA[number]]></item>
				<item id="value"><![CDATA[1]]></item>
				<item id="extra"><![CDATA[]]></item>
			</item>
			<item id="22">
				<item id="displayorder"><![CDATA[38]]></item>
				<item id="title"><![CDATA[首次發起消息消耗金幣]]></item>
				<item id="description"><![CDATA[設置首次發起消息扣除金幣數。
【如果已經打過招呼，后發消息，不算首次發起消息】]]></item>
				<item id="variable"><![CDATA[first_sms_score]]></item>
				<item id="type"><![CDATA[number]]></item>
				<item id="value"><![CDATA[1]]></item>
				<item id="extra"><![CDATA[]]></item>
			</item>
			<item id="23">
				<item id="displayorder"><![CDATA[41]]></item>
				<item id="title"><![CDATA[開啟論壇積分充值]]></item>
				<item id="description"><![CDATA[]]></item>
				<item id="variable"><![CDATA[score_recharge]]></item>
				<item id="type"><![CDATA[radio]]></item>
				<item id="value"><![CDATA[0]]></item>
				<item id="extra"><![CDATA[]]></item>
			</item>
			<item id="24">
				<item id="displayorder"><![CDATA[42]]></item>
				<item id="title"><![CDATA[論壇積分充值積分類型]]></item>
				<item id="description"><![CDATA[]]></item>
				<item id="variable"><![CDATA[bbs_score_type]]></item>
				<item id="type"><![CDATA[extcredit]]></item>
				<item id="value"><![CDATA[1]]></item>
				<item id="extra"><![CDATA[]]></item>
			</item>
			<item id="25">
				<item id="displayorder"><![CDATA[43]]></item>
				<item id="title"><![CDATA[一論壇積分兌換金幣數]]></item>
				<item id="description"><![CDATA[]]></item>
				<item id="variable"><![CDATA[bbs_score_scale]]></item>
				<item id="type"><![CDATA[number]]></item>
				<item id="value"><![CDATA[10]]></item>
				<item id="extra"><![CDATA[]]></item>
			</item>
			<item id="26">
				<item id="displayorder"><![CDATA[50]]></item>
				<item id="title"><![CDATA[開啟分享增加金幣]]></item>
				<item id="description"><![CDATA[只有認證公眾賬號才能開啟分享增加金幣]]></item>
				<item id="variable"><![CDATA[share_score_s]]></item>
				<item id="type"><![CDATA[radio]]></item>
				<item id="value"><![CDATA[0]]></item>
				<item id="extra"><![CDATA[]]></item>
			</item>
			<item id="27">
				<item id="displayorder"><![CDATA[51]]></item>
				<item id="title"><![CDATA[微信公眾賬號appid]]></item>
				<item id="description"><![CDATA[開啟分享增加金幣必填]]></item>
				<item id="variable"><![CDATA[love_appid]]></item>
				<item id="type"><![CDATA[text]]></item>
				<item id="value"><![CDATA[]]></item>
				<item id="extra"><![CDATA[]]></item>
			</item>
			<item id="28">
				<item id="displayorder"><![CDATA[52]]></item>
				<item id="title"><![CDATA[微信公眾賬號appsecret]]></item>
				<item id="description"><![CDATA[開啟分享增加金幣必填]]></item>
				<item id="variable"><![CDATA[love_appsecret]]></item>
				<item id="type"><![CDATA[text]]></item>
				<item id="value"><![CDATA[]]></item>
				<item id="extra"><![CDATA[]]></item>
			</item>
			<item id="29">
				<item id="displayorder"><![CDATA[53]]></item>
				<item id="title"><![CDATA[用戶分享標題]]></item>
				<item id="description"><![CDATA[]]></item>
				<item id="variable"><![CDATA[share_title]]></item>
				<item id="type"><![CDATA[text]]></item>
				<item id="value"><![CDATA[婚戀交友平臺]]></item>
				<item id="extra"><![CDATA[]]></item>
			</item>
			<item id="30">
				<item id="displayorder"><![CDATA[54]]></item>
				<item id="title"><![CDATA[分享圖片]]></item>
				<item id="description"><![CDATA[]]></item>
				<item id="variable"><![CDATA[share_logo]]></item>
				<item id="type"><![CDATA[text]]></item>
				<item id="value"><![CDATA[]]></item>
				<item id="extra"><![CDATA[]]></item>
			</item>
			<item id="31">
				<item id="displayorder"><![CDATA[55]]></item>
				<item id="title"><![CDATA[用戶分享描述]]></item>
				<item id="description"><![CDATA[]]></item>
				<item id="variable"><![CDATA[share_desc]]></item>
				<item id="type"><![CDATA[text]]></item>
				<item id="value"><![CDATA[婚戀交友平臺描述]]></item>
				<item id="extra"><![CDATA[]]></item>
			</item>
			<item id="32">
				<item id="displayorder"><![CDATA[56]]></item>
				<item id="title"><![CDATA[每日有效分享次數]]></item>
				<item id="description"><![CDATA[]]></item>
				<item id="variable"><![CDATA[share_time]]></item>
				<item id="type"><![CDATA[number]]></item>
				<item id="value"><![CDATA[2]]></item>
				<item id="extra"><![CDATA[]]></item>
			</item>
			<item id="33">
				<item id="displayorder"><![CDATA[57]]></item>
				<item id="title"><![CDATA[每次分享獲得金幣數]]></item>
				<item id="description"><![CDATA[設置用戶每次分享時獲得的金幣數]]></item>
				<item id="variable"><![CDATA[share_score_num]]></item>
				<item id="type"><![CDATA[number]]></item>
				<item id="value"><![CDATA[1]]></item>
				<item id="extra"><![CDATA[]]></item>
			</item>
			<item id="34">
				<item id="displayorder"><![CDATA[61]]></item>
				<item id="title"><![CDATA[金幣充值說明]]></item>
				<item id="description"><![CDATA[]]></item>
				<item id="variable"><![CDATA[score_page]]></item>
				<item id="type"><![CDATA[textarea]]></item>
				<item id="value"><![CDATA[[color=#E60]金幣充值[/color]
一元 = 10金幣

在線客服：QQ:12345678  微信：aaaaa

在線支付：
   支付寶賬號：**********@**.com

匯款支付：
   中國銀行：XXXXXXXXXXXXXXXX]]></item>
				<item id="extra"><![CDATA[]]></item>
			</item>
			<item id="35">
				<item id="displayorder"><![CDATA[62]]></item>
				<item id="title"><![CDATA[申請認證說明]]></item>
				<item id="description"><![CDATA[]]></item>
				<item id="variable"><![CDATA[renzheng]]></item>
				<item id="type"><![CDATA[textarea]]></item>
				<item id="value"><![CDATA[請認真填寫下面的認證資料，然后提交等待官方審核。
認證咨詢：QQ：123456]]></item>
				<item id="extra"><![CDATA[]]></item>
			</item>
			<item id="36">
				<item id="displayorder"><![CDATA[63]]></item>
				<item id="title"><![CDATA[分享賺金幣說明]]></item>
				<item id="description"><![CDATA[]]></item>
				<item id="variable"><![CDATA[share_page]]></item>
				<item id="type"><![CDATA[textarea]]></item>
				<item id="value"><![CDATA[[color=#E60]朋友圈分享[/color]
點擊右上角的 “...”，選中[color=#E60]分享到朋友圈[/color]，分享成功后即可獲得1金幣。]]></item>
				<item id="extra"><![CDATA[]]></item>
			</item>
			<item id="37">
				<item id="displayorder"><![CDATA[64]]></item>
				<item id="title"><![CDATA[打招呼內容]]></item>
				<item id="description"><![CDATA[回車多行，隨機選擇發送]]></item>
				<item id="variable"><![CDATA[hello_txt]]></item>
				<item id="type"><![CDATA[textarea]]></item>
				<item id="value"><![CDATA[hello
你好
認識一下吧]]></item>
				<item id="extra"><![CDATA[]]></item>
			</item>
			<item id="38">
				<item id="displayorder"><![CDATA[66]]></item>
				<item id="title"><![CDATA[注冊提示信息]]></item>
				<item id="description"><![CDATA[]]></item>
				<item id="variable"><![CDATA[register_msg]]></item>
				<item id="type"><![CDATA[textarea]]></item>
				<item id="value"><![CDATA[舊交友平臺用戶需要需要從公眾賬號進入，注冊、登錄XX網賬號，才能綁定舊交友平臺會員數據]]></item>
				<item id="extra"><![CDATA[]]></item>
			</item>
			<item id="39">
				<item id="displayorder"><![CDATA[71]]></item>
				<item id="title"><![CDATA[首頁列表上方廣告位]]></item>
				<item id="description"><![CDATA[直接填寫HTML廣告代碼
【留空不顯示廣告位】]]></item>
				<item id="variable"><![CDATA[index_adbox_1]]></item>
				<item id="type"><![CDATA[textarea]]></item>
				<item id="value"><![CDATA[]]></item>
				<item id="extra"><![CDATA[]]></item>
			</item>
			<item id="40">
				<item id="displayorder"><![CDATA[72]]></item>
				<item id="title"><![CDATA[首頁底部廣告位]]></item>
				<item id="description"><![CDATA[直接填寫HTML廣告代碼
【留空不顯示廣告位】]]></item>
				<item id="variable"><![CDATA[index_adbox_2]]></item>
				<item id="type"><![CDATA[textarea]]></item>
				<item id="value"><![CDATA[]]></item>
				<item id="extra"><![CDATA[]]></item>
			</item>
			<item id="41">
				<item id="displayorder"><![CDATA[73]]></item>
				<item id="title"><![CDATA[搜索頁頂部廣告位]]></item>
				<item id="description"><![CDATA[直接填寫HTML廣告代碼
【留空不顯示廣告位】]]></item>
				<item id="variable"><![CDATA[search_adbox_1]]></item>
				<item id="type"><![CDATA[textarea]]></item>
				<item id="value"><![CDATA[]]></item>
				<item id="extra"><![CDATA[]]></item>
			</item>
			<item id="42">
				<item id="displayorder"><![CDATA[74]]></item>
				<item id="title"><![CDATA[搜索頁底部廣告位]]></item>
				<item id="description"><![CDATA[直接填寫HTML廣告代碼
【留空不顯示廣告位】]]></item>
				<item id="variable"><![CDATA[search_adbox_2]]></item>
				<item id="type"><![CDATA[textarea]]></item>
				<item id="value"><![CDATA[]]></item>
				<item id="extra"><![CDATA[]]></item>
			</item>
			<item id="43">
				<item id="displayorder"><![CDATA[75]]></item>
				<item id="title"><![CDATA[說說頁頂部廣告位]]></item>
				<item id="description"><![CDATA[直接填寫HTML廣告代碼
【留空不顯示廣告位】]]></item>
				<item id="variable"><![CDATA[ss_adbox_1]]></item>
				<item id="type"><![CDATA[textarea]]></item>
				<item id="value"><![CDATA[]]></item>
				<item id="extra"><![CDATA[]]></item>
			</item>
			<item id="44">
				<item id="displayorder"><![CDATA[76]]></item>
				<item id="title"><![CDATA[說說頁底部廣告位]]></item>
				<item id="description"><![CDATA[直接填寫HTML廣告代碼
【留空不顯示廣告位】]]></item>
				<item id="variable"><![CDATA[ss_adbox_2]]></item>
				<item id="type"><![CDATA[textarea]]></item>
				<item id="value"><![CDATA[]]></item>
				<item id="extra"><![CDATA[]]></item>
			</item>
			<item id="45">
				<item id="displayorder"><![CDATA[77]]></item>
				<item id="title"><![CDATA[個人主頁底部廣告]]></item>
				<item id="description"><![CDATA[直接填寫HTML廣告代碼
【留空不顯示廣告位】]]></item>
				<item id="variable"><![CDATA[info_adbox_1]]></item>
				<item id="type"><![CDATA[textarea]]></item>
				<item id="value"><![CDATA[]]></item>
				<item id="extra"><![CDATA[]]></item>
			</item>
			<item id="46">
				<item id="displayorder"><![CDATA[81]]></item>
				<item id="title"><![CDATA[開啟微信支付金幣充值]]></item>
				<item id="description"><![CDATA[開啟微信支付金幣充值，認證服務號網頁授權接口和微信支付接口支持。
同時要設置 認證服務號的 appid 、 appsercet 、[微信支付]商戶號、[微信支付]商戶支付密鑰  這個四個設置]]></item>
				<item id="variable"><![CDATA[open_wxpay]]></item>
				<item id="type"><![CDATA[radio]]></item>
				<item id="value"><![CDATA[0]]></item>
				<item id="extra"><![CDATA[]]></item>
			</item>
			<item id="47">
				<item id="displayorder"><![CDATA[82]]></item>
				<item id="title"><![CDATA[一元等于多少金幣]]></item>
				<item id="description"><![CDATA[設置1元人民幣對應充值金幣數]]></item>
				<item id="variable"><![CDATA[one_yuan_score]]></item>
				<item id="type"><![CDATA[number]]></item>
				<item id="value"><![CDATA[10]]></item>
				<item id="extra"><![CDATA[]]></item>
			</item>
			<item id="48">
				<item id="displayorder"><![CDATA[83]]></item>
				<item id="title"><![CDATA[[微信支付]商戶號]]></item>
				<item id="description"><![CDATA[商戶號（必須配置，開戶郵件中可查看）]]></item>
				<item id="variable"><![CDATA[wxpay_mchid]]></item>
				<item id="type"><![CDATA[text]]></item>
				<item id="value"><![CDATA[]]></item>
				<item id="extra"><![CDATA[]]></item>
			</item>
			<item id="49">
				<item id="displayorder"><![CDATA[84]]></item>
				<item id="title"><![CDATA[[微信支付]商戶支付密鑰]]></item>
				<item id="description"><![CDATA[商戶支付密鑰，參考開戶郵件設置（必須配置，登錄商戶平臺自行設置）
設置地址：https://pay.weixin.qq.com/index.php/account/api_cert]]></item>
				<item id="variable"><![CDATA[wxpay_key]]></item>
				<item id="type"><![CDATA[text]]></item>
				<item id="value"><![CDATA[]]></item>
				<item id="extra"><![CDATA[]]></item>
			</item>
			<item id="50">
				<item id="displayorder"><![CDATA[91]]></item>
				<item id="title"><![CDATA[【電腦版】公眾賬號二維碼]]></item>
				<item id="description"><![CDATA[]]></item>
				<item id="variable"><![CDATA[erw_picurl]]></item>
				<item id="type"><![CDATA[text]]></item>
				<item id="value"><![CDATA[source/plugin/tom_love/images/pc/qrcode.jpg]]></item>
				<item id="extra"><![CDATA[]]></item>
			</item>
			<item id="51">
				<item id="displayorder"><![CDATA[92]]></item>
				<item id="title"><![CDATA[【電腦版】二維碼下面提示]]></item>
				<item id="description"><![CDATA[]]></item>
				<item id="variable"><![CDATA[ewm_msg]]></item>
				<item id="type"><![CDATA[text]]></item>
				<item id="value"><![CDATA[加入微信婚戀交友平臺]]></item>
				<item id="extra"><![CDATA[]]></item>
			</item>
			<item id="52">
				<item id="displayorder"><![CDATA[93]]></item>
				<item id="title"><![CDATA[【電腦版】二維碼右側提示]]></item>
				<item id="description"><![CDATA[]]></item>
				<item id="variable"><![CDATA[add_weixin_msg]]></item>
				<item id="type"><![CDATA[textarea]]></item>
				<item id="value"><![CDATA[掃描左側二維碼關注公眾賬號，發送“[color=#F90DB1]交友[/color]”指令，加入交友平臺 . . .]]></item>
				<item id="extra"><![CDATA[]]></item>
			</item>
			<item id="53">
				<item id="displayorder"><![CDATA[94]]></item>
				<item id="title"><![CDATA[【電腦版】SEO 標題]]></item>
				<item id="description"><![CDATA[]]></item>
				<item id="variable"><![CDATA[seo_title]]></item>
				<item id="type"><![CDATA[text]]></item>
				<item id="value"><![CDATA[微信婚戀交友平臺]]></item>
				<item id="extra"><![CDATA[]]></item>
			</item>
			<item id="54">
				<item id="displayorder"><![CDATA[95]]></item>
				<item id="title"><![CDATA[【電腦版】SEO 關鍵字]]></item>
				<item id="description"><![CDATA[]]></item>
				<item id="variable"><![CDATA[seo_keywords]]></item>
				<item id="type"><![CDATA[textarea]]></item>
				<item id="value"><![CDATA[微信婚戀交友平臺關鍵字]]></item>
				<item id="extra"><![CDATA[]]></item>
			</item>
			<item id="55">
				<item id="displayorder"><![CDATA[96]]></item>
				<item id="title"><![CDATA[【電腦版】SEO 描述]]></item>
				<item id="description"><![CDATA[]]></item>
				<item id="variable"><![CDATA[seo_description]]></item>
				<item id="type"><![CDATA[textarea]]></item>
				<item id="value"><![CDATA[微信婚戀交友平臺描述]]></item>
				<item id="extra"><![CDATA[]]></item>
			</item>
			<item id="56">
				<item id="displayorder"><![CDATA[97]]></item>
				<item id="title"><![CDATA[【電腦版】通欄廣告標題]]></item>
				<item id="description"><![CDATA[]]></item>
				<item id="variable"><![CDATA[ads_title]]></item>
				<item id="type"><![CDATA[text]]></item>
				<item id="value"><![CDATA[微信婚戀交友平臺]]></item>
				<item id="extra"><![CDATA[]]></item>
			</item>
			<item id="57">
				<item id="displayorder"><![CDATA[98]]></item>
				<item id="title"><![CDATA[【電腦版】通欄廣告圖片]]></item>
				<item id="description"><![CDATA[]]></item>
				<item id="variable"><![CDATA[ads_picurl]]></item>
				<item id="type"><![CDATA[text]]></item>
				<item id="value"><![CDATA[source/plugin/tom_love/images/pc/ad.png]]></item>
				<item id="extra"><![CDATA[]]></item>
			</item>
			<item id="58">
				<item id="displayorder"><![CDATA[99]]></item>
				<item id="title"><![CDATA[【電腦版】通欄廣告鏈接]]></item>
				<item id="description"><![CDATA[]]></item>
				<item id="variable"><![CDATA[ads_link]]></item>
				<item id="type"><![CDATA[text]]></item>
				<item id="value"><![CDATA[http://www.ymg6.com/gg/addon.php?/?@tom_love.plugin]]></item>
				<item id="extra"><![CDATA[]]></item>
			</item>
		</item>
		<item id="language">
			<item id="scriptlang">
				<item id="logy_m_g"><![CDATA[<h2 style="text-align:-webkit-center;">
	<span style="color:#4C33E5;">推薦一個dz商</span><span style="color:#4C33E5;">業插件模版下載的</span><span style="color:#4C33E5;"></span><span style="color:#4C33E5;">網站給大家</span><a href="http://www.ymg6.com" target="_blank"><span style="color:#4C33E5;">源碼哥分享吧</span></a><span style="color:#4C33E5;">（www.ymg6.com）</span> 
</h2>
<h3 style="text-align:-webkit-center;">
	<span style="color:#E53333;">這</span><span style="color:#E53333;">是一個</span><span style="color:#E53333;">dz商業</span><a href="http://www.ymg6.com/forum.php?mod=forumdisplay&fid=2" target="_blank"><span style="color:#337FE5;">插</span><u><span style="color:#337FE5;"></span></u><span style="color:#337FE5;">件</span></a><a href="http://www.ymg6.com/forum.php?mod=forumdisplay&fid=36" target="_blank"><u><span style="color:#337FE5;">模</span></u><u><span style="color:#337FE5;"></span></u><u><span style="color:#337FE5;">版</span></u></a><span style="color:#E53333;">資源破解分享的網站，而且還有很多精品的網站源碼下載</span> 
</h3>
<h3 style="text-align:-webkit-center;">
	<span style="color:#E53333;">他們資源每天更新，并且很多都是他們自己出錢在應用中心購買后破解分享出來的</span><br />
</h3>
<h3>
	<div style="text-align:center;">
		<span style="color:#E53333;">不過還是替他們說一下</span> 
	</div>
	<div style="text-align:center;">
		<span style="color:#E53333;">&nbsp;他們站下載的資源只限于自己學習研究內含的設計思想和原理 請勿有任何商業盈利行為</span> 
	</div>
</h3>
<h3 style="text-align:center;">
	<span style="color:#999999;">介紹也介紹完了，給大家做個小導航吧</span> 
</h3>
<h3 style="text-align:center;">
	<span style="color:#337FE5;"><a href="http://www.ymg6.com/forum.php?mod=forumdisplay&fid=2" target="_blank">dz商業破解插件下載</a> &nbsp; <a href="http://www.ymg6.com/forum.php?mod=forumdisplay&fid=36" target="_blank">dz商業風格模版下載</a> &nbsp; &nbsp;<a href="http://www.ymg6.com/forum.php?mod=forumdisplay&fid=50" target="_blank">精品網站源碼下載</a> &nbsp; &nbsp;<a href="http://www.ymg6.com/forum.php?mod=forumdisplay&fid=51" target="_blank">工具素材下載</a></span><span style="color:#337FE5;">&nbsp; &nbsp; <a href="http://www.ymg6.com/forum.php?mod=forumdisplay&fid=41" target="_blank">精選教程區</a></span> 
</h3> ]]></item>
				<item id="avatar_cmd"><![CDATA[頭像指令]]></item>
				<item id="pic_cmd"><![CDATA[相冊指令]]></item>
				<item id="plugin_cmd"><![CDATA[婚戀交友指令]]></item>
				<item id="plugin_desc"><![CDATA[指令描述]]></item>
				<item id="sort"><![CDATA[排序]]></item>
				<item id="status"><![CDATA[狀態]]></item>
				<item id="enable"><![CDATA[啟用]]></item>
				<item id="disable"><![CDATA[禁用]]></item>
				<item id="no_install_tom"><![CDATA[你沒有安裝TOM 微信運營平臺！]]></item>
				<item id="makesure_del_msg"><![CDATA[你確定要刪除選擇內容？刪除后不可恢復！]]></item>
				<item id="jy_home_cmd"><![CDATA[婚戀交友]]></item>
				<item id="jy_home_desc"><![CDATA[婚戀交友描述]]></item>
				<item id="jy_avatar_cmd"><![CDATA[交友頭像]]></item>
				<item id="jy_pics_cmd"><![CDATA[交友相冊]]></item>
				<item id="handle"><![CDATA[操作]]></item>
				<item id="act_success"><![CDATA[操作成功]]></item>
				<item id="fenhao"><![CDATA[：]]></item>
				<item id="avatar"><![CDATA[頭像]]></item>
				<item id="user_list"><![CDATA[會員列表]]></item>
				<item id="bbs_username"><![CDATA[用戶名]]></item>
				<item id="nickname"><![CDATA[昵稱]]></item>
				<item id="sex"><![CDATA[性別]]></item>
				<item id="man"><![CDATA[男]]></item>
				<item id="woman"><![CDATA[女]]></item>
				<item id="year"><![CDATA[出生年份]]></item>
				<item id="age"><![CDATA[年齡]]></item>
				<item id="score"><![CDATA[會員積分]]></item>
				<item id="wx"><![CDATA[微信號]]></item>
				<item id="qq"><![CDATA[QQ號]]></item>
				<item id="tel"><![CDATA[手機號]]></item>
				<item id="jy_type"><![CDATA[交友類型]]></item>
				<item id="jy"><![CDATA[交友]]></item>
				<item id="hl"><![CDATA[婚戀]]></item>
				<item id="work"><![CDATA[職業]]></item>
				<item id="area"><![CDATA[地區]]></item>
				<item id="height"><![CDATA[身高（厘米）]]></item>
				<item id="weight"><![CDATA[體重（KG）]]></item>
				<item id="edu"><![CDATA[學歷]]></item>
				<item id="pay"><![CDATA[月收入]]></item>
				<item id="marital"><![CDATA[婚姻狀況]]></item>
				<item id="describe"><![CDATA[個人描述]]></item>
				<item id="add_time"><![CDATA[加入時間]]></item>
				<item id="fenghao"><![CDATA[封號]]></item>
				<item id="normal"><![CDATA[正常]]></item>
				<item id="closed"><![CDATA[聯系方式]]></item>
				<item id="open"><![CDATA[公開]]></item>
				<item id="close"><![CDATA[關閉]]></item>
				<item id="renzheng"><![CDATA[認證狀態]]></item>
				<item id="rz_yes"><![CDATA[已認證]]></item>
				<item id="rz_no"><![CDATA[未認證]]></item>
				<item id="rz_add"><![CDATA[認證]]></item>
				<item id="rz_del"><![CDATA[取消]]></item>
				<item id="recommend"><![CDATA[首頁推薦]]></item>
				<item id="rec_add"><![CDATA[推薦]]></item>
				<item id="rec_del"><![CDATA[取消]]></item>
				<item id="rec_yes"><![CDATA[推薦]]></item>
				<item id="rec_no"><![CDATA[不通過]]></item>
				<item id="show"><![CDATA[詳情]]></item>
				<item id="delete"><![CDATA[刪除]]></item>
				<item id="info_all_user"><![CDATA[會員信息狀態]]></item>
				<item id="info_ok_user"><![CDATA[已完善個人信息]]></item>
				<item id="info_no_user"><![CDATA[未完善個人信息]]></item>
				<item id="sys_tz_title"><![CDATA[系統消息]]></item>
				<item id="qunfa_tz_title"><![CDATA[群發系統通知(群發搜索列表)]]></item>
				<item id="qunfa_tz_title2"><![CDATA[已經選中（{NUM}）個會員，準備群發]]></item>
				<item id="qunfa_add_msg"><![CDATA[正在處理群發消息，請稍等]]></item>
				<item id="qunfa_do_msg"><![CDATA[正在群發第（{PAGES}）頁，一共（{COUNT}）頁。]]></item>
				<item id="qunfa_do_success"><![CDATA[群發成功]]></item>
				<item id="update_anlians"><![CDATA[一鍵更新暗戀數統計]]></item>
				<item id="user_info"><![CDATA[會員詳情]]></item>
				<item id="search_list"><![CDATA[會員搜索]]></item>
				<item id="love_help_title"><![CDATA[使用幫助]]></item>
				<item id="love_help_1"><![CDATA[婚戀交友鏈接：{SITEURL}plugin.php?id=tom_love&mod=index 。你可以把鏈接添加到微信自定義菜單上或者圖文鏈接]]></item>
				<item id="china"><![CDATA[中國]]></item>
				<item id="edit_score"><![CDATA[修改積分]]></item>
				<item id="edit_score_msg"><![CDATA[用戶可用積分]]></item>
				<item id="edit_year"><![CDATA[修改出生年份]]></item>
				<item id="edit_year_msg"><![CDATA[用戶出生年份]]></item>
				<item id="order_list"><![CDATA[充值訂單列表]]></item>
				<item id="order_score_value"><![CDATA[充值金幣]]></item>
				<item id="order_pay_price"><![CDATA[支付金額]]></item>
				<item id="order_pay_time"><![CDATA[支付時間]]></item>
				<item id="gaibai_list"><![CDATA[說說列表]]></item>
				<item id="ss_content"><![CDATA[說說內容]]></item>
				<item id="ss_time"><![CDATA[發布時間]]></item>
				<item id="renzheng_list"><![CDATA[申請認證列表]]></item>
				<item id="renzheng_xm"><![CDATA[姓名]]></item>
				<item id="renzheng_tel"><![CDATA[手機號]]></item>
				<item id="renzheng_sfzh"><![CDATA[身份證號]]></item>
				<item id="renzheng_content"><![CDATA[備注]]></item>
				<item id="renzheng_pic_z"><![CDATA[身份證正面]]></item>
				<item id="renzheng_pic_f"><![CDATA[身份證反面]]></item>
				<item id="renzheng_time"><![CDATA[申請時間]]></item>
				<item id="renzheng_status"><![CDATA[認證狀態]]></item>
				<item id="renzheng_status1"><![CDATA[待審核]]></item>
				<item id="renzheng_status2"><![CDATA[審核通過]]></item>
				<item id="renzheng_status3"><![CDATA[審核失敗]]></item>
				<item id="renzheng_ok"><![CDATA[通過]]></item>
				<item id="renzheng_no"><![CDATA[不通過]]></item>
				<item id="renzheng_status3_title"><![CDATA[申請認證審核失敗]]></item>
				<item id="renzheng_status3_msg"><![CDATA[審核失敗原因]]></item>
				<item id="rec_list"><![CDATA[申請推薦列表]]></item>
				<item id="rec_status"><![CDATA[申請狀態]]></item>
				<item id="rec_status1"><![CDATA[待審核]]></item>
				<item id="rec_status2"><![CDATA[審核通過]]></item>
				<item id="rec_status3"><![CDATA[審核失敗]]></item>
				<item id="rec_time"><![CDATA[申請時間]]></item>
				<item id="rec_ok"><![CDATA[通過]]></item>
				<item id="rec_status3_title"><![CDATA[申請推薦審核失敗]]></item>
				<item id="rec_status3_msg"><![CDATA[審核失敗原因]]></item>
				<item id="pic_list"><![CDATA[相冊]]></item>
				<item id="upload_avatar"><![CDATA[請發送你的新頭像。]]></item>
				<item id="inimage_err"><![CDATA[請發送正確的圖片。]]></item>
				<item id="upload_avatar_ok"><![CDATA[新頭像上傳成功。]]></item>
				<item id="upload_pics"><![CDATA[請發送交友相冊照片。]]></item>
				<item id="no_allow_pic"><![CDATA[你的照片數已經達到上傳張數上限，不能再上傳。]]></item>
				<item id="upload_pics_ok"><![CDATA[照片上傳成功，你還可以上傳{n}張照片,你可以繼續上傳。]]></item>
				<item id="upload_pics_ok2"><![CDATA[照片上傳成功，你的照片數已經達到上傳張數上限，不能繼續上傳。]]></item>
				<item id="minute_old"><![CDATA[分鐘前]]></item>
				<item id="minute_zero"><![CDATA[剛剛]]></item>
				<item id="info_contact_wx"><![CDATA[微信號:]]></item>
				<item id="info_contact_qq"><![CDATA[QQ號:]]></item>
				<item id="info_contact_tel"><![CDATA[手機號:]]></item>
				<item id="sms_object"><![CDATA[來自微信婚戀交友]]></item>
				<item id="tz_flowers_title"><![CDATA[收到鮮花通知]]></item>
				<item id="tz_flowers_content"><![CDATA[收到來自“<a href="plugin.php?id=tom_love&mod=info&uid={UID}"><font color="#F60">{NAME}</font></a>”的{NUM}朵鮮花]]></item>
				<item id="wxpay_score_order"><![CDATA[微信交友金幣充值訂單]]></item>
			</item>
			<item id="templatelang">
				<item id="nav_index"><![CDATA[緣&nbsp;&nbsp;份]]></item>
				<item id="nav_search"><![CDATA[搜&nbsp;&nbsp;索]]></item>
				<item id="nav_ss"><![CDATA[說&nbsp;&nbsp;說]]></item>
				<item id="nav_sms"><![CDATA[消&nbsp;&nbsp;息]]></item>
				<item id="nav_my"><![CDATA[我]]></item>
				<item id="index_nav_new"><![CDATA[最新]]></item>
				<item id="index_nav_nvyou"><![CDATA[找女友]]></item>
				<item id="index_nav_nanyou"><![CDATA[找男友]]></item>
				<item id="index_nav_search"><![CDATA[搜索]]></item>
				<item id="index_nav_vip"><![CDATA[認證會員]]></item>
				<item id="index_nav_shuoshuo"><![CDATA[說說]]></item>
				<item id="index_nav_sms"><![CDATA[消息]]></item>
				<item id="index_nav_phb"><![CDATA[排行榜]]></item>
				<item id="index_nav_my"><![CDATA[個人中心]]></item>
				<item id="man_ico"><![CDATA[♂]]></item>
				<item id="woman_ico"><![CDATA[♀]]></item>
				<item id="pre_page"><![CDATA[上一頁]]></item>
				<item id="next_page"><![CDATA[下一頁]]></item>
				<item id="index_new"><![CDATA[最新會員]]></item>
				<item id="index_rec"><![CDATA[推薦會員]]></item>
				<item id="new_title"><![CDATA[最新會員]]></item>
				<item id="rec_title"><![CDATA[推薦會員]]></item>
				<item id="saoyisao"><![CDATA[掃一掃]]></item>
				<item id="sex"><![CDATA[性　別：]]></item>
				<item id="sex2"><![CDATA[性別：]]></item>
				<item id="all"><![CDATA[不限]]></item>
				<item id="man"><![CDATA[男]]></item>
				<item id="woman"><![CDATA[女]]></item>
				<item id="manta"><![CDATA[他]]></item>
				<item id="womanta"><![CDATA[她]]></item>
				<item id="search_pic"><![CDATA[過濾照片]]></item>
				<item id="upload_pic"><![CDATA[上傳照片]]></item>
				<item id="pre_pic"><![CDATA[上一張]]></item>
				<item id="next_pic"><![CDATA[下一張]]></item>
				<item id="close_pic"><![CDATA[關閉]]></item>
				<item id="more_info"><![CDATA[資料]]></item>
				<item id="search_gb"><![CDATA[過濾說說]]></item>
				<item id="gb_content"><![CDATA[說說內容：]]></item>
				<item id="gb_placeholder"><![CDATA[不超過30個字]]></item>
				<item id="gb_fb"><![CDATA[發布說說, 消耗]]></item>
				<item id="gb_msg"><![CDATA[提示:發布黃色、反動信息一律封號]]></item>
				<item id="gb_fb_btn"><![CDATA[發布說說]]></item>
				<item id="no_gb_score"><![CDATA[不足]]></item>
				<item id="must_content"><![CDATA[請填寫說說內容!]]></item>
				<item id="gb_success"><![CDATA[發布說說成功!]]></item>
				<item id="jy_type"><![CDATA[類　別:]]></item>
				<item id="jy_renzheng"><![CDATA[認　證:]]></item>
				<item id="jy_renzheng_yes"><![CDATA[是]]></item>
				<item id="jy_renzheng_no"><![CDATA[否]]></item>
				<item id="friend"><![CDATA[交友]]></item>
				<item id="marriage"><![CDATA[婚戀]]></item>
				<item id="marital"><![CDATA[婚姻狀況:]]></item>
				<item id="age"><![CDATA[年　齡:]]></item>
				<item id="age2"><![CDATA[年齡:]]></item>
				<item id="yixia"><![CDATA[以下]]></item>
				<item id="yishang"><![CDATA[以上]]></item>
				<item id="sui"><![CDATA[歲]]></item>
				<item id="area"><![CDATA[地　區:]]></item>
				<item id="china"><![CDATA[中國]]></item>
				<item id="quanbu"><![CDATA[全部]]></item>
				<item id="job"><![CDATA[職　業:]]></item>
				<item id="start_search"><![CDATA[開始搜索]]></item>
				<item id="change_search"><![CDATA[更改搜索條件]]></item>
				<item id="search_list"><![CDATA[搜索列表]]></item>
				<item id="search_again"><![CDATA[高級搜索]]></item>
				<item id="nav_sms_list"><![CDATA[消息列表]]></item>
				<item id="nav_gb"><![CDATA[說說墻]]></item>
				<item id="nav_system_msg_list"><![CDATA[系統消息]]></item>
				<item id="sms_send_title1"><![CDATA[給“]]></item>
				<item id="sms_send_title2"><![CDATA[”發送消息]]></item>
				<item id="sms_send_content"><![CDATA[消息內容:]]></item>
				<item id="sms_send_content_place"><![CDATA[不要超過50個字]]></item>
				<item id="sms_send_btn"><![CDATA[發送]]></item>
				<item id="sms_reload"><![CDATA[刷新]]></item>
				<item id="no_sms_score"><![CDATA[不足]]></item>
				<item id="sms_show_title1"><![CDATA[來自“]]></item>
				<item id="sms_show_title2"><![CDATA[”的消息]]></item>
				<item id="sms_show_content"><![CDATA[回復內容:]]></item>
				<item id="sms_show_btn"><![CDATA[回 復]]></item>
				<item id="sms_sendshow_title1"><![CDATA[正在和“]]></item>
				<item id="sms_sendshow_title2"><![CDATA[”聊天]]></item>
				<item id="sms_sendlist_title"><![CDATA[已發信息列表]]></item>
				<item id="sms_span_show"><![CDATA[查看]]></item>
				<item id="sms_span_reply"><![CDATA[回復]]></item>
				<item id="sms_span_del"><![CDATA[刪除]]></item>
				<item id="sms_no_sms"><![CDATA[暫無消息]]></item>
				<item id="sms_no_sms_msg"><![CDATA[你可以主動給心動的人發送消息]]></item>
				<item id="sms_no_self"><![CDATA[不能給自己發信息]]></item>
				<item id="sms_send_no_empty"><![CDATA[消息內容不能為空]]></item>
				<item id="sms_send_success"><![CDATA[消息發送成功]]></item>
				<item id="sms_reply_no_empty"><![CDATA[回復內容不能為空]]></item>
				<item id="sms_reply_success"><![CDATA[回復成功]]></item>
				<item id="sms_del_succsee"><![CDATA[刪除成功]]></item>
				<item id="sms_meto"><![CDATA[我對]]></item>
				<item id="sms_shuo"><![CDATA[說：]]></item>
				<item id="sms_tomeshuo"><![CDATA[對我說:]]></item>
				<item id="sms_no_read"><![CDATA[未讀]]></item>
				<item id="sms_no_read_sys_msg"><![CDATA[您有未讀系統消息，點擊查看!]]></item>
				<item id="no_nickname"><![CDATA[未填寫昵稱]]></item>
				<item id="add_info"><![CDATA[點擊此處完善資料]]></item>
				<item id="info_title"><![CDATA[基本資料]]></item>
				<item id="info_edit"><![CDATA[點擊修改資料]]></item>
				<item id="info_dian"><![CDATA[·]]></item>
				<item id="info_avatar"><![CDATA[修改頭像]]></item>
				<item id="info_home"><![CDATA[我的主頁]]></item>
				<item id="info_theme"><![CDATA[修改主題]]></item>
				<item id="info_contact"><![CDATA[聯系方式]]></item>
				<item id="info_pic"><![CDATA[我的相冊]]></item>
				<item id="info_me_anlian"><![CDATA[我的暗戀]]></item>
				<item id="info_anlian_me"><![CDATA[暗戀我的]]></item>
				<item id="info_friend"><![CDATA[我的好友]]></item>
				<item id="info_share1"><![CDATA[分享獲取]]></item>
				<item id="info_share2"><![CDATA[當前每天]]></item>
				<item id="info_share3"><![CDATA[個]]></item>
				<item id="info_renzheng"><![CDATA[我要認證]]></item>
				<item id="info_renzheng_status0"><![CDATA[申請]]></item>
				<item id="info_renzheng_status1"><![CDATA[審核中]]></item>
				<item id="info_renzheng_status2"><![CDATA[已認證]]></item>
				<item id="info_rec"><![CDATA[申請推薦]]></item>
				<item id="info_rec_status0"><![CDATA[申請]]></item>
				<item id="info_rec_status1"><![CDATA[審核中]]></item>
				<item id="info_rec_status2"><![CDATA[已推薦]]></item>
				<item id="shengq_success"><![CDATA[申請成功]]></item>
				<item id="info_open"><![CDATA[公開]]></item>
				<item id="info_close"><![CDATA[關閉]]></item>
				<item id="open_success"><![CDATA[開啟成功]]></item>
				<item id="close_success"><![CDATA[關閉成功]]></item>
				<item id="score_add"><![CDATA[充值]]></item>
				<item id="score_share"><![CDATA[分享賺]]></item>
				<item id="score_take_off"><![CDATA[消耗]]></item>
				<item id="login_out"><![CDATA[退出登錄]]></item>
				<item id="edit_info"><![CDATA[修改資料]]></item>
				<item id="add_jy_type"><![CDATA[交友類別:]]></item>
				<item id="add_nickname"><![CDATA[昵　　稱:]]></item>
				<item id="add_user_place"><![CDATA[填寫昵稱]]></item>
				<item id="add_sex"><![CDATA[性　　別:]]></item>
				<item id="add_select"><![CDATA[請選擇]]></item>
				<item id="add_year"><![CDATA[出生年份:]]></item>
				<item id="add_area"><![CDATA[地　　區:]]></item>
				<item id="add_job"><![CDATA[職　　業:]]></item>
				<item id="add_describe"><![CDATA[內心獨白:]]></item>
				<item id="add_desc_place"><![CDATA[不要超過30個字]]></item>
				<item id="add_marital"><![CDATA[婚姻狀況:]]></item>
				<item id="add_height"><![CDATA[身高(厘米):]]></item>
				<item id="add_height_place"><![CDATA[請填寫身高]]></item>
				<item id="add_weight"><![CDATA[體重(KG):]]></item>
				<item id="add_weight_place"><![CDATA[請填寫體重]]></item>
				<item id="add_edu"><![CDATA[學　　歷:]]></item>
				<item id="add_pay"><![CDATA[月收入:]]></item>
				<item id="add_submit"><![CDATA[保存資料]]></item>
				<item id="must_nickname"><![CDATA[請填寫昵稱!]]></item>
				<item id="must_sex"><![CDATA[請選擇性別!]]></item>
				<item id="must_year"><![CDATA[請選擇出生年份!]]></item>
				<item id="must_marital"><![CDATA[請填寫婚姻狀況!]]></item>
				<item id="must_province"><![CDATA[請填寫所在省份!]]></item>
				<item id="must_city"><![CDATA[請填寫所在城市!]]></item>
				<item id="must_qq"><![CDATA[QQ號必須填寫!]]></item>
				<item id="must_describe"><![CDATA[請填寫個人獨白!]]></item>
				<item id="add_success"><![CDATA[個人信息更新成功!]]></item>
				<item id="add_must"><![CDATA[*]]></item>
				<item id="contact_title"><![CDATA[聯系方式]]></item>
				<item id="contact_msg"><![CDATA[為了讓心儀您的人聯系到您, 請至少填寫以下三項中的一項;<br>最好填寫微信號, 可在微信【我】中找到微信號]]></item>
				<item id="contact_wx"><![CDATA[微 信 號:]]></item>
				<item id="contact_qq"><![CDATA[QQ號碼:]]></item>
				<item id="contact_tel"><![CDATA[手 機 號:]]></item>
				<item id="contact_save"><![CDATA[保 存]]></item>
				<item id="must_wx"><![CDATA[微信號必須填寫!]]></item>
				<item id="contact_succ"><![CDATA[聯系信息更新成功!]]></item>
				<item id="info_show_title"><![CDATA[的主頁]]></item>
				<item id="info_show_collect1"><![CDATA[暗戀他]]></item>
				<item id="info_show_collect2"><![CDATA[暗戀她]]></item>
				<item id="info_show_hello"><![CDATA[打招呼]]></item>
				<item id="info_show_sms"><![CDATA[發消息]]></item>
				<item id="info_show_flowers"><![CDATA[送鮮花]]></item>
				<item id="info_show_dubai"><![CDATA[內心獨白]]></item>
				<item id="info_show_base"><![CDATA[基本資料]]></item>
				<item id="info_show_marital"><![CDATA[婚姻狀況：]]></item>
				<item id="info_show_height"><![CDATA[身&nbsp;&nbsp;&nbsp;&nbsp;&nbsp;&nbsp;&nbsp;高：]]></item>
				<item id="info_show_weight"><![CDATA[體&nbsp;&nbsp;&nbsp;&nbsp;&nbsp;&nbsp;&nbsp;重：]]></item>
				<item id="info_show_edu"><![CDATA[學&nbsp;&nbsp;&nbsp;&nbsp;&nbsp;&nbsp;&nbsp;歷：]]></item>
				<item id="info_show_pay"><![CDATA[收&nbsp;&nbsp;&nbsp;&nbsp;&nbsp;&nbsp;&nbsp;入：]]></item>
				<item id="info_show_work"><![CDATA[職&nbsp;&nbsp;&nbsp;&nbsp;&nbsp;&nbsp;&nbsp;業：]]></item>
				<item id="info_show_area"><![CDATA[地&nbsp;&nbsp;&nbsp;&nbsp;&nbsp;&nbsp;&nbsp;區：]]></item>
				<item id="info_show_baomi"><![CDATA[保密]]></item>
				<item id="info_show_limi"><![CDATA[厘米]]></item>
				<item id="info_show_yue"><![CDATA[月]]></item>
				<item id="info_show_kg"><![CDATA[KG]]></item>
				<item id="info_show_pic"><![CDATA[個人相冊]]></item>
				<item id="info_show_pic_more"><![CDATA[點擊查看更多]]></item>
				<item id="info_show_contact"><![CDATA[聯系方式]]></item>
				<item id="info_show_contact_qq"><![CDATA[QQ&nbsp;號：]]></item>
				<item id="info_show_contact_wx"><![CDATA[微信號：]]></item>
				<item id="info_show_contact_tel"><![CDATA[手機號：]]></item>
				<item id="info_show_contact_btn"><![CDATA[點擊查看，消耗]]></item>
				<item id="info_show_closed"><![CDATA[用戶關閉了個人資料]]></item>
				<item id="info_show_renzheng"><![CDATA[點擊認證]]></item>
				<item id="info_show_renzheng_msg"><![CDATA[未認證用戶不能查看其他人資料]]></item>
				<item id="info_show_contact_succ"><![CDATA[查看成功]]></item>
				<item id="info_show_is_collect"><![CDATA[已經暗戀]]></item>
				<item id="info_show_collect_succ"><![CDATA[暗戀成功]]></item>
				<item id="info_show_hello_succ"><![CDATA[打招呼成功]]></item>
				<item id="info_show_no_bbs_id"><![CDATA[對方資料不完善]]></item>
				<item id="tongji_ren"><![CDATA[人]]></item>
				<item id="tongji_duo"><![CDATA[朵]]></item>
				<item id="tongji_flowers"><![CDATA[收到鮮花]]></item>
				<item id="show_pic1"><![CDATA[照片]]></item>
				<item id="show_pic2"><![CDATA[張]]></item>
				<item id="show_add_friend1"><![CDATA[加]]></item>
				<item id="show_add_friend2"><![CDATA[微信, 消耗1]]></item>
				<item id="show_add_msg1"><![CDATA[為避免用戶受到不必要的騷擾]]></item>
				<item id="show_add_msg2"><![CDATA[為每天發放]]></item>
				<item id="show_add_msg3"><![CDATA[個,&nbsp;&nbsp;剩余]]></item>
				<item id="show_add_msg4"><![CDATA[個<br>如需更多免費]]></item>
				<item id="show_add_msg5"><![CDATA[請點擊這里]]></item>
				<item id="add_no_score"><![CDATA[不足不能加好友，你可以通過分享獲取]]></item>
				<item id="add_friend_succ"><![CDATA[加好友成功!]]></item>
				<item id="avatar_title"><![CDATA[上傳頭像]]></item>
				<item id="avatar_title_msg"><![CDATA[點擊上面按鈕選擇要上傳的頭像]]></item>
				<item id="theme_title"><![CDATA[上傳主題]]></item>
				<item id="theme_title_msg"><![CDATA[點擊上面按鈕選擇要上傳的主題]]></item>
				<item id="photo_title"><![CDATA[相冊管理]]></item>
				<item id="photo_title_msg1"><![CDATA[點擊上面按鈕選擇要上傳的照片,最多]]></item>
				<item id="photo_title_msg2"><![CDATA[張]]></item>
				<item id="photo_over_num"><![CDATA[已經到達限制的張數]]></item>
				<item id="collect_title"><![CDATA[我的暗戀]]></item>
				<item id="score_title"><![CDATA[充值]]></item>
				<item id="score_my"><![CDATA[我的]]></item>
				<item id="score_jl"><![CDATA[記錄]]></item>
				<item id="score_nickname"><![CDATA[用戶名:]]></item>
				<item id="score_password"><![CDATA[密  碼:]]></item>
				<item id="score_bind_btn"><![CDATA[綁定論壇賬號]]></item>
				<item id="score_bind_user"><![CDATA[用戶名]]></item>
				<item id="score_bbs"><![CDATA[論壇]]></item>
				<item id="score_bili"><![CDATA[兌換規則]]></item>
				<item id="score_fg"><![CDATA[：]]></item>
				<item id="score_recharge_btn"><![CDATA[開始充值]]></item>
				<item id="score_unbind_btn"><![CDATA[解除論壇綁定]]></item>
				<item id="scorepay_do"><![CDATA[下單中...]]></item>
				<item id="scorepay_bili"><![CDATA[充值規則]]></item>
				<item id="scorepay_yuan"><![CDATA[元（人民幣）]]></item>
				<item id="scorepay_order_btn"><![CDATA[微信支付充值]]></item>
				<item id="scorepay_pay_succ"><![CDATA[充值成功]]></item>
				<item id="scorepay_pay_error"><![CDATA[支付失敗]]></item>
				<item id="scorepay_order_error"><![CDATA[生成訂單異常]]></item>
				<item id="scorepay_order_error301"><![CDATA[用戶不存在]]></item>
				<item id="scorepay_order_error302"><![CDATA[訂單金額不正確]]></item>
				<item id="scorepay_order_error303"><![CDATA[生成訂單失敗]]></item>
				<item id="scorepay_order_error304"><![CDATA[訂單寫入失敗]]></item>
				<item id="score_recharge_error"><![CDATA[充值失敗，請重試]]></item>
				<item id="score_recharge_succ"><![CDATA[充值成功]]></item>
				<item id="score_recharge_no_score"><![CDATA[充值失敗，積分不足]]></item>
				<item id="score_must_nickname"><![CDATA[必須填寫用戶名]]></item>
				<item id="score_must_password"><![CDATA[必須填寫密碼]]></item>
				<item id="score_bind_error"><![CDATA[綁定失敗，請重試]]></item>
				<item id="score_bind_succ"><![CDATA[綁定成功]]></item>
				<item id="score_bind_up_error"><![CDATA[用戶名或者密碼輸入不正確]]></item>
				<item id="score_unbind_error"><![CDATA[取消綁定失敗，請重試]]></item>
				<item id="score_unbind_succ"><![CDATA[取消綁定成功]]></item>
				<item id="share_title"><![CDATA[分享獲取]]></item>
				<item id="share_fx"><![CDATA[分享一次]]></item>
				<item id="share_score"><![CDATA[獲得1]]></item>
				<item id="share_btn"><![CDATA[分享到朋友圈]]></item>
				<item id="flowers_title1"><![CDATA[給“]]></item>
				<item id="flowers_title2"><![CDATA[”送鮮花]]></item>
				<item id="flowers_about"><![CDATA[一朵鮮花等于]]></item>
				<item id="flowers_num"><![CDATA[贈送朵數]]></item>
				<item id="flowers_duo"><![CDATA[朵]]></item>
				<item id="flowers_btn"><![CDATA[贈 送]]></item>
				<item id="flowers_success"><![CDATA[贈送成功]]></item>
				<item id="renzheng_title"><![CDATA[申請認證]]></item>
				<item id="renzheng_xm"><![CDATA[姓 名:]]></item>
				<item id="renzheng_xm_place"><![CDATA[填寫真實姓名]]></item>
				<item id="renzheng_tel"><![CDATA[手 機:]]></item>
				<item id="renzheng_tel_place"><![CDATA[填寫手機號]]></item>
				<item id="renzheng_sfzh"><![CDATA[身份證號:]]></item>
				<item id="renzheng_sfzh_place"><![CDATA[填寫身份證號]]></item>
				<item id="renzheng_content"><![CDATA[備注:]]></item>
				<item id="renzheng_content_place"><![CDATA[填寫備注信息]]></item>
				<item id="renzheng_pic_z"><![CDATA[身份證<br/>正面:]]></item>
				<item id="renzheng_pic_f"><![CDATA[身份證<br/>反面:]]></item>
				<item id="renzheng_status"><![CDATA[提交認證]]></item>
				<item id="renzheng_status1"><![CDATA[審核中，不能提交]]></item>
				<item id="renzheng_status2"><![CDATA[審核通過，修改認證信息]]></item>
				<item id="renzheng_status3"><![CDATA[審核失敗，重新提交]]></item>
				<item id="renzheng_must_xm"><![CDATA[姓名必須填寫]]></item>
				<item id="renzheng_must_tel"><![CDATA[手機號必須填寫]]></item>
				<item id="renzheng_must_sfzh"><![CDATA[身份證號必須填寫]]></item>
				<item id="renzheng_must_pic_z"><![CDATA[請上傳身份證正面照片]]></item>
				<item id="renzheng_must_pic_f"><![CDATA[請上傳身份證反面照片]]></item>
				<item id="renzheng_sub_success"><![CDATA[提交成功，等待審核]]></item>
				<item id="upload_image_type_error"><![CDATA[你上傳的圖片類型有誤，請拍照上傳或從文件管理器選擇圖片上傳]]></item>
				<item id="upload_doing"><![CDATA[上傳中...]]></item>
				<item id="upload_error"><![CDATA[上傳失敗，請稍后再試]]></item>
				<item id="upload_size_error"><![CDATA[超過了允許上傳圖片大小]]></item>
				<item id="upload_browser_msg1"><![CDATA[上傳失敗，請點擊]]></item>
				<item id="upload_browser_msg2"><![CDATA[手機瀏覽器上傳]]></item>
				<item id="no_nickname_avatar"><![CDATA[請先完善個人資料、頭像]]></item>
				<item id="nickname_repeat"><![CDATA[昵稱已存在，請重新填寫]]></item>
				<item id="bind_title"><![CDATA[登錄]]></item>
				<item id="bind_zc_username"><![CDATA[用戶名]]></item>
				<item id="bind_zc_password"><![CDATA[密碼]]></item>
				<item id="login_btn"><![CDATA[登 錄]]></item>
				<item id="qq_login_btn"><![CDATA[QQ登錄]]></item>
				<item id="wx_login_btn"><![CDATA[微信登錄]]></item>
				<item id="bind_user_succ"><![CDATA[你已經成功綁定論壇賬號]]></item>
				<item id="bind_user_unbind"><![CDATA[取消綁定]]></item>
				<item id="bind_must_username"><![CDATA[請填寫用戶名]]></item>
				<item id="bind_must_password"><![CDATA[請填寫密碼]]></item>
				<item id="bind_error"><![CDATA[遇到錯誤，請重新登錄]]></item>
				<item id="bind_success"><![CDATA[登錄成功]]></item>
				<item id="bind_up_error"><![CDATA[用戶名或者密碼輸入不正確！]]></item>
				<item id="register_title"><![CDATA[登錄注冊]]></item>
				<item id="register_login_title1"><![CDATA[使用"]]></item>
				<item id="register_login_title2"><![CDATA["賬號登錄]]></item>
				<item id="register_reg_title1"><![CDATA[注冊新"]]></item>
				<item id="register_reg_title2"><![CDATA["賬號]]></item>
				<item id="reg_title"><![CDATA[注冊新賬號]]></item>
				<item id="reg_new_username"><![CDATA[注冊新賬號]]></item>
				<item id="reg_msg"><![CDATA[完成注冊后，會自動綁定到你的微信賬號]]></item>
				<item id="reg_username"><![CDATA[用戶名]]></item>
				<item id="reg_password"><![CDATA[密碼]]></item>
				<item id="reg_email"><![CDATA[郵箱]]></item>
				<item id="reg_btn"><![CDATA[注冊賬號]]></item>
				<item id="reg_must_username"><![CDATA[請填寫用戶名]]></item>
				<item id="reg_must_password"><![CDATA[請填寫密碼]]></item>
				<item id="reg_must_email"><![CDATA[請填寫郵箱]]></item>
				<item id="reg_error"><![CDATA[注冊失敗，請重試]]></item>
				<item id="reg_success"><![CDATA[注冊成功]]></item>
				<item id="reg_error201"><![CDATA[你的用戶名小于3個字符，請輸入較長的用戶名]]></item>
				<item id="reg_error202"><![CDATA[你的用戶名超過15個字符，請輸入較短的用戶名]]></item>
				<item id="reg_error203"><![CDATA[用戶名包含被系統屏蔽的字符]]></item>
				<item id="reg_error301"><![CDATA[用戶名不合法]]></item>
				<item id="reg_error302"><![CDATA[包含不允許注冊的詞語]]></item>
				<item id="reg_error303"><![CDATA[用戶名已經存在]]></item>
				<item id="reg_error304"><![CDATA[Email 格式有誤]]></item>
				<item id="reg_error305"><![CDATA[Email 不允許注冊]]></item>
				<item id="reg_error306"><![CDATA[該 Email 已經被注冊]]></item>
				<item id="upload_success"><![CDATA[上傳成功]]></item>
				<item id="pic_upload_error1"><![CDATA[允許上傳最大尺寸為：]]></item>
				<item id="pic_upload_error2"><![CDATA[，如果圖片太大上傳失敗，請使用美圖秀秀等第三方軟件壓縮后再上傳。]]></item>
				<item id="phb_flowers"><![CDATA[鮮花排行榜]]></item>
				<item id="phb_anlians"><![CDATA[暗戀排行榜]]></item>
				<item id="phb_flowers_msg1"><![CDATA[收到（]]></item>
				<item id="phb_flowers_msg2"><![CDATA[）朵鮮花]]></item>
				<item id="phb_anlians_msg1"><![CDATA[共有（]]></item>
				<item id="phb_anlians_msg2"><![CDATA[）人暗戀]]></item>
			</item>
		</item>
		<item id="installfile"><![CDATA[install.php]]></item>
		<item id="uninstallfile"><![CDATA[uninstall.php]]></item>
		<item id="upgradefile"><![CDATA[upgrade.php]]></item>
	</item>
</root>