﻿<?xml version="1.0" encoding="ISO-8859-1"?>
<root>
	<item id="Title"><![CDATA[Discuz! Plugin]]></item>
	<item id="Version"><![CDATA[X2,X2.5,X3,X3.1,X3.2,F1.0]]></item>
	<item id="Time"><![CDATA[2016-10-25 12:57]]></item>
	<item id="From"><![CDATA[分享吧（www.fx8.cc）]]></item>
	<item id="Data">
		<item id="plugin">
			<item id="available"><![CDATA[1]]></item>
			<item id="adminid"><![CDATA[1]]></item>
			<item id="name"><![CDATA[源码哥_微信婚恋交友平台]]></item>
			<item id="identifier"><![CDATA[tom_love]]></item>
			<item id="description"><![CDATA[地方微信婚恋交友平台]]></item>
			<item id="datatables"><![CDATA[]]></item>
			<item id="directory"><![CDATA[tom_love/]]></item>
			<item id="copyright"><![CDATA[源码哥（www.ymg6.com）]]></item>
			<item id="version"><![CDATA[4.0]]></item>
			<item id="__modules">
				<item id="59">
					<item id="name"><![CDATA[myyapmagoo]]></item>
					<item id="menu"><![CDATA[<span style="color:#E53333;"><b>源码哥</b></span>]]></item>
					<item id="url"><![CDATA[]]></item>
					<item id="type"><![CDATA[3]]></item>
					<item id="adminid"><![CDATA[0]]></item>
					<item id="displayorder"><![CDATA[0]]></item>
					<item id="navtitle"><![CDATA[]]></item>
					<item id="navicon"><![CDATA[]]></item>
					<item id="navsubname"><![CDATA[]]></item>
					<item id="navsuburl"><![CDATA[]]></item>
				</item>
				<item id="0">
					<item id="name"><![CDATA[pc]]></item>
					<item id="param"><![CDATA[]]></item>
					<item id="menu"><![CDATA[婚恋交友]]></item>
					<item id="url"><![CDATA[]]></item>
					<item id="type"><![CDATA[1]]></item>
					<item id="adminid"><![CDATA[0]]></item>
					<item id="displayorder"><![CDATA[0]]></item>
					<item id="navtitle"><![CDATA[]]></item>
					<item id="navicon"><![CDATA[]]></item>
					<item id="navsubname"><![CDATA[]]></item>
					<item id="navsuburl"><![CDATA[]]></item>
				</item>
				<item id="1">
					<item id="name"><![CDATA[admin]]></item>
					<item id="param"><![CDATA[tmod=user]]></item>
					<item id="menu"><![CDATA[会员管理]]></item>
					<item id="url"><![CDATA[]]></item>
					<item id="type"><![CDATA[3]]></item>
					<item id="adminid"><![CDATA[0]]></item>
					<item id="displayorder"><![CDATA[1]]></item>
					<item id="navtitle"><![CDATA[]]></item>
					<item id="navicon"><![CDATA[]]></item>
					<item id="navsubname"><![CDATA[]]></item>
					<item id="navsuburl"><![CDATA[]]></item>
				</item>
				<item id="2">
					<item id="name"><![CDATA[admin]]></item>
					<item id="param"><![CDATA[tmod=ss]]></item>
					<item id="menu"><![CDATA[说说管理]]></item>
					<item id="url"><![CDATA[]]></item>
					<item id="type"><![CDATA[3]]></item>
					<item id="adminid"><![CDATA[0]]></item>
					<item id="displayorder"><![CDATA[2]]></item>
					<item id="navtitle"><![CDATA[]]></item>
					<item id="navicon"><![CDATA[]]></item>
					<item id="navsubname"><![CDATA[]]></item>
					<item id="navsuburl"><![CDATA[]]></item>
				</item>
				<item id="3">
					<item id="name"><![CDATA[admin]]></item>
					<item id="param"><![CDATA[tmod=rec]]></item>
					<item id="menu"><![CDATA[申请推荐]]></item>
					<item id="url"><![CDATA[]]></item>
					<item id="type"><![CDATA[3]]></item>
					<item id="adminid"><![CDATA[0]]></item>
					<item id="displayorder"><![CDATA[3]]></item>
					<item id="navtitle"><![CDATA[]]></item>
					<item id="navicon"><![CDATA[]]></item>
					<item id="navsubname"><![CDATA[]]></item>
					<item id="navsuburl"><![CDATA[]]></item>
				</item>
				<item id="4">
					<item id="name"><![CDATA[admin]]></item>
					<item id="param"><![CDATA[tmod=rz]]></item>
					<item id="menu"><![CDATA[申请认证]]></item>
					<item id="url"><![CDATA[]]></item>
					<item id="type"><![CDATA[3]]></item>
					<item id="adminid"><![CDATA[0]]></item>
					<item id="displayorder"><![CDATA[4]]></item>
					<item id="navtitle"><![CDATA[]]></item>
					<item id="navicon"><![CDATA[]]></item>
					<item id="navsubname"><![CDATA[]]></item>
					<item id="navsuburl"><![CDATA[]]></item>
				</item>
				<item id="5">
					<item id="name"><![CDATA[admin]]></item>
					<item id="param"><![CDATA[tmod=addon]]></item>
					<item id="menu"><![CDATA[微信营销专区]]></item>
					<item id="url"><![CDATA[]]></item>
					<item id="type"><![CDATA[3]]></item>
					<item id="adminid"><![CDATA[0]]></item>
					<item id="displayorder"><![CDATA[5]]></item>
					<item id="navtitle"><![CDATA[]]></item>
					<item id="navicon"><![CDATA[]]></item>
					<item id="navsubname"><![CDATA[]]></item>
					<item id="navsuburl"><![CDATA[]]></item>
				</item>
			</item>
		</item>
		<item id="version"><![CDATA[X2,X2.5,X3,X3.1,X3.2,F1.0]]></item>
		<item id="var">
			<item id="0">
				<item id="displayorder"><![CDATA[1]]></item>
				<item id="title"><![CDATA[应用标题]]></item>
				<item id="description"><![CDATA[]]></item>
				<item id="variable"><![CDATA[plugin_name]]></item>
				<item id="type"><![CDATA[text]]></item>
				<item id="value"><![CDATA[微信婚恋交友平台]]></item>
				<item id="extra"><![CDATA[]]></item>
			</item>
			<item id="1">
				<item id="displayorder"><![CDATA[2]]></item>
				<item id="title"><![CDATA[论坛名称]]></item>
				<item id="description"><![CDATA[填写你的论坛主站名称（注册登录时，提示主站名）]]></item>
				<item id="variable"><![CDATA[bbs_site_name]]></item>
				<item id="type"><![CDATA[text]]></item>
				<item id="value"><![CDATA[TOM微信]]></item>
				<item id="extra"><![CDATA[]]></item>
			</item>
			<item id="2">
				<item id="displayorder"><![CDATA[3]]></item>
				<item id="title"><![CDATA[积分别名]]></item>
				<item id="description"><![CDATA[]]></item>
				<item id="variable"><![CDATA[score_name]]></item>
				<item id="type"><![CDATA[text]]></item>
				<item id="value"><![CDATA[金币]]></item>
				<item id="extra"><![CDATA[]]></item>
			</item>
			<item id="3">
				<item id="displayorder"><![CDATA[11]]></item>
				<item id="title"><![CDATA[新用户赠送积分]]></item>
				<item id="description"><![CDATA[填写新用户注册时赠送的积分数量]]></item>
				<item id="variable"><![CDATA[score_num]]></item>
				<item id="type"><![CDATA[number]]></item>
				<item id="value"><![CDATA[100]]></item>
				<item id="extra"><![CDATA[]]></item>
			</item>
			<item id="4">
				<item id="displayorder"><![CDATA[12]]></item>
				<item id="title"><![CDATA[允许上传照片张数]]></item>
				<item id="description"><![CDATA[]]></item>
				<item id="variable"><![CDATA[pic_num]]></item>
				<item id="type"><![CDATA[number]]></item>
				<item id="value"><![CDATA[9]]></item>
				<item id="extra"><![CDATA[]]></item>
			</item>
			<item id="5">
				<item id="displayorder"><![CDATA[13]]></item>
				<item id="title"><![CDATA[指定默认搜索地区]]></item>
				<item id="description"><![CDATA[指定前台搜索页面，默认搜索地区]]></item>
				<item id="variable"><![CDATA[search_district]]></item>
				<item id="type"><![CDATA[text]]></item>
				<item id="value"><![CDATA[上海]]></item>
				<item id="extra"><![CDATA[]]></item>
			</item>
			<item id="6">
				<item id="displayorder"><![CDATA[14]]></item>
				<item id="title"><![CDATA[上传图片尺寸限制]]></item>
				<item id="description"><![CDATA[设置允许上传图片的尺寸，单位（kb）]]></item>
				<item id="variable"><![CDATA[max_upload_size]]></item>
				<item id="type"><![CDATA[number]]></item>
				<item id="value"><![CDATA[2000]]></item>
				<item id="extra"><![CDATA[]]></item>
			</item>
			<item id="7">
				<item id="displayorder"><![CDATA[14]]></item>
				<item id="title"><![CDATA[服务器端图片压缩尺寸]]></item>
				<item id="description"><![CDATA[设置上传服务器的图片压缩尺寸]]></item>
				<item id="variable"><![CDATA[server_yasu_size]]></item>
				<item id="type"><![CDATA[number]]></item>
				<item id="value"><![CDATA[640]]></item>
				<item id="extra"><![CDATA[]]></item>
			</item>
			<item id="8">
				<item id="displayorder"><![CDATA[15]]></item>
				<item id="title"><![CDATA[年龄计算方式]]></item>
				<item id="description"><![CDATA[选择年龄计算方式]]></item>
				<item id="variable"><![CDATA[age_type_id]]></item>
				<item id="type"><![CDATA[select]]></item>
				<item id="value"><![CDATA[1]]></item>
				<item id="extra"><![CDATA[1=当前年份减去出生年份
2=当前年份减去出生年份加一]]></item>
			</item>
			<item id="9">
				<item id="displayorder"><![CDATA[16]]></item>
				<item id="title"><![CDATA[排行榜调用数量]]></item>
				<item id="description"><![CDATA[设置鲜花排行榜、暗恋排行榜调用的数量]]></item>
				<item id="variable"><![CDATA[phb_num]]></item>
				<item id="type"><![CDATA[number]]></item>
				<item id="value"><![CDATA[10]]></item>
				<item id="extra"><![CDATA[]]></item>
			</item>
			<item id="10">
				<item id="displayorder"><![CDATA[21]]></item>
				<item id="title"><![CDATA[用户必须认证]]></item>
				<item id="description"><![CDATA[]]></item>
				<item id="variable"><![CDATA[must_renzheng]]></item>
				<item id="type"><![CDATA[radio]]></item>
				<item id="value"><![CDATA[0]]></item>
				<item id="extra"><![CDATA[]]></item>
			</item>
			<item id="11">
				<item id="displayorder"><![CDATA[22]]></item>
				<item id="title"><![CDATA[必须完善资料]]></item>
				<item id="description"><![CDATA[]]></item>
				<item id="variable"><![CDATA[must_info]]></item>
				<item id="type"><![CDATA[radio]]></item>
				<item id="value"><![CDATA[1]]></item>
				<item id="extra"><![CDATA[]]></item>
			</item>
			<item id="12">
				<item id="displayorder"><![CDATA[25]]></item>
				<item id="title"><![CDATA[认证必须上传身份证照片]]></item>
				<item id="description"><![CDATA[]]></item>
				<item id="variable"><![CDATA[renzheng_sfz]]></item>
				<item id="type"><![CDATA[radio]]></item>
				<item id="value"><![CDATA[0]]></item>
				<item id="extra"><![CDATA[]]></item>
			</item>
			<item id="13">
				<item id="displayorder"><![CDATA[26]]></item>
				<item id="title"><![CDATA[开启QQ登录]]></item>
				<item id="description"><![CDATA[开启QQ登录，需要你论坛本身就开启了QQ互联，并且设置OK，否则不能使用
【请确定你论坛手机版QQ登录正常，否则不能正常使用】]]></item>
				<item id="variable"><![CDATA[open_qq_login]]></item>
				<item id="type"><![CDATA[radio]]></item>
				<item id="value"><![CDATA[0]]></item>
				<item id="extra"><![CDATA[]]></item>
			</item>
			<item id="14">
				<item id="displayorder"><![CDATA[27]]></item>
				<item id="title"><![CDATA[开启微信登录]]></item>
				<item id="description"><![CDATA[开启微信登录，需要认证的服务号支持
必须填写认证服务号的appid、appsecret、和认证服务号的网页授权域名，否则不能正常使用。]]></item>
				<item id="variable"><![CDATA[open_wx_login]]></item>
				<item id="type"><![CDATA[radio]]></item>
				<item id="value"><![CDATA[0]]></item>
				<item id="extra"><![CDATA[]]></item>
			</item>
			<item id="15">
				<item id="displayorder"><![CDATA[31]]></item>
				<item id="title"><![CDATA[认证消耗金币]]></item>
				<item id="description"><![CDATA[]]></item>
				<item id="variable"><![CDATA[renzheng_score]]></item>
				<item id="type"><![CDATA[number]]></item>
				<item id="value"><![CDATA[1]]></item>
				<item id="extra"><![CDATA[]]></item>
			</item>
			<item id="16">
				<item id="displayorder"><![CDATA[32]]></item>
				<item id="title"><![CDATA[推荐消耗金币]]></item>
				<item id="description"><![CDATA[]]></item>
				<item id="variable"><![CDATA[rec_score]]></item>
				<item id="type"><![CDATA[number]]></item>
				<item id="value"><![CDATA[1]]></item>
				<item id="extra"><![CDATA[]]></item>
			</item>
			<item id="17">
				<item id="displayorder"><![CDATA[33]]></item>
				<item id="title"><![CDATA[暗恋消耗金币]]></item>
				<item id="description"><![CDATA[]]></item>
				<item id="variable"><![CDATA[anlian_score]]></item>
				<item id="type"><![CDATA[number]]></item>
				<item id="value"><![CDATA[1]]></item>
				<item id="extra"><![CDATA[]]></item>
			</item>
			<item id="18">
				<item id="displayorder"><![CDATA[34]]></item>
				<item id="title"><![CDATA[查看联系方式消耗金币]]></item>
				<item id="description"><![CDATA[]]></item>
				<item id="variable"><![CDATA[contact_score]]></item>
				<item id="type"><![CDATA[number]]></item>
				<item id="value"><![CDATA[1]]></item>
				<item id="extra"><![CDATA[]]></item>
			</item>
			<item id="19">
				<item id="displayorder"><![CDATA[35]]></item>
				<item id="title"><![CDATA[打招呼消耗金币]]></item>
				<item id="description"><![CDATA[]]></item>
				<item id="variable"><![CDATA[hello_score]]></item>
				<item id="type"><![CDATA[number]]></item>
				<item id="value"><![CDATA[1]]></item>
				<item id="extra"><![CDATA[]]></item>
			</item>
			<item id="20">
				<item id="displayorder"><![CDATA[36]]></item>
				<item id="title"><![CDATA[1朵鲜花等于多少金币]]></item>
				<item id="description"><![CDATA[]]></item>
				<item id="variable"><![CDATA[flowers_score]]></item>
				<item id="type"><![CDATA[number]]></item>
				<item id="value"><![CDATA[1]]></item>
				<item id="extra"><![CDATA[]]></item>
			</item>
			<item id="21">
				<item id="displayorder"><![CDATA[37]]></item>
				<item id="title"><![CDATA[发布说说消耗金币]]></item>
				<item id="description"><![CDATA[]]></item>
				<item id="variable"><![CDATA[shuoshuo_score]]></item>
				<item id="type"><![CDATA[number]]></item>
				<item id="value"><![CDATA[1]]></item>
				<item id="extra"><![CDATA[]]></item>
			</item>
			<item id="22">
				<item id="displayorder"><![CDATA[38]]></item>
				<item id="title"><![CDATA[首次发起消息消耗金币]]></item>
				<item id="description"><![CDATA[设置首次发起消息扣除金币数。
【如果已经打过招呼，后发消息，不算首次发起消息】]]></item>
				<item id="variable"><![CDATA[first_sms_score]]></item>
				<item id="type"><![CDATA[number]]></item>
				<item id="value"><![CDATA[1]]></item>
				<item id="extra"><![CDATA[]]></item>
			</item>
			<item id="23">
				<item id="displayorder"><![CDATA[41]]></item>
				<item id="title"><![CDATA[开启论坛积分充值]]></item>
				<item id="description"><![CDATA[]]></item>
				<item id="variable"><![CDATA[score_recharge]]></item>
				<item id="type"><![CDATA[radio]]></item>
				<item id="value"><![CDATA[0]]></item>
				<item id="extra"><![CDATA[]]></item>
			</item>
			<item id="24">
				<item id="displayorder"><![CDATA[42]]></item>
				<item id="title"><![CDATA[论坛积分充值积分类型]]></item>
				<item id="description"><![CDATA[]]></item>
				<item id="variable"><![CDATA[bbs_score_type]]></item>
				<item id="type"><![CDATA[extcredit]]></item>
				<item id="value"><![CDATA[1]]></item>
				<item id="extra"><![CDATA[]]></item>
			</item>
			<item id="25">
				<item id="displayorder"><![CDATA[43]]></item>
				<item id="title"><![CDATA[一论坛积分兑换金币数]]></item>
				<item id="description"><![CDATA[]]></item>
				<item id="variable"><![CDATA[bbs_score_scale]]></item>
				<item id="type"><![CDATA[number]]></item>
				<item id="value"><![CDATA[10]]></item>
				<item id="extra"><![CDATA[]]></item>
			</item>
			<item id="26">
				<item id="displayorder"><![CDATA[50]]></item>
				<item id="title"><![CDATA[开启分享增加金币]]></item>
				<item id="description"><![CDATA[只有认证公众账号才能开启分享增加金币]]></item>
				<item id="variable"><![CDATA[share_score_s]]></item>
				<item id="type"><![CDATA[radio]]></item>
				<item id="value"><![CDATA[0]]></item>
				<item id="extra"><![CDATA[]]></item>
			</item>
			<item id="27">
				<item id="displayorder"><![CDATA[51]]></item>
				<item id="title"><![CDATA[微信公众账号appid]]></item>
				<item id="description"><![CDATA[开启分享增加金币必填]]></item>
				<item id="variable"><![CDATA[love_appid]]></item>
				<item id="type"><![CDATA[text]]></item>
				<item id="value"><![CDATA[]]></item>
				<item id="extra"><![CDATA[]]></item>
			</item>
			<item id="28">
				<item id="displayorder"><![CDATA[52]]></item>
				<item id="title"><![CDATA[微信公众账号appsecret]]></item>
				<item id="description"><![CDATA[开启分享增加金币必填]]></item>
				<item id="variable"><![CDATA[love_appsecret]]></item>
				<item id="type"><![CDATA[text]]></item>
				<item id="value"><![CDATA[]]></item>
				<item id="extra"><![CDATA[]]></item>
			</item>
			<item id="29">
				<item id="displayorder"><![CDATA[53]]></item>
				<item id="title"><![CDATA[用户分享标题]]></item>
				<item id="description"><![CDATA[]]></item>
				<item id="variable"><![CDATA[share_title]]></item>
				<item id="type"><![CDATA[text]]></item>
				<item id="value"><![CDATA[婚恋交友平台]]></item>
				<item id="extra"><![CDATA[]]></item>
			</item>
			<item id="30">
				<item id="displayorder"><![CDATA[54]]></item>
				<item id="title"><![CDATA[分享图片]]></item>
				<item id="description"><![CDATA[]]></item>
				<item id="variable"><![CDATA[share_logo]]></item>
				<item id="type"><![CDATA[text]]></item>
				<item id="value"><![CDATA[]]></item>
				<item id="extra"><![CDATA[]]></item>
			</item>
			<item id="31">
				<item id="displayorder"><![CDATA[55]]></item>
				<item id="title"><![CDATA[用户分享描述]]></item>
				<item id="description"><![CDATA[]]></item>
				<item id="variable"><![CDATA[share_desc]]></item>
				<item id="type"><![CDATA[text]]></item>
				<item id="value"><![CDATA[婚恋交友平台描述]]></item>
				<item id="extra"><![CDATA[]]></item>
			</item>
			<item id="32">
				<item id="displayorder"><![CDATA[56]]></item>
				<item id="title"><![CDATA[每日有效分享次数]]></item>
				<item id="description"><![CDATA[]]></item>
				<item id="variable"><![CDATA[share_time]]></item>
				<item id="type"><![CDATA[number]]></item>
				<item id="value"><![CDATA[2]]></item>
				<item id="extra"><![CDATA[]]></item>
			</item>
			<item id="33">
				<item id="displayorder"><![CDATA[57]]></item>
				<item id="title"><![CDATA[每次分享获得金币数]]></item>
				<item id="description"><![CDATA[设置用户每次分享时获得的金币数]]></item>
				<item id="variable"><![CDATA[share_score_num]]></item>
				<item id="type"><![CDATA[number]]></item>
				<item id="value"><![CDATA[1]]></item>
				<item id="extra"><![CDATA[]]></item>
			</item>
			<item id="34">
				<item id="displayorder"><![CDATA[61]]></item>
				<item id="title"><![CDATA[金币充值说明]]></item>
				<item id="description"><![CDATA[]]></item>
				<item id="variable"><![CDATA[score_page]]></item>
				<item id="type"><![CDATA[textarea]]></item>
				<item id="value"><![CDATA[[color=#E60]金币充值[/color]
一元 = 10金币

在线客服：QQ:12345678  微信：aaaaa

在线支付：
   支付宝账号：**********@**.com

汇款支付：
   中国银行：XXXXXXXXXXXXXXXX]]></item>
				<item id="extra"><![CDATA[]]></item>
			</item>
			<item id="35">
				<item id="displayorder"><![CDATA[62]]></item>
				<item id="title"><![CDATA[申请认证说明]]></item>
				<item id="description"><![CDATA[]]></item>
				<item id="variable"><![CDATA[renzheng]]></item>
				<item id="type"><![CDATA[textarea]]></item>
				<item id="value"><![CDATA[请认真填写下面的认证资料，然后提交等待官方审核。
认证咨询：QQ：123456]]></item>
				<item id="extra"><![CDATA[]]></item>
			</item>
			<item id="36">
				<item id="displayorder"><![CDATA[63]]></item>
				<item id="title"><![CDATA[分享赚金币说明]]></item>
				<item id="description"><![CDATA[]]></item>
				<item id="variable"><![CDATA[share_page]]></item>
				<item id="type"><![CDATA[textarea]]></item>
				<item id="value"><![CDATA[[color=#E60]朋友圈分享[/color]
点击右上角的 “...”，选中[color=#E60]分享到朋友圈[/color]，分享成功后即可获得1金币。]]></item>
				<item id="extra"><![CDATA[]]></item>
			</item>
			<item id="37">
				<item id="displayorder"><![CDATA[64]]></item>
				<item id="title"><![CDATA[打招呼内容]]></item>
				<item id="description"><![CDATA[回车多行，随机选择发送]]></item>
				<item id="variable"><![CDATA[hello_txt]]></item>
				<item id="type"><![CDATA[textarea]]></item>
				<item id="value"><![CDATA[hello
你好
认识一下吧]]></item>
				<item id="extra"><![CDATA[]]></item>
			</item>
			<item id="38">
				<item id="displayorder"><![CDATA[66]]></item>
				<item id="title"><![CDATA[注册提示信息]]></item>
				<item id="description"><![CDATA[]]></item>
				<item id="variable"><![CDATA[register_msg]]></item>
				<item id="type"><![CDATA[textarea]]></item>
				<item id="value"><![CDATA[旧交友平台用户需要需要从公众账号进入，注册、登录XX网账号，才能绑定旧交友平台会员数据]]></item>
				<item id="extra"><![CDATA[]]></item>
			</item>
			<item id="39">
				<item id="displayorder"><![CDATA[71]]></item>
				<item id="title"><![CDATA[首页列表上方广告位]]></item>
				<item id="description"><![CDATA[直接填写HTML广告代码
【留空不显示广告位】]]></item>
				<item id="variable"><![CDATA[index_adbox_1]]></item>
				<item id="type"><![CDATA[textarea]]></item>
				<item id="value"><![CDATA[]]></item>
				<item id="extra"><![CDATA[]]></item>
			</item>
			<item id="40">
				<item id="displayorder"><![CDATA[72]]></item>
				<item id="title"><![CDATA[首页底部广告位]]></item>
				<item id="description"><![CDATA[直接填写HTML广告代码
【留空不显示广告位】]]></item>
				<item id="variable"><![CDATA[index_adbox_2]]></item>
				<item id="type"><![CDATA[textarea]]></item>
				<item id="value"><![CDATA[]]></item>
				<item id="extra"><![CDATA[]]></item>
			</item>
			<item id="41">
				<item id="displayorder"><![CDATA[73]]></item>
				<item id="title"><![CDATA[搜索页顶部广告位]]></item>
				<item id="description"><![CDATA[直接填写HTML广告代码
【留空不显示广告位】]]></item>
				<item id="variable"><![CDATA[search_adbox_1]]></item>
				<item id="type"><![CDATA[textarea]]></item>
				<item id="value"><![CDATA[]]></item>
				<item id="extra"><![CDATA[]]></item>
			</item>
			<item id="42">
				<item id="displayorder"><![CDATA[74]]></item>
				<item id="title"><![CDATA[搜索页底部广告位]]></item>
				<item id="description"><![CDATA[直接填写HTML广告代码
【留空不显示广告位】]]></item>
				<item id="variable"><![CDATA[search_adbox_2]]></item>
				<item id="type"><![CDATA[textarea]]></item>
				<item id="value"><![CDATA[]]></item>
				<item id="extra"><![CDATA[]]></item>
			</item>
			<item id="43">
				<item id="displayorder"><![CDATA[75]]></item>
				<item id="title"><![CDATA[说说页顶部广告位]]></item>
				<item id="description"><![CDATA[直接填写HTML广告代码
【留空不显示广告位】]]></item>
				<item id="variable"><![CDATA[ss_adbox_1]]></item>
				<item id="type"><![CDATA[textarea]]></item>
				<item id="value"><![CDATA[]]></item>
				<item id="extra"><![CDATA[]]></item>
			</item>
			<item id="44">
				<item id="displayorder"><![CDATA[76]]></item>
				<item id="title"><![CDATA[说说页底部广告位]]></item>
				<item id="description"><![CDATA[直接填写HTML广告代码
【留空不显示广告位】]]></item>
				<item id="variable"><![CDATA[ss_adbox_2]]></item>
				<item id="type"><![CDATA[textarea]]></item>
				<item id="value"><![CDATA[]]></item>
				<item id="extra"><![CDATA[]]></item>
			</item>
			<item id="45">
				<item id="displayorder"><![CDATA[77]]></item>
				<item id="title"><![CDATA[个人主页底部广告]]></item>
				<item id="description"><![CDATA[直接填写HTML广告代码
【留空不显示广告位】]]></item>
				<item id="variable"><![CDATA[info_adbox_1]]></item>
				<item id="type"><![CDATA[textarea]]></item>
				<item id="value"><![CDATA[]]></item>
				<item id="extra"><![CDATA[]]></item>
			</item>
			<item id="46">
				<item id="displayorder"><![CDATA[81]]></item>
				<item id="title"><![CDATA[开启微信支付金币充值]]></item>
				<item id="description"><![CDATA[开启微信支付金币充值，认证服务号网页授权接口和微信支付接口支持。
同时要设置 认证服务号的 appid 、 appsercet 、[微信支付]商户号、[微信支付]商户支付密钥  这个四个设置]]></item>
				<item id="variable"><![CDATA[open_wxpay]]></item>
				<item id="type"><![CDATA[radio]]></item>
				<item id="value"><![CDATA[0]]></item>
				<item id="extra"><![CDATA[]]></item>
			</item>
			<item id="47">
				<item id="displayorder"><![CDATA[82]]></item>
				<item id="title"><![CDATA[一元等于多少金币]]></item>
				<item id="description"><![CDATA[设置1元人民币对应充值金币数]]></item>
				<item id="variable"><![CDATA[one_yuan_score]]></item>
				<item id="type"><![CDATA[number]]></item>
				<item id="value"><![CDATA[10]]></item>
				<item id="extra"><![CDATA[]]></item>
			</item>
			<item id="48">
				<item id="displayorder"><![CDATA[83]]></item>
				<item id="title"><![CDATA[[微信支付]商户号]]></item>
				<item id="description"><![CDATA[商户号（必须配置，开户邮件中可查看）]]></item>
				<item id="variable"><![CDATA[wxpay_mchid]]></item>
				<item id="type"><![CDATA[text]]></item>
				<item id="value"><![CDATA[]]></item>
				<item id="extra"><![CDATA[]]></item>
			</item>
			<item id="49">
				<item id="displayorder"><![CDATA[84]]></item>
				<item id="title"><![CDATA[[微信支付]商户支付密钥]]></item>
				<item id="description"><![CDATA[商户支付密钥，参考开户邮件设置（必须配置，登录商户平台自行设置）
设置地址：https://pay.weixin.qq.com/index.php/account/api_cert]]></item>
				<item id="variable"><![CDATA[wxpay_key]]></item>
				<item id="type"><![CDATA[text]]></item>
				<item id="value"><![CDATA[]]></item>
				<item id="extra"><![CDATA[]]></item>
			</item>
			<item id="50">
				<item id="displayorder"><![CDATA[91]]></item>
				<item id="title"><![CDATA[【电脑版】公众账号二维码]]></item>
				<item id="description"><![CDATA[]]></item>
				<item id="variable"><![CDATA[erw_picurl]]></item>
				<item id="type"><![CDATA[text]]></item>
				<item id="value"><![CDATA[source/plugin/tom_love/images/pc/qrcode.jpg]]></item>
				<item id="extra"><![CDATA[]]></item>
			</item>
			<item id="51">
				<item id="displayorder"><![CDATA[92]]></item>
				<item id="title"><![CDATA[【电脑版】二维码下面提示]]></item>
				<item id="description"><![CDATA[]]></item>
				<item id="variable"><![CDATA[ewm_msg]]></item>
				<item id="type"><![CDATA[text]]></item>
				<item id="value"><![CDATA[加入微信婚恋交友平台]]></item>
				<item id="extra"><![CDATA[]]></item>
			</item>
			<item id="52">
				<item id="displayorder"><![CDATA[93]]></item>
				<item id="title"><![CDATA[【电脑版】二维码右侧提示]]></item>
				<item id="description"><![CDATA[]]></item>
				<item id="variable"><![CDATA[add_weixin_msg]]></item>
				<item id="type"><![CDATA[textarea]]></item>
				<item id="value"><![CDATA[扫描左侧二维码关注公众账号，发送“[color=#F90DB1]交友[/color]”指令，加入交友平台 . . .]]></item>
				<item id="extra"><![CDATA[]]></item>
			</item>
			<item id="53">
				<item id="displayorder"><![CDATA[94]]></item>
				<item id="title"><![CDATA[【电脑版】SEO 标题]]></item>
				<item id="description"><![CDATA[]]></item>
				<item id="variable"><![CDATA[seo_title]]></item>
				<item id="type"><![CDATA[text]]></item>
				<item id="value"><![CDATA[微信婚恋交友平台]]></item>
				<item id="extra"><![CDATA[]]></item>
			</item>
			<item id="54">
				<item id="displayorder"><![CDATA[95]]></item>
				<item id="title"><![CDATA[【电脑版】SEO 关键字]]></item>
				<item id="description"><![CDATA[]]></item>
				<item id="variable"><![CDATA[seo_keywords]]></item>
				<item id="type"><![CDATA[textarea]]></item>
				<item id="value"><![CDATA[微信婚恋交友平台关键字]]></item>
				<item id="extra"><![CDATA[]]></item>
			</item>
			<item id="55">
				<item id="displayorder"><![CDATA[96]]></item>
				<item id="title"><![CDATA[【电脑版】SEO 描述]]></item>
				<item id="description"><![CDATA[]]></item>
				<item id="variable"><![CDATA[seo_description]]></item>
				<item id="type"><![CDATA[textarea]]></item>
				<item id="value"><![CDATA[微信婚恋交友平台描述]]></item>
				<item id="extra"><![CDATA[]]></item>
			</item>
			<item id="56">
				<item id="displayorder"><![CDATA[97]]></item>
				<item id="title"><![CDATA[【电脑版】通栏广告标题]]></item>
				<item id="description"><![CDATA[]]></item>
				<item id="variable"><![CDATA[ads_title]]></item>
				<item id="type"><![CDATA[text]]></item>
				<item id="value"><![CDATA[微信婚恋交友平台]]></item>
				<item id="extra"><![CDATA[]]></item>
			</item>
			<item id="57">
				<item id="displayorder"><![CDATA[98]]></item>
				<item id="title"><![CDATA[【电脑版】通栏广告图片]]></item>
				<item id="description"><![CDATA[]]></item>
				<item id="variable"><![CDATA[ads_picurl]]></item>
				<item id="type"><![CDATA[text]]></item>
				<item id="value"><![CDATA[source/plugin/tom_love/images/pc/ad.png]]></item>
				<item id="extra"><![CDATA[]]></item>
			</item>
			<item id="58">
				<item id="displayorder"><![CDATA[99]]></item>
				<item id="title"><![CDATA[【电脑版】通栏广告链接]]></item>
				<item id="description"><![CDATA[]]></item>
				<item id="variable"><![CDATA[ads_link]]></item>
				<item id="type"><![CDATA[text]]></item>
				<item id="value"><![CDATA[http://www.ymg6.com/gg/addon.php?/?@tom_love.plugin]]></item>
				<item id="extra"><![CDATA[]]></item>
			</item>
		</item>
		<item id="language">
			<item id="scriptlang">
				<item id="logy_m_g"><![CDATA[<h2 style="text-align:-webkit-center;">
	<span style="color:#4C33E5;">推荐一个dz商</span><span style="color:#4C33E5;">业插件模版下载的</span><span style="color:#4C33E5;"></span><span style="color:#4C33E5;">网站给大家</span><a href="http://www.ymg6.com" target="_blank"><span style="color:#4C33E5;">源码哥分享吧</span></a><span style="color:#4C33E5;">（www.ymg6.com）</span> 
</h2>
<h3 style="text-align:-webkit-center;">
	<span style="color:#E53333;">这</span><span style="color:#E53333;">是一个</span><span style="color:#E53333;">dz商业</span><a href="http://www.ymg6.com/forum.php?mod=forumdisplay&fid=2" target="_blank"><span style="color:#337FE5;">插</span><u><span style="color:#337FE5;"></span></u><span style="color:#337FE5;">件</span></a><a href="http://www.ymg6.com/forum.php?mod=forumdisplay&fid=36" target="_blank"><u><span style="color:#337FE5;">模</span></u><u><span style="color:#337FE5;"></span></u><u><span style="color:#337FE5;">版</span></u></a><span style="color:#E53333;">资源破解分享的网站，而且还有很多精品的网站源码下载</span> 
</h3>
<h3 style="text-align:-webkit-center;">
	<span style="color:#E53333;">他们资源每天更新，并且很多都是他们自己出钱在应用中心购买后破解分享出来的</span><br />
</h3>
<h3>
	<div style="text-align:center;">
		<span style="color:#E53333;">不过还是替他们说一下</span> 
	</div>
	<div style="text-align:center;">
		<span style="color:#E53333;">&nbsp;他们站下载的资源只限于自己学习研究内含的设计思想和原理 请勿有任何商业盈利行为</span> 
	</div>
</h3>
<h3 style="text-align:center;">
	<span style="color:#999999;">介绍也介绍完了，给大家做个小导航吧</span> 
</h3>
<h3 style="text-align:center;">
	<span style="color:#337FE5;"><a href="http://www.ymg6.com/forum.php?mod=forumdisplay&fid=2" target="_blank">dz商业破解插件下载</a> &nbsp; <a href="http://www.ymg6.com/forum.php?mod=forumdisplay&fid=36" target="_blank">dz商业风格模版下载</a> &nbsp; &nbsp;<a href="http://www.ymg6.com/forum.php?mod=forumdisplay&fid=50" target="_blank">精品网站源码下载</a> &nbsp; &nbsp;<a href="http://www.ymg6.com/forum.php?mod=forumdisplay&fid=51" target="_blank">工具素材下载</a></span><span style="color:#337FE5;">&nbsp; &nbsp; <a href="http://www.ymg6.com/forum.php?mod=forumdisplay&fid=41" target="_blank">精选教程区</a></span> 
</h3> ]]></item>
				<item id="avatar_cmd"><![CDATA[头像指令]]></item>
				<item id="pic_cmd"><![CDATA[相册指令]]></item>
				<item id="plugin_cmd"><![CDATA[婚恋交友指令]]></item>
				<item id="plugin_desc"><![CDATA[指令描述]]></item>
				<item id="sort"><![CDATA[排序]]></item>
				<item id="status"><![CDATA[状态]]></item>
				<item id="enable"><![CDATA[启用]]></item>
				<item id="disable"><![CDATA[禁用]]></item>
				<item id="no_install_tom"><![CDATA[你没有安装TOM 微信运营平台！]]></item>
				<item id="makesure_del_msg"><![CDATA[你确定要删除选择内容？删除后不可恢复！]]></item>
				<item id="jy_home_cmd"><![CDATA[婚恋交友]]></item>
				<item id="jy_home_desc"><![CDATA[婚恋交友描述]]></item>
				<item id="jy_avatar_cmd"><![CDATA[交友头像]]></item>
				<item id="jy_pics_cmd"><![CDATA[交友相册]]></item>
				<item id="handle"><![CDATA[操作]]></item>
				<item id="act_success"><![CDATA[操作成功]]></item>
				<item id="fenhao"><![CDATA[：]]></item>
				<item id="avatar"><![CDATA[头像]]></item>
				<item id="user_list"><![CDATA[会员列表]]></item>
				<item id="bbs_username"><![CDATA[用户名]]></item>
				<item id="nickname"><![CDATA[昵称]]></item>
				<item id="sex"><![CDATA[性别]]></item>
				<item id="man"><![CDATA[男]]></item>
				<item id="woman"><![CDATA[女]]></item>
				<item id="year"><![CDATA[出生年份]]></item>
				<item id="age"><![CDATA[年龄]]></item>
				<item id="score"><![CDATA[会员积分]]></item>
				<item id="wx"><![CDATA[微信号]]></item>
				<item id="qq"><![CDATA[QQ号]]></item>
				<item id="tel"><![CDATA[手机号]]></item>
				<item id="jy_type"><![CDATA[交友类型]]></item>
				<item id="jy"><![CDATA[交友]]></item>
				<item id="hl"><![CDATA[婚恋]]></item>
				<item id="work"><![CDATA[职业]]></item>
				<item id="area"><![CDATA[地区]]></item>
				<item id="height"><![CDATA[身高（厘米）]]></item>
				<item id="weight"><![CDATA[体重（KG）]]></item>
				<item id="edu"><![CDATA[学历]]></item>
				<item id="pay"><![CDATA[月收入]]></item>
				<item id="marital"><![CDATA[婚姻状况]]></item>
				<item id="describe"><![CDATA[个人描述]]></item>
				<item id="add_time"><![CDATA[加入时间]]></item>
				<item id="fenghao"><![CDATA[封号]]></item>
				<item id="normal"><![CDATA[正常]]></item>
				<item id="closed"><![CDATA[联系方式]]></item>
				<item id="open"><![CDATA[公开]]></item>
				<item id="close"><![CDATA[关闭]]></item>
				<item id="renzheng"><![CDATA[认证状态]]></item>
				<item id="rz_yes"><![CDATA[已认证]]></item>
				<item id="rz_no"><![CDATA[未认证]]></item>
				<item id="rz_add"><![CDATA[认证]]></item>
				<item id="rz_del"><![CDATA[取消]]></item>
				<item id="recommend"><![CDATA[首页推荐]]></item>
				<item id="rec_add"><![CDATA[推荐]]></item>
				<item id="rec_del"><![CDATA[取消]]></item>
				<item id="rec_yes"><![CDATA[推荐]]></item>
				<item id="rec_no"><![CDATA[不通过]]></item>
				<item id="show"><![CDATA[详情]]></item>
				<item id="delete"><![CDATA[删除]]></item>
				<item id="info_all_user"><![CDATA[会员信息状态]]></item>
				<item id="info_ok_user"><![CDATA[已完善个人信息]]></item>
				<item id="info_no_user"><![CDATA[未完善个人信息]]></item>
				<item id="sys_tz_title"><![CDATA[系统消息]]></item>
				<item id="qunfa_tz_title"><![CDATA[群发系统通知(群发搜索列表)]]></item>
				<item id="qunfa_tz_title2"><![CDATA[已经选中（{NUM}）个会员，准备群发]]></item>
				<item id="qunfa_add_msg"><![CDATA[正在处理群发消息，请稍等]]></item>
				<item id="qunfa_do_msg"><![CDATA[正在群发第（{PAGES}）页，一共（{COUNT}）页。]]></item>
				<item id="qunfa_do_success"><![CDATA[群发成功]]></item>
				<item id="update_anlians"><![CDATA[一键更新暗恋数统计]]></item>
				<item id="user_info"><![CDATA[会员详情]]></item>
				<item id="search_list"><![CDATA[会员搜索]]></item>
				<item id="love_help_title"><![CDATA[使用帮助]]></item>
				<item id="love_help_1"><![CDATA[婚恋交友链接：{SITEURL}plugin.php?id=tom_love&mod=index 。你可以把链接添加到微信自定义菜单上或者图文链接]]></item>
				<item id="china"><![CDATA[中国]]></item>
				<item id="edit_score"><![CDATA[修改积分]]></item>
				<item id="edit_score_msg"><![CDATA[用户可用积分]]></item>
				<item id="edit_year"><![CDATA[修改出生年份]]></item>
				<item id="edit_year_msg"><![CDATA[用户出生年份]]></item>
				<item id="order_list"><![CDATA[充值订单列表]]></item>
				<item id="order_score_value"><![CDATA[充值金币]]></item>
				<item id="order_pay_price"><![CDATA[支付金额]]></item>
				<item id="order_pay_time"><![CDATA[支付时间]]></item>
				<item id="gaibai_list"><![CDATA[说说列表]]></item>
				<item id="ss_content"><![CDATA[说说内容]]></item>
				<item id="ss_time"><![CDATA[发布时间]]></item>
				<item id="renzheng_list"><![CDATA[申请认证列表]]></item>
				<item id="renzheng_xm"><![CDATA[姓名]]></item>
				<item id="renzheng_tel"><![CDATA[手机号]]></item>
				<item id="renzheng_sfzh"><![CDATA[身份证号]]></item>
				<item id="renzheng_content"><![CDATA[备注]]></item>
				<item id="renzheng_pic_z"><![CDATA[身份证正面]]></item>
				<item id="renzheng_pic_f"><![CDATA[身份证反面]]></item>
				<item id="renzheng_time"><![CDATA[申请时间]]></item>
				<item id="renzheng_status"><![CDATA[认证状态]]></item>
				<item id="renzheng_status1"><![CDATA[待审核]]></item>
				<item id="renzheng_status2"><![CDATA[审核通过]]></item>
				<item id="renzheng_status3"><![CDATA[审核失败]]></item>
				<item id="renzheng_ok"><![CDATA[通过]]></item>
				<item id="renzheng_no"><![CDATA[不通过]]></item>
				<item id="renzheng_status3_title"><![CDATA[申请认证审核失败]]></item>
				<item id="renzheng_status3_msg"><![CDATA[审核失败原因]]></item>
				<item id="rec_list"><![CDATA[申请推荐列表]]></item>
				<item id="rec_status"><![CDATA[申请状态]]></item>
				<item id="rec_status1"><![CDATA[待审核]]></item>
				<item id="rec_status2"><![CDATA[审核通过]]></item>
				<item id="rec_status3"><![CDATA[审核失败]]></item>
				<item id="rec_time"><![CDATA[申请时间]]></item>
				<item id="rec_ok"><![CDATA[通过]]></item>
				<item id="rec_status3_title"><![CDATA[申请推荐审核失败]]></item>
				<item id="rec_status3_msg"><![CDATA[审核失败原因]]></item>
				<item id="pic_list"><![CDATA[相册]]></item>
				<item id="upload_avatar"><![CDATA[请发送你的新头像。]]></item>
				<item id="inimage_err"><![CDATA[请发送正确的图片。]]></item>
				<item id="upload_avatar_ok"><![CDATA[新头像上传成功。]]></item>
				<item id="upload_pics"><![CDATA[请发送交友相册照片。]]></item>
				<item id="no_allow_pic"><![CDATA[你的照片数已经达到上传张数上限，不能再上传。]]></item>
				<item id="upload_pics_ok"><![CDATA[照片上传成功，你还可以上传{n}张照片,你可以继续上传。]]></item>
				<item id="upload_pics_ok2"><![CDATA[照片上传成功，你的照片数已经达到上传张数上限，不能继续上传。]]></item>
				<item id="minute_old"><![CDATA[分钟前]]></item>
				<item id="minute_zero"><![CDATA[刚刚]]></item>
				<item id="info_contact_wx"><![CDATA[微信号:]]></item>
				<item id="info_contact_qq"><![CDATA[QQ号:]]></item>
				<item id="info_contact_tel"><![CDATA[手机号:]]></item>
				<item id="sms_object"><![CDATA[来自微信婚恋交友]]></item>
				<item id="tz_flowers_title"><![CDATA[收到鲜花通知]]></item>
				<item id="tz_flowers_content"><![CDATA[收到来自“<a href="plugin.php?id=tom_love&mod=info&uid={UID}"><font color="#F60">{NAME}</font></a>”的{NUM}朵鲜花]]></item>
				<item id="wxpay_score_order"><![CDATA[微信交友金币充值订单]]></item>
			</item>
			<item id="templatelang">
				<item id="nav_index"><![CDATA[缘&nbsp;&nbsp;份]]></item>
				<item id="nav_search"><![CDATA[搜&nbsp;&nbsp;索]]></item>
				<item id="nav_ss"><![CDATA[说&nbsp;&nbsp;说]]></item>
				<item id="nav_sms"><![CDATA[消&nbsp;&nbsp;息]]></item>
				<item id="nav_my"><![CDATA[我]]></item>
				<item id="index_nav_new"><![CDATA[最新]]></item>
				<item id="index_nav_nvyou"><![CDATA[找女友]]></item>
				<item id="index_nav_nanyou"><![CDATA[找男友]]></item>
				<item id="index_nav_search"><![CDATA[搜索]]></item>
				<item id="index_nav_vip"><![CDATA[认证会员]]></item>
				<item id="index_nav_shuoshuo"><![CDATA[说说]]></item>
				<item id="index_nav_sms"><![CDATA[消息]]></item>
				<item id="index_nav_phb"><![CDATA[排行榜]]></item>
				<item id="index_nav_my"><![CDATA[个人中心]]></item>
				<item id="man_ico"><![CDATA[♂]]></item>
				<item id="woman_ico"><![CDATA[♀]]></item>
				<item id="pre_page"><![CDATA[上一页]]></item>
				<item id="next_page"><![CDATA[下一页]]></item>
				<item id="index_new"><![CDATA[最新会员]]></item>
				<item id="index_rec"><![CDATA[推荐会员]]></item>
				<item id="new_title"><![CDATA[最新会员]]></item>
				<item id="rec_title"><![CDATA[推荐会员]]></item>
				<item id="saoyisao"><![CDATA[扫一扫]]></item>
				<item id="sex"><![CDATA[性　别：]]></item>
				<item id="sex2"><![CDATA[性别：]]></item>
				<item id="all"><![CDATA[不限]]></item>
				<item id="man"><![CDATA[男]]></item>
				<item id="woman"><![CDATA[女]]></item>
				<item id="manta"><![CDATA[他]]></item>
				<item id="womanta"><![CDATA[她]]></item>
				<item id="search_pic"><![CDATA[过滤照片]]></item>
				<item id="upload_pic"><![CDATA[上传照片]]></item>
				<item id="pre_pic"><![CDATA[上一张]]></item>
				<item id="next_pic"><![CDATA[下一张]]></item>
				<item id="close_pic"><![CDATA[关闭]]></item>
				<item id="more_info"><![CDATA[资料]]></item>
				<item id="search_gb"><![CDATA[过滤说说]]></item>
				<item id="gb_content"><![CDATA[说说内容：]]></item>
				<item id="gb_placeholder"><![CDATA[不超过30个字]]></item>
				<item id="gb_fb"><![CDATA[发布说说, 消耗]]></item>
				<item id="gb_msg"><![CDATA[提示:发布黄色、反动信息一律封号]]></item>
				<item id="gb_fb_btn"><![CDATA[发布说说]]></item>
				<item id="no_gb_score"><![CDATA[不足]]></item>
				<item id="must_content"><![CDATA[请填写说说内容!]]></item>
				<item id="gb_success"><![CDATA[发布说说成功!]]></item>
				<item id="jy_type"><![CDATA[类　别:]]></item>
				<item id="jy_renzheng"><![CDATA[认　证:]]></item>
				<item id="jy_renzheng_yes"><![CDATA[是]]></item>
				<item id="jy_renzheng_no"><![CDATA[否]]></item>
				<item id="friend"><![CDATA[交友]]></item>
				<item id="marriage"><![CDATA[婚恋]]></item>
				<item id="marital"><![CDATA[婚姻状况:]]></item>
				<item id="age"><![CDATA[年　龄:]]></item>
				<item id="age2"><![CDATA[年龄:]]></item>
				<item id="yixia"><![CDATA[以下]]></item>
				<item id="yishang"><![CDATA[以上]]></item>
				<item id="sui"><![CDATA[岁]]></item>
				<item id="area"><![CDATA[地　区:]]></item>
				<item id="china"><![CDATA[中国]]></item>
				<item id="quanbu"><![CDATA[全部]]></item>
				<item id="job"><![CDATA[职　业:]]></item>
				<item id="start_search"><![CDATA[开始搜索]]></item>
				<item id="change_search"><![CDATA[更改搜索条件]]></item>
				<item id="search_list"><![CDATA[搜索列表]]></item>
				<item id="search_again"><![CDATA[高级搜索]]></item>
				<item id="nav_sms_list"><![CDATA[消息列表]]></item>
				<item id="nav_gb"><![CDATA[说说墙]]></item>
				<item id="nav_system_msg_list"><![CDATA[系统消息]]></item>
				<item id="sms_send_title1"><![CDATA[给“]]></item>
				<item id="sms_send_title2"><![CDATA[”发送消息]]></item>
				<item id="sms_send_content"><![CDATA[消息内容:]]></item>
				<item id="sms_send_content_place"><![CDATA[不要超过50个字]]></item>
				<item id="sms_send_btn"><![CDATA[发送]]></item>
				<item id="sms_reload"><![CDATA[刷新]]></item>
				<item id="no_sms_score"><![CDATA[不足]]></item>
				<item id="sms_show_title1"><![CDATA[来自“]]></item>
				<item id="sms_show_title2"><![CDATA[”的消息]]></item>
				<item id="sms_show_content"><![CDATA[回复内容:]]></item>
				<item id="sms_show_btn"><![CDATA[回 复]]></item>
				<item id="sms_sendshow_title1"><![CDATA[正在和“]]></item>
				<item id="sms_sendshow_title2"><![CDATA[”聊天]]></item>
				<item id="sms_sendlist_title"><![CDATA[已发信息列表]]></item>
				<item id="sms_span_show"><![CDATA[查看]]></item>
				<item id="sms_span_reply"><![CDATA[回复]]></item>
				<item id="sms_span_del"><![CDATA[删除]]></item>
				<item id="sms_no_sms"><![CDATA[暂无消息]]></item>
				<item id="sms_no_sms_msg"><![CDATA[你可以主动给心动的人发送消息]]></item>
				<item id="sms_no_self"><![CDATA[不能给自己发信息]]></item>
				<item id="sms_send_no_empty"><![CDATA[消息内容不能为空]]></item>
				<item id="sms_send_success"><![CDATA[消息发送成功]]></item>
				<item id="sms_reply_no_empty"><![CDATA[回复内容不能为空]]></item>
				<item id="sms_reply_success"><![CDATA[回复成功]]></item>
				<item id="sms_del_succsee"><![CDATA[删除成功]]></item>
				<item id="sms_meto"><![CDATA[我对]]></item>
				<item id="sms_shuo"><![CDATA[说：]]></item>
				<item id="sms_tomeshuo"><![CDATA[对我说:]]></item>
				<item id="sms_no_read"><![CDATA[未读]]></item>
				<item id="sms_no_read_sys_msg"><![CDATA[您有未读系统消息，点击查看!]]></item>
				<item id="no_nickname"><![CDATA[未填写昵称]]></item>
				<item id="add_info"><![CDATA[点击此处完善资料]]></item>
				<item id="info_title"><![CDATA[基本资料]]></item>
				<item id="info_edit"><![CDATA[点击修改资料]]></item>
				<item id="info_dian"><![CDATA[·]]></item>
				<item id="info_avatar"><![CDATA[修改头像]]></item>
				<item id="info_home"><![CDATA[我的主页]]></item>
				<item id="info_theme"><![CDATA[修改主题]]></item>
				<item id="info_contact"><![CDATA[联系方式]]></item>
				<item id="info_pic"><![CDATA[我的相册]]></item>
				<item id="info_me_anlian"><![CDATA[我的暗恋]]></item>
				<item id="info_anlian_me"><![CDATA[暗恋我的]]></item>
				<item id="info_friend"><![CDATA[我的好友]]></item>
				<item id="info_share1"><![CDATA[分享获取]]></item>
				<item id="info_share2"><![CDATA[当前每天]]></item>
				<item id="info_share3"><![CDATA[个]]></item>
				<item id="info_renzheng"><![CDATA[我要认证]]></item>
				<item id="info_renzheng_status0"><![CDATA[申请]]></item>
				<item id="info_renzheng_status1"><![CDATA[审核中]]></item>
				<item id="info_renzheng_status2"><![CDATA[已认证]]></item>
				<item id="info_rec"><![CDATA[申请推荐]]></item>
				<item id="info_rec_status0"><![CDATA[申请]]></item>
				<item id="info_rec_status1"><![CDATA[审核中]]></item>
				<item id="info_rec_status2"><![CDATA[已推荐]]></item>
				<item id="shengq_success"><![CDATA[申请成功]]></item>
				<item id="info_open"><![CDATA[公开]]></item>
				<item id="info_close"><![CDATA[关闭]]></item>
				<item id="open_success"><![CDATA[开启成功]]></item>
				<item id="close_success"><![CDATA[关闭成功]]></item>
				<item id="score_add"><![CDATA[充值]]></item>
				<item id="score_share"><![CDATA[分享赚]]></item>
				<item id="score_take_off"><![CDATA[消耗]]></item>
				<item id="login_out"><![CDATA[退出登录]]></item>
				<item id="edit_info"><![CDATA[修改资料]]></item>
				<item id="add_jy_type"><![CDATA[交友类别:]]></item>
				<item id="add_nickname"><![CDATA[昵　　称:]]></item>
				<item id="add_user_place"><![CDATA[填写昵称]]></item>
				<item id="add_sex"><![CDATA[性　　别:]]></item>
				<item id="add_select"><![CDATA[请选择]]></item>
				<item id="add_year"><![CDATA[出生年份:]]></item>
				<item id="add_area"><![CDATA[地　　区:]]></item>
				<item id="add_job"><![CDATA[职　　业:]]></item>
				<item id="add_describe"><![CDATA[内心独白:]]></item>
				<item id="add_desc_place"><![CDATA[不要超过30个字]]></item>
				<item id="add_marital"><![CDATA[婚姻状况:]]></item>
				<item id="add_height"><![CDATA[身高(厘米):]]></item>
				<item id="add_height_place"><![CDATA[请填写身高]]></item>
				<item id="add_weight"><![CDATA[体重(KG):]]></item>
				<item id="add_weight_place"><![CDATA[请填写体重]]></item>
				<item id="add_edu"><![CDATA[学　　历:]]></item>
				<item id="add_pay"><![CDATA[月收入:]]></item>
				<item id="add_submit"><![CDATA[保存资料]]></item>
				<item id="must_nickname"><![CDATA[请填写昵称!]]></item>
				<item id="must_sex"><![CDATA[请选择性别!]]></item>
				<item id="must_year"><![CDATA[请选择出生年份!]]></item>
				<item id="must_marital"><![CDATA[请填写婚姻状况!]]></item>
				<item id="must_province"><![CDATA[请填写所在省份!]]></item>
				<item id="must_city"><![CDATA[请填写所在城市!]]></item>
				<item id="must_qq"><![CDATA[QQ号必须填写!]]></item>
				<item id="must_describe"><![CDATA[请填写个人独白!]]></item>
				<item id="add_success"><![CDATA[个人信息更新成功!]]></item>
				<item id="add_must"><![CDATA[*]]></item>
				<item id="contact_title"><![CDATA[联系方式]]></item>
				<item id="contact_msg"><![CDATA[为了让心仪您的人联系到您, 请至少填写以下三项中的一项;<br>最好填写微信号, 可在微信【我】中找到微信号]]></item>
				<item id="contact_wx"><![CDATA[微 信 号:]]></item>
				<item id="contact_qq"><![CDATA[QQ号码:]]></item>
				<item id="contact_tel"><![CDATA[手 机 号:]]></item>
				<item id="contact_save"><![CDATA[保 存]]></item>
				<item id="must_wx"><![CDATA[微信号必须填写!]]></item>
				<item id="contact_succ"><![CDATA[联系信息更新成功!]]></item>
				<item id="info_show_title"><![CDATA[的主页]]></item>
				<item id="info_show_collect1"><![CDATA[暗恋他]]></item>
				<item id="info_show_collect2"><![CDATA[暗恋她]]></item>
				<item id="info_show_hello"><![CDATA[打招呼]]></item>
				<item id="info_show_sms"><![CDATA[发消息]]></item>
				<item id="info_show_flowers"><![CDATA[送鲜花]]></item>
				<item id="info_show_dubai"><![CDATA[内心独白]]></item>
				<item id="info_show_base"><![CDATA[基本资料]]></item>
				<item id="info_show_marital"><![CDATA[婚姻状况：]]></item>
				<item id="info_show_height"><![CDATA[身&nbsp;&nbsp;&nbsp;&nbsp;&nbsp;&nbsp;&nbsp;高：]]></item>
				<item id="info_show_weight"><![CDATA[体&nbsp;&nbsp;&nbsp;&nbsp;&nbsp;&nbsp;&nbsp;重：]]></item>
				<item id="info_show_edu"><![CDATA[学&nbsp;&nbsp;&nbsp;&nbsp;&nbsp;&nbsp;&nbsp;历：]]></item>
				<item id="info_show_pay"><![CDATA[收&nbsp;&nbsp;&nbsp;&nbsp;&nbsp;&nbsp;&nbsp;入：]]></item>
				<item id="info_show_work"><![CDATA[职&nbsp;&nbsp;&nbsp;&nbsp;&nbsp;&nbsp;&nbsp;业：]]></item>
				<item id="info_show_area"><![CDATA[地&nbsp;&nbsp;&nbsp;&nbsp;&nbsp;&nbsp;&nbsp;区：]]></item>
				<item id="info_show_baomi"><![CDATA[保密]]></item>
				<item id="info_show_limi"><![CDATA[厘米]]></item>
				<item id="info_show_yue"><![CDATA[月]]></item>
				<item id="info_show_kg"><![CDATA[KG]]></item>
				<item id="info_show_pic"><![CDATA[个人相册]]></item>
				<item id="info_show_pic_more"><![CDATA[点击查看更多]]></item>
				<item id="info_show_contact"><![CDATA[联系方式]]></item>
				<item id="info_show_contact_qq"><![CDATA[QQ&nbsp;号：]]></item>
				<item id="info_show_contact_wx"><![CDATA[微信号：]]></item>
				<item id="info_show_contact_tel"><![CDATA[手机号：]]></item>
				<item id="info_show_contact_btn"><![CDATA[点击查看，消耗]]></item>
				<item id="info_show_closed"><![CDATA[用户关闭了个人资料]]></item>
				<item id="info_show_renzheng"><![CDATA[点击认证]]></item>
				<item id="info_show_renzheng_msg"><![CDATA[未认证用户不能查看其他人资料]]></item>
				<item id="info_show_contact_succ"><![CDATA[查看成功]]></item>
				<item id="info_show_is_collect"><![CDATA[已经暗恋]]></item>
				<item id="info_show_collect_succ"><![CDATA[暗恋成功]]></item>
				<item id="info_show_hello_succ"><![CDATA[打招呼成功]]></item>
				<item id="info_show_no_bbs_id"><![CDATA[对方资料不完善]]></item>
				<item id="tongji_ren"><![CDATA[人]]></item>
				<item id="tongji_duo"><![CDATA[朵]]></item>
				<item id="tongji_flowers"><![CDATA[收到鲜花]]></item>
				<item id="show_pic1"><![CDATA[照片]]></item>
				<item id="show_pic2"><![CDATA[张]]></item>
				<item id="show_add_friend1"><![CDATA[加]]></item>
				<item id="show_add_friend2"><![CDATA[微信, 消耗1]]></item>
				<item id="show_add_msg1"><![CDATA[为避免用户受到不必要的骚扰]]></item>
				<item id="show_add_msg2"><![CDATA[为每天发放]]></item>
				<item id="show_add_msg3"><![CDATA[个,&nbsp;&nbsp;剩余]]></item>
				<item id="show_add_msg4"><![CDATA[个<br>如需更多免费]]></item>
				<item id="show_add_msg5"><![CDATA[请点击这里]]></item>
				<item id="add_no_score"><![CDATA[不足不能加好友，你可以通过分享获取]]></item>
				<item id="add_friend_succ"><![CDATA[加好友成功!]]></item>
				<item id="avatar_title"><![CDATA[上传头像]]></item>
				<item id="avatar_title_msg"><![CDATA[点击上面按钮选择要上传的头像]]></item>
				<item id="theme_title"><![CDATA[上传主题]]></item>
				<item id="theme_title_msg"><![CDATA[点击上面按钮选择要上传的主题]]></item>
				<item id="photo_title"><![CDATA[相册管理]]></item>
				<item id="photo_title_msg1"><![CDATA[点击上面按钮选择要上传的照片,最多]]></item>
				<item id="photo_title_msg2"><![CDATA[张]]></item>
				<item id="photo_over_num"><![CDATA[已经到达限制的张数]]></item>
				<item id="collect_title"><![CDATA[我的暗恋]]></item>
				<item id="score_title"><![CDATA[充值]]></item>
				<item id="score_my"><![CDATA[我的]]></item>
				<item id="score_jl"><![CDATA[记录]]></item>
				<item id="score_nickname"><![CDATA[用户名:]]></item>
				<item id="score_password"><![CDATA[密  码:]]></item>
				<item id="score_bind_btn"><![CDATA[绑定论坛账号]]></item>
				<item id="score_bind_user"><![CDATA[用户名]]></item>
				<item id="score_bbs"><![CDATA[论坛]]></item>
				<item id="score_bili"><![CDATA[兑换规则]]></item>
				<item id="score_fg"><![CDATA[：]]></item>
				<item id="score_recharge_btn"><![CDATA[开始充值]]></item>
				<item id="score_unbind_btn"><![CDATA[解除论坛绑定]]></item>
				<item id="scorepay_do"><![CDATA[下单中...]]></item>
				<item id="scorepay_bili"><![CDATA[充值规则]]></item>
				<item id="scorepay_yuan"><![CDATA[元（人民币）]]></item>
				<item id="scorepay_order_btn"><![CDATA[微信支付充值]]></item>
				<item id="scorepay_pay_succ"><![CDATA[充值成功]]></item>
				<item id="scorepay_pay_error"><![CDATA[支付失败]]></item>
				<item id="scorepay_order_error"><![CDATA[生成订单异常]]></item>
				<item id="scorepay_order_error301"><![CDATA[用户不存在]]></item>
				<item id="scorepay_order_error302"><![CDATA[订单金额不正确]]></item>
				<item id="scorepay_order_error303"><![CDATA[生成订单失败]]></item>
				<item id="scorepay_order_error304"><![CDATA[订单写入失败]]></item>
				<item id="score_recharge_error"><![CDATA[充值失败，请重试]]></item>
				<item id="score_recharge_succ"><![CDATA[充值成功]]></item>
				<item id="score_recharge_no_score"><![CDATA[充值失败，积分不足]]></item>
				<item id="score_must_nickname"><![CDATA[必须填写用户名]]></item>
				<item id="score_must_password"><![CDATA[必须填写密码]]></item>
				<item id="score_bind_error"><![CDATA[绑定失败，请重试]]></item>
				<item id="score_bind_succ"><![CDATA[绑定成功]]></item>
				<item id="score_bind_up_error"><![CDATA[用户名或者密码输入不正确]]></item>
				<item id="score_unbind_error"><![CDATA[取消绑定失败，请重试]]></item>
				<item id="score_unbind_succ"><![CDATA[取消绑定成功]]></item>
				<item id="share_title"><![CDATA[分享获取]]></item>
				<item id="share_fx"><![CDATA[分享一次]]></item>
				<item id="share_score"><![CDATA[获得1]]></item>
				<item id="share_btn"><![CDATA[分享到朋友圈]]></item>
				<item id="flowers_title1"><![CDATA[给“]]></item>
				<item id="flowers_title2"><![CDATA[”送鲜花]]></item>
				<item id="flowers_about"><![CDATA[一朵鲜花等于]]></item>
				<item id="flowers_num"><![CDATA[赠送朵数]]></item>
				<item id="flowers_duo"><![CDATA[朵]]></item>
				<item id="flowers_btn"><![CDATA[赠 送]]></item>
				<item id="flowers_success"><![CDATA[赠送成功]]></item>
				<item id="renzheng_title"><![CDATA[申请认证]]></item>
				<item id="renzheng_xm"><![CDATA[姓 名:]]></item>
				<item id="renzheng_xm_place"><![CDATA[填写真实姓名]]></item>
				<item id="renzheng_tel"><![CDATA[手 机:]]></item>
				<item id="renzheng_tel_place"><![CDATA[填写手机号]]></item>
				<item id="renzheng_sfzh"><![CDATA[身份证号:]]></item>
				<item id="renzheng_sfzh_place"><![CDATA[填写身份证号]]></item>
				<item id="renzheng_content"><![CDATA[备注:]]></item>
				<item id="renzheng_content_place"><![CDATA[填写备注信息]]></item>
				<item id="renzheng_pic_z"><![CDATA[身份证<br/>正面:]]></item>
				<item id="renzheng_pic_f"><![CDATA[身份证<br/>反面:]]></item>
				<item id="renzheng_status"><![CDATA[提交认证]]></item>
				<item id="renzheng_status1"><![CDATA[审核中，不能提交]]></item>
				<item id="renzheng_status2"><![CDATA[审核通过，修改认证信息]]></item>
				<item id="renzheng_status3"><![CDATA[审核失败，重新提交]]></item>
				<item id="renzheng_must_xm"><![CDATA[姓名必须填写]]></item>
				<item id="renzheng_must_tel"><![CDATA[手机号必须填写]]></item>
				<item id="renzheng_must_sfzh"><![CDATA[身份证号必须填写]]></item>
				<item id="renzheng_must_pic_z"><![CDATA[请上传身份证正面照片]]></item>
				<item id="renzheng_must_pic_f"><![CDATA[请上传身份证反面照片]]></item>
				<item id="renzheng_sub_success"><![CDATA[提交成功，等待审核]]></item>
				<item id="upload_image_type_error"><![CDATA[你上传的图片类型有误，请拍照上传或从文件管理器选择图片上传]]></item>
				<item id="upload_doing"><![CDATA[上传中...]]></item>
				<item id="upload_error"><![CDATA[上传失败，请稍后再试]]></item>
				<item id="upload_size_error"><![CDATA[超过了允许上传图片大小]]></item>
				<item id="upload_browser_msg1"><![CDATA[上传失败，请点击]]></item>
				<item id="upload_browser_msg2"><![CDATA[手机浏览器上传]]></item>
				<item id="no_nickname_avatar"><![CDATA[请先完善个人资料、头像]]></item>
				<item id="nickname_repeat"><![CDATA[昵称已存在，请重新填写]]></item>
				<item id="bind_title"><![CDATA[登录]]></item>
				<item id="bind_zc_username"><![CDATA[用户名]]></item>
				<item id="bind_zc_password"><![CDATA[密码]]></item>
				<item id="login_btn"><![CDATA[登 录]]></item>
				<item id="qq_login_btn"><![CDATA[QQ登录]]></item>
				<item id="wx_login_btn"><![CDATA[微信登录]]></item>
				<item id="bind_user_succ"><![CDATA[你已经成功绑定论坛账号]]></item>
				<item id="bind_user_unbind"><![CDATA[取消绑定]]></item>
				<item id="bind_must_username"><![CDATA[请填写用户名]]></item>
				<item id="bind_must_password"><![CDATA[请填写密码]]></item>
				<item id="bind_error"><![CDATA[遇到错误，请重新登录]]></item>
				<item id="bind_success"><![CDATA[登录成功]]></item>
				<item id="bind_up_error"><![CDATA[用户名或者密码输入不正确！]]></item>
				<item id="register_title"><![CDATA[登录注册]]></item>
				<item id="register_login_title1"><![CDATA[使用"]]></item>
				<item id="register_login_title2"><![CDATA["账号登录]]></item>
				<item id="register_reg_title1"><![CDATA[注册新"]]></item>
				<item id="register_reg_title2"><![CDATA["账号]]></item>
				<item id="reg_title"><![CDATA[注册新账号]]></item>
				<item id="reg_new_username"><![CDATA[注册新账号]]></item>
				<item id="reg_msg"><![CDATA[完成注册后，会自动绑定到你的微信账号]]></item>
				<item id="reg_username"><![CDATA[用户名]]></item>
				<item id="reg_password"><![CDATA[密码]]></item>
				<item id="reg_email"><![CDATA[邮箱]]></item>
				<item id="reg_btn"><![CDATA[注册账号]]></item>
				<item id="reg_must_username"><![CDATA[请填写用户名]]></item>
				<item id="reg_must_password"><![CDATA[请填写密码]]></item>
				<item id="reg_must_email"><![CDATA[请填写邮箱]]></item>
				<item id="reg_error"><![CDATA[注册失败，请重试]]></item>
				<item id="reg_success"><![CDATA[注册成功]]></item>
				<item id="reg_error201"><![CDATA[你的用户名小于3个字符，请输入较长的用户名]]></item>
				<item id="reg_error202"><![CDATA[你的用户名超过15个字符，请输入较短的用户名]]></item>
				<item id="reg_error203"><![CDATA[用户名包含被系统屏蔽的字符]]></item>
				<item id="reg_error301"><![CDATA[用户名不合法]]></item>
				<item id="reg_error302"><![CDATA[包含不允许注册的词语]]></item>
				<item id="reg_error303"><![CDATA[用户名已经存在]]></item>
				<item id="reg_error304"><![CDATA[Email 格式有误]]></item>
				<item id="reg_error305"><![CDATA[Email 不允许注册]]></item>
				<item id="reg_error306"><![CDATA[该 Email 已经被注册]]></item>
				<item id="upload_success"><![CDATA[上传成功]]></item>
				<item id="pic_upload_error1"><![CDATA[允许上传最大尺寸为：]]></item>
				<item id="pic_upload_error2"><![CDATA[，如果图片太大上传失败，请使用美图秀秀等第三方软件压缩后再上传。]]></item>
				<item id="phb_flowers"><![CDATA[鲜花排行榜]]></item>
				<item id="phb_anlians"><![CDATA[暗恋排行榜]]></item>
				<item id="phb_flowers_msg1"><![CDATA[收到（]]></item>
				<item id="phb_flowers_msg2"><![CDATA[）朵鲜花]]></item>
				<item id="phb_anlians_msg1"><![CDATA[共有（]]></item>
				<item id="phb_anlians_msg2"><![CDATA[）人暗恋]]></item>
			</item>
		</item>
		<item id="installfile"><![CDATA[install.php]]></item>
		<item id="uninstallfile"><![CDATA[uninstall.php]]></item>
		<item id="upgradefile"><![CDATA[upgrade.php]]></item>
	</item>
</root>