<?xml version="1.0" encoding="ISO-8859-1"?>
<root>
	<item id="Title"><![CDATA[Discuz! Plugin]]></item>
	<item id="Version"><![CDATA[X3.2]]></item>
	<item id="Time"><![CDATA[2015-09-22 17:38]]></item>
	<item id="From"><![CDATA[讯幻网(www.xhkj5.com)]]></item>
	<item id="Data">
		<item id="plugin">
			<item id="available"><![CDATA[1]]></item>
			<item id="adminid"><![CDATA[1]]></item>
			<item id="name"><![CDATA[下方悬浮广告]]></item>
			<item id="identifier"><![CDATA[keke_corner]]></item>
			<item id="description"><![CDATA[]]></item>
			<item id="datatables"><![CDATA[]]></item>
			<item id="directory"><![CDATA[keke_corner/]]></item>
			<item id="copyright"><![CDATA[讯幻网(www.xhkj5.com)]]></item>
			<item id="version"><![CDATA[1.0]]></item>
			<item id="__modules">
				<item id="0">
					<item id="name"><![CDATA[keke_corner]]></item>
					<item id="param"><![CDATA[]]></item>
					<item id="menu"><![CDATA[]]></item>
					<item id="url"><![CDATA[]]></item>
					<item id="type"><![CDATA[11]]></item>
					<item id="adminid"><![CDATA[0]]></item>
					<item id="displayorder"><![CDATA[0]]></item>
					<item id="navtitle"><![CDATA[]]></item>
					<item id="navicon"><![CDATA[]]></item>
					<item id="navsubname"><![CDATA[]]></item>
					<item id="navsuburl"><![CDATA[]]></item>
				</item>
			</item>
		</item>
		<item id="version"><![CDATA[X2,X2.5,X3,X3.1,X3.2]]></item>
		<item id="var">
			<item id="0">
				<item id="displayorder"><![CDATA[0]]></item>
				<item id="title"><![CDATA[广告文字内容]]></item>
				<item id="description"><![CDATA[请输入广告文字内容，20字以内效果较佳。]]></item>
				<item id="variable"><![CDATA[content]]></item>
				<item id="type"><![CDATA[textarea]]></item>
				<item id="value"><![CDATA[丽江网交友频道新版上线，赶紧进来看看吧！]]></item>
				<item id="extra"><![CDATA[]]></item>
			</item>
			<item id="1">
				<item id="displayorder"><![CDATA[0]]></item>
				<item id="title"><![CDATA[广告链接]]></item>
				<item id="description"><![CDATA[广告链接地址]]></item>
				<item id="variable"><![CDATA[link]]></item>
				<item id="type"><![CDATA[text]]></item>
				<item id="value"><![CDATA[http://www.xhkj5.com]]></item>
				<item id="extra"><![CDATA[]]></item>
			</item>
			<item id="2">
				<item id="displayorder"><![CDATA[0]]></item>
				<item id="title"><![CDATA[文字颜色]]></item>
				<item id="description"><![CDATA[广告文字颜色，默认白色]]></item>
				<item id="variable"><![CDATA[color]]></item>
				<item id="type"><![CDATA[color]]></item>
				<item id="value"><![CDATA[#FFFFFF]]></item>
				<item id="extra"><![CDATA[]]></item>
			</item>
		</item>
	</item>
</root>