﻿<?xml version="1.0" encoding="ISO-8859-1"?>
<root>
	<item id="Title"><![CDATA[Discuz! Plugin]]></item>
	<item id="Version"><![CDATA[X2,X2.5,X3,X3.1,X3.2,F1.0]]></item>
	<item id="Time"><![CDATA[2016-12-07 09:30]]></item>
	<item id="From"><![CDATA[分享吧（www.fx8.cc）]]></item>
	<item id="Data">
		<item id="plugin">
			<item id="available"><![CDATA[1]]></item>
			<item id="adminid"><![CDATA[1]]></item>
			<item id="name"><![CDATA[源码哥_提现到微信&支付宝]]></item>
			<item id="identifier"><![CDATA[svipzan_tixians]]></item>
			<item id="description"><![CDATA[]]></item>
			<item id="datatables"><![CDATA[]]></item>
			<item id="directory"><![CDATA[svipzan_tixians/]]></item>
			<item id="copyright"><![CDATA[源码哥（www.ymg6.com）]]></item>
			<item id="version"><![CDATA[商业运营V-5.2]]></item>
			<item id="__modules">
				<item id="9">
					<item id="name"><![CDATA[myyapmagoo]]></item>
					<item id="menu"><![CDATA[<span style="color:#E53333;"><b>源码哥</b></span>]]></item>
					<item id="url"><![CDATA[]]></item>
					<item id="type"><![CDATA[3]]></item>
					<item id="adminid"><![CDATA[0]]></item>
					<item id="displayorder"><![CDATA[0]]></item>
					<item id="navtitle"><![CDATA[]]></item>
					<item id="navicon"><![CDATA[]]></item>
					<item id="navsubname"><![CDATA[]]></item>
					<item id="navsuburl"><![CDATA[]]></item>
				</item>
				<item id="0">
					<item id="name"><![CDATA[tixian]]></item>
					<item id="param"><![CDATA[]]></item>
					<item id="menu"><![CDATA[]]></item>
					<item id="url"><![CDATA[]]></item>
					<item id="type"><![CDATA[11]]></item>
					<item id="adminid"><![CDATA[0]]></item>
					<item id="displayorder"><![CDATA[0]]></item>
					<item id="navtitle"><![CDATA[]]></item>
					<item id="navicon"><![CDATA[]]></item>
					<item id="navsubname"><![CDATA[]]></item>
					<item id="navsuburl"><![CDATA[]]></item>
				</item>
				<item id="1">
					<item id="name"><![CDATA[more]]></item>
					<item id="param"><![CDATA[]]></item>
					<item id="menu"><![CDATA[<b style=color:red>&#x7CBE;&#x54C1;&#x5E94;&#x7528;</b>]]></item>
					<item id="url"><![CDATA[]]></item>
					<item id="type"><![CDATA[3]]></item>
					<item id="adminid"><![CDATA[0]]></item>
					<item id="displayorder"><![CDATA[0]]></item>
					<item id="navtitle"><![CDATA[]]></item>
					<item id="navicon"><![CDATA[]]></item>
					<item id="navsubname"><![CDATA[]]></item>
					<item id="navsuburl"><![CDATA[]]></item>
				</item>
				<item id="2">
					<item id="name"><![CDATA[log]]></item>
					<item id="param"><![CDATA[]]></item>
					<item id="menu"><![CDATA[&#x63D0;&#x73B0;&#x8BB0;&#x5F55;]]></item>
					<item id="url"><![CDATA[]]></item>
					<item id="type"><![CDATA[1]]></item>
					<item id="adminid"><![CDATA[0]]></item>
					<item id="displayorder"><![CDATA[0]]></item>
					<item id="navtitle"><![CDATA[]]></item>
					<item id="navicon"><![CDATA[]]></item>
					<item id="navsubname"><![CDATA[]]></item>
					<item id="navsuburl"><![CDATA[]]></item>
				</item>
				<item id="3">
					<item id="name"><![CDATA[admin_tixian]]></item>
					<item id="param"><![CDATA[]]></item>
					<item id="menu"><![CDATA[&#x63D0;&#x73B0;&#x7BA1;&#x7406;]]></item>
					<item id="url"><![CDATA[]]></item>
					<item id="type"><![CDATA[3]]></item>
					<item id="adminid"><![CDATA[0]]></item>
					<item id="displayorder"><![CDATA[1]]></item>
					<item id="navtitle"><![CDATA[]]></item>
					<item id="navicon"><![CDATA[]]></item>
					<item id="navsubname"><![CDATA[]]></item>
					<item id="navsuburl"><![CDATA[]]></item>
				</item>
			</item>
		</item>
		<item id="version"><![CDATA[X2,X2.5,X3,X3.1,X3.2,F1.0]]></item>
		<item id="var">
			<item id="0">
				<item id="displayorder"><![CDATA[0]]></item>
				<item id="title"><![CDATA[&#x662F;&#x5426;&#x5F00;&#x542F;&#x4F1A;&#x5458;&#x63D0;&#x73B0;&#x529F;&#x80FD;]]></item>
				<item id="description"><![CDATA[]]></item>
				<item id="variable"><![CDATA[kaiguan]]></item>
				<item id="type"><![CDATA[radio]]></item>
				<item id="value"><![CDATA[1]]></item>
				<item id="extra"><![CDATA[]]></item>
			</item>
			<item id="1">
				<item id="displayorder"><![CDATA[1]]></item>
				<item id="title"><![CDATA[&#x5BFC;&#x822A;&#x540D;&#x79F0;]]></item>
				<item id="description"><![CDATA[]]></item>
				<item id="variable"><![CDATA[nav_name]]></item>
				<item id="type"><![CDATA[textarea]]></item>
				<item id="value"><![CDATA[&#x79EF;&#x5206;&#x63D0;&#x73B0;]]></item>
				<item id="extra"><![CDATA[]]></item>
			</item>
			<item id="2">
				<item id="displayorder"><![CDATA[2]]></item>
				<item id="title"><![CDATA[&#x63D0;&#x73B0;&#x79EF;&#x5206;&#x7C7B;&#x578B;]]></item>
				<item id="description"><![CDATA[]]></item>
				<item id="variable"><![CDATA[jifenlist]]></item>
				<item id="type"><![CDATA[extcredit]]></item>
				<item id="value"><![CDATA[1]]></item>
				<item id="extra"><![CDATA[]]></item>
			</item>
			<item id="3">
				<item id="displayorder"><![CDATA[3]]></item>
				<item id="title"><![CDATA[&#x6700;&#x5C0F;&#x63D0;&#x73B0;&#x91D1;&#x989D;]]></item>
				<item id="description"><![CDATA[]]></item>
				<item id="variable"><![CDATA[minjine]]></item>
				<item id="type"><![CDATA[number]]></item>
				<item id="value"><![CDATA[0]]></item>
				<item id="extra"><![CDATA[]]></item>
			</item>
			<item id="4">
				<item id="displayorder"><![CDATA[4]]></item>
				<item id="title"><![CDATA[&#x79EF;&#x5206;&#x548C;&#x73B0;&#x91D1;&#x6BD4;&#x4F8B;]]></item>
				<item id="description"><![CDATA[&#x5982;&#x679C;&#x586B;100&#x5219;100&#x79EF;&#x5206;=1&#x5143;&#x4EBA;&#x6C11;&#x5E01;===============&#x5982;&#x679C;&#x586B;200&#x5219;200&#x79EF;&#x5206;=1&#x5143;&#x4EBA;&#x6C11;&#x5E01;]]></item>
				<item id="variable"><![CDATA[bili]]></item>
				<item id="type"><![CDATA[text]]></item>
				<item id="value"><![CDATA[100]]></item>
				<item id="extra"><![CDATA[]]></item>
			</item>
			<item id="5">
				<item id="displayorder"><![CDATA[6]]></item>
				<item id="title"><![CDATA[&#x7248;&#x6743;&#x4FE1;&#x606F;]]></item>
				<item id="description"><![CDATA[]]></item>
				<item id="variable"><![CDATA[copyright]]></item>
				<item id="type"><![CDATA[textarea]]></item>
				<item id="value"><![CDATA[]]></item>
				<item id="extra"><![CDATA[]]></item>
			</item>
		</item>
		<item id="language">
			<item id="scriptlang">
				<item id="logy_m_g"><![CDATA[<h2 style="text-align:-webkit-center;">
	<span style="color:#4C33E5;">推荐一个dz商</span><span style="color:#4C33E5;">业插件模版下载的</span><span style="color:#4C33E5;"></span><span style="color:#4C33E5;">网站给大家</span><a href="http://www.ymg6.com" target="_blank"><span style="color:#4C33E5;">源码哥分享吧</span></a><span style="color:#4C33E5;">（www.ymg6.com）</span> 
</h2>
<h3 style="text-align:-webkit-center;">
	<span style="color:#E53333;">这</span><span style="color:#E53333;">是一个</span><span style="color:#E53333;">dz商业</span><a href="http://www.ymg6.com/forum.php?mod=forumdisplay&fid=2" target="_blank"><span style="color:#337FE5;">插</span><u><span style="color:#337FE5;"></span></u><span style="color:#337FE5;">件</span></a><a href="http://www.ymg6.com/forum.php?mod=forumdisplay&fid=36" target="_blank"><u><span style="color:#337FE5;">模</span></u><u><span style="color:#337FE5;"></span></u><u><span style="color:#337FE5;">版</span></u></a><span style="color:#E53333;">资源破解分享的网站，而且还有很多精品的网站源码下载</span> 
</h3>
<h3 style="text-align:-webkit-center;">
	<span style="color:#E53333;">他们资源每天更新，并且很多都是他们自己出钱在应用中心购买后破解分享出来的</span><br />
</h3>
<h3>
	<div style="text-align:center;">
		<span style="color:#E53333;">不过还是替他们说一下</span> 
	</div>
	<div style="text-align:center;">
		<span style="color:#E53333;">&nbsp;他们站下载的资源只限于自己学习研究内含的设计思想和原理 请勿有任何商业盈利行为</span> 
	</div>
</h3>
<h3 style="text-align:center;">
	<span style="color:#999999;">介绍也介绍完了，给大家做个小导航吧</span> 
</h3>
<h3 style="text-align:center;">
	<span style="color:#337FE5;"><a href="http://www.ymg6.com/forum.php?mod=forumdisplay&fid=2" target="_blank">dz商业破解插件下载</a> &nbsp; <a href="http://www.ymg6.com/forum.php?mod=forumdisplay&fid=36" target="_blank">dz商业风格模版下载</a> &nbsp; &nbsp;<a href="http://www.ymg6.com/forum.php?mod=forumdisplay&fid=50" target="_blank">精品网站源码下载</a> &nbsp; &nbsp;<a href="http://www.ymg6.com/forum.php?mod=forumdisplay&fid=51" target="_blank">工具素材下载</a></span><span style="color:#337FE5;">&nbsp; &nbsp; <a href="http://www.ymg6.com/forum.php?mod=forumdisplay&fid=41" target="_blank">精选教程区</a></span> 
</h3> ]]></item>
				<item id="noopen"><![CDATA[&#x63D0;&#x73B0;&#x529F;&#x80FD;&#x6CA1;&#x6709;&#x5F00;&#x542F;&#xFF0C;&#x8BF7;&#x8054;&#x7CFB;&#x7AD9;&#x957F;&#x6216;&#x7BA1;&#x7406;&#x5458;&#x5F00;&#x542F;&#x3002;]]></item>
				<item id="extcrediterror"><![CDATA[&#x7BA1;&#x7406;&#x5458;&#x6CA1;&#x6709;&#x8BBE;&#x7F6E;&#x53EF;&#x63D0;&#x73B0;&#x7684;&#x79EF;&#x5206;&#x7C7B;&#x578B;&#x3002;]]></item>
				<item id="gologin"><![CDATA[&#x8BF7;&#x767B;&#x9646;&#x540E;&#x5728;&#x8FDB;&#x884C;&#x63D0;&#x73B0;&#x64CD;&#x4F5C;&#x3002;]]></item>
				<item id="tixian_ok"><![CDATA[&#x606D;&#x559C;&#x60A8;&#xFF01;&#x63D0;&#x73B0;&#x6210;&#x529F;&#xFF0C;&#x8BF7;&#x7B49;&#x5F85;&#x7BA1;&#x7406;&#x5458;&#x5BA1;&#x6838;&#x901A;&#x8FC7;&#x53D1;&#x653E;&#x6B3E;&#x9879;&#xFF01;]]></item>
				<item id="formhasherror"><![CDATA[&#x5B89;&#x5168;&#x9A8C;&#x8BC1;&#x51FA;&#x9519;&#xFF01;]]></item>
				<item id="tixianjineerror"><![CDATA[&#x63D0;&#x73B0;&#x91D1;&#x989D;&#x586B;&#x5199;&#x9519;&#x8BEF;&#xFF01;]]></item>
				<item id="tixianzhanghaoerror"><![CDATA[&#x63D0;&#x73B0;&#x8D26;&#x53F7;&#x4E0D;&#x80FD;&#x4E3A;&#x7A7A;&#xFF01;]]></item>
				<item id="yuebuzu"><![CDATA[&#x62B1;&#x6B49;&#xFF01;&#x60A8;&#x7684;&#x63D0;&#x73B0;&#x91D1;&#x989D;&#x8D85;&#x8FC7;&#x8D26;&#x6237;&#x53EF;&#x63D0;&#x73B0;&#x4F59;&#x989D;&#xFF01;]]></item>
				<item id="lingyue"><![CDATA[&#x62B1;&#x6B49;&#xFF01;&#x63D0;&#x73B0;&#x91D1;&#x989D;&#x4E0D;&#x80FD;&#x4E3A;0&#xFF01;]]></item>
				<item id="shanchuok"><![CDATA[&#x606D;&#x559C;&#x4F60;&#xFF0C;&#x63D0;&#x73B0;&#x8BB0;&#x5F55;&#x5220;&#x9664;&#x6210;&#x529F;&#xFF01;]]></item>
				<item id="stxjl"><![CDATA[&#x63D0;&#x73B0;&#x8BB0;&#x5F55;]]></item>
				<item id="syuan"><![CDATA[&#x5143;]]></item>
				<item id="stixiandate"><![CDATA[&#x63D0;&#x73B0;&#x65E5;&#x671F;]]></item>
				<item id="stixianjine"><![CDATA[&#x63D0;&#x73B0;&#x91D1;&#x989D;]]></item>
				<item id="sbeizhu"><![CDATA[&#x5907;&#x6CE8;]]></item>
				<item id="sstatus"><![CDATA[&#x72B6;&#x6001;]]></item>
				<item id="sdo"><![CDATA[&#x64CD;&#x4F5C;]]></item>
				<item id="sljtx"><![CDATA[&#x7ACB;&#x5373;&#x63D0;&#x73B0;]]></item>
				<item id="sdaishenhe"><![CDATA[&#x5F85;&#x5BA1;&#x6838;]]></item>
				<item id="stixiansuccess"><![CDATA[&#x63D0;&#x73B0;&#x6210;&#x529F;]]></item>
				<item id="sunknowerror"><![CDATA[&#x672A;&#x77E5;&#x9519;&#x8BEF;]]></item>
				<item id="snodo"><![CDATA[&#x4E0D;&#x53EF;&#x64CD;&#x4F5C;]]></item>
				<item id="stxfs"><![CDATA[&#x63D0;&#x73B0;&#x65B9;&#x5F0F;]]></item>
				<item id="salipay"><![CDATA[&#x652F;&#x4ED8;&#x5B9D;]]></item>
				<item id="swxpay"><![CDATA[&#x5FAE;&#x4FE1;]]></item>
				<item id="stxzh"><![CDATA[&#x63D0;&#x73B0;&#x8D26;&#x53F7;]]></item>
				<item id="yuan"><![CDATA[&#x5143;]]></item>
				<item id="shenheok"><![CDATA[&#x7ACB;&#x5373;&#x5BA1;&#x6838;]]></item>
				<item id="shenheokinfo"><![CDATA[&#x8BF7;&#x786E;&#x5B9A;&#x8BE5;&#x7B14;&#x63D0;&#x73B0;&#x5DF2;&#x8F6C;&#x8D26;&#xFF0C;&#x5BA1;&#x6838;&#x5DF2;&#x901A;&#x8FC7;]]></item>
				<item id="snew"><![CDATA[&#x70B9;&#x51FB;&#x5237;&#x65B0;]]></item>
				<item id="beizhu"><![CDATA[&#x63D0;&#x73B0;]]></item>
			</item>
			<item id="templatelang">
				<item id="gotixian"><![CDATA[&#x63D0;&#x73B0;&#x5230;&#x4E0B;&#x9762;&#x8D26;&#x6237;]]></item>
				<item id="txzh"><![CDATA[&#x63D0;&#x73B0;&#x8D26;&#x53F7;]]></item>
				<item id="txje"><![CDATA[&#x63D0;&#x73B0;&#x91D1;&#x989D;]]></item>
				<item id="qrtx"><![CDATA[&#x786E;&#x8BA4;&#x63D0;&#x73B0;]]></item>
				<item id="txjl"><![CDATA[&#x63D0;&#x73B0;&#x8BB0;&#x5F55;]]></item>
				<item id="cantixian"><![CDATA[&#x53EF;&#x63D0;&#x73B0;]]></item>
				<item id="yuan"><![CDATA[&#x5143;]]></item>
				<item id="wdqb"><![CDATA[&#x6211;&#x7684;&#x94B1;&#x5305;]]></item>
				<item id="tixiandate"><![CDATA[&#x63D0;&#x73B0;&#x65E5;&#x671F;]]></item>
				<item id="tixianjine"><![CDATA[&#x63D0;&#x73B0;&#x91D1;&#x989D;]]></item>
				<item id="beizhu"><![CDATA[&#x5907;&#x6CE8;]]></item>
				<item id="status"><![CDATA[&#x72B6;&#x6001;]]></item>
				<item id="do"><![CDATA[&#x64CD;&#x4F5C;]]></item>
				<item id="ljtx"><![CDATA[&#x7ACB;&#x5373;&#x63D0;&#x73B0;]]></item>
				<item id="daishenhe"><![CDATA[&#x5F85;&#x5BA1;&#x6838;]]></item>
				<item id="tixiansuccess"><![CDATA[&#x63D0;&#x73B0;&#x6210;&#x529F;]]></item>
				<item id="unknowerror"><![CDATA[&#x672A;&#x77E5;&#x9519;&#x8BEF;]]></item>
				<item id="shanchu"><![CDATA[&#x5220;&#x9664;]]></item>
				<item id="usergroup"><![CDATA[&#x7528;&#x6237;&#x7EC4;&#xFF1B;]]></item>
				<item id="nodo"><![CDATA[&#x4E0D;&#x53EF;&#x64CD;&#x4F5C;]]></item>
				<item id="txfs"><![CDATA[&#x63D0;&#x73B0;&#x65B9;&#x5F0F;]]></item>
				<item id="alipay"><![CDATA[&#x652F;&#x4ED8;&#x5B9D;]]></item>
				<item id="wxpay"><![CDATA[&#x5FAE;&#x4FE1;]]></item>
				<item id="tishiinfo"><![CDATA[&#x5982;&#x679C;&#x9047;&#x5230;&#x63D0;&#x73B0;&#x6210;&#x529F;&#x4E14;&#x8BA2;&#x5355;&#x663E;&#x793A;&#x63D0;&#x793A;&#x6210;&#x529F;&#x4F46;&#x672A;&#x6536;&#x5230;&#x76F8;&#x5E94;&#x6B3E;&#x9879;&#xFF0C;&#x8BF7;&#x60A8;&#x8054;&#x7CFB;&#x7F51;&#x7AD9;&#x7BA1;&#x7406;&#x5458;&#x6216;&#x5BA2;&#x670D;&#x5904;&#x7406;&#xFF01;&#x6216;&#x624B;&#x52A8;&#x68C0;&#x67E5;&#x63D0;&#x73B0;&#x72B6;&#x6001;]]></item>
			</item>
			<item id="installlang">
				<item id="english"><![CDATA[chinese]]></item>
			</item>
		</item>
		<item id="installfile"><![CDATA[install.php]]></item>
		<item id="uninstallfile"><![CDATA[uninstall.php]]></item>
	</item>
</root>