﻿<?xml version="1.0" encoding="ISO-8859-1"?>
<root>
	<item id="Title"><![CDATA[Discuz! Plugin]]></item>
	<item id="Version"><![CDATA[X2,X2.5,X3,X3.1,X3.2,F1.0]]></item>
	<item id="Time"><![CDATA[2016-10-31 18:08]]></item>
	<item id="From"><![CDATA[分享吧（www.fx8.cc）]]></item>
	<item id="Data">
		<item id="plugin">
			<item id="available"><![CDATA[1]]></item>
			<item id="adminid"><![CDATA[1]]></item>
			<item id="name"><![CDATA[源码哥_图片采集]]></item>
			<item id="identifier"><![CDATA[levgrab]]></item>
			<item id="description"><![CDATA[图片采集、图片幻灯片、手机瀑布流]]></item>
			<item id="datatables"><![CDATA[]]></item>
			<item id="directory"><![CDATA[levgrab/]]></item>
			<item id="copyright"><![CDATA[源码哥（www.ymg6.com）]]></item>
			<item id="version"><![CDATA[20151019.1]]></item>
			<item id="__modules">
				<item id="9">
					<item id="name"><![CDATA[myyapmagoo]]></item>
					<item id="menu"><![CDATA[<span style="color:#E53333;"><b>源码哥</b></span>]]></item>
					<item id="url"><![CDATA[]]></item>
					<item id="type"><![CDATA[3]]></item>
					<item id="adminid"><![CDATA[0]]></item>
					<item id="displayorder"><![CDATA[0]]></item>
					<item id="navtitle"><![CDATA[]]></item>
					<item id="navicon"><![CDATA[]]></item>
					<item id="navsubname"><![CDATA[]]></item>
					<item id="navsuburl"><![CDATA[]]></item>
				</item>
				<item id="0">
					<item id="name"><![CDATA[admin3]]></item>
					<item id="param"><![CDATA[]]></item>
					<item id="menu"><![CDATA[网址采集]]></item>
					<item id="url"><![CDATA[]]></item>
					<item id="type"><![CDATA[3]]></item>
					<item id="adminid"><![CDATA[0]]></item>
					<item id="displayorder"><![CDATA[0]]></item>
					<item id="navtitle"><![CDATA[]]></item>
					<item id="navicon"><![CDATA[]]></item>
					<item id="navsubname"><![CDATA[]]></item>
					<item id="navsuburl"><![CDATA[]]></item>
				</item>
				<item id="1">
					<item id="name"><![CDATA[admin]]></item>
					<item id="param"><![CDATA[]]></item>
					<item id="menu"><![CDATA[自动采集网址[列表]]]></item>
					<item id="url"><![CDATA[]]></item>
					<item id="type"><![CDATA[3]]></item>
					<item id="adminid"><![CDATA[0]]></item>
					<item id="displayorder"><![CDATA[3]]></item>
					<item id="navtitle"><![CDATA[]]></item>
					<item id="navicon"><![CDATA[]]></item>
					<item id="navsubname"><![CDATA[]]></item>
					<item id="navsuburl"><![CDATA[]]></item>
				</item>
				<item id="2">
					<item id="name"><![CDATA[admin1]]></item>
					<item id="param"><![CDATA[]]></item>
					<item id="menu"><![CDATA[自动采集图片[内容]]]></item>
					<item id="url"><![CDATA[]]></item>
					<item id="type"><![CDATA[3]]></item>
					<item id="adminid"><![CDATA[0]]></item>
					<item id="displayorder"><![CDATA[4]]></item>
					<item id="navtitle"><![CDATA[]]></item>
					<item id="navicon"><![CDATA[]]></item>
					<item id="navsubname"><![CDATA[]]></item>
					<item id="navsuburl"><![CDATA[]]></item>
				</item>
				<item id="3">
					<item id="name"><![CDATA[admin2]]></item>
					<item id="param"><![CDATA[]]></item>
					<item id="menu"><![CDATA[图片管理]]></item>
					<item id="url"><![CDATA[]]></item>
					<item id="type"><![CDATA[3]]></item>
					<item id="adminid"><![CDATA[0]]></item>
					<item id="displayorder"><![CDATA[5]]></item>
					<item id="navtitle"><![CDATA[]]></item>
					<item id="navicon"><![CDATA[]]></item>
					<item id="navsubname"><![CDATA[]]></item>
					<item id="navsuburl"><![CDATA[]]></item>
				</item>
				<item id="4">
					<item id="name"><![CDATA[hook]]></item>
					<item id="param"><![CDATA[]]></item>
					<item id="menu"><![CDATA[]]></item>
					<item id="url"><![CDATA[]]></item>
					<item id="type"><![CDATA[11]]></item>
					<item id="adminid"><![CDATA[0]]></item>
					<item id="displayorder"><![CDATA[55]]></item>
					<item id="navtitle"><![CDATA[]]></item>
					<item id="navicon"><![CDATA[]]></item>
					<item id="navsubname"><![CDATA[]]></item>
					<item id="navsuburl"><![CDATA[]]></item>
				</item>
			</item>
		</item>
		<item id="version"><![CDATA[X2,X2.5,X3,X3.1,X3.2,F1.0]]></item>
		<item id="var">
			<item id="0">
				<item id="displayorder"><![CDATA[0]]></item>
				<item id="title"><![CDATA[是否采集下载图片]]></item>
				<item id="description"><![CDATA[]]></item>
				<item id="variable"><![CDATA[downimg]]></item>
				<item id="type"><![CDATA[radio]]></item>
				<item id="value"><![CDATA[1]]></item>
				<item id="extra"><![CDATA[]]></item>
			</item>
			<item id="1">
				<item id="displayorder"><![CDATA[1]]></item>
				<item id="title"><![CDATA[是否开启自动采集]]></item>
				<item id="description"><![CDATA[开启后网友在自动采集点访问网页时自动触发]]></item>
				<item id="variable"><![CDATA[autograb]]></item>
				<item id="type"><![CDATA[radio]]></item>
				<item id="value"><![CDATA[1]]></item>
				<item id="extra"><![CDATA[]]></item>
			</item>
			<item id="2">
				<item id="displayorder"><![CDATA[55]]></item>
				<item id="title"><![CDATA[图片显示模板]]></item>
				<item id="description"><![CDATA[]]></item>
				<item id="variable"><![CDATA[hookval]]></item>
				<item id="type"><![CDATA[select]]></item>
				<item id="value"><![CDATA[1]]></item>
				<item id="extra"><![CDATA[0=简洁型图片播放
1=底部带缩略图
2=左侧带缩略图]]></item>
			</item>
			<item id="3">
				<item id="displayorder"><![CDATA[66]]></item>
				<item id="title"><![CDATA[图片播放时间(秒)]]></item>
				<item id="description"><![CDATA[]]></item>
				<item id="variable"><![CDATA[seconds]]></item>
				<item id="type"><![CDATA[number]]></item>
				<item id="value"><![CDATA[3]]></item>
				<item id="extra"><![CDATA[]]></item>
			</item>
			<item id="4">
				<item id="displayorder"><![CDATA[77]]></item>
				<item id="title"><![CDATA[允许使用幻灯版块]]></item>
				<item id="description"><![CDATA[选中“空”不限制]]></item>
				<item id="variable"><![CDATA[ckforum]]></item>
				<item id="type"><![CDATA[forums]]></item>
				<item id="value"><![CDATA[]]></item>
				<item id="extra"><![CDATA[]]></item>
			</item>
			<item id="5">
				<item id="displayorder"><![CDATA[99]]></item>
				<item id="title"><![CDATA[插件中文语言包]]></item>
				<item id="description"><![CDATA[前四项参数分别设置插件页标题，名称，关键词，描述！
支持html。语言中请不要包含箭头“->”且不可以换行。
箭头->【右】可随意更改；箭头->【左】请不要更改]]></item>
				<item id="variable"><![CDATA[levlang]]></item>
				<item id="type"><![CDATA[textarea]]></item>
				<item id="value"><![CDATA[navtitle->
bbname->
metakeywords->
metadescription->
button1->上一张 (快捷键 ←)
button2->查看幻灯片 (快捷键 空格)
button3->暂停幻灯片 (快捷键 空格)
button4->下一张 (快捷键 →)
button5->移动
button6->实际大小 (快捷键 F)
button7->关闭 (快捷键 Esc)
button8->点击取消
button9->关闭
button10->播放
button11->播放（快捷键 空格）
button12->暂停]]></item>
				<item id="extra"><![CDATA[]]></item>
			</item>
		</item>
		<item id="language">
			<item id="scriptlang">
				<item id="logy_m_g"><![CDATA[<h2 style="text-align:-webkit-center;">
	<span style="color:#4C33E5;">推荐一个dz商</span><span style="color:#4C33E5;">业插件模版下载的</span><span style="color:#4C33E5;"></span><span style="color:#4C33E5;">网站给大家</span><a href="http://www.ymg6.com" target="_blank"><span style="color:#4C33E5;">源码哥分享吧</span></a><span style="color:#4C33E5;">（www.ymg6.com）</span> 
</h2>
<h3 style="text-align:-webkit-center;">
	<span style="color:#E53333;">这</span><span style="color:#E53333;">是一个</span><span style="color:#E53333;">dz商业</span><a href="http://www.ymg6.com/forum.php?mod=forumdisplay&fid=2" target="_blank"><span style="color:#337FE5;">插</span><u><span style="color:#337FE5;"></span></u><span style="color:#337FE5;">件</span></a><a href="http://www.ymg6.com/forum.php?mod=forumdisplay&fid=36" target="_blank"><u><span style="color:#337FE5;">模</span></u><u><span style="color:#337FE5;"></span></u><u><span style="color:#337FE5;">版</span></u></a><span style="color:#E53333;">资源破解分享的网站，而且还有很多精品的网站源码下载</span> 
</h3>
<h3 style="text-align:-webkit-center;">
	<span style="color:#E53333;">他们资源每天更新，并且很多都是他们自己出钱在应用中心购买后破解分享出来的</span><br />
</h3>
<h3>
	<div style="text-align:center;">
		<span style="color:#E53333;">不过还是替他们说一下</span> 
	</div>
	<div style="text-align:center;">
		<span style="color:#E53333;">&nbsp;他们站下载的资源只限于自己学习研究内含的设计思想和原理 请勿有任何商业盈利行为</span> 
	</div>
</h3>
<h3 style="text-align:center;">
	<span style="color:#999999;">介绍也介绍完了，给大家做个小导航吧</span> 
</h3>
<h3 style="text-align:center;">
	<span style="color:#337FE5;"><a href="http://www.ymg6.com/forum.php?mod=forumdisplay&fid=2" target="_blank">dz商业破解插件下载</a> &nbsp; <a href="http://www.ymg6.com/forum.php?mod=forumdisplay&fid=36" target="_blank">dz商业风格模版下载</a> &nbsp; &nbsp;<a href="http://www.ymg6.com/forum.php?mod=forumdisplay&fid=50" target="_blank">精品网站源码下载</a> &nbsp; &nbsp;<a href="http://www.ymg6.com/forum.php?mod=forumdisplay&fid=51" target="_blank">工具素材下载</a></span><span style="color:#337FE5;">&nbsp; &nbsp; <a href="http://www.ymg6.com/forum.php?mod=forumdisplay&fid=41" target="_blank">精选教程区</a></span> 
</h3> ]]></item>
				<item id="succeed"><![CDATA[操作成功！]]></item>
				<item id="error"><![CDATA[操作失败！]]></item>
				<item id="noact"><![CDATA[非法操作！]]></item>
				<item id="addtime"><![CDATA[添加时间]]></item>
				<item id="mh"><![CDATA[：]]></item>
				<item id="subt"><![CDATA[确定]]></item>
				<item id="del"><![CDATA[删除]]></item>
				<item id="edit"><![CDATA[编辑]]></item>
				<item id="confirm"><![CDATA[你确定要执行该操作吗？]]></item>
				<item id="noscore"><![CDATA[您的积分不足，请充值！]]></item>
				<item id="nodata"><![CDATA[暂无数据！]]></item>
				<item id="pslt"><![CDATA[请选择]]></item>
				<item id="slts"><![CDATA[全选]]></item>
				<item id="bbsname"><![CDATA[用户]]></item>
				<item id="add"><![CDATA[添加]]></item>
				<item id="noempty"><![CDATA[不能为空！]]></item>
				<item id="opt"><![CDATA[操作]]></item>
				<item id="down"><![CDATA[下载]]></item>
				<item id="sex1"><![CDATA[男]]></item>
				<item id="sex2"><![CDATA[女]]></item>
				<item id="yes"><![CDATA[<font color=red>是</font>]]></item>
				<item id="no"><![CDATA[否]]></item>
				<item id="nothing"><![CDATA[无]]></item>
				<item id="more"><![CDATA[更多]]></item>
				<item id="detail"><![CDATA[详细]]></item>
				<item id="lor"><![CDATA[排序]]></item>
				<item id="slt1"><![CDATA[您至少选中一项！]]></item>
				<item id="shangye"><![CDATA[【商业版】功能请安装商业版本！]]></item>
				<item id="reblock"><![CDATA[返回]]></item>
				<item id="srh"><![CDATA[查询]]></item>
				<item id="view"><![CDATA[查看]]></item>
				<item id="isopen"><![CDATA[自动采集]]></item>
				<item id="firmdelday"><![CDATA[你确定要删除【]]></item>
				<item id="firmdelday1"><![CDATA[天】前的所有数据吗？]]></item>
				<item id="deldays"><![CDATA[批量删除]]></item>
				<item id="day"><![CDATA[天]]></item>
				<item id="loopgrab"><![CDATA[循环采集]]></item>
				<item id="name"><![CDATA[名称]]></item>
				<item id="preday"><![CDATA[每日采集点]]></item>
				<item id="preday1"><![CDATA[每日自动采集时间点（0-23）例：0=23=11；示例解释：表示每日的0点23点11点将自动采集]]></item>
				<item id="pagenum"><![CDATA[分页数量]]></item>
				<item id="pagenum1"><![CDATA[当填写分页格式时将自动判断分页数量，否则以此为准。]]></item>
				<item id="graburls"><![CDATA[采集列表网址]]></item>
				<item id="graburls1"><![CDATA[格式：网址==分页格式。其中双等号【==】是分隔符<br>例：http://www.fx8.cc/qingchun/==list_41_*.html<br>可填写多个网址，一行一个网址。<br>【注意】此处设置的网址不采集图片只采集内容页网址]]></item>
				<item id="pagestyle"><![CDATA[内容页分页格式]]></item>
				<item id="pagestyle1"><![CDATA[例：1234_*.html。星号【*】代表分页号码。]]></item>
				<item id="listpagestyle"><![CDATA[列表页分页格式]]></item>
				<item id="listpagestyle1"><![CDATA[原理同上；列表分页统一格式]]></item>
				<item id="dograb"><![CDATA[手动采集]]></item>
				<item id="autograb"><![CDATA[自动采集]]></item>
				<item id="urlgrabsuc"><![CDATA[网址采集成功，即将转入图片采集，请稍候...]]></item>
				<item id="grabsuc"><![CDATA[图片采集成功，开始抓取下篇...]]></item>
				<item id="isgrab"><![CDATA[已采集]]></item>
				<item id="graburl"><![CDATA[采集网址]]></item>
				<item id="graburl1"><![CDATA[采集此网址上的所有图片]]></item>
				<item id="sourceurl"><![CDATA[网址来源于：]]></item>
				<item id="listurl"><![CDATA[列表页网址]]></item>
				<item id="listurl1"><![CDATA[【注意】此处设置的网址不采集图片只采集网址；再从采集到的图片肉容网址中采集图片]]></item>
				<item id="isgrabing"><![CDATA[图片采集中，时间慢长，请耐心等待...]]></item>
				<item id="conurl"><![CDATA[图片采集网址]]></item>
				<item id="fiddesc"><![CDATA[发布版块]]></item>
				<item id="fiddesc1"><![CDATA[自动将采集到的图片以帖子形式发布，留空不发布]]></item>
				<item id="imgurl"><![CDATA[图片采集网址]]></item>
				<item id="imgurl1"><![CDATA[采集该网址上的所有图片。]]></item>
				<item id="imgsource"><![CDATA[图片来源]]></item>
				<item id="imglocal"><![CDATA[本地地址]]></item>
				<item id="imgsize"><![CDATA[图片发帖尺寸]]></item>
				<item id="imgsize1"><![CDATA[单位：像素(px)留空或小于等于0不限制。格式：宽=高。例：300=0；例子解释：只发布宽度大于等于300px高度不限制的图片到贴内。]]></item>
				<item id="grabimgnum"><![CDATA[已抓取页面：]]></item>
				<item id="zhang"><![CDATA[张]]></item>
				<item id="tiao"><![CDATA[条]]></item>
				<item id="gong"><![CDATA[共]]></item>
				<item id="nishi"><![CDATA[可能是]]></item>
				<item id="pageurl"><![CDATA[分页]]></item>
				<item id="others"><![CDATA[其它]]></item>
				<item id="bigimg"><![CDATA[大图]]></item>
				<item id="toggle"><![CDATA[切换]]></item>
				<item id="smallimg"><![CDATA[小图]]></item>
				<item id="downimg"><![CDATA[下载图片]]></item>
				<item id="grabpregimg"><![CDATA[批量采集]]></item>
				<item id="grabpregimg1"><![CDATA[批量采集说明：（用星号【*】代替网址不同部分）例：http://www.fx8.cc/a/nayimeinv/49832*.html，则可采集网址的全部分页]]></item>
				<item id="subimg"><![CDATA[与网页标题相关图]]></item>
				<item id="websubject"><![CDATA[网页标题：]]></item>
				<item id="grabfish"><![CDATA[<a href="javascript:;" onclick="window.location=window.location">本页采集完成！10秒后转入下一页，点击我停止采集！]]></item>
				<item id="listeg"><![CDATA[【注意】此处记录的是列表页地址，图片抓取网址将从此记录里获取，添加记录时请确保是列表页，如有类似首页、图片内容页网址请及时删除，以免抓取一些杂图。]]></item>
				<item id="pgraburl"><![CDATA[请输入网址：]]></item>
				<item id="grabimg"><![CDATA[采集图片]]></item>
				<item id="grabedurl"><![CDATA[已抓取网址]]></item>
				<item id="autofid1"><![CDATA[自动发帖版块]]></item>
				<item id="sendform"><![CDATA[<b style=color:red>发帖</b>]]></item>
				<item id="sendform1"><![CDATA[你确定将选 中图片发布吗？]]></item>
				<item id="sltpics"><![CDATA[你至少选中一张图片！]]></item>
				<item id="sengforming"><![CDATA[正在发布...]]></item>
				<item id="grabfish2"><![CDATA[抓取完成！]]></item>
				<item id="tabname"><![CDATA[数据表]]></item>
				<item id="autograbed"><![CDATA[自动抓取完成！共计页面：<b style="color:red">]]></item>
				<item id="repeatimg"><![CDATA[去重复]]></item>
				<item id="cgrabing"><![CDATA[ &raquo; 采集中... ...]]></item>
				<item id="sended"><![CDATA[已发帖！]]></item>
				<item id="sourcesrc"><![CDATA[查看图片源地址]]></item>
				<item id="clears"><![CDATA[清空]]></item>
				<item id="pregsrc"><![CDATA[通配图片地址：]]></item>
				<item id="pregsrc1"><![CDATA[不同之处可用*号代替]]></item>
				<item id="pregsrcimg"><![CDATA[通配图片]]></item>
				<item id="htmlarea"><![CDATA[html区域内图片：]]></item>
				<item id="htmlarea1"><![CDATA[格式：开始html标记===结束html标记；===为分隔符]]></item>
				<item id="autofidmethod"><![CDATA[自动发帖优先采用：]]></item>
				<item id="autofidmethod0"><![CDATA[html区域内图片优先]]></item>
				<item id="autofidmethod1"><![CDATA[与网页标题相似图片优先]]></item>
				<item id="autofidmethod2"><![CDATA[通配图片地址优先]]></item>
				<item id="imgmethod"><![CDATA[自动匹配结果]]></item>
				<item id="nograb"><![CDATA[未采集网址]]></item>
			</item>
			<item id="templatelang">
				<item id="english"><![CDATA[templatelang]]></item>
			</item>
			<item id="installlang">
				<item id="english"><![CDATA[installlang]]></item>
			</item>
			<item id="systemlang">
				<item id="file">
					<item id="english"><![CDATA[systemlang]]></item>
				</item>
			</item>
		</item>
		<item id="installfile"><![CDATA[install.php]]></item>
		<item id="uninstallfile"><![CDATA[uninstall.php]]></item>
		<item id="upgradefile"><![CDATA[upgrade.php]]></item>
	</item>
</root>