﻿<?xml version="1.0" encoding="ISO-8859-1"?>
<root>
	<item id="Title"><![CDATA[Discuz! Plugin]]></item>
	<item id="Version"><![CDATA[X2,X2.5,X3,X3.1,X3.2,F1.0]]></item>
	<item id="Time"><![CDATA[2016-10-31 18:08]]></item>
	<item id="From"><![CDATA[分享吧（www.fx8.cc）]]></item>
	<item id="Data">
		<item id="plugin">
			<item id="available"><![CDATA[1]]></item>
			<item id="adminid"><![CDATA[1]]></item>
			<item id="name"><![CDATA[源碼哥_圖片采集]]></item>
			<item id="identifier"><![CDATA[levgrab]]></item>
			<item id="description"><![CDATA[圖片采集、圖片幻燈片、手機瀑布流]]></item>
			<item id="datatables"><![CDATA[]]></item>
			<item id="directory"><![CDATA[levgrab/]]></item>
			<item id="copyright"><![CDATA[源碼哥（www.ymg6.com）]]></item>
			<item id="version"><![CDATA[20151019.1]]></item>
			<item id="__modules">
				<item id="9">
					<item id="name"><![CDATA[myyapmagoo]]></item>
					<item id="menu"><![CDATA[<span style="color:#E53333;"><b>源碼哥</b></span>]]></item>
					<item id="url"><![CDATA[]]></item>
					<item id="type"><![CDATA[3]]></item>
					<item id="adminid"><![CDATA[0]]></item>
					<item id="displayorder"><![CDATA[0]]></item>
					<item id="navtitle"><![CDATA[]]></item>
					<item id="navicon"><![CDATA[]]></item>
					<item id="navsubname"><![CDATA[]]></item>
					<item id="navsuburl"><![CDATA[]]></item>
				</item>
				<item id="0">
					<item id="name"><![CDATA[admin3]]></item>
					<item id="param"><![CDATA[]]></item>
					<item id="menu"><![CDATA[網址采集]]></item>
					<item id="url"><![CDATA[]]></item>
					<item id="type"><![CDATA[3]]></item>
					<item id="adminid"><![CDATA[0]]></item>
					<item id="displayorder"><![CDATA[0]]></item>
					<item id="navtitle"><![CDATA[]]></item>
					<item id="navicon"><![CDATA[]]></item>
					<item id="navsubname"><![CDATA[]]></item>
					<item id="navsuburl"><![CDATA[]]></item>
				</item>
				<item id="1">
					<item id="name"><![CDATA[admin]]></item>
					<item id="param"><![CDATA[]]></item>
					<item id="menu"><![CDATA[自動采集網址[列表]]]></item>
					<item id="url"><![CDATA[]]></item>
					<item id="type"><![CDATA[3]]></item>
					<item id="adminid"><![CDATA[0]]></item>
					<item id="displayorder"><![CDATA[3]]></item>
					<item id="navtitle"><![CDATA[]]></item>
					<item id="navicon"><![CDATA[]]></item>
					<item id="navsubname"><![CDATA[]]></item>
					<item id="navsuburl"><![CDATA[]]></item>
				</item>
				<item id="2">
					<item id="name"><![CDATA[admin1]]></item>
					<item id="param"><![CDATA[]]></item>
					<item id="menu"><![CDATA[自動采集圖片[內容]]]></item>
					<item id="url"><![CDATA[]]></item>
					<item id="type"><![CDATA[3]]></item>
					<item id="adminid"><![CDATA[0]]></item>
					<item id="displayorder"><![CDATA[4]]></item>
					<item id="navtitle"><![CDATA[]]></item>
					<item id="navicon"><![CDATA[]]></item>
					<item id="navsubname"><![CDATA[]]></item>
					<item id="navsuburl"><![CDATA[]]></item>
				</item>
				<item id="3">
					<item id="name"><![CDATA[admin2]]></item>
					<item id="param"><![CDATA[]]></item>
					<item id="menu"><![CDATA[圖片管理]]></item>
					<item id="url"><![CDATA[]]></item>
					<item id="type"><![CDATA[3]]></item>
					<item id="adminid"><![CDATA[0]]></item>
					<item id="displayorder"><![CDATA[5]]></item>
					<item id="navtitle"><![CDATA[]]></item>
					<item id="navicon"><![CDATA[]]></item>
					<item id="navsubname"><![CDATA[]]></item>
					<item id="navsuburl"><![CDATA[]]></item>
				</item>
				<item id="4">
					<item id="name"><![CDATA[hook]]></item>
					<item id="param"><![CDATA[]]></item>
					<item id="menu"><![CDATA[]]></item>
					<item id="url"><![CDATA[]]></item>
					<item id="type"><![CDATA[11]]></item>
					<item id="adminid"><![CDATA[0]]></item>
					<item id="displayorder"><![CDATA[55]]></item>
					<item id="navtitle"><![CDATA[]]></item>
					<item id="navicon"><![CDATA[]]></item>
					<item id="navsubname"><![CDATA[]]></item>
					<item id="navsuburl"><![CDATA[]]></item>
				</item>
			</item>
		</item>
		<item id="version"><![CDATA[X2,X2.5,X3,X3.1,X3.2,F1.0]]></item>
		<item id="var">
			<item id="0">
				<item id="displayorder"><![CDATA[0]]></item>
				<item id="title"><![CDATA[是否采集下載圖片]]></item>
				<item id="description"><![CDATA[]]></item>
				<item id="variable"><![CDATA[downimg]]></item>
				<item id="type"><![CDATA[radio]]></item>
				<item id="value"><![CDATA[1]]></item>
				<item id="extra"><![CDATA[]]></item>
			</item>
			<item id="1">
				<item id="displayorder"><![CDATA[1]]></item>
				<item id="title"><![CDATA[是否開啟自動采集]]></item>
				<item id="description"><![CDATA[開啟后網友在自動采集點訪問網頁時自動觸發]]></item>
				<item id="variable"><![CDATA[autograb]]></item>
				<item id="type"><![CDATA[radio]]></item>
				<item id="value"><![CDATA[1]]></item>
				<item id="extra"><![CDATA[]]></item>
			</item>
			<item id="2">
				<item id="displayorder"><![CDATA[55]]></item>
				<item id="title"><![CDATA[圖片顯示模板]]></item>
				<item id="description"><![CDATA[]]></item>
				<item id="variable"><![CDATA[hookval]]></item>
				<item id="type"><![CDATA[select]]></item>
				<item id="value"><![CDATA[1]]></item>
				<item id="extra"><![CDATA[0=簡潔型圖片播放
1=底部帶縮略圖
2=左側帶縮略圖]]></item>
			</item>
			<item id="3">
				<item id="displayorder"><![CDATA[66]]></item>
				<item id="title"><![CDATA[圖片播放時間(秒)]]></item>
				<item id="description"><![CDATA[]]></item>
				<item id="variable"><![CDATA[seconds]]></item>
				<item id="type"><![CDATA[number]]></item>
				<item id="value"><![CDATA[3]]></item>
				<item id="extra"><![CDATA[]]></item>
			</item>
			<item id="4">
				<item id="displayorder"><![CDATA[77]]></item>
				<item id="title"><![CDATA[允許使用幻燈版塊]]></item>
				<item id="description"><![CDATA[選中“空”不限制]]></item>
				<item id="variable"><![CDATA[ckforum]]></item>
				<item id="type"><![CDATA[forums]]></item>
				<item id="value"><![CDATA[]]></item>
				<item id="extra"><![CDATA[]]></item>
			</item>
			<item id="5">
				<item id="displayorder"><![CDATA[99]]></item>
				<item id="title"><![CDATA[插件中文語言包]]></item>
				<item id="description"><![CDATA[前四項參數分別設置插件頁標題，名稱，關鍵詞，描述！
支持html。語言中請不要包含箭頭“->”且不可以換行。
箭頭->【右】可隨意更改；箭頭->【左】請不要更改]]></item>
				<item id="variable"><![CDATA[levlang]]></item>
				<item id="type"><![CDATA[textarea]]></item>
				<item id="value"><![CDATA[navtitle->
bbname->
metakeywords->
metadescription->
button1->上一張 (快捷鍵 ←)
button2->查看幻燈片 (快捷鍵 空格)
button3->暫停幻燈片 (快捷鍵 空格)
button4->下一張 (快捷鍵 →)
button5->移動
button6->實際大小 (快捷鍵 F)
button7->關閉 (快捷鍵 Esc)
button8->點擊取消
button9->關閉
button10->播放
button11->播放（快捷鍵 空格）
button12->暫停]]></item>
				<item id="extra"><![CDATA[]]></item>
			</item>
		</item>
		<item id="language">
			<item id="scriptlang">
				<item id="logy_m_g"><![CDATA[<h2 style="text-align:-webkit-center;">
	<span style="color:#4C33E5;">推薦一個dz商</span><span style="color:#4C33E5;">業插件模版下載的</span><span style="color:#4C33E5;"></span><span style="color:#4C33E5;">網站給大家</span><a href="http://www.ymg6.com" target="_blank"><span style="color:#4C33E5;">源碼哥分享吧</span></a><span style="color:#4C33E5;">（www.ymg6.com）</span> 
</h2>
<h3 style="text-align:-webkit-center;">
	<span style="color:#E53333;">這</span><span style="color:#E53333;">是一個</span><span style="color:#E53333;">dz商業</span><a href="http://www.ymg6.com/forum.php?mod=forumdisplay&fid=2" target="_blank"><span style="color:#337FE5;">插</span><u><span style="color:#337FE5;"></span></u><span style="color:#337FE5;">件</span></a><a href="http://www.ymg6.com/forum.php?mod=forumdisplay&fid=36" target="_blank"><u><span style="color:#337FE5;">模</span></u><u><span style="color:#337FE5;"></span></u><u><span style="color:#337FE5;">版</span></u></a><span style="color:#E53333;">資源破解分享的網站，而且還有很多精品的網站源碼下載</span> 
</h3>
<h3 style="text-align:-webkit-center;">
	<span style="color:#E53333;">他們資源每天更新，并且很多都是他們自己出錢在應用中心購買后破解分享出來的</span><br />
</h3>
<h3>
	<div style="text-align:center;">
		<span style="color:#E53333;">不過還是替他們說一下</span> 
	</div>
	<div style="text-align:center;">
		<span style="color:#E53333;">&nbsp;他們站下載的資源只限于自己學習研究內含的設計思想和原理 請勿有任何商業盈利行為</span> 
	</div>
</h3>
<h3 style="text-align:center;">
	<span style="color:#999999;">介紹也介紹完了，給大家做個小導航吧</span> 
</h3>
<h3 style="text-align:center;">
	<span style="color:#337FE5;"><a href="http://www.ymg6.com/forum.php?mod=forumdisplay&fid=2" target="_blank">dz商業破解插件下載</a> &nbsp; <a href="http://www.ymg6.com/forum.php?mod=forumdisplay&fid=36" target="_blank">dz商業風格模版下載</a> &nbsp; &nbsp;<a href="http://www.ymg6.com/forum.php?mod=forumdisplay&fid=50" target="_blank">精品網站源碼下載</a> &nbsp; &nbsp;<a href="http://www.ymg6.com/forum.php?mod=forumdisplay&fid=51" target="_blank">工具素材下載</a></span><span style="color:#337FE5;">&nbsp; &nbsp; <a href="http://www.ymg6.com/forum.php?mod=forumdisplay&fid=41" target="_blank">精選教程區</a></span> 
</h3> ]]></item>
				<item id="succeed"><![CDATA[操作成功！]]></item>
				<item id="error"><![CDATA[操作失敗！]]></item>
				<item id="noact"><![CDATA[非法操作！]]></item>
				<item id="addtime"><![CDATA[添加時間]]></item>
				<item id="mh"><![CDATA[：]]></item>
				<item id="subt"><![CDATA[確定]]></item>
				<item id="del"><![CDATA[刪除]]></item>
				<item id="edit"><![CDATA[編輯]]></item>
				<item id="confirm"><![CDATA[你確定要執行該操作嗎？]]></item>
				<item id="noscore"><![CDATA[您的積分不足，請充值！]]></item>
				<item id="nodata"><![CDATA[暫無數據！]]></item>
				<item id="pslt"><![CDATA[請選擇]]></item>
				<item id="slts"><![CDATA[全選]]></item>
				<item id="bbsname"><![CDATA[用戶]]></item>
				<item id="add"><![CDATA[添加]]></item>
				<item id="noempty"><![CDATA[不能為空！]]></item>
				<item id="opt"><![CDATA[操作]]></item>
				<item id="down"><![CDATA[下載]]></item>
				<item id="sex1"><![CDATA[男]]></item>
				<item id="sex2"><![CDATA[女]]></item>
				<item id="yes"><![CDATA[<font color=red>是</font>]]></item>
				<item id="no"><![CDATA[否]]></item>
				<item id="nothing"><![CDATA[無]]></item>
				<item id="more"><![CDATA[更多]]></item>
				<item id="detail"><![CDATA[詳細]]></item>
				<item id="lor"><![CDATA[排序]]></item>
				<item id="slt1"><![CDATA[您至少選中一項！]]></item>
				<item id="shangye"><![CDATA[【商業版】功能請安裝商業版本！]]></item>
				<item id="reblock"><![CDATA[返回]]></item>
				<item id="srh"><![CDATA[查詢]]></item>
				<item id="view"><![CDATA[查看]]></item>
				<item id="isopen"><![CDATA[自動采集]]></item>
				<item id="firmdelday"><![CDATA[你確定要刪除【]]></item>
				<item id="firmdelday1"><![CDATA[天】前的所有數據嗎？]]></item>
				<item id="deldays"><![CDATA[批量刪除]]></item>
				<item id="day"><![CDATA[天]]></item>
				<item id="loopgrab"><![CDATA[循環采集]]></item>
				<item id="name"><![CDATA[名稱]]></item>
				<item id="preday"><![CDATA[每日采集點]]></item>
				<item id="preday1"><![CDATA[每日自動采集時間點（0-23）例：0=23=11；示例解釋：表示每日的0點23點11點將自動采集]]></item>
				<item id="pagenum"><![CDATA[分頁數量]]></item>
				<item id="pagenum1"><![CDATA[當填寫分頁格式時將自動判斷分頁數量，否則以此為準。]]></item>
				<item id="graburls"><![CDATA[采集列表網址]]></item>
				<item id="graburls1"><![CDATA[格式：網址==分頁格式。其中雙等號【==】是分隔符<br>例：http://www.fx8.cc/qingchun/==list_41_*.html<br>可填寫多個網址，一行一個網址。<br>【注意】此處設置的網址不采集圖片只采集內容頁網址]]></item>
				<item id="pagestyle"><![CDATA[內容頁分頁格式]]></item>
				<item id="pagestyle1"><![CDATA[例：1234_*.html。星號【*】代表分頁號碼。]]></item>
				<item id="listpagestyle"><![CDATA[列表頁分頁格式]]></item>
				<item id="listpagestyle1"><![CDATA[原理同上；列表分頁統一格式]]></item>
				<item id="dograb"><![CDATA[手動采集]]></item>
				<item id="autograb"><![CDATA[自動采集]]></item>
				<item id="urlgrabsuc"><![CDATA[網址采集成功，即將轉入圖片采集，請稍候...]]></item>
				<item id="grabsuc"><![CDATA[圖片采集成功，開始抓取下篇...]]></item>
				<item id="isgrab"><![CDATA[已采集]]></item>
				<item id="graburl"><![CDATA[采集網址]]></item>
				<item id="graburl1"><![CDATA[采集此網址上的所有圖片]]></item>
				<item id="sourceurl"><![CDATA[網址來源于：]]></item>
				<item id="listurl"><![CDATA[列表頁網址]]></item>
				<item id="listurl1"><![CDATA[【注意】此處設置的網址不采集圖片只采集網址；再從采集到的圖片肉容網址中采集圖片]]></item>
				<item id="isgrabing"><![CDATA[圖片采集中，時間慢長，請耐心等待...]]></item>
				<item id="conurl"><![CDATA[圖片采集網址]]></item>
				<item id="fiddesc"><![CDATA[發布版塊]]></item>
				<item id="fiddesc1"><![CDATA[自動將采集到的圖片以帖子形式發布，留空不發布]]></item>
				<item id="imgurl"><![CDATA[圖片采集網址]]></item>
				<item id="imgurl1"><![CDATA[采集該網址上的所有圖片。]]></item>
				<item id="imgsource"><![CDATA[圖片來源]]></item>
				<item id="imglocal"><![CDATA[本地地址]]></item>
				<item id="imgsize"><![CDATA[圖片發帖尺寸]]></item>
				<item id="imgsize1"><![CDATA[單位：像素(px)留空或小于等于0不限制。格式：寬=高。例：300=0；例子解釋：只發布寬度大于等于300px高度不限制的圖片到貼內。]]></item>
				<item id="grabimgnum"><![CDATA[已抓取頁面：]]></item>
				<item id="zhang"><![CDATA[張]]></item>
				<item id="tiao"><![CDATA[條]]></item>
				<item id="gong"><![CDATA[共]]></item>
				<item id="nishi"><![CDATA[可能是]]></item>
				<item id="pageurl"><![CDATA[分頁]]></item>
				<item id="others"><![CDATA[其它]]></item>
				<item id="bigimg"><![CDATA[大圖]]></item>
				<item id="toggle"><![CDATA[切換]]></item>
				<item id="smallimg"><![CDATA[小圖]]></item>
				<item id="downimg"><![CDATA[下載圖片]]></item>
				<item id="grabpregimg"><![CDATA[批量采集]]></item>
				<item id="grabpregimg1"><![CDATA[批量采集說明：（用星號【*】代替網址不同部分）例：http://www.fx8.cc/a/nayimeinv/49832*.html，則可采集網址的全部分頁]]></item>
				<item id="subimg"><![CDATA[與網頁標題相關圖]]></item>
				<item id="websubject"><![CDATA[網頁標題：]]></item>
				<item id="grabfish"><![CDATA[<a href="javascript:;" onclick="window.location=window.location">本頁采集完成！10秒后轉入下一頁，點擊我停止采集！]]></item>
				<item id="listeg"><![CDATA[【注意】此處記錄的是列表頁地址，圖片抓取網址將從此記錄里獲取，添加記錄時請確保是列表頁，如有類似首頁、圖片內容頁網址請及時刪除，以免抓取一些雜圖。]]></item>
				<item id="pgraburl"><![CDATA[請輸入網址：]]></item>
				<item id="grabimg"><![CDATA[采集圖片]]></item>
				<item id="grabedurl"><![CDATA[已抓取網址]]></item>
				<item id="autofid1"><![CDATA[自動發帖版塊]]></item>
				<item id="sendform"><![CDATA[<b style=color:red>發帖</b>]]></item>
				<item id="sendform1"><![CDATA[你確定將選 中圖片發布嗎？]]></item>
				<item id="sltpics"><![CDATA[你至少選中一張圖片！]]></item>
				<item id="sengforming"><![CDATA[正在發布...]]></item>
				<item id="grabfish2"><![CDATA[抓取完成！]]></item>
				<item id="tabname"><![CDATA[數據表]]></item>
				<item id="autograbed"><![CDATA[自動抓取完成！共計頁面：<b style="color:red">]]></item>
				<item id="repeatimg"><![CDATA[去重復]]></item>
				<item id="cgrabing"><![CDATA[ &raquo; 采集中... ...]]></item>
				<item id="sended"><![CDATA[已發帖！]]></item>
				<item id="sourcesrc"><![CDATA[查看圖片源地址]]></item>
				<item id="clears"><![CDATA[清空]]></item>
				<item id="pregsrc"><![CDATA[通配圖片地址：]]></item>
				<item id="pregsrc1"><![CDATA[不同之處可用*號代替]]></item>
				<item id="pregsrcimg"><![CDATA[通配圖片]]></item>
				<item id="htmlarea"><![CDATA[html區域內圖片：]]></item>
				<item id="htmlarea1"><![CDATA[格式：開始html標記===結束html標記；===為分隔符]]></item>
				<item id="autofidmethod"><![CDATA[自動發帖優先采用：]]></item>
				<item id="autofidmethod0"><![CDATA[html區域內圖片優先]]></item>
				<item id="autofidmethod1"><![CDATA[與網頁標題相似圖片優先]]></item>
				<item id="autofidmethod2"><![CDATA[通配圖片地址優先]]></item>
				<item id="imgmethod"><![CDATA[自動匹配結果]]></item>
				<item id="nograb"><![CDATA[未采集網址]]></item>
			</item>
			<item id="templatelang">
				<item id="english"><![CDATA[templatelang]]></item>
			</item>
			<item id="installlang">
				<item id="english"><![CDATA[installlang]]></item>
			</item>
			<item id="systemlang">
				<item id="file">
					<item id="english"><![CDATA[systemlang]]></item>
				</item>
			</item>
		</item>
		<item id="installfile"><![CDATA[install.php]]></item>
		<item id="uninstallfile"><![CDATA[uninstall.php]]></item>
		<item id="upgradefile"><![CDATA[upgrade.php]]></item>
	</item>
</root>