﻿<?xml version="1.0" encoding="ISO-8859-1"?>
<root>
	<item id="Title"><![CDATA[Discuz! Plugin]]></item>
	<item id="Version"><![CDATA[X3,X3.1,X3.2]]></item>
	<item id="Time"><![CDATA[2016-02-17 19:25]]></item>
	<item id="From"><![CDATA[Discuz! Board (http://www.32gbk.com/)]]></item>
	<item id="Data">
		<item id="plugin">
			<item id="available"><![CDATA[1]]></item>
			<item id="adminid"><![CDATA[1]]></item>
			<item id="name"><![CDATA[小說閱讀器]]></item>
			<item id="identifier"><![CDATA[jameson_read]]></item>
			<item id="description"><![CDATA[手持手機版；支持圖書點評評分；具完整的圖書添加管理、一級分類二級分類；以及合理的前臺書籍目錄頁展示、作者中心圖書管理；在功能和頁面展示上接近專業圖書管理程序，將插件和模板功能融為一體；兼容其他第三方模板；未引入任何外部js和css等；無功能限制，此版本永久免費使用。]]></item>
			<item id="datatables"><![CDATA[]]></item>
			<item id="directory"><![CDATA[jameson_read/]]></item>
			<item id="copyright"><![CDATA[劉緒]]></item>
			<item id="version"><![CDATA[專業版9.3.2]]></item>
			<item id="__modules">
				<item id="0">
					<item id="name"><![CDATA[readmain]]></item>
					<item id="param"><![CDATA[]]></item>
					<item id="menu"><![CDATA[小說主頁]]></item>
					<item id="url"><![CDATA[]]></item>
					<item id="type"><![CDATA[1]]></item>
					<item id="adminid"><![CDATA[0]]></item>
					<item id="displayorder"><![CDATA[0]]></item>
					<item id="navtitle"><![CDATA[]]></item>
					<item id="navicon"><![CDATA[]]></item>
					<item id="navsubname"><![CDATA[]]></item>
					<item id="navsuburl"><![CDATA[]]></item>
				</item>
				<item id="1">
					<item id="name"><![CDATA[postbook]]></item>
					<item id="param"><![CDATA[]]></item>
					<item id="menu"><![CDATA[]]></item>
					<item id="url"><![CDATA[]]></item>
					<item id="type"><![CDATA[11]]></item>
					<item id="adminid"><![CDATA[0]]></item>
					<item id="displayorder"><![CDATA[1]]></item>
					<item id="navtitle"><![CDATA[]]></item>
					<item id="navicon"><![CDATA[]]></item>
					<item id="navsubname"><![CDATA[]]></item>
					<item id="navsuburl"><![CDATA[]]></item>
				</item>
				<item id="2">
					<item id="name"><![CDATA[bookpage]]></item>
					<item id="param"><![CDATA[]]></item>
					<item id="menu"><![CDATA[]]></item>
					<item id="url"><![CDATA[]]></item>
					<item id="type"><![CDATA[12]]></item>
					<item id="adminid"><![CDATA[0]]></item>
					<item id="displayorder"><![CDATA[2]]></item>
					<item id="navtitle"><![CDATA[]]></item>
					<item id="navicon"><![CDATA[]]></item>
					<item id="navsubname"><![CDATA[]]></item>
					<item id="navsuburl"><![CDATA[]]></item>
				</item>
				<item id="3">
					<item id="name"><![CDATA[addbook]]></item>
					<item id="param"><![CDATA[]]></item>
					<item id="menu"><![CDATA[圖書管理]]></item>
					<item id="url"><![CDATA[]]></item>
					<item id="type"><![CDATA[3]]></item>
					<item id="adminid"><![CDATA[0]]></item>
					<item id="displayorder"><![CDATA[3]]></item>
					<item id="navtitle"><![CDATA[]]></item>
					<item id="navicon"><![CDATA[]]></item>
					<item id="navsubname"><![CDATA[]]></item>
					<item id="navsuburl"><![CDATA[]]></item>
				</item>
				<item id="4">
					<item id="name"><![CDATA[category]]></item>
					<item id="param"><![CDATA[]]></item>
					<item id="menu"><![CDATA[分類管理]]></item>
					<item id="url"><![CDATA[]]></item>
					<item id="type"><![CDATA[3]]></item>
					<item id="adminid"><![CDATA[0]]></item>
					<item id="displayorder"><![CDATA[4]]></item>
					<item id="navtitle"><![CDATA[]]></item>
					<item id="navicon"><![CDATA[]]></item>
					<item id="navsubname"><![CDATA[]]></item>
					<item id="navsuburl"><![CDATA[]]></item>
				</item>
				<item id="5">
					<item id="name"><![CDATA[setnav]]></item>
					<item id="param"><![CDATA[]]></item>
					<item id="menu"><![CDATA[觸屏版]]></item>
					<item id="url"><![CDATA[]]></item>
					<item id="type"><![CDATA[3]]></item>
					<item id="adminid"><![CDATA[0]]></item>
					<item id="displayorder"><![CDATA[5]]></item>
					<item id="navtitle"><![CDATA[]]></item>
					<item id="navicon"><![CDATA[]]></item>
					<item id="navsubname"><![CDATA[]]></item>
					<item id="navsuburl"><![CDATA[]]></item>
				</item>
				<item id="6">
					<item id="name"><![CDATA[authorcenter]]></item>
					<item id="param"><![CDATA[]]></item>
					<item id="menu"><![CDATA[作者中心]]></item>
					<item id="url"><![CDATA[]]></item>
					<item id="type"><![CDATA[7]]></item>
					<item id="adminid"><![CDATA[0]]></item>
					<item id="displayorder"><![CDATA[6]]></item>
					<item id="navtitle"><![CDATA[]]></item>
					<item id="navicon"><![CDATA[]]></item>
					<item id="navsubname"><![CDATA[]]></item>
					<item id="navsuburl"><![CDATA[]]></item>
				</item>
				<item id="7">
					<item id="name"><![CDATA[myfavores]]></item>
					<item id="param"><![CDATA[]]></item>
					<item id="menu"><![CDATA[我的圖書]]></item>
					<item id="url"><![CDATA[]]></item>
					<item id="type"><![CDATA[7]]></item>
					<item id="adminid"><![CDATA[0]]></item>
					<item id="displayorder"><![CDATA[7]]></item>
					<item id="navtitle"><![CDATA[]]></item>
					<item id="navicon"><![CDATA[]]></item>
					<item id="navsubname"><![CDATA[]]></item>
					<item id="navsuburl"><![CDATA[]]></item>
				</item>
				<item id="8">
					<item id="name"><![CDATA[mobilesetting]]></item>
					<item id="param"><![CDATA[]]></item>
					<item id="menu"><![CDATA[]]></item>
					<item id="url"><![CDATA[]]></item>
					<item id="type"><![CDATA[28]]></item>
					<item id="adminid"><![CDATA[0]]></item>
					<item id="displayorder"><![CDATA[8]]></item>
					<item id="navtitle"><![CDATA[]]></item>
					<item id="navicon"><![CDATA[]]></item>
					<item id="navsubname"><![CDATA[]]></item>
					<item id="navsuburl"><![CDATA[]]></item>
				</item>
				<item id="9">
					<item id="name"><![CDATA[caiji]]></item>
					<item id="param"><![CDATA[]]></item>
					<item id="menu"><![CDATA[整本采集]]></item>
					<item id="url"><![CDATA[]]></item>
					<item id="type"><![CDATA[3]]></item>
					<item id="adminid"><![CDATA[0]]></item>
					<item id="displayorder"><![CDATA[30]]></item>
					<item id="navtitle"><![CDATA[]]></item>
					<item id="navicon"><![CDATA[]]></item>
					<item id="navsubname"><![CDATA[]]></item>
					<item id="navsuburl"><![CDATA[]]></item>
				</item>
				<item id="10">
					<item id="name"><![CDATA[tiwen]]></item>
					<item id="param"><![CDATA[]]></item>
					<item id="menu"><![CDATA[在線幫助]]></item>
					<item id="url"><![CDATA[]]></item>
					<item id="type"><![CDATA[3]]></item>
					<item id="adminid"><![CDATA[0]]></item>
					<item id="displayorder"><![CDATA[40]]></item>
					<item id="navtitle"><![CDATA[]]></item>
					<item id="navicon"><![CDATA[]]></item>
					<item id="navsubname"><![CDATA[]]></item>
					<item id="navsuburl"><![CDATA[]]></item>
				</item>
				<item id="11">
					<item id="name"><![CDATA[frame]]></item>
					<item id="param"><![CDATA[]]></item>
					<item id="menu"><![CDATA[推薦]]></item>
					<item id="url"><![CDATA[]]></item>
					<item id="type"><![CDATA[3]]></item>
					<item id="adminid"><![CDATA[0]]></item>
					<item id="displayorder"><![CDATA[50]]></item>
					<item id="navtitle"><![CDATA[]]></item>
					<item id="navicon"><![CDATA[]]></item>
					<item id="navsubname"><![CDATA[]]></item>
					<item id="navsuburl"><![CDATA[]]></item>
				</item>
			</item>
		</item>
		<item id="version"><![CDATA[X3,X3.1,X3.2]]></item>
		<item id="var">
			<item id="0">
				<item id="displayorder"><![CDATA[1]]></item>
				<item id="title"><![CDATA[閱讀頁啟用簡潔模式]]></item>
				<item id="description"><![CDATA[]]></item>
				<item id="variable"><![CDATA[simpleread]]></item>
				<item id="type"><![CDATA[radio]]></item>
				<item id="value"><![CDATA[0]]></item>
				<item id="extra"><![CDATA[]]></item>
			</item>
			<item id="1">
				<item id="displayorder"><![CDATA[2]]></item>
				<item id="title"><![CDATA[主色調]]></item>
				<item id="description"><![CDATA[填寫16進制形式的顏色，默認為藍色#0066CC]]></item>
				<item id="variable"><![CDATA[maincolor]]></item>
				<item id="type"><![CDATA[color]]></item>
				<item id="value"><![CDATA[#0066CC]]></item>
				<item id="extra"><![CDATA[]]></item>
			</item>
			<item id="2">
				<item id="displayorder"><![CDATA[3]]></item>
				<item id="title"><![CDATA[可發布圖書的版塊]]></item>
				<item id="description"><![CDATA[用戶組和版塊必須均有選擇才有效；第一個版塊將作為圖書發布默認版塊；更改選擇后必須在后臺-工具-更新全部緩存才生效.圖書已分類，版塊不必再分類，選擇一個即可]]></item>
				<item id="variable"><![CDATA[bankuaiforbook]]></item>
				<item id="type"><![CDATA[forums]]></item>
				<item id="extra"><![CDATA[]]></item>
				<item id="__value">
					<item id="0"><![CDATA[2]]></item>
				</item>
			</item>
			<item id="3">
				<item id="displayorder"><![CDATA[4]]></item>
				<item id="title"><![CDATA[可發布圖書用戶組]]></item>
				<item id="description"><![CDATA[用戶組和版塊必須均有選擇才有效；更改選擇后必須在后臺-工具-更新全部緩存才生效。
選擇的用戶組可發布新的圖書]]></item>
				<item id="variable"><![CDATA[usegroupbook]]></item>
				<item id="type"><![CDATA[groups]]></item>
				<item id="extra"><![CDATA[]]></item>
				<item id="__value">
					<item id="0"><![CDATA[10]]></item>
					<item id="1"><![CDATA[11]]></item>
					<item id="2"><![CDATA[1]]></item>
				</item>
			</item>
			<item id="4">
				<item id="displayorder"><![CDATA[5]]></item>
				<item id="title"><![CDATA[可發布點評的用戶組]]></item>
				<item id="description"><![CDATA[]]></item>
				<item id="variable"><![CDATA[usegroupdianping]]></item>
				<item id="type"><![CDATA[groups]]></item>
				<item id="extra"><![CDATA[]]></item>
				<item id="__value">
					<item id="0"><![CDATA[10]]></item>
					<item id="1"><![CDATA[11]]></item>
					<item id="2"><![CDATA[17]]></item>
					<item id="3"><![CDATA[1]]></item>
				</item>
			</item>
			<item id="5">
				<item id="displayorder"><![CDATA[6]]></item>
				<item id="title"><![CDATA[用戶一本書最多點評次數]]></item>
				<item id="description"><![CDATA[]]></item>
				<item id="variable"><![CDATA[dianpingnums]]></item>
				<item id="type"><![CDATA[number]]></item>
				<item id="value"><![CDATA[5]]></item>
				<item id="extra"><![CDATA[]]></item>
			</item>
			<item id="6">
				<item id="displayorder"><![CDATA[9]]></item>
				<item id="title"><![CDATA[圖書購買所用貨幣]]></item>
				<item id="description"><![CDATA[圖書章節可設置為免費或收費閱讀，在這里設置收費章節使用的收費積分，比如金錢]]></item>
				<item id="variable"><![CDATA[trame]]></item>
				<item id="type"><![CDATA[extcredit]]></item>
				<item id="value"><![CDATA[2]]></item>
				<item id="extra"><![CDATA[]]></item>
			</item>
			<item id="7">
				<item id="displayorder"><![CDATA[10]]></item>
				<item id="title"><![CDATA[允許前臺用戶設置章節售價 ...]]></item>
				<item id="description"><![CDATA[設置是否允許前臺用戶，在作者中心章節管理處設置章節售價]]></item>
				<item id="variable"><![CDATA[allowuserset]]></item>
				<item id="type"><![CDATA[radio]]></item>
				<item id="value"><![CDATA[1]]></item>
				<item id="extra"><![CDATA[]]></item>
			</item>
			<item id="8">
				<item id="displayorder"><![CDATA[11]]></item>
				<item id="title"><![CDATA[單章節最高售價]]></item>
				<item id="description"><![CDATA[如果允許前臺用戶設置章節售價，可繼續在此處限制前臺用戶單章節最高售價]]></item>
				<item id="variable"><![CDATA[danzhangjieshoujia]]></item>
				<item id="type"><![CDATA[number]]></item>
				<item id="value"><![CDATA[60]]></item>
				<item id="extra"><![CDATA[]]></item>
			</item>
			<item id="9">
				<item id="displayorder"><![CDATA[20]]></item>
				<item id="title"><![CDATA[PC端幻燈片圖片]]></item>
				<item id="description"><![CDATA[可設置多組數據，每組數據對應著一副完整的輪播圖片地址和鏈接地址， 3個### 符號隔開。每組之間以3個 ||| 分隔。如./source/plugin/jameson_read/image/1.jpg###http://baidu.com###第一張圖片的標題|||./source/plugin/jameson_read/image/2.jpg###http://163.com###第二張 ...]]></item>
				<item id="variable"><![CDATA[huandengpian]]></item>
				<item id="type"><![CDATA[textarea]]></item>
				<item id="value"><![CDATA[./source/plugin/jameson_read/images/h3.jpg###http://www.baidu.com###第一張圖片的標題|||
./source/plugin/jameson_read/images/h2.jpg###http://www.163.com###第二張圖片的標題|||
./source/plugin/jameson_read/images/h1.jpg###http://www.qq.com###第三張圖片的標題]]></item>
				<item id="extra"><![CDATA[]]></item>
			</item>
			<item id="10">
				<item id="displayorder"><![CDATA[21]]></item>
				<item id="title"><![CDATA[幻燈片高度]]></item>
				<item id="description"><![CDATA[只填寫純數字，默認310]]></item>
				<item id="variable"><![CDATA[huandengpianheight]]></item>
				<item id="type"><![CDATA[number]]></item>
				<item id="value"><![CDATA[310]]></item>
				<item id="extra"><![CDATA[]]></item>
			</item>
			<item id="11">
				<item id="displayorder"><![CDATA[30]]></item>
				<item id="title"><![CDATA[小說主頁標題]]></item>
				<item id="description"><![CDATA[將顯示在瀏覽器標題欄]]></item>
				<item id="variable"><![CDATA[hometitle]]></item>
				<item id="type"><![CDATA[text]]></item>
				<item id="value"><![CDATA[小說中心]]></item>
				<item id="extra"><![CDATA[]]></item>
			</item>
			<item id="12">
				<item id="displayorder"><![CDATA[31]]></item>
				<item id="title"><![CDATA[手機首頁閱讀中心按鈕]]></item>
				<item id="description"><![CDATA[手機頁論壇版塊列表上方有“小說中心”鏈接按鈕，點擊后就會進入小說精品推薦頁面 ，在這里設置按鈕的樣式，直接填寫css即可，不要添加<style>]]></item>
				<item id="variable"><![CDATA[shoujimobilecss]]></item>
				<item id="type"><![CDATA[textarea]]></item>
				<item id="value"><![CDATA[display:block;height:40px;line-height:40px; margin: 5px auto; width:90%; text-align:center;clear:both;border:2px solid #dcdcdc;background:#f5f5f5;font-size:1.4em;box-shadow:1px 1px 2px rgba(100,100,100,.5);border-radius:5px; ]]></item>
				<item id="extra"><![CDATA[]]></item>
			</item>
		</item>
		<item id="language">
			<item id="scriptlang">
				<item id="deletebooksuccess"><![CDATA[刪除圖書成功]]></item>
				<item id="deletebookerror"><![CDATA[刪除圖書失敗]]></item>
				<item id="deleteaction"><![CDATA[刪除]]></item>
				<item id="addormanagebook"><![CDATA[添加或批量管理圖書]]></item>
				<item id="bookorder"><![CDATA[排序]]></item>
				<item id="bookname"><![CDATA[小說名稱]]></item>
				<item id="updatesuccess"><![CDATA[更新成功]]></item>
				<item id="bookauthor"><![CDATA[作者]]></item>
				<item id="imggeshierror"><![CDATA[圖片格式錯誤]]></item>
				<item id="bookcategory"><![CDATA[分類]]></item>
				<item id="bookfengmian"><![CDATA[封面]]></item>
				<item id="shijianganggang"><![CDATA[時間:剛剛]]></item>
				<item id="zuozhewo"><![CDATA[作者:我]]></item>
				<item id="bookaction"><![CDATA[操作]]></item>
				<item id="readcenter"><![CDATA[閱讀中心]]></item>
				<item id="bookdesco"><![CDATA[簡介]]></item>
				<item id="selectbookcategory"><![CDATA[選擇圖書所屬分類]]></item>
				<item id="addbookerror"><![CDATA[添加圖書封面失敗]]></item>
				<item id="addbooksuccess"><![CDATA[添加新書成功]]></item>
				<item id="addnewbookerror"><![CDATA[添加新書失敗]]></item>
				<item id="thiszhangjienoexists"><![CDATA[本章節不存在]]></item>
				<item id="threadname"><![CDATA[圖書主題]]></item>
				<item id="postbookbutton"><![CDATA[發布圖書]]></item>
				<item id="zhangjiedesco"><![CDATA[必填,且同本書中不可相等,可含1-2位小數]]></item>
				<item id="zhangjiedescolabel"><![CDATA[填寫純數字章節]]></item>
				<item id="selectbook"><![CDATA[選擇本章所屬圖書]]></item>
				<item id="replypost"><![CDATA[回復]]></item>
				<item id="deletecategorysuccess"><![CDATA[刪除分類成功]]></item>
				<item id="addsubcategory"><![CDATA[添加子分類]]></item>
				<item id="addnewcategory"><![CDATA[添加新分類]]></item>
				<item id="thiscatenobook"><![CDATA[此分類下暫無圖書]]></item>
				<item id="addnewcategorysuccess"><![CDATA[添加分類成功]]></item>
				<item id="nextpage"><![CDATA[下一章]]></item>
				<item id="next"><![CDATA[下一頁]]></item>
				<item id="pre"><![CDATA[上一頁]]></item>
				<item id="prepage"><![CDATA[上一章]]></item>
				<item id="bookcontent"><![CDATA[目錄]]></item>
				<item id="nonextpage"><![CDATA[沒有了]]></item>
				<item id="noprepage"><![CDATA[沒有了]]></item>
				<item id="quedingtuijian"><![CDATA[推薦]]></item>
				<item id="viewbookforcate"><![CDATA[按分類查看圖書]]></item>
				<item id="postbookselect"><![CDATA[選擇版塊發布新章節]]></item>
				<item id="weishezhibankuai"><![CDATA[未設置可發布版塊]]></item>
				<item id="memberpost"><![CDATA[[用戶創建]]]></item>
				<item id="nopermpost"><![CDATA[你暫無權限發布圖書，請聯系站長獲取哦！]]></item>
				<item id="welcomeauthorcenter"><![CDATA[歡迎你，你可以在圖書管理選項卡創建一部新書，或者編輯創建過的圖書]]></item>
				<item id="postbutton"><![CDATA[提交]]></item>
				<item id="inlinepost"><![CDATA[要添加新書，請在此行填寫相關信息]]></item>
				<item id="hasbooklist"><![CDATA[已創建的圖書列表,修改后提交即可完成編輯]]></item>
				<item id="hasnotbook"><![CDATA[你尚未創建圖書，請添加新圖書或發布其他圖書新章節]]></item>
				<item id="total"><![CDATA[已發布]]></item>
				<item id="unit"><![CDATA[章]]></item>
				<item id="zhangjiehao"><![CDATA[章節號]]></item>
				<item id="zhangjiesubject"><![CDATA[標題]]></item>
				<item id="managecolums"><![CDATA[管理章節]]></item>
				<item id="viewandedit"><![CDATA[查看/編輯章節]]></item>
				<item id="views"><![CDATA[閱讀量]]></item>
				<item id="mobilehook"><![CDATA[圖書]]></item>
				<item id="edit"><![CDATA[編輯]]></item>
				<item id="deletesuccess"><![CDATA[刪除成功]]></item>
				<item id="deleteerror"><![CDATA[刪除失敗]]></item>
				<item id="thebooknozhangjie"><![CDATA[本書尚未發布任何章節]]></item>
				<item id="goback"><![CDATA[返回章節管理]]></item>
				<item id="readbookmobile"><![CDATA[閱讀小說]]></item>
				<item id="shoujia"><![CDATA[售價]]></item>
				<item id="qingchongzhi"><![CDATA[不足，請充值]]></item>
				<item id="yikouchu"><![CDATA[已扣除]]></item>
				<item id="kouchu"><![CDATA[扣除]]></item>
				<item id="shibaiqingchongshi"><![CDATA[失敗,請重試]]></item>
				<item id="ben"><![CDATA[本]]></item>
				<item id="ding"><![CDATA[頂]]></item>
				<item id="cai"><![CDATA[踩]]></item>
				<item id="searchres"><![CDATA[圖書搜索結果]]></item>
				<item id="paihangmb"><![CDATA[排行]]></item>
				<item id="fenleimb"><![CDATA[分類]]></item>
			</item>
			<item id="templatelang">
				<item id="actionerror"><![CDATA[操作失敗]]></item>
				<item id="zuixinmulu"><![CDATA[最近更新章節]]></item>
				<item id="register"><![CDATA[注冊]]></item>
				<item id="home"><![CDATA[閱讀首頁]]></item>
				<item id="shoucangtishi"><![CDATA[收藏后，將在下方顯示已收藏的圖書列表]]></item>
				<item id="honey"><![CDATA[親愛的]]></item>
				<item id="caijitishi"><![CDATA[<p class='mtn mbn marginleft caijitishi'>整本小說采集功能由 <a href='http://addon.discuz.com/?@jameson_caiji.plugin'>【小說整本采集-小說插件免費版專用】</a> 插件提供，安裝此插件后可整本采集和生成圖書，<br>目前支持 百書庫www.baishuku.com | 青帝文學www.qingdiba.com | TXT天堂www.xiaoshuotxt.com | 起點中文www.qidian.com 的整本采集</p>]]></item>
				<item id="yijingshoucang"><![CDATA[你已經收藏了]]></item>
				<item id="benshu"><![CDATA[本書]]></item>
				<item id="forumindex"><![CDATA[論壇首頁]]></item>
				<item id="noxiayizhang"><![CDATA[沒有下一章了]]></item>
				<item id="noshangyizhang"><![CDATA[沒有上一章了]]></item>
				<item id="login"><![CDATA[登錄]]></item>
				<item id="mobilehome"><![CDATA[首頁]]></item>
				<item id="yanshizhan"><![CDATA[演示站]]></item>
				<item id="fanhuishangyiye"><![CDATA[返回上一頁]]></item>
				<item id="usemethodright"><![CDATA[右滑看上一章]]></item>
				<item id="usemethodleft"><![CDATA[左滑看下一章]]></item>
				<item id="iknow"><![CDATA[知道了]]></item>
				<item id="logout"><![CDATA[退出]]></item>
				<item id="waptitle"><![CDATA[手機版]]></item>
				<item id="canyudianping"><![CDATA[點評本書!]]></item>
				<item id="clientversion"><![CDATA[客戶端]]></item>
				<item id="firstletter"><![CDATA[首字母]]></item>
				<item id="mobile2version"><![CDATA[觸屏版]]></item>
				<item id="no_simplemobiletype"><![CDATA[標準版]]></item>
				<item id="nomobiletype"><![CDATA[電腦版]]></item>
				<item id="simplemobiletype"><![CDATA[精簡版]]></item>
				<item id="extremelysimplemobiletype"><![CDATA[極簡版]]></item>
				<item id="postnewbook"><![CDATA[創建一部新書]]></item>
				<item id="authorcenter"><![CDATA[作者中心]]></item>
				<item id="bookmanage"><![CDATA[圖書添加/管理]]></item>
				<item id="colummanage"><![CDATA[章節管理]]></item>
				<item id="close"><![CDATA[關閉]]></item>
				<item id="showall"><![CDATA[顯示全部]]></item>
				<item id="recommend"><![CDATA[精品推薦]]></item>
				<item id="yueducishu"><![CDATA[次閱讀]]></item>
				<item id="nodesco"><![CDATA[暫無簡介]]></item>
				<item id="desco"><![CDATA[內容簡介]]></item>
				<item id="readnow"><![CDATA[立即閱讀]]></item>
				<item id="more"><![CDATA[更多]]></item>
				<item id="yuedubang"><![CDATA[閱讀榜]]></item>
				<item id="fenlei"><![CDATA[分類]]></item>
				<item id="author"><![CDATA[作者]]></item>
				<item id="yuedu"><![CDATA[閱讀]]></item>
				<item id="zhangjie"><![CDATA[章節]]></item>
				<item id="gong"><![CDATA[共]]></item>
				<item id="mulu"><![CDATA[目錄]]></item>
				<item id="zhang"><![CDATA[章]]></item>
				<item id="nozhangjie"><![CDATA[暫無章節]]></item>
				<item id="hasbookscount1"><![CDATA[你已經創建]]></item>
				<item id="hasbookscount2"><![CDATA[本圖書!]]></item>
				<item id="hascolumscount1"><![CDATA[你已經發布]]></item>
				<item id="hascolumscount2"><![CDATA[章節!]]></item>
				<item id="gobackforum"><![CDATA[論壇]]></item>
				<item id="allcate"><![CDATA[全部分類]]></item>
				<item id="tuijian"><![CDATA[推薦]]></item>
				<item id="jptuijian"><![CDATA[精品推薦]]></item>
				<item id="paihang"><![CDATA[排行]]></item>
				<item id="hasread"><![CDATA[已讀]]></item>
				<item id="hasshoucang"><![CDATA[已收藏]]></item>
				<item id="quxiaoshoucang"><![CDATA[取消收藏]]></item>
				<item id="bianjitushu"><![CDATA[編輯圖書]]></item>
				<item id="tianjiatushu"><![CDATA[添加圖書]]></item>
				<item id="yonghuchuangjian"><![CDATA[用戶創建]]></item>
				<item id="yonghu"><![CDATA[用戶]]></item>
				<item id="paixu"><![CDATA[排序]]></item>
				<item id="shuming"><![CDATA[書名]]></item>
				<item id="xuanzefenlei"><![CDATA[選擇分類]]></item>
				<item id="tushusuoshufenlei"><![CDATA[圖書所屬分類]]></item>
				<item id="suoshufenlei"><![CDATA[所屬分類]]></item>
				<item id="jihua"><![CDATA[計劃總章數]]></item>
				<item id="yueduliang"><![CDATA[設置本書閱讀量,默認100]]></item>
				<item id="soucangliang"><![CDATA[設置本書收藏量,默認100]]></item>
				<item id="yiwanchengzhangshu"><![CDATA[已完成章數]]></item>
				<item id="fengmian"><![CDATA[封面]]></item>
				<item id="zhangjiehao"><![CDATA[章節號]]></item>
				<item id="shoujia"><![CDATA[售價]]></item>
				<item id="biaoti"><![CDATA[標題]]></item>
				<item id="caozuo"><![CDATA[操作]]></item>
				<item id="shanchu"><![CDATA[刪除]]></item>
				<item id="bianji"><![CDATA[編輯]]></item>
				<item id="zhuangtaibiaoti"><![CDATA[狀態]]></item>
				<item id="zhuangtai"><![CDATA[計劃總章數(將決定圖書狀態是完結還是連載中)]]></item>
				<item id="tijiao"><![CDATA[提交]]></item>
				<item id="xiugaichenggong"><![CDATA[修改成功]]></item>
				<item id="xiugaishibai"><![CDATA[修改失敗]]></item>
				<item id="tianjiazifenlei"><![CDATA[添加子分類]]></item>
				<item id="tianjiaxinfenlei"><![CDATA[添加新分類]]></item>
				<item id="nidangqianyongyou"><![CDATA[你當前擁有]]></item>
				<item id="nizhuanquanle"><![CDATA[你累計通過有價圖書賺取了]]></item>
				<item id="tianjiaxinzhangjie"><![CDATA[添加新章節]]></item>
				<item id="qingshezhizhangjie"><![CDATA[請設置章節版塊]]></item>
				<item id="anfenleichakan"><![CDATA[按分類查看]]></item>
				<item id="lianzaizhong"><![CDATA[連載中]]></item>
				<item id="wanjie"><![CDATA[完結]]></item>
				<item id="cifenleixiazanwu"><![CDATA[此分類下暫無圖書]]></item>
				<item id="yifabu"><![CDATA[已發布]]></item>
				<item id="paihangbang"><![CDATA[排行榜]]></item>
				<item id="shoucangbang"><![CDATA[收藏榜]]></item>
				<item id="showname"><![CDATA[顯示的名稱]]></item>
				<item id="href"><![CDATA[鏈接地址，除非開頭是plugin.php?id=jameson_read，否則必須以http://開頭]]></item>
				<item id="navshuoming"><![CDATA[在此處自定義，閱讀中心底部導航菜單，最多設置四個]]></item>
				<item id="addnewnav"><![CDATA[添加新導航]]></item>
				<item id="navorder"><![CDATA[數字越大越靠前]]></item>
				<item id="nosetforum"><![CDATA[未選擇版塊]]></item>
				<item id="zuixindianping"><![CDATA[書友點評]]></item>
				<item id="benshupingfen"><![CDATA[本書評分]]></item>
				<item id="fen"><![CDATA[分]]></item>
				<item id="ren"><![CDATA[人參與]]></item>
				<item id="shijian"><![CDATA[時間]]></item>
				<item id="zanwudianping"><![CDATA[暫無點評]]></item>
				<item id="dlhckdp"><![CDATA[登錄后才可點評]]></item>
				<item id="bszwzjbkdp"><![CDATA[本書暫無章節,不可點評]]></item>
				<item id="nszyhzzwqxdp"><![CDATA[你所在用戶組暫無權限點評]]></item>
				<item id="qingpingfen"><![CDATA[請評分]]></item>
				<item id="fbdpcw"><![CDATA[發布點評出現錯誤,請重試]]></item>
				<item id="dianpingtext"><![CDATA[請輸入不超過100字的點評(可不填)]]></item>
				<item id="morendianping"><![CDATA[不錯，贊一個]]></item>
				<item id="zhichi"><![CDATA[頂]]></item>
				<item id="haszhichi"><![CDATA[已頂]]></item>
				<item id="fandui"><![CDATA[踩]]></item>
				<item id="hasfandui"><![CDATA[已踩]]></item>
				<item id="haopingbang"><![CDATA[好評榜]]></item>
				<item id="hasdp"><![CDATA[你已對本書發布過點評]]></item>
				<item id="haopinghref"><![CDATA[好評]]></item>
				<item id="zuixinhref"><![CDATA[最新]]></item>
				<item id="zuire"><![CDATA[最熱]]></item>
				<item id="zanwuremendianping"><![CDATA[暫無熱門點評]]></item>
				<item id="fabudianpingchenggong"><![CDATA[發布點評成功]]></item>
				<item id="dpconentempty"><![CDATA[點評內容不得為空]]></item>
				<item id="shanchuquanbutushu"><![CDATA[刪除本頁全部圖書]]></item>
				<item id="querenshanchuquanbu"><![CDATA[你確認刪除本頁全部圖書?將無法恢復]]></item>
				<item id="allbook"><![CDATA[全部圖書]]></item>
				<item id="xiangsitushu"><![CDATA[相似圖書]]></item>
				<item id="yidanzi"><![CDATA[已]]></item>
				<item id="booksearch"><![CDATA[圖書]]></item>
				<item id="anzhuangdizhi"><![CDATA[安裝地址]]></item>
				<item id="yousearch"><![CDATA[你搜索的]]></item>
				<item id="searchres"><![CDATA[共有]]></item>
				<item id="tiaojilu"><![CDATA[條記錄]]></item>
				<item id="nosearchbook"><![CDATA[抱歉,未搜索到任何圖書]]></item>
				<item id="xiayizhangshoujia"><![CDATA[下一章售價]]></item>
				<item id="yikouchu"><![CDATA[已扣除]]></item>
				<item id="changjianwenti"><![CDATA[常見問題]]></item>
				<item id="shiyongshouce"><![CDATA[使用手冊]]></item>
				<item id="help1"><![CDATA[<h3>小說閱讀器分為【永久免費版】、【專業版】</h3>
  <p>
    永久免費版無任何功能限制，可永久使用，但不提供任何技術支持和服務，也沒有義務回答提問。如果你正式運營，建議選用功能更完善的專業版或專業精簡版。<br>因數據結構變化較大，故不支持免費版直接向專業版升級，建議你先卸載免費版，再安裝專業版。。
  </p>
  <h3>專業版介紹</h3>
  <p>
    <strong>功能介紹----------------------------</strong><br>
        支持手機觸屏,手機界面美觀大方，載入迅速,支持夜間模式<br>
        PC端界面模塊豐富,實用性強<br>
        功能完善強大:包含<br>
        單篇采集功能<br>
        支持打賞、支持設置傭金<br>
        章節生成圖片<br>
        普通模式和讀書模式<br>
        讀書模式頁面簡潔功能完善，用戶體驗佳<br>
        圖書發布管理<br>
        發布書評、回復書評<br>
        評分<br>
        綁定話題版塊<br>
        卷章管理<br>
        作者管理權限限制<br>
        我的書架收藏圖書<br>
        專題-頭條<br>
        廣告添加管理<br>
        圖書搜索<br>
        圖書售價、章節售價<br>
        VIP用戶組<br>
        SEO設置、偽靜態支持<br>
        數據備份恢復<br>
        閱讀頁面禁用右鍵禁止、禁止復制<br>
        小說主頁公告、作者中心公告、書架公告<br>
        等等，將持續增加完善新功能<br>
    <strong>前臺普通用戶功能------------------------</strong><br>
        圖書評分:5星10分，后臺可設置簡單圖書評語，默認 一般|不錯|優秀|推薦|經典必讀
        發布書評,管理員后臺可限制每本書每個用戶可發布書評次數，可對書評進行回復和贊成反對<br>
        按照全本購買圖書,按章節單獨購買;<br>
        支持VIP用戶組設置，不受價格限制;<br>
        圖書放入書架,每個用戶均有我的書架模塊<br>
        管理員可在后臺啟用讀書模式和普通模式，普通模式即是以默認論壇帖子形式顯示章節正文,讀書模式類似于百度閱讀界面,簡潔美觀,，并且支持調整字體大小、發布書評、以圖片形式閱讀章節<br>
        可在頁面購買全本并支持左右方向鍵切換上下章節<br>
        支持每部圖書綁定一個論壇版塊作為圖書相關話題版塊，話題入口顯示在目錄頁<br>
    <strong>作者中心功能------------------</strong><br>
        管理員可在后臺可設置允許發布圖書的用戶組，并可限制作者編輯和添加圖書<br>
        此用戶組在前臺左上角會顯示作者中心入口<br>
        添加新圖書或者編輯已有的圖書,圖書支持 卷/章 二級結構<br>
        批量刪除圖書、簡介發布、封面上傳、設置圖書售價、設置章節售價、添加分卷章節、管理書評等。<br>
        在添加圖書章節時，進行單篇采集，目前僅支持 discuz系統，可采集帖子和門戶文章<br>
    <strong>后臺管理員功能------------------</strong><br>
        設置允許發布圖書的用戶組<br>
        設置不受價格限制的VIP用戶組<br>
        設置是否允許作者設置圖書售價并限制最高售價<br>
        設置允許書評次數<br>
        切換讀書模式和普通模式<br>
        設置是否以圖片形式閱讀章節，用戶閱讀時看到的是文本圖片,<br>有效保護你的圖書免遭復制<br>
        設置SEO關鍵字、描述信息<br>
        啟用偽靜態設置<br>
        設置圖書評分時簡單評語<br>
        管理所有作者,允許或者禁止作者發布或編輯圖書<br>
        管理所有圖書,包括刪除、上下架、設置售價<br>
        對內置的圖書分類進行修改、添加、刪除、新增<br>
        設置專題和頭條<br>
        設置和管理廣告<br>
        備份和恢復插件數據<br>
        生成章節圖片:默認通過計劃任務每日凌晨2點-3點自動生成新章節的圖片,你也可以隨時手動對新添加的章節生成圖片而無需等到次日2點,圖片底部將自動添加你的站點名稱-小說中心名稱和你的網址
  </p>]]></item>
				<item id="querenshanchu"><![CDATA[確認刪除?]]></item>
			</item>
			<item id="installlang">
				<item id="fenlei1"><![CDATA[男生圖書]]></item>
				<item id="fenlei2"><![CDATA[女生圖書]]></item>
				<item id="fenlei3"><![CDATA[出版圖書]]></item>
				<item id="fenlei4"><![CDATA[玄幻]]></item>
				<item id="fenlei5"><![CDATA[奇幻]]></item>
				<item id="fenlei6"><![CDATA[武俠]]></item>
				<item id="fenlei7"><![CDATA[仙俠]]></item>
				<item id="fenlei8"><![CDATA[都市]]></item>
				<item id="fenlei9"><![CDATA[職場]]></item>
				<item id="fenlei10"><![CDATA[歷史]]></item>
				<item id="fenlei11"><![CDATA[軍事]]></item>
				<item id="fenlei12"><![CDATA[游戲]]></item>
				<item id="fenlei13"><![CDATA[競技]]></item>
				<item id="fenlei14"><![CDATA[科幻]]></item>
				<item id="fenlei15"><![CDATA[靈異]]></item>
				<item id="fenlei16"><![CDATA[同人]]></item>
				<item id="fenlei17"><![CDATA[短篇]]></item>
				<item id="fenlei18"><![CDATA[古代言情]]></item>
				<item id="fenlei19"><![CDATA[現代言情]]></item>
				<item id="fenlei20"><![CDATA[玄幻言情]]></item>
				<item id="fenlei21"><![CDATA[仙俠奇緣]]></item>
				<item id="fenlei22"><![CDATA[浪漫青春]]></item>
				<item id="fenlei23"><![CDATA[游戲競技]]></item>
				<item id="fenlei24"><![CDATA[科幻空間]]></item>
				<item id="fenlei25"><![CDATA[懸疑靈異]]></item>
				<item id="fenlei26"><![CDATA[同人小說]]></item>
				<item id="fenlei27"><![CDATA[耽美小說]]></item>
				<item id="fenlei28"><![CDATA[臺灣言情]]></item>
				<item id="fenlei29"><![CDATA[文學]]></item>
				<item id="fenlei30"><![CDATA[小說]]></item>
				<item id="fenlei31"><![CDATA[青春文學]]></item>
				<item id="fenlei32"><![CDATA[成功勵志]]></item>
				<item id="fenlei33"><![CDATA[管理]]></item>
				<item id="fenlei34"><![CDATA[經濟]]></item>
				<item id="fenlei35"><![CDATA[投資理財]]></item>
				<item id="fenlei36"><![CDATA[親子家教]]></item>
				<item id="fenlei37"><![CDATA[兩性關系]]></item>
				<item id="fenlei38"><![CDATA[保健養生]]></item>
				<item id="fenlei39"><![CDATA[旅游地圖]]></item>
				<item id="fenlei40"><![CDATA[傳記]]></item>
				<item id="fenlei41"><![CDATA[時尚美妝]]></item>
				<item id="fenlei42"><![CDATA[心理學]]></item>
				<item id="fenlei43"><![CDATA[社會科學]]></item>
				<item id="fenlei44"><![CDATA[歷史]]></item>
				<item id="fenlei45"><![CDATA[軍事]]></item>
				<item id="fenlei46"><![CDATA[文化]]></item>
				<item id="fenlei47"><![CDATA[政治]]></item>
				<item id="fenlei48"><![CDATA[科普讀物]]></item>
				<item id="fenlei49"><![CDATA[童書]]></item>
				<item id="fenlei50"><![CDATA[計算機]]></item>
				<item id="book2name"><![CDATA[紅樓夢]]></item>
				<item id="book3name"><![CDATA[西游記]]></item>
				<item id="book1name"><![CDATA[百年孤獨]]></item>
				<item id="book4name"><![CDATA[三國演義]]></item>
				<item id="book5name"><![CDATA[白鹿原]]></item>
				<item id="book6name"><![CDATA[大國小民]]></item>
				<item id="book1author"><![CDATA[馬克斯威爾]]></item>
				<item id="book1desco"><![CDATA[這是阿根廷的馬克斯威爾的一本小說，獲得了諾貝爾文學獎，當然如果我沒有記錯作者名字和國籍的話。]]></item>
				<item id="jingpintuijian"><![CDATA[精品推薦]]></item>
				<item id="paihangbang"><![CDATA[排行榜]]></item>
				<item id="quanbufenlei"><![CDATA[全部分類]]></item>
			</item>
		</item>
		<item id="installfile"><![CDATA[install.php]]></item>
		<item id="uninstallfile"><![CDATA[uninstall.php]]></item>
		<item id="upgradefile"><![CDATA[upgrade.php]]></item>
		<item id="enablefile"><![CDATA[enable.php]]></item>
	</item>
</root>