﻿<?xml version="1.0" encoding="ISO-8859-1"?>
<root>
	<item id="Title"><![CDATA[Discuz! Plugin]]></item>
	<item id="Version"><![CDATA[X3,X3.1,X3.2]]></item>
	<item id="Time"><![CDATA[2016-02-17 19:25]]></item>
	<item id="From"><![CDATA[Discuz! Board (http://www.32gbk.com/)]]></item>
	<item id="Data">
		<item id="plugin">
			<item id="available"><![CDATA[1]]></item>
			<item id="adminid"><![CDATA[1]]></item>
			<item id="name"><![CDATA[小说阅读器]]></item>
			<item id="identifier"><![CDATA[jameson_read]]></item>
			<item id="description"><![CDATA[手持手机版；支持图书点评评分；具完整的图书添加管理、一级分类二级分类；以及合理的前台书籍目录页展示、作者中心图书管理；在功能和页面展示上接近专业图书管理程序，将插件和模板功能融为一体；兼容其他第三方模板；未引入任何外部js和css等；无功能限制，此版本永久免费使用。]]></item>
			<item id="datatables"><![CDATA[]]></item>
			<item id="directory"><![CDATA[jameson_read/]]></item>
			<item id="copyright"><![CDATA[刘绪]]></item>
			<item id="version"><![CDATA[专业版9.3.2]]></item>
			<item id="__modules">
				<item id="0">
					<item id="name"><![CDATA[readmain]]></item>
					<item id="param"><![CDATA[]]></item>
					<item id="menu"><![CDATA[小说主页]]></item>
					<item id="url"><![CDATA[]]></item>
					<item id="type"><![CDATA[1]]></item>
					<item id="adminid"><![CDATA[0]]></item>
					<item id="displayorder"><![CDATA[0]]></item>
					<item id="navtitle"><![CDATA[]]></item>
					<item id="navicon"><![CDATA[]]></item>
					<item id="navsubname"><![CDATA[]]></item>
					<item id="navsuburl"><![CDATA[]]></item>
				</item>
				<item id="1">
					<item id="name"><![CDATA[postbook]]></item>
					<item id="param"><![CDATA[]]></item>
					<item id="menu"><![CDATA[]]></item>
					<item id="url"><![CDATA[]]></item>
					<item id="type"><![CDATA[11]]></item>
					<item id="adminid"><![CDATA[0]]></item>
					<item id="displayorder"><![CDATA[1]]></item>
					<item id="navtitle"><![CDATA[]]></item>
					<item id="navicon"><![CDATA[]]></item>
					<item id="navsubname"><![CDATA[]]></item>
					<item id="navsuburl"><![CDATA[]]></item>
				</item>
				<item id="2">
					<item id="name"><![CDATA[bookpage]]></item>
					<item id="param"><![CDATA[]]></item>
					<item id="menu"><![CDATA[]]></item>
					<item id="url"><![CDATA[]]></item>
					<item id="type"><![CDATA[12]]></item>
					<item id="adminid"><![CDATA[0]]></item>
					<item id="displayorder"><![CDATA[2]]></item>
					<item id="navtitle"><![CDATA[]]></item>
					<item id="navicon"><![CDATA[]]></item>
					<item id="navsubname"><![CDATA[]]></item>
					<item id="navsuburl"><![CDATA[]]></item>
				</item>
				<item id="3">
					<item id="name"><![CDATA[addbook]]></item>
					<item id="param"><![CDATA[]]></item>
					<item id="menu"><![CDATA[图书管理]]></item>
					<item id="url"><![CDATA[]]></item>
					<item id="type"><![CDATA[3]]></item>
					<item id="adminid"><![CDATA[0]]></item>
					<item id="displayorder"><![CDATA[3]]></item>
					<item id="navtitle"><![CDATA[]]></item>
					<item id="navicon"><![CDATA[]]></item>
					<item id="navsubname"><![CDATA[]]></item>
					<item id="navsuburl"><![CDATA[]]></item>
				</item>
				<item id="4">
					<item id="name"><![CDATA[category]]></item>
					<item id="param"><![CDATA[]]></item>
					<item id="menu"><![CDATA[分类管理]]></item>
					<item id="url"><![CDATA[]]></item>
					<item id="type"><![CDATA[3]]></item>
					<item id="adminid"><![CDATA[0]]></item>
					<item id="displayorder"><![CDATA[4]]></item>
					<item id="navtitle"><![CDATA[]]></item>
					<item id="navicon"><![CDATA[]]></item>
					<item id="navsubname"><![CDATA[]]></item>
					<item id="navsuburl"><![CDATA[]]></item>
				</item>
				<item id="5">
					<item id="name"><![CDATA[setnav]]></item>
					<item id="param"><![CDATA[]]></item>
					<item id="menu"><![CDATA[触屏版]]></item>
					<item id="url"><![CDATA[]]></item>
					<item id="type"><![CDATA[3]]></item>
					<item id="adminid"><![CDATA[0]]></item>
					<item id="displayorder"><![CDATA[5]]></item>
					<item id="navtitle"><![CDATA[]]></item>
					<item id="navicon"><![CDATA[]]></item>
					<item id="navsubname"><![CDATA[]]></item>
					<item id="navsuburl"><![CDATA[]]></item>
				</item>
				<item id="6">
					<item id="name"><![CDATA[authorcenter]]></item>
					<item id="param"><![CDATA[]]></item>
					<item id="menu"><![CDATA[作者中心]]></item>
					<item id="url"><![CDATA[]]></item>
					<item id="type"><![CDATA[7]]></item>
					<item id="adminid"><![CDATA[0]]></item>
					<item id="displayorder"><![CDATA[6]]></item>
					<item id="navtitle"><![CDATA[]]></item>
					<item id="navicon"><![CDATA[]]></item>
					<item id="navsubname"><![CDATA[]]></item>
					<item id="navsuburl"><![CDATA[]]></item>
				</item>
				<item id="7">
					<item id="name"><![CDATA[myfavores]]></item>
					<item id="param"><![CDATA[]]></item>
					<item id="menu"><![CDATA[我的图书]]></item>
					<item id="url"><![CDATA[]]></item>
					<item id="type"><![CDATA[7]]></item>
					<item id="adminid"><![CDATA[0]]></item>
					<item id="displayorder"><![CDATA[7]]></item>
					<item id="navtitle"><![CDATA[]]></item>
					<item id="navicon"><![CDATA[]]></item>
					<item id="navsubname"><![CDATA[]]></item>
					<item id="navsuburl"><![CDATA[]]></item>
				</item>
				<item id="8">
					<item id="name"><![CDATA[mobilesetting]]></item>
					<item id="param"><![CDATA[]]></item>
					<item id="menu"><![CDATA[]]></item>
					<item id="url"><![CDATA[]]></item>
					<item id="type"><![CDATA[28]]></item>
					<item id="adminid"><![CDATA[0]]></item>
					<item id="displayorder"><![CDATA[8]]></item>
					<item id="navtitle"><![CDATA[]]></item>
					<item id="navicon"><![CDATA[]]></item>
					<item id="navsubname"><![CDATA[]]></item>
					<item id="navsuburl"><![CDATA[]]></item>
				</item>
				<item id="9">
					<item id="name"><![CDATA[caiji]]></item>
					<item id="param"><![CDATA[]]></item>
					<item id="menu"><![CDATA[整本采集]]></item>
					<item id="url"><![CDATA[]]></item>
					<item id="type"><![CDATA[3]]></item>
					<item id="adminid"><![CDATA[0]]></item>
					<item id="displayorder"><![CDATA[30]]></item>
					<item id="navtitle"><![CDATA[]]></item>
					<item id="navicon"><![CDATA[]]></item>
					<item id="navsubname"><![CDATA[]]></item>
					<item id="navsuburl"><![CDATA[]]></item>
				</item>
				<item id="10">
					<item id="name"><![CDATA[tiwen]]></item>
					<item id="param"><![CDATA[]]></item>
					<item id="menu"><![CDATA[在线帮助]]></item>
					<item id="url"><![CDATA[]]></item>
					<item id="type"><![CDATA[3]]></item>
					<item id="adminid"><![CDATA[0]]></item>
					<item id="displayorder"><![CDATA[40]]></item>
					<item id="navtitle"><![CDATA[]]></item>
					<item id="navicon"><![CDATA[]]></item>
					<item id="navsubname"><![CDATA[]]></item>
					<item id="navsuburl"><![CDATA[]]></item>
				</item>
				<item id="11">
					<item id="name"><![CDATA[frame]]></item>
					<item id="param"><![CDATA[]]></item>
					<item id="menu"><![CDATA[推荐]]></item>
					<item id="url"><![CDATA[]]></item>
					<item id="type"><![CDATA[3]]></item>
					<item id="adminid"><![CDATA[0]]></item>
					<item id="displayorder"><![CDATA[50]]></item>
					<item id="navtitle"><![CDATA[]]></item>
					<item id="navicon"><![CDATA[]]></item>
					<item id="navsubname"><![CDATA[]]></item>
					<item id="navsuburl"><![CDATA[]]></item>
				</item>
			</item>
		</item>
		<item id="version"><![CDATA[X3,X3.1,X3.2]]></item>
		<item id="var">
			<item id="0">
				<item id="displayorder"><![CDATA[1]]></item>
				<item id="title"><![CDATA[阅读页启用简洁模式]]></item>
				<item id="description"><![CDATA[]]></item>
				<item id="variable"><![CDATA[simpleread]]></item>
				<item id="type"><![CDATA[radio]]></item>
				<item id="value"><![CDATA[0]]></item>
				<item id="extra"><![CDATA[]]></item>
			</item>
			<item id="1">
				<item id="displayorder"><![CDATA[2]]></item>
				<item id="title"><![CDATA[主色调]]></item>
				<item id="description"><![CDATA[填写16进制形式的颜色，默认为蓝色#0066CC]]></item>
				<item id="variable"><![CDATA[maincolor]]></item>
				<item id="type"><![CDATA[color]]></item>
				<item id="value"><![CDATA[#0066CC]]></item>
				<item id="extra"><![CDATA[]]></item>
			</item>
			<item id="2">
				<item id="displayorder"><![CDATA[3]]></item>
				<item id="title"><![CDATA[可发布图书的版块]]></item>
				<item id="description"><![CDATA[用户组和版块必须均有选择才有效；第一个版块将作为图书发布默认版块；更改选择后必须在后台-工具-更新全部缓存才生效.图书已分类，版块不必再分类，选择一个即可]]></item>
				<item id="variable"><![CDATA[bankuaiforbook]]></item>
				<item id="type"><![CDATA[forums]]></item>
				<item id="extra"><![CDATA[]]></item>
				<item id="__value">
					<item id="0"><![CDATA[2]]></item>
				</item>
			</item>
			<item id="3">
				<item id="displayorder"><![CDATA[4]]></item>
				<item id="title"><![CDATA[可发布图书用户组]]></item>
				<item id="description"><![CDATA[用户组和版块必须均有选择才有效；更改选择后必须在后台-工具-更新全部缓存才生效。
选择的用户组可发布新的图书]]></item>
				<item id="variable"><![CDATA[usegroupbook]]></item>
				<item id="type"><![CDATA[groups]]></item>
				<item id="extra"><![CDATA[]]></item>
				<item id="__value">
					<item id="0"><![CDATA[10]]></item>
					<item id="1"><![CDATA[11]]></item>
					<item id="2"><![CDATA[1]]></item>
				</item>
			</item>
			<item id="4">
				<item id="displayorder"><![CDATA[5]]></item>
				<item id="title"><![CDATA[可发布点评的用户组]]></item>
				<item id="description"><![CDATA[]]></item>
				<item id="variable"><![CDATA[usegroupdianping]]></item>
				<item id="type"><![CDATA[groups]]></item>
				<item id="extra"><![CDATA[]]></item>
				<item id="__value">
					<item id="0"><![CDATA[10]]></item>
					<item id="1"><![CDATA[11]]></item>
					<item id="2"><![CDATA[17]]></item>
					<item id="3"><![CDATA[1]]></item>
				</item>
			</item>
			<item id="5">
				<item id="displayorder"><![CDATA[6]]></item>
				<item id="title"><![CDATA[用户一本书最多点评次数]]></item>
				<item id="description"><![CDATA[]]></item>
				<item id="variable"><![CDATA[dianpingnums]]></item>
				<item id="type"><![CDATA[number]]></item>
				<item id="value"><![CDATA[5]]></item>
				<item id="extra"><![CDATA[]]></item>
			</item>
			<item id="6">
				<item id="displayorder"><![CDATA[9]]></item>
				<item id="title"><![CDATA[图书购买所用货币]]></item>
				<item id="description"><![CDATA[图书章节可设置为免费或收费阅读，在这里设置收费章节使用的收费积分，比如金钱]]></item>
				<item id="variable"><![CDATA[trame]]></item>
				<item id="type"><![CDATA[extcredit]]></item>
				<item id="value"><![CDATA[2]]></item>
				<item id="extra"><![CDATA[]]></item>
			</item>
			<item id="7">
				<item id="displayorder"><![CDATA[10]]></item>
				<item id="title"><![CDATA[允许前台用户设置章节售价 ...]]></item>
				<item id="description"><![CDATA[设置是否允许前台用户，在作者中心章节管理处设置章节售价]]></item>
				<item id="variable"><![CDATA[allowuserset]]></item>
				<item id="type"><![CDATA[radio]]></item>
				<item id="value"><![CDATA[1]]></item>
				<item id="extra"><![CDATA[]]></item>
			</item>
			<item id="8">
				<item id="displayorder"><![CDATA[11]]></item>
				<item id="title"><![CDATA[单章节最高售价]]></item>
				<item id="description"><![CDATA[如果允许前台用户设置章节售价，可继续在此处限制前台用户单章节最高售价]]></item>
				<item id="variable"><![CDATA[danzhangjieshoujia]]></item>
				<item id="type"><![CDATA[number]]></item>
				<item id="value"><![CDATA[60]]></item>
				<item id="extra"><![CDATA[]]></item>
			</item>
			<item id="9">
				<item id="displayorder"><![CDATA[20]]></item>
				<item id="title"><![CDATA[PC端幻灯片图片]]></item>
				<item id="description"><![CDATA[可设置多组数据，每组数据对应着一副完整的轮播图片地址和链接地址， 3个### 符号隔开。每组之间以3个 ||| 分隔。如./source/plugin/jameson_read/image/1.jpg###http://baidu.com###第一张图片的标题|||./source/plugin/jameson_read/image/2.jpg###http://163.com###第二张 ...]]></item>
				<item id="variable"><![CDATA[huandengpian]]></item>
				<item id="type"><![CDATA[textarea]]></item>
				<item id="value"><![CDATA[./source/plugin/jameson_read/images/h3.jpg###http://www.baidu.com###第一张图片的标题|||
./source/plugin/jameson_read/images/h2.jpg###http://www.163.com###第二张图片的标题|||
./source/plugin/jameson_read/images/h1.jpg###http://www.qq.com###第三张图片的标题]]></item>
				<item id="extra"><![CDATA[]]></item>
			</item>
			<item id="10">
				<item id="displayorder"><![CDATA[21]]></item>
				<item id="title"><![CDATA[幻灯片高度]]></item>
				<item id="description"><![CDATA[只填写纯数字，默认310]]></item>
				<item id="variable"><![CDATA[huandengpianheight]]></item>
				<item id="type"><![CDATA[number]]></item>
				<item id="value"><![CDATA[310]]></item>
				<item id="extra"><![CDATA[]]></item>
			</item>
			<item id="11">
				<item id="displayorder"><![CDATA[30]]></item>
				<item id="title"><![CDATA[小说主页标题]]></item>
				<item id="description"><![CDATA[将显示在浏览器标题栏]]></item>
				<item id="variable"><![CDATA[hometitle]]></item>
				<item id="type"><![CDATA[text]]></item>
				<item id="value"><![CDATA[小说中心]]></item>
				<item id="extra"><![CDATA[]]></item>
			</item>
			<item id="12">
				<item id="displayorder"><![CDATA[31]]></item>
				<item id="title"><![CDATA[手机首页阅读中心按钮]]></item>
				<item id="description"><![CDATA[手机页论坛版块列表上方有“小说中心”链接按钮，点击后就会进入小说精品推荐页面 ，在这里设置按钮的样式，直接填写css即可，不要添加<style>]]></item>
				<item id="variable"><![CDATA[shoujimobilecss]]></item>
				<item id="type"><![CDATA[textarea]]></item>
				<item id="value"><![CDATA[display:block;height:40px;line-height:40px; margin: 5px auto; width:90%; text-align:center;clear:both;border:2px solid #dcdcdc;background:#f5f5f5;font-size:1.4em;box-shadow:1px 1px 2px rgba(100,100,100,.5);border-radius:5px; ]]></item>
				<item id="extra"><![CDATA[]]></item>
			</item>
		</item>
		<item id="language">
			<item id="scriptlang">
				<item id="deletebooksuccess"><![CDATA[删除图书成功]]></item>
				<item id="deletebookerror"><![CDATA[删除图书失败]]></item>
				<item id="deleteaction"><![CDATA[删除]]></item>
				<item id="addormanagebook"><![CDATA[添加或批量管理图书]]></item>
				<item id="bookorder"><![CDATA[排序]]></item>
				<item id="bookname"><![CDATA[小说名称]]></item>
				<item id="updatesuccess"><![CDATA[更新成功]]></item>
				<item id="bookauthor"><![CDATA[作者]]></item>
				<item id="imggeshierror"><![CDATA[图片格式错误]]></item>
				<item id="bookcategory"><![CDATA[分类]]></item>
				<item id="bookfengmian"><![CDATA[封面]]></item>
				<item id="shijianganggang"><![CDATA[时间:刚刚]]></item>
				<item id="zuozhewo"><![CDATA[作者:我]]></item>
				<item id="bookaction"><![CDATA[操作]]></item>
				<item id="readcenter"><![CDATA[阅读中心]]></item>
				<item id="bookdesco"><![CDATA[简介]]></item>
				<item id="selectbookcategory"><![CDATA[选择图书所属分类]]></item>
				<item id="addbookerror"><![CDATA[添加图书封面失败]]></item>
				<item id="addbooksuccess"><![CDATA[添加新书成功]]></item>
				<item id="addnewbookerror"><![CDATA[添加新书失败]]></item>
				<item id="thiszhangjienoexists"><![CDATA[本章节不存在]]></item>
				<item id="threadname"><![CDATA[图书主题]]></item>
				<item id="postbookbutton"><![CDATA[发布图书]]></item>
				<item id="zhangjiedesco"><![CDATA[必填,且同本书中不可相等,可含1-2位小数]]></item>
				<item id="zhangjiedescolabel"><![CDATA[填写纯数字章节]]></item>
				<item id="selectbook"><![CDATA[选择本章所属图书]]></item>
				<item id="replypost"><![CDATA[回复]]></item>
				<item id="deletecategorysuccess"><![CDATA[删除分类成功]]></item>
				<item id="addsubcategory"><![CDATA[添加子分类]]></item>
				<item id="addnewcategory"><![CDATA[添加新分类]]></item>
				<item id="thiscatenobook"><![CDATA[此分类下暂无图书]]></item>
				<item id="addnewcategorysuccess"><![CDATA[添加分类成功]]></item>
				<item id="nextpage"><![CDATA[下一章]]></item>
				<item id="next"><![CDATA[下一页]]></item>
				<item id="pre"><![CDATA[上一页]]></item>
				<item id="prepage"><![CDATA[上一章]]></item>
				<item id="bookcontent"><![CDATA[目录]]></item>
				<item id="nonextpage"><![CDATA[没有了]]></item>
				<item id="noprepage"><![CDATA[没有了]]></item>
				<item id="quedingtuijian"><![CDATA[推荐]]></item>
				<item id="viewbookforcate"><![CDATA[按分类查看图书]]></item>
				<item id="postbookselect"><![CDATA[选择版块发布新章节]]></item>
				<item id="weishezhibankuai"><![CDATA[未设置可发布版块]]></item>
				<item id="memberpost"><![CDATA[[用户创建]]]></item>
				<item id="nopermpost"><![CDATA[你暂无权限发布图书，请联系站长获取哦！]]></item>
				<item id="welcomeauthorcenter"><![CDATA[欢迎你，你可以在图书管理选项卡创建一部新书，或者编辑创建过的图书]]></item>
				<item id="postbutton"><![CDATA[提交]]></item>
				<item id="inlinepost"><![CDATA[要添加新书，请在此行填写相关信息]]></item>
				<item id="hasbooklist"><![CDATA[已创建的图书列表,修改后提交即可完成编辑]]></item>
				<item id="hasnotbook"><![CDATA[你尚未创建图书，请添加新图书或发布其他图书新章节]]></item>
				<item id="total"><![CDATA[已发布]]></item>
				<item id="unit"><![CDATA[章]]></item>
				<item id="zhangjiehao"><![CDATA[章节号]]></item>
				<item id="zhangjiesubject"><![CDATA[标题]]></item>
				<item id="managecolums"><![CDATA[管理章节]]></item>
				<item id="viewandedit"><![CDATA[查看/编辑章节]]></item>
				<item id="views"><![CDATA[阅读量]]></item>
				<item id="mobilehook"><![CDATA[图书]]></item>
				<item id="edit"><![CDATA[编辑]]></item>
				<item id="deletesuccess"><![CDATA[删除成功]]></item>
				<item id="deleteerror"><![CDATA[删除失败]]></item>
				<item id="thebooknozhangjie"><![CDATA[本书尚未发布任何章节]]></item>
				<item id="goback"><![CDATA[返回章节管理]]></item>
				<item id="readbookmobile"><![CDATA[阅读小说]]></item>
				<item id="shoujia"><![CDATA[售价]]></item>
				<item id="qingchongzhi"><![CDATA[不足，请充值]]></item>
				<item id="yikouchu"><![CDATA[已扣除]]></item>
				<item id="kouchu"><![CDATA[扣除]]></item>
				<item id="shibaiqingchongshi"><![CDATA[失败,请重试]]></item>
				<item id="ben"><![CDATA[本]]></item>
				<item id="ding"><![CDATA[顶]]></item>
				<item id="cai"><![CDATA[踩]]></item>
				<item id="searchres"><![CDATA[图书搜索结果]]></item>
				<item id="paihangmb"><![CDATA[排行]]></item>
				<item id="fenleimb"><![CDATA[分类]]></item>
			</item>
			<item id="templatelang">
				<item id="actionerror"><![CDATA[操作失败]]></item>
				<item id="zuixinmulu"><![CDATA[最近更新章节]]></item>
				<item id="register"><![CDATA[注册]]></item>
				<item id="home"><![CDATA[阅读首页]]></item>
				<item id="shoucangtishi"><![CDATA[收藏后，将在下方显示已收藏的图书列表]]></item>
				<item id="honey"><![CDATA[亲爱的]]></item>
				<item id="caijitishi"><![CDATA[<p class='mtn mbn marginleft caijitishi'>整本小说采集功能由 <a href='http://addon.discuz.com/?@jameson_caiji.plugin'>【小说整本采集-小说插件免费版专用】</a> 插件提供，安装此插件后可整本采集和生成图书，<br>目前支持 百书库www.baishuku.com | 青帝文学www.qingdiba.com | TXT天堂www.xiaoshuotxt.com | 起点中文www.qidian.com 的整本采集</p>]]></item>
				<item id="yijingshoucang"><![CDATA[你已经收藏了]]></item>
				<item id="benshu"><![CDATA[本书]]></item>
				<item id="forumindex"><![CDATA[论坛首页]]></item>
				<item id="noxiayizhang"><![CDATA[没有下一章了]]></item>
				<item id="noshangyizhang"><![CDATA[没有上一章了]]></item>
				<item id="login"><![CDATA[登录]]></item>
				<item id="mobilehome"><![CDATA[首页]]></item>
				<item id="yanshizhan"><![CDATA[演示站]]></item>
				<item id="fanhuishangyiye"><![CDATA[返回上一页]]></item>
				<item id="usemethodright"><![CDATA[右滑看上一章]]></item>
				<item id="usemethodleft"><![CDATA[左滑看下一章]]></item>
				<item id="iknow"><![CDATA[知道了]]></item>
				<item id="logout"><![CDATA[退出]]></item>
				<item id="waptitle"><![CDATA[手机版]]></item>
				<item id="canyudianping"><![CDATA[点评本书!]]></item>
				<item id="clientversion"><![CDATA[客户端]]></item>
				<item id="firstletter"><![CDATA[首字母]]></item>
				<item id="mobile2version"><![CDATA[触屏版]]></item>
				<item id="no_simplemobiletype"><![CDATA[标准版]]></item>
				<item id="nomobiletype"><![CDATA[电脑版]]></item>
				<item id="simplemobiletype"><![CDATA[精简版]]></item>
				<item id="extremelysimplemobiletype"><![CDATA[极简版]]></item>
				<item id="postnewbook"><![CDATA[创建一部新书]]></item>
				<item id="authorcenter"><![CDATA[作者中心]]></item>
				<item id="bookmanage"><![CDATA[图书添加/管理]]></item>
				<item id="colummanage"><![CDATA[章节管理]]></item>
				<item id="close"><![CDATA[关闭]]></item>
				<item id="showall"><![CDATA[显示全部]]></item>
				<item id="recommend"><![CDATA[精品推荐]]></item>
				<item id="yueducishu"><![CDATA[次阅读]]></item>
				<item id="nodesco"><![CDATA[暂无简介]]></item>
				<item id="desco"><![CDATA[内容简介]]></item>
				<item id="readnow"><![CDATA[立即阅读]]></item>
				<item id="more"><![CDATA[更多]]></item>
				<item id="yuedubang"><![CDATA[阅读榜]]></item>
				<item id="fenlei"><![CDATA[分类]]></item>
				<item id="author"><![CDATA[作者]]></item>
				<item id="yuedu"><![CDATA[阅读]]></item>
				<item id="zhangjie"><![CDATA[章节]]></item>
				<item id="gong"><![CDATA[共]]></item>
				<item id="mulu"><![CDATA[目录]]></item>
				<item id="zhang"><![CDATA[章]]></item>
				<item id="nozhangjie"><![CDATA[暂无章节]]></item>
				<item id="hasbookscount1"><![CDATA[你已经创建]]></item>
				<item id="hasbookscount2"><![CDATA[本图书!]]></item>
				<item id="hascolumscount1"><![CDATA[你已经发布]]></item>
				<item id="hascolumscount2"><![CDATA[章节!]]></item>
				<item id="gobackforum"><![CDATA[论坛]]></item>
				<item id="allcate"><![CDATA[全部分类]]></item>
				<item id="tuijian"><![CDATA[推荐]]></item>
				<item id="jptuijian"><![CDATA[精品推荐]]></item>
				<item id="paihang"><![CDATA[排行]]></item>
				<item id="hasread"><![CDATA[已读]]></item>
				<item id="hasshoucang"><![CDATA[已收藏]]></item>
				<item id="quxiaoshoucang"><![CDATA[取消收藏]]></item>
				<item id="bianjitushu"><![CDATA[编辑图书]]></item>
				<item id="tianjiatushu"><![CDATA[添加图书]]></item>
				<item id="yonghuchuangjian"><![CDATA[用户创建]]></item>
				<item id="yonghu"><![CDATA[用户]]></item>
				<item id="paixu"><![CDATA[排序]]></item>
				<item id="shuming"><![CDATA[书名]]></item>
				<item id="xuanzefenlei"><![CDATA[选择分类]]></item>
				<item id="tushusuoshufenlei"><![CDATA[图书所属分类]]></item>
				<item id="suoshufenlei"><![CDATA[所属分类]]></item>
				<item id="jihua"><![CDATA[计划总章数]]></item>
				<item id="yueduliang"><![CDATA[设置本书阅读量,默认100]]></item>
				<item id="soucangliang"><![CDATA[设置本书收藏量,默认100]]></item>
				<item id="yiwanchengzhangshu"><![CDATA[已完成章数]]></item>
				<item id="fengmian"><![CDATA[封面]]></item>
				<item id="zhangjiehao"><![CDATA[章节号]]></item>
				<item id="shoujia"><![CDATA[售价]]></item>
				<item id="biaoti"><![CDATA[标题]]></item>
				<item id="caozuo"><![CDATA[操作]]></item>
				<item id="shanchu"><![CDATA[删除]]></item>
				<item id="bianji"><![CDATA[编辑]]></item>
				<item id="zhuangtaibiaoti"><![CDATA[状态]]></item>
				<item id="zhuangtai"><![CDATA[计划总章数(将决定图书状态是完结还是连载中)]]></item>
				<item id="tijiao"><![CDATA[提交]]></item>
				<item id="xiugaichenggong"><![CDATA[修改成功]]></item>
				<item id="xiugaishibai"><![CDATA[修改失败]]></item>
				<item id="tianjiazifenlei"><![CDATA[添加子分类]]></item>
				<item id="tianjiaxinfenlei"><![CDATA[添加新分类]]></item>
				<item id="nidangqianyongyou"><![CDATA[你当前拥有]]></item>
				<item id="nizhuanquanle"><![CDATA[你累计通过有价图书赚取了]]></item>
				<item id="tianjiaxinzhangjie"><![CDATA[添加新章节]]></item>
				<item id="qingshezhizhangjie"><![CDATA[请设置章节版块]]></item>
				<item id="anfenleichakan"><![CDATA[按分类查看]]></item>
				<item id="lianzaizhong"><![CDATA[连载中]]></item>
				<item id="wanjie"><![CDATA[完结]]></item>
				<item id="cifenleixiazanwu"><![CDATA[此分类下暂无图书]]></item>
				<item id="yifabu"><![CDATA[已发布]]></item>
				<item id="paihangbang"><![CDATA[排行榜]]></item>
				<item id="shoucangbang"><![CDATA[收藏榜]]></item>
				<item id="showname"><![CDATA[显示的名称]]></item>
				<item id="href"><![CDATA[链接地址，除非开头是plugin.php?id=jameson_read，否则必须以http://开头]]></item>
				<item id="navshuoming"><![CDATA[在此处自定义，阅读中心底部导航菜单，最多设置四个]]></item>
				<item id="addnewnav"><![CDATA[添加新导航]]></item>
				<item id="navorder"><![CDATA[数字越大越靠前]]></item>
				<item id="nosetforum"><![CDATA[未选择版块]]></item>
				<item id="zuixindianping"><![CDATA[书友点评]]></item>
				<item id="benshupingfen"><![CDATA[本书评分]]></item>
				<item id="fen"><![CDATA[分]]></item>
				<item id="ren"><![CDATA[人参与]]></item>
				<item id="shijian"><![CDATA[时间]]></item>
				<item id="zanwudianping"><![CDATA[暂无点评]]></item>
				<item id="dlhckdp"><![CDATA[登录后才可点评]]></item>
				<item id="bszwzjbkdp"><![CDATA[本书暂无章节,不可点评]]></item>
				<item id="nszyhzzwqxdp"><![CDATA[你所在用户组暂无权限点评]]></item>
				<item id="qingpingfen"><![CDATA[请评分]]></item>
				<item id="fbdpcw"><![CDATA[发布点评出现错误,请重试]]></item>
				<item id="dianpingtext"><![CDATA[请输入不超过100字的点评(可不填)]]></item>
				<item id="morendianping"><![CDATA[不错，赞一个]]></item>
				<item id="zhichi"><![CDATA[顶]]></item>
				<item id="haszhichi"><![CDATA[已顶]]></item>
				<item id="fandui"><![CDATA[踩]]></item>
				<item id="hasfandui"><![CDATA[已踩]]></item>
				<item id="haopingbang"><![CDATA[好评榜]]></item>
				<item id="hasdp"><![CDATA[你已对本书发布过点评]]></item>
				<item id="haopinghref"><![CDATA[好评]]></item>
				<item id="zuixinhref"><![CDATA[最新]]></item>
				<item id="zuire"><![CDATA[最热]]></item>
				<item id="zanwuremendianping"><![CDATA[暂无热门点评]]></item>
				<item id="fabudianpingchenggong"><![CDATA[发布点评成功]]></item>
				<item id="dpconentempty"><![CDATA[点评内容不得为空]]></item>
				<item id="shanchuquanbutushu"><![CDATA[删除本页全部图书]]></item>
				<item id="querenshanchuquanbu"><![CDATA[你确认删除本页全部图书?将无法恢复]]></item>
				<item id="allbook"><![CDATA[全部图书]]></item>
				<item id="xiangsitushu"><![CDATA[相似图书]]></item>
				<item id="yidanzi"><![CDATA[已]]></item>
				<item id="booksearch"><![CDATA[图书]]></item>
				<item id="anzhuangdizhi"><![CDATA[安装地址]]></item>
				<item id="yousearch"><![CDATA[你搜索的]]></item>
				<item id="searchres"><![CDATA[共有]]></item>
				<item id="tiaojilu"><![CDATA[条记录]]></item>
				<item id="nosearchbook"><![CDATA[抱歉,未搜索到任何图书]]></item>
				<item id="xiayizhangshoujia"><![CDATA[下一章售价]]></item>
				<item id="yikouchu"><![CDATA[已扣除]]></item>
				<item id="changjianwenti"><![CDATA[常见问题]]></item>
				<item id="shiyongshouce"><![CDATA[使用手册]]></item>
				<item id="help1"><![CDATA[<h3>小说阅读器分为【永久免费版】、【专业版】</h3>
  <p>
    永久免费版无任何功能限制，可永久使用，但不提供任何技术支持和服务，也没有义务回答提问。如果你正式运营，建议选用功能更完善的专业版或专业精简版。<br>因数据结构变化较大，故不支持免费版直接向专业版升级，建议你先卸载免费版，再安装专业版。。
  </p>
  <h3>专业版介绍</h3>
  <p>
    <strong>功能介绍----------------------------</strong><br>
        支持手机触屏,手机界面美观大方，载入迅速,支持夜间模式<br>
        PC端界面模块丰富,实用性强<br>
        功能完善强大:包含<br>
        单篇采集功能<br>
        支持打赏、支持设置佣金<br>
        章节生成图片<br>
        普通模式和读书模式<br>
        读书模式页面简洁功能完善，用户体验佳<br>
        图书发布管理<br>
        发布书评、回复书评<br>
        评分<br>
        绑定话题版块<br>
        卷章管理<br>
        作者管理权限限制<br>
        我的书架收藏图书<br>
        专题-头条<br>
        广告添加管理<br>
        图书搜索<br>
        图书售价、章节售价<br>
        VIP用户组<br>
        SEO设置、伪静态支持<br>
        数据备份恢复<br>
        阅读页面禁用右键禁止、禁止复制<br>
        小说主页公告、作者中心公告、书架公告<br>
        等等，将持续增加完善新功能<br>
    <strong>前台普通用户功能------------------------</strong><br>
        图书评分:5星10分，后台可设置简单图书评语，默认 一般|不错|优秀|推荐|经典必读
        发布书评,管理员后台可限制每本书每个用户可发布书评次数，可对书评进行回复和赞成反对<br>
        按照全本购买图书,按章节单独购买;<br>
        支持VIP用户组设置，不受价格限制;<br>
        图书放入书架,每个用户均有我的书架模块<br>
        管理员可在后台启用读书模式和普通模式，普通模式即是以默认论坛帖子形式显示章节正文,读书模式类似于百度阅读界面,简洁美观,，并且支持调整字体大小、发布书评、以图片形式阅读章节<br>
        可在页面购买全本并支持左右方向键切换上下章节<br>
        支持每部图书绑定一个论坛版块作为图书相关话题版块，话题入口显示在目录页<br>
    <strong>作者中心功能------------------</strong><br>
        管理员可在后台可设置允许发布图书的用户组，并可限制作者编辑和添加图书<br>
        此用户组在前台左上角会显示作者中心入口<br>
        添加新图书或者编辑已有的图书,图书支持 卷/章 二级结构<br>
        批量删除图书、简介发布、封面上传、设置图书售价、设置章节售价、添加分卷章节、管理书评等。<br>
        在添加图书章节时，进行单篇采集，目前仅支持 discuz系统，可采集帖子和门户文章<br>
    <strong>后台管理员功能------------------</strong><br>
        设置允许发布图书的用户组<br>
        设置不受价格限制的VIP用户组<br>
        设置是否允许作者设置图书售价并限制最高售价<br>
        设置允许书评次数<br>
        切换读书模式和普通模式<br>
        设置是否以图片形式阅读章节，用户阅读时看到的是文本图片,<br>有效保护你的图书免遭复制<br>
        设置SEO关键字、描述信息<br>
        启用伪静态设置<br>
        设置图书评分时简单评语<br>
        管理所有作者,允许或者禁止作者发布或编辑图书<br>
        管理所有图书,包括删除、上下架、设置售价<br>
        对内置的图书分类进行修改、添加、删除、新增<br>
        设置专题和头条<br>
        设置和管理广告<br>
        备份和恢复插件数据<br>
        生成章节图片:默认通过计划任务每日凌晨2点-3点自动生成新章节的图片,你也可以随时手动对新添加的章节生成图片而无需等到次日2点,图片底部将自动添加你的站点名称-小说中心名称和你的网址
  </p>]]></item>
				<item id="querenshanchu"><![CDATA[确认删除?]]></item>
			</item>
			<item id="installlang">
				<item id="fenlei1"><![CDATA[男生图书]]></item>
				<item id="fenlei2"><![CDATA[女生图书]]></item>
				<item id="fenlei3"><![CDATA[出版图书]]></item>
				<item id="fenlei4"><![CDATA[玄幻]]></item>
				<item id="fenlei5"><![CDATA[奇幻]]></item>
				<item id="fenlei6"><![CDATA[武侠]]></item>
				<item id="fenlei7"><![CDATA[仙侠]]></item>
				<item id="fenlei8"><![CDATA[都市]]></item>
				<item id="fenlei9"><![CDATA[职场]]></item>
				<item id="fenlei10"><![CDATA[历史]]></item>
				<item id="fenlei11"><![CDATA[军事]]></item>
				<item id="fenlei12"><![CDATA[游戏]]></item>
				<item id="fenlei13"><![CDATA[竞技]]></item>
				<item id="fenlei14"><![CDATA[科幻]]></item>
				<item id="fenlei15"><![CDATA[灵异]]></item>
				<item id="fenlei16"><![CDATA[同人]]></item>
				<item id="fenlei17"><![CDATA[短篇]]></item>
				<item id="fenlei18"><![CDATA[古代言情]]></item>
				<item id="fenlei19"><![CDATA[现代言情]]></item>
				<item id="fenlei20"><![CDATA[玄幻言情]]></item>
				<item id="fenlei21"><![CDATA[仙侠奇缘]]></item>
				<item id="fenlei22"><![CDATA[浪漫青春]]></item>
				<item id="fenlei23"><![CDATA[游戏竞技]]></item>
				<item id="fenlei24"><![CDATA[科幻空间]]></item>
				<item id="fenlei25"><![CDATA[悬疑灵异]]></item>
				<item id="fenlei26"><![CDATA[同人小说]]></item>
				<item id="fenlei27"><![CDATA[耽美小说]]></item>
				<item id="fenlei28"><![CDATA[台湾言情]]></item>
				<item id="fenlei29"><![CDATA[文学]]></item>
				<item id="fenlei30"><![CDATA[小说]]></item>
				<item id="fenlei31"><![CDATA[青春文学]]></item>
				<item id="fenlei32"><![CDATA[成功励志]]></item>
				<item id="fenlei33"><![CDATA[管理]]></item>
				<item id="fenlei34"><![CDATA[经济]]></item>
				<item id="fenlei35"><![CDATA[投资理财]]></item>
				<item id="fenlei36"><![CDATA[亲子家教]]></item>
				<item id="fenlei37"><![CDATA[两性关系]]></item>
				<item id="fenlei38"><![CDATA[保健养生]]></item>
				<item id="fenlei39"><![CDATA[旅游地图]]></item>
				<item id="fenlei40"><![CDATA[传记]]></item>
				<item id="fenlei41"><![CDATA[时尚美妆]]></item>
				<item id="fenlei42"><![CDATA[心理学]]></item>
				<item id="fenlei43"><![CDATA[社会科学]]></item>
				<item id="fenlei44"><![CDATA[历史]]></item>
				<item id="fenlei45"><![CDATA[军事]]></item>
				<item id="fenlei46"><![CDATA[文化]]></item>
				<item id="fenlei47"><![CDATA[政治]]></item>
				<item id="fenlei48"><![CDATA[科普读物]]></item>
				<item id="fenlei49"><![CDATA[童书]]></item>
				<item id="fenlei50"><![CDATA[计算机]]></item>
				<item id="book2name"><![CDATA[红楼梦]]></item>
				<item id="book3name"><![CDATA[西游记]]></item>
				<item id="book1name"><![CDATA[百年孤独]]></item>
				<item id="book4name"><![CDATA[三国演义]]></item>
				<item id="book5name"><![CDATA[白鹿原]]></item>
				<item id="book6name"><![CDATA[大国小民]]></item>
				<item id="book1author"><![CDATA[马克斯威尔]]></item>
				<item id="book1desco"><![CDATA[这是阿根廷的马克斯威尔的一本小说，获得了诺贝尔文学奖，当然如果我没有记错作者名字和国籍的话。]]></item>
				<item id="jingpintuijian"><![CDATA[精品推荐]]></item>
				<item id="paihangbang"><![CDATA[排行榜]]></item>
				<item id="quanbufenlei"><![CDATA[全部分类]]></item>
			</item>
		</item>
		<item id="installfile"><![CDATA[install.php]]></item>
		<item id="uninstallfile"><![CDATA[uninstall.php]]></item>
		<item id="upgradefile"><![CDATA[upgrade.php]]></item>
		<item id="enablefile"><![CDATA[enable.php]]></item>
	</item>
</root>