﻿<?xml version="1.0" encoding="ISO-8859-1"?>
<root>
	<item id="Title"><![CDATA[Discuz! Plugin]]></item>
	<item id="Version"><![CDATA[X2,X2.5,X3,X3.1,X3.2,F1.0]]></item>
	<item id="Time"><![CDATA[2016-08-19 18:15]]></item>
	<item id="From"><![CDATA[分享吧（www.fx8.cc）]]></item>
	<item id="Data">
		<item id="plugin">
			<item id="available"><![CDATA[1]]></item>
			<item id="adminid"><![CDATA[1]]></item>
			<item id="name"><![CDATA[源码哥_柒瑞在线大礼包]]></item>
			<item id="identifier"><![CDATA[olgift_7ree]]></item>
			<item id="description"><![CDATA[为discuz增加会员在线满足一定时间可领取三重积分礼包的娱乐互动功能，并可防止灌水机发广告贴。]]></item>
			<item id="datatables"><![CDATA[]]></item>
			<item id="directory"><![CDATA[olgift_7ree/]]></item>
			<item id="copyright"><![CDATA[源码哥（www.ymg6.com）]]></item>
			<item id="version"><![CDATA[超值商业版v1.6]]></item>
			<item id="__modules">
				<item id="22">
					<item id="name"><![CDATA[myyapmagoo]]></item>
					<item id="menu"><![CDATA[<span style="color:#E53333;"><b>源码哥</b></span>]]></item>
					<item id="url"><![CDATA[]]></item>
					<item id="type"><![CDATA[3]]></item>
					<item id="adminid"><![CDATA[0]]></item>
					<item id="displayorder"><![CDATA[0]]></item>
					<item id="navtitle"><![CDATA[]]></item>
					<item id="navicon"><![CDATA[]]></item>
					<item id="navsubname"><![CDATA[]]></item>
					<item id="navsuburl"><![CDATA[]]></item>
				</item>
				<item id="0">
					<item id="name"><![CDATA[log_7ree]]></item>
					<item id="menu"><![CDATA[领奖日志]]></item>
					<item id="url"><![CDATA[]]></item>
					<item id="type"><![CDATA[3]]></item>
					<item id="adminid"><![CDATA[0]]></item>
					<item id="displayorder"><![CDATA[0]]></item>
					<item id="navtitle"><![CDATA[]]></item>
					<item id="navicon"><![CDATA[]]></item>
					<item id="navsubname"><![CDATA[]]></item>
					<item id="navsuburl"><![CDATA[]]></item>
				</item>
				<item id="1">
					<item id="name"><![CDATA[olgift_7ree]]></item>
					<item id="menu"><![CDATA[]]></item>
					<item id="url"><![CDATA[]]></item>
					<item id="type"><![CDATA[11]]></item>
					<item id="adminid"><![CDATA[0]]></item>
					<item id="displayorder"><![CDATA[0]]></item>
					<item id="navtitle"><![CDATA[]]></item>
					<item id="navicon"><![CDATA[]]></item>
					<item id="navsubname"><![CDATA[]]></item>
					<item id="navsuburl"><![CDATA[]]></item>
				</item>
				<item id="2">
					<item id="name"><![CDATA[more_7ree]]></item>
					<item id="menu"><![CDATA[[柒瑞更多产品服务]]]></item>
					<item id="url"><![CDATA[]]></item>
					<item id="type"><![CDATA[3]]></item>
					<item id="adminid"><![CDATA[0]]></item>
					<item id="displayorder"><![CDATA[0]]></item>
					<item id="navtitle"><![CDATA[]]></item>
					<item id="navicon"><![CDATA[]]></item>
					<item id="navsubname"><![CDATA[]]></item>
					<item id="navsuburl"><![CDATA[]]></item>
				</item>
				<item id="3">
					<item id="name"><![CDATA[index_7ree]]></item>
					<item id="menu"><![CDATA[在线大礼包]]></item>
					<item id="url"><![CDATA[]]></item>
					<item id="type"><![CDATA[5]]></item>
					<item id="adminid"><![CDATA[0]]></item>
					<item id="displayorder"><![CDATA[0]]></item>
					<item id="navtitle"><![CDATA[]]></item>
					<item id="navicon"><![CDATA[]]></item>
					<item id="navsubname"><![CDATA[]]></item>
					<item id="navsuburl"><![CDATA[]]></item>
				</item>
			</item>
		</item>
		<item id="version"><![CDATA[X2,X2.5,X3,X3.1,X3.2,F1.0]]></item>
		<item id="var">
			<item id="0">
				<item id="displayorder"><![CDATA[1]]></item>
				<item id="title"><![CDATA[是否同意柒瑞用户协议]]></item>
				<item id="description"><![CDATA[同意柒瑞终端用户协议方可使用该插件，协议地址：http://www.7ree.com/agreement.html]]></item>
				<item id="variable"><![CDATA[agreement_7ree]]></item>
				<item id="type"><![CDATA[radio]]></item>
				<item id="value"><![CDATA[1]]></item>
				<item id="extra"><![CDATA[]]></item>
			</item>
			<item id="1">
				<item id="displayorder"><![CDATA[2]]></item>
				<item id="title"><![CDATA[第一次领奖所需在线时间]]></item>
				<item id="description"><![CDATA[单位：分钟]]></item>
				<item id="variable"><![CDATA[oltime1_7ree]]></item>
				<item id="type"><![CDATA[number]]></item>
				<item id="value"><![CDATA[7]]></item>
				<item id="extra"><![CDATA[]]></item>
			</item>
			<item id="2">
				<item id="displayorder"><![CDATA[3]]></item>
				<item id="title"><![CDATA[第二次领奖所需在线时间]]></item>
				<item id="description"><![CDATA[单位：分钟]]></item>
				<item id="variable"><![CDATA[oltime2_7ree]]></item>
				<item id="type"><![CDATA[number]]></item>
				<item id="value"><![CDATA[27]]></item>
				<item id="extra"><![CDATA[]]></item>
			</item>
			<item id="3">
				<item id="displayorder"><![CDATA[4]]></item>
				<item id="title"><![CDATA[第三次领奖所需在线时间]]></item>
				<item id="description"><![CDATA[单位：分钟]]></item>
				<item id="variable"><![CDATA[oltime3_7ree]]></item>
				<item id="type"><![CDATA[number]]></item>
				<item id="value"><![CDATA[77]]></item>
				<item id="extra"><![CDATA[]]></item>
			</item>
			<item id="4">
				<item id="displayorder"><![CDATA[5]]></item>
				<item id="title"><![CDATA[第一次领奖的积分类型]]></item>
				<item id="description"><![CDATA[]]></item>
				<item id="variable"><![CDATA[exttype1_7ree]]></item>
				<item id="type"><![CDATA[extcredit]]></item>
				<item id="value"><![CDATA[2]]></item>
				<item id="extra"><![CDATA[]]></item>
			</item>
			<item id="5">
				<item id="displayorder"><![CDATA[6]]></item>
				<item id="title"><![CDATA[第二次领奖的积分类型]]></item>
				<item id="description"><![CDATA[]]></item>
				<item id="variable"><![CDATA[exttype2_7ree]]></item>
				<item id="type"><![CDATA[extcredit]]></item>
				<item id="value"><![CDATA[2]]></item>
				<item id="extra"><![CDATA[]]></item>
			</item>
			<item id="6">
				<item id="displayorder"><![CDATA[7]]></item>
				<item id="title"><![CDATA[第三次领奖的积分类型]]></item>
				<item id="description"><![CDATA[]]></item>
				<item id="variable"><![CDATA[exttype3_7ree]]></item>
				<item id="type"><![CDATA[extcredit]]></item>
				<item id="value"><![CDATA[1]]></item>
				<item id="extra"><![CDATA[]]></item>
			</item>
			<item id="7">
				<item id="displayorder"><![CDATA[8]]></item>
				<item id="title"><![CDATA[第一次领奖的积分数量]]></item>
				<item id="description"><![CDATA[请填写正整数]]></item>
				<item id="variable"><![CDATA[giftnum1_7ree]]></item>
				<item id="type"><![CDATA[number]]></item>
				<item id="value"><![CDATA[2]]></item>
				<item id="extra"><![CDATA[]]></item>
			</item>
			<item id="8">
				<item id="displayorder"><![CDATA[9]]></item>
				<item id="title"><![CDATA[第二次领奖的积分数量]]></item>
				<item id="description"><![CDATA[请填写正整数]]></item>
				<item id="variable"><![CDATA[giftnum2_7ree]]></item>
				<item id="type"><![CDATA[number]]></item>
				<item id="value"><![CDATA[3]]></item>
				<item id="extra"><![CDATA[]]></item>
			</item>
			<item id="9">
				<item id="displayorder"><![CDATA[10]]></item>
				<item id="title"><![CDATA[第三次领奖的积分数量]]></item>
				<item id="description"><![CDATA[请填写正整数]]></item>
				<item id="variable"><![CDATA[giftnum3_7ree]]></item>
				<item id="type"><![CDATA[number]]></item>
				<item id="value"><![CDATA[2]]></item>
				<item id="extra"><![CDATA[]]></item>
			</item>
			<item id="10">
				<item id="displayorder"><![CDATA[11]]></item>
				<item id="title"><![CDATA[活动领奖须知]]></item>
				<item id="description"><![CDATA[]]></item>
				<item id="variable"><![CDATA[notice_7ree]]></item>
				<item id="type"><![CDATA[textarea]]></item>
				<item id="value"><![CDATA[每日必做任务之领取在线大礼包，只要在线时间分别满<span>3</span>分钟|<span>10</span>分钟|<span>30</span>分钟即可领取三重礼包，有丰厚的积分奖励哦。]]></item>
				<item id="extra"><![CDATA[]]></item>
			</item>
			<item id="11">
				<item id="displayorder"><![CDATA[12]]></item>
				<item id="title"><![CDATA[领奖图标距离顶部位置]]></item>
				<item id="description"><![CDATA[百分比数值越小越靠上
百分比数值越大越靠下]]></item>
				<item id="variable"><![CDATA[postop_7ree]]></item>
				<item id="type"><![CDATA[select]]></item>
				<item id="value"><![CDATA[0.3]]></item>
				<item id="extra"><![CDATA[0.1=10%
0.2=20%
0.3=30%
0.4=40%
0.5=50%
0.6=60%
0.7=70%
0.8=80%
0.9=90%]]></item>
			</item>
			<item id="12">
				<item id="displayorder"><![CDATA[13]]></item>
				<item id="title"><![CDATA[领奖发帖限制]]></item>
				<item id="description"><![CDATA[可用于防治机器人灌水发广告贴]]></item>
				<item id="variable"><![CDATA[postlimit_7ree]]></item>
				<item id="type"><![CDATA[select]]></item>
				<item id="value"><![CDATA[1]]></item>
				<item id="extra"><![CDATA[0=当日发帖权限不受领奖限制
1=领取第1个礼包才可发帖
2=领取第2个礼包才可发帖
3=领取第3个礼包才可发帖]]></item>
			</item>
			<item id="13">
				<item id="displayorder"><![CDATA[14]]></item>
				<item id="title"><![CDATA[不受发帖限制的用户组]]></item>
				<item id="description"><![CDATA[]]></item>
				<item id="variable"><![CDATA[unlimitgid_7ree]]></item>
				<item id="type"><![CDATA[groups]]></item>
				<item id="extra"><![CDATA[]]></item>
				<item id="__value">
					<item id="0"><![CDATA[1]]></item>
				</item>
			</item>
			<item id="14">
				<item id="displayorder"><![CDATA[15]]></item>
				<item id="title"><![CDATA[发帖限制自定义提示]]></item>
				<item id="description"><![CDATA[]]></item>
				<item id="variable"><![CDATA[limittip_7ree]]></item>
				<item id="type"><![CDATA[textarea]]></item>
				<item id="value"><![CDATA[只需点击页面右侧的礼包图标就可领取，每天最多可以领取三次礼包哦。]]></item>
				<item id="extra"><![CDATA[]]></item>
			</item>
			<item id="15">
				<item id="displayorder"><![CDATA[16]]></item>
				<item id="title"><![CDATA[排行榜时间周期]]></item>
				<item id="description"><![CDATA[排行榜计算时间周期
即： 按照周期时间内领取礼包次数排序]]></item>
				<item id="variable"><![CDATA[rankcycle_7ree]]></item>
				<item id="type"><![CDATA[select]]></item>
				<item id="value"><![CDATA[3]]></item>
				<item id="extra"><![CDATA[1=本日
2=本周
3=本月
4=本季度
5=本年度]]></item>
			</item>
			<item id="16">
				<item id="displayorder"><![CDATA[17]]></item>
				<item id="title"><![CDATA[排行榜缓存时间]]></item>
				<item id="description"><![CDATA[即排行榜的更新时间周期
请合理选择，以便平衡系统负载和用户体验]]></item>
				<item id="variable"><![CDATA[rankcachecycle_7ree]]></item>
				<item id="type"><![CDATA[select]]></item>
				<item id="value"><![CDATA[1]]></item>
				<item id="extra"><![CDATA[0=不缓存
1=缓存1小时
2=缓存2小时
3=缓存3小时
4=缓存4小时
6=缓存6小时
12=缓存12小时
24=缓存24小时]]></item>
			</item>
			<item id="17">
				<item id="displayorder"><![CDATA[18]]></item>
				<item id="title"><![CDATA[领奖自动发帖版块]]></item>
				<item id="description"><![CDATA[领奖时自动发帖绑定的版块
（选择空则表示不启用领奖自动发帖的功能）]]></item>
				<item id="variable"><![CDATA[fid_7ree]]></item>
				<item id="type"><![CDATA[forum]]></item>
				<item id="value"><![CDATA[]]></item>
				<item id="extra"><![CDATA[]]></item>
			</item>
			<item id="18">
				<item id="displayorder"><![CDATA[19]]></item>
				<item id="title"><![CDATA[领奖自动发帖主题标题]]></item>
				<item id="description"><![CDATA[其中用{data_7ree}表示日期、用{week_7ree}表示星期]]></item>
				<item id="variable"><![CDATA[subject_7ree]]></item>
				<item id="type"><![CDATA[text]]></item>
				<item id="value"><![CDATA[{data_7ree}/{week_7ree}在线大礼包幸运降临]]></item>
				<item id="extra"><![CDATA[]]></item>
			</item>
			<item id="19">
				<item id="displayorder"><![CDATA[20]]></item>
				<item id="title"><![CDATA[领奖自动发帖内容]]></item>
				<item id="description"><![CDATA[每行一个回复内容，系统随机发布。
其中用{n_7ree}代表领取的第N个礼包、用{giftnum_7ree}表示所获得积分奖励数量
支持论坛ubb代码]]></item>
				<item id="variable"><![CDATA[post_7ree]]></item>
				<item id="type"><![CDATA[textarea]]></item>
				<item id="value"><![CDATA[感觉真不错哦，第{n_7ree}个[color=Red]在线大礼包[/color]{giftnum_7ree}轻松到手了，呵呵。 
今天心情特别好，我轻松领取了第{n_7ree}个[color=Red]在线大礼包[/color]{giftnum_7ree}。 
走你，第{n_7ree}个[color=Red]在线大礼包[/color]哦，幸福有木有，[color=Red]{giftnum_7ree}[/color]有木有 ：）
礼包、礼包，我爱你，就像老鼠爱大米，第{n_7ree}个[color=Red]在线大礼包[/color]{giftnum_7ree}到手，一定晒下，哈哈。
已经是第{n_7ree}个[color=Red]在线大礼包[/color]了哦，{giftnum_7ree}有木有，没有领奖的童鞋伤不起，抓紧哦。
我已经领取了第{n_7ree}个[color=Red]在线大礼包[/color]{giftnum_7ree}了，每天都要来哦，三重大礼包一个也不能少呢。
第{n_7ree}个[color=Red]在线大礼包[/color]，真给力，{giftnum_7ree}绝不是浮云，值得我领取哦。
感谢国家、感谢论坛，感谢第{n_7ree}个[color=Red]在线大礼包[/color]{giftnum_7ree}的鼓励。
哥领取的不是第{n_7ree}个[color=Red]在线大礼包[/color]，是寂寞，{giftnum_7ree}真心不能少啊。
第{n_7ree}个[color=Red]在线大礼包[/color]，{giftnum_7ree}表示毫无鸭梨，领了礼包才幸福。]]></item>
				<item id="extra"><![CDATA[]]></item>
			</item>
			<item id="20">
				<item id="displayorder"><![CDATA[21]]></item>
				<item id="title"><![CDATA[领奖完成是否显示图标]]></item>
				<item id="description"><![CDATA[每天三重礼包领取完成后，是否还在页面显示领奖提示的图标。]]></item>
				<item id="variable"><![CDATA[finishonoff_7ree]]></item>
				<item id="type"><![CDATA[radio]]></item>
				<item id="value"><![CDATA[0]]></item>
				<item id="extra"><![CDATA[]]></item>
			</item>
			<item id="21">
				<item id="displayorder"><![CDATA[22]]></item>
				<item id="title"><![CDATA[是否关闭领奖短信提醒]]></item>
				<item id="description"><![CDATA[开启此项，则会员领取在线礼包不会发送论坛提醒信息。]]></item>
				<item id="variable"><![CDATA[noticeoff_7ree]]></item>
				<item id="type"><![CDATA[radio]]></item>
				<item id="value"><![CDATA[1]]></item>
				<item id="extra"><![CDATA[]]></item>
			</item>
		</item>
		<item id="language">
			<item id="scriptlang">
				<item id="logy_m_g"><![CDATA[<h2 style="text-align:-webkit-center;">
	<span style="color:#4C33E5;">推荐一个dz商</span><span style="color:#4C33E5;">业插件模版下载的</span><span style="color:#4C33E5;"></span><span style="color:#4C33E5;">网站给大家</span><a href="http://www.ymg6.com" target="_blank"><span style="color:#4C33E5;">源码哥分享吧</span></a><span style="color:#4C33E5;">（www.ymg6.com）</span> 
</h2>
<h3 style="text-align:-webkit-center;">
	<span style="color:#E53333;">这</span><span style="color:#E53333;">是一个</span><span style="color:#E53333;">dz商业</span><a href="http://www.ymg6.com/forum.php?mod=forumdisplay&fid=2" target="_blank"><span style="color:#337FE5;">插</span><u><span style="color:#337FE5;"></span></u><span style="color:#337FE5;">件</span></a><a href="http://www.ymg6.com/forum.php?mod=forumdisplay&fid=36" target="_blank"><u><span style="color:#337FE5;">模</span></u><u><span style="color:#337FE5;"></span></u><u><span style="color:#337FE5;">版</span></u></a><span style="color:#E53333;">资源破解分享的网站，而且还有很多精品的网站源码下载</span> 
</h3>
<h3 style="text-align:-webkit-center;">
	<span style="color:#E53333;">他们资源每天更新，并且很多都是他们自己出钱在应用中心购买后破解分享出来的</span><br />
</h3>
<h3>
	<div style="text-align:center;">
		<span style="color:#E53333;">不过还是替他们说一下</span> 
	</div>
	<div style="text-align:center;">
		<span style="color:#E53333;">&nbsp;他们站下载的资源只限于自己学习研究内含的设计思想和原理 请勿有任何商业盈利行为</span> 
	</div>
</h3>
<h3 style="text-align:center;">
	<span style="color:#999999;">介绍也介绍完了，给大家做个小导航吧</span> 
</h3>
<h3 style="text-align:center;">
	<span style="color:#337FE5;"><a href="http://www.ymg6.com/forum.php?mod=forumdisplay&fid=2" target="_blank">dz商业破解插件下载</a> &nbsp; <a href="http://www.ymg6.com/forum.php?mod=forumdisplay&fid=36" target="_blank">dz商业风格模版下载</a> &nbsp; &nbsp;<a href="http://www.ymg6.com/forum.php?mod=forumdisplay&fid=50" target="_blank">精品网站源码下载</a> &nbsp; &nbsp;<a href="http://www.ymg6.com/forum.php?mod=forumdisplay&fid=51" target="_blank">工具素材下载</a></span><span style="color:#337FE5;">&nbsp; &nbsp; <a href="http://www.ymg6.com/forum.php?mod=forumdisplay&fid=41" target="_blank">精选教程区</a></span> 
</h3> ]]></item>
				<item id="php_lang_olgift_7ree"><![CDATA[在线大礼包]]></item>
				<item id="php_lang_agree_7ree"><![CDATA[管理员必须同意柒瑞软件产品用户协议方可使用该插件，请在Discuz后台插件管理处设置同意。]]></item>
				<item id="php_lang_oltimenotenought_7ree"><![CDATA[抱歉，您的在线时间不足，无法领取礼包。]]></item>
				<item id="php_lang_loginfirst_7ree"><![CDATA[请先登录，再来领奖。]]></item>
				<item id="php_lang_returnmsg1_7ree"><![CDATA[<font color='red'>【在线礼包 ]]></item>
				<item id="php_lang_returnmsg2_7ree"><![CDATA[】</font>恭喜你，在线满]]></item>
				<item id="php_lang_returnmsg3_7ree"><![CDATA[分钟，并成功领取<b>第]]></item>
				<item id="php_lang_returnmsg4_7ree"><![CDATA[个</b>在线大礼包<font color='red'>]]></item>
				<item id="php_lang_returnmsg5_7ree"><![CDATA[</font>。]]></item>
				<item id="php_lang_banmsg1_7ree"><![CDATA[抱歉，您还没有领取<b>今天</b>的<br><b><font color='red'>第]]></item>
				<item id="php_lang_banmsg2_7ree"><![CDATA[个在线大礼包</font></b><br>因此无法发帖，请先领取礼包！]]></item>
				<item id="php_lang_benri_7ree"><![CDATA[本日]]></item>
				<item id="php_lang_benzhou_7ree"><![CDATA[本周]]></item>
				<item id="php_lang_benyue_7ree"><![CDATA[本月]]></item>
				<item id="php_lang_benji_7ree"><![CDATA[本季度]]></item>
				<item id="php_lang_bennian_7ree"><![CDATA[本年度]]></item>
				<item id="php_lang_week0_7ree"><![CDATA[周日]]></item>
				<item id="php_lang_week1_7ree"><![CDATA[周一]]></item>
				<item id="php_lang_week2_7ree"><![CDATA[周二]]></item>
				<item id="php_lang_week3_7ree"><![CDATA[周三]]></item>
				<item id="php_lang_week4_7ree"><![CDATA[周四]]></item>
				<item id="php_lang_week5_7ree"><![CDATA[周五]]></item>
				<item id="php_lang_week6_7ree"><![CDATA[周六]]></item>
				<item id="php_lang_yue_7ree"><![CDATA[月]]></item>
				<item id="php_lang_ri_7ree"><![CDATA[日]]></item>
				<item id="php_more_lang_production_7ree"><![CDATA[柒瑞插件产品]]></item>
				<item id="php_more_lang_free_7ree"><![CDATA[应用中心插件]]></item>
				<item id="php_more_lang_trade_7ree"><![CDATA[2012精品商业产品]]></item>
				<item id="php_more_lang_shangjia_7ree"><![CDATA[柒瑞已经在DISCUZ应用中心上架的产品]]></item>
				<item id="php_more_lang_baojia_7ree"><![CDATA[柒瑞《突破潜能·超越价值·腾飞梦想》系列精品商业插件产品]]></item>
				<item id="php_more_lang_moreinfo_7ree"><![CDATA[[ 了解详情 ]]]></item>
				<item id="php_more_lang_service_7ree"><![CDATA[柒瑞公益服务]]></item>
				<item id="php_more_lang_logo_7ree"><![CDATA[网站LOGO制作]]></item>
				<item id="php_more_lang_logodetail_7ree"><![CDATA[几年来，我们已经为上千位站长免费制作了LOGO]]></item>
				<item id="php_more_lang_analysis_7ree"><![CDATA[网站运营分析]]></item>
				<item id="php_more_lang_analysisdetail_7ree"><![CDATA[在网站运营过程中有任何困惑均可求助或交流，已经有上百位站长参与]]></item>
				<item id="php_more_lang_discuz_7ree"><![CDATA[DISCUZ问题解答]]></item>
				<item id="php_more_lang_discuzdetail_7ree"><![CDATA[Discuz及其插件安装、使用的问题可以在这里寻求帮助]]></item>
				<item id="php_more_lang_about_7ree"><![CDATA[关于柒瑞]]></item>
				<item id="php_more_lang_trust_7ree"><![CDATA[信赖与责任]]></item>
				<item id="php_more_lang_trustdetail_7ree"><![CDATA[	柒瑞是Discuz! 开放平台认证的企业开发者、康盛官方授权认可的第三方资源提供商和长期忠实合作伙伴，几年来我们专业的discuz插件产品和优质服务已经得到了全球大量discuz站长的支持和认可，具有较强的影响力。
	我们的典型客户有：卡巴斯基官方论坛、招商银行、盛大游戏、中国电信**市分公司、中国移动**市分公司、中国联通**市分公司、**市广电局、**市旅游局、北京协和医院、21CN论坛、电脑报官方论坛、硅谷动力论坛、电玩巴士、中华网汽车论坛、中少论坛、中国书法网、东林书院、绿森数码商城、深圳论坛、济南论坛、YY公会联盟、DOD不死血战工会、永恒国度工会……]]></item>
				<item id="php_more_lang_detailinfo_7ree"><![CDATA[[更多]]]></item>
				<item id="php_more_lang_siteweibo_7ree"><![CDATA[官网&微博]]></item>
				<item id="php_more_lang_site_7ree"><![CDATA[柒瑞官网：]]></item>
				<item id="php_more_lang_weibo_7ree"><![CDATA[官方微博：]]></item>
				<item id="php_more_lang_qqweibo_7ree"><![CDATA[腾讯微博]]></item>
				<item id="php_more_lang_sinaweibo_7ree"><![CDATA[新浪微博]]></item>
				<item id="php_more_lang_club_7ree"><![CDATA[QQ群]]></item>
				<item id="php_more_lang_qqqun_7ree"><![CDATA[柒瑞活跃站长超级群]]></item>
				<item id="php_more_lang_qqcopy_7ree"><![CDATA[点击复制QQ群号]]></item>
				<item id="php_more_lang_qqtip_7ree"><![CDATA[QQ群号已经复制到剪贴板]]></item>
				<item id="php_more_lang_document_7ree"><![CDATA[法律文书]]></item>
				<item id="php_more_lang_agreement_7ree"><![CDATA[柒瑞终端用户协议]]></item>
				<item id="php_more_lang_lawyer_7ree"><![CDATA[法律顾问]]></item>
				<item id="php_more_lang_wuxingliang_7ree"><![CDATA[吴兴亮]]></item>
				<item id="php_more_lang_appdy1_7ree"><![CDATA[柒瑞应用动态(24小时]]></item>
				<item id="php_more_lang_appdy2_7ree"><![CDATA[条)]]></item>
				<item id="php_more_lang_yu_7ree"><![CDATA[于]]></item>
				<item id="php_more_lang_cong_7ree"><![CDATA[从]]></item>
				<item id="php_more_lang_zhongxin_7ree"><![CDATA[应用中心]]></item>
				<item id="php_more_lang_anzhuang_7ree"><![CDATA[安装了]]></item>
				<item id="php_more_lang_gengxin_7ree"><![CDATA[更新于]]></item>
				<item id="php_more_lang_dytitle1_7ree"><![CDATA[截止现在(]]></item>
				<item id="php_more_lang_dytitle2_7ree"><![CDATA[)柒瑞在应用中心共计]]></item>
				<item id="php_more_lang_dytitle3_7ree"><![CDATA[款产品深受好评，并被]]></item>
				<item id="php_more_lang_dytitle4_7ree"><![CDATA[个网站安装使用！]]></item>
			</item>
			<item id="templatelang">
				<item id="htm_lang_olgift_7ree"><![CDATA[在线大礼包]]></item>
				<item id="htm_lang_notice_7ree"><![CDATA[领奖须知]]></item>
				<item id="htm_lang_rank_7ree"><![CDATA[排行榜]]></item>
				<item id="htm_lang_zongrank_7ree"><![CDATA[总排行榜]]></item>
				<item id="htm_lang_zhourank_7ree"><![CDATA[本周排行榜]]></item>
				<item id="htm_lang_yuerank_7ree"><![CDATA[本月排行榜]]></item>
				<item id="htm_lang_jirank_7ree"><![CDATA[季度排行榜]]></item>
				<item id="htm_lang_nianrank_7ree"><![CDATA[年度排行榜]]></item>
				<item id="htm_lang_rankdetail_7ree"><![CDATA[，点击查看详细排行榜。]]></item>
				<item id="htm_lang_paihang_7ree"><![CDATA[排行]]></item>
				<item id="htm_lang_loginnow_7ree"><![CDATA[立刻登录]]></item>
				<item id="htm_lang_loginget_7ree"><![CDATA[登录后即可领取!]]></item>
				<item id="htm_lang_gift1_7ree"><![CDATA[第一个礼包:]]></item>
				<item id="htm_lang_gift2_7ree"><![CDATA[第二个礼包:]]></item>
				<item id="htm_lang_gift3_7ree"><![CDATA[第三个礼包:]]></item>
				<item id="htm_lang_gongxi_7ree"><![CDATA[,恭喜您！]]></item>
				<item id="htm_lang_welcome_7ree"><![CDATA[,欢迎您！]]></item>
				<item id="htm_lang_getlang1_7ree"><![CDATA[成功领取第]]></item>
				<item id="htm_lang_getlang2_7ree"><![CDATA[个礼包]]></item>
				<item id="htm_lang_di_7ree"><![CDATA[第]]></item>
				<item id="htm_lang_ming_7ree"><![CDATA[名]]></item>
				<item id="htm_lang_100ming_7ree"><![CDATA[100名之后]]></item>
				<item id="htm_lang_gonglingqu_7ree"><![CDATA[共领取了]]></item>
				<item id="htm_lang_getnext_7ree"><![CDATA[领取下一个]]></item>
				<item id="htm_lang_getall_7ree"><![CDATA[三重礼包都已领取!]]></item>
				<item id="htm_lang_canget_7ree"><![CDATA[即可领取]]></item>
				<item id="htm_lang_mingtian_7ree"><![CDATA[明天再来哦]]></item>
				<item id="htm_lang_shaohou_7ree"><![CDATA[请您稍候]]></item>
				<item id="htm_lang_tian_7ree"><![CDATA[天]]></item>
				<item id="htm_lang_xiaoshi_7ree"><![CDATA[小时]]></item>
				<item id="htm_lang_fenzhong_7ree"><![CDATA[分钟]]></item>
				<item id="htm_lang_miao_7ree"><![CDATA[秒]]></item>
				<item id="htm_lang_zhixuzaixian_7ree"><![CDATA[只需在线]]></item>
				<item id="htm_lang_timeup_7ree"><![CDATA[时间到了！]]></item>
				<item id="htm_lang_hurryup_7ree"><![CDATA[快来领取]]></item>
				<item id="htm_lang_getnow_7ree"><![CDATA[立刻领取]]></item>
				<item id="htm_lang_getnextone_7ree"><![CDATA[领下一个礼包]]></item>
				<item id="htm_lang_mei_7ree"><![CDATA[每]]></item>
				<item id="htm_lang_gengxin_7ree"><![CDATA[小时更新一次]]></item>
				<item id="htm_lang_shishi_7ree"><![CDATA[实时更新]]></item>
				<item id="htm_lang_gongling_7ree"><![CDATA[共领]]></item>
				<item id="htm_lang_gelibao_7ree"><![CDATA[个礼包]]></item>
				<item id="htm_lang_noranklist_7ree"><![CDATA[暂无会员上榜]]></item>
				<item id="htm_lang_member_7ree"><![CDATA[会员]]></item>
				<item id="htm_lang_btime_7ree"><![CDATA[开始计时]]></item>
				<item id="htm_lang_etime_7ree"><![CDATA[领取时间]]></item>
				<item id="htm_lang_ipaddress_7ree"><![CDATA[IP地址]]></item>
				<item id="htm_lang_gifttype_7ree"><![CDATA[礼包类型]]></item>
				<item id="htm_lang_giftcredit_7ree"><![CDATA[获得奖励]]></item>
				<item id="htm_lang_unfinish_7ree"><![CDATA[未完成]]></item>
				<item id="htm_lang_myinfo_7ree"><![CDATA[我的礼包信息]]></item>
				<item id="htm_lang_i_7ree"><![CDATA[我]]></item>
				<item id="htm_lang_7ree_7ree"><![CDATA[柒瑞]]></item>
				<item id="htm_lang_shouquan_7ree"><![CDATA[商业授权版]]></item>
				<item id="htm_lang_visitfriend_7ree"><![CDATA[去串个门]]></item>
				<item id="htm_lang_sayhi_7ree"><![CDATA[打个招呼]]></item>
				<item id="htm_lang_sendpm_7ree"><![CDATA[发送短信]]></item>
				<item id="htm_lang_shangbang1_7ree"><![CDATA[共有]]></item>
				<item id="htm_lang_shangbang2_7ree"><![CDATA[个会员上榜]]></item>
			</item>
		</item>
		<item id="installfile"><![CDATA[install.php]]></item>
		<item id="uninstallfile"><![CDATA[uninstall.php]]></item>
	</item>
</root>