﻿<?xml version="1.0" encoding="ISO-8859-1"?>
<root>
	<item id="Title"><![CDATA[Discuz! Plugin]]></item>
	<item id="Version"><![CDATA[X2,X2.5,X3,X3.1,X3.2,F1.0]]></item>
	<item id="Time"><![CDATA[2016-08-19 18:15]]></item>
	<item id="From"><![CDATA[分享吧（www.fx8.cc）]]></item>
	<item id="Data">
		<item id="plugin">
			<item id="available"><![CDATA[1]]></item>
			<item id="adminid"><![CDATA[1]]></item>
			<item id="name"><![CDATA[源碼哥_柒瑞在線大禮包]]></item>
			<item id="identifier"><![CDATA[olgift_7ree]]></item>
			<item id="description"><![CDATA[為discuz增加會員在線滿足一定時間可領取三重積分禮包的娛樂互動功能，并可防止灌水機發廣告貼。]]></item>
			<item id="datatables"><![CDATA[]]></item>
			<item id="directory"><![CDATA[olgift_7ree/]]></item>
			<item id="copyright"><![CDATA[源碼哥（www.ymg6.com）]]></item>
			<item id="version"><![CDATA[超值商業版v1.6]]></item>
			<item id="__modules">
				<item id="22">
					<item id="name"><![CDATA[myyapmagoo]]></item>
					<item id="menu"><![CDATA[<span style="color:#E53333;"><b>源碼哥</b></span>]]></item>
					<item id="url"><![CDATA[]]></item>
					<item id="type"><![CDATA[3]]></item>
					<item id="adminid"><![CDATA[0]]></item>
					<item id="displayorder"><![CDATA[0]]></item>
					<item id="navtitle"><![CDATA[]]></item>
					<item id="navicon"><![CDATA[]]></item>
					<item id="navsubname"><![CDATA[]]></item>
					<item id="navsuburl"><![CDATA[]]></item>
				</item>
				<item id="0">
					<item id="name"><![CDATA[log_7ree]]></item>
					<item id="menu"><![CDATA[領獎日志]]></item>
					<item id="url"><![CDATA[]]></item>
					<item id="type"><![CDATA[3]]></item>
					<item id="adminid"><![CDATA[0]]></item>
					<item id="displayorder"><![CDATA[0]]></item>
					<item id="navtitle"><![CDATA[]]></item>
					<item id="navicon"><![CDATA[]]></item>
					<item id="navsubname"><![CDATA[]]></item>
					<item id="navsuburl"><![CDATA[]]></item>
				</item>
				<item id="1">
					<item id="name"><![CDATA[olgift_7ree]]></item>
					<item id="menu"><![CDATA[]]></item>
					<item id="url"><![CDATA[]]></item>
					<item id="type"><![CDATA[11]]></item>
					<item id="adminid"><![CDATA[0]]></item>
					<item id="displayorder"><![CDATA[0]]></item>
					<item id="navtitle"><![CDATA[]]></item>
					<item id="navicon"><![CDATA[]]></item>
					<item id="navsubname"><![CDATA[]]></item>
					<item id="navsuburl"><![CDATA[]]></item>
				</item>
				<item id="2">
					<item id="name"><![CDATA[more_7ree]]></item>
					<item id="menu"><![CDATA[[柒瑞更多產品服務]]]></item>
					<item id="url"><![CDATA[]]></item>
					<item id="type"><![CDATA[3]]></item>
					<item id="adminid"><![CDATA[0]]></item>
					<item id="displayorder"><![CDATA[0]]></item>
					<item id="navtitle"><![CDATA[]]></item>
					<item id="navicon"><![CDATA[]]></item>
					<item id="navsubname"><![CDATA[]]></item>
					<item id="navsuburl"><![CDATA[]]></item>
				</item>
				<item id="3">
					<item id="name"><![CDATA[index_7ree]]></item>
					<item id="menu"><![CDATA[在線大禮包]]></item>
					<item id="url"><![CDATA[]]></item>
					<item id="type"><![CDATA[5]]></item>
					<item id="adminid"><![CDATA[0]]></item>
					<item id="displayorder"><![CDATA[0]]></item>
					<item id="navtitle"><![CDATA[]]></item>
					<item id="navicon"><![CDATA[]]></item>
					<item id="navsubname"><![CDATA[]]></item>
					<item id="navsuburl"><![CDATA[]]></item>
				</item>
			</item>
		</item>
		<item id="version"><![CDATA[X2,X2.5,X3,X3.1,X3.2,F1.0]]></item>
		<item id="var">
			<item id="0">
				<item id="displayorder"><![CDATA[1]]></item>
				<item id="title"><![CDATA[是否同意柒瑞用戶協議]]></item>
				<item id="description"><![CDATA[同意柒瑞終端用戶協議方可使用該插件，協議地址：http://www.7ree.com/agreement.html]]></item>
				<item id="variable"><![CDATA[agreement_7ree]]></item>
				<item id="type"><![CDATA[radio]]></item>
				<item id="value"><![CDATA[1]]></item>
				<item id="extra"><![CDATA[]]></item>
			</item>
			<item id="1">
				<item id="displayorder"><![CDATA[2]]></item>
				<item id="title"><![CDATA[第一次領獎所需在線時間]]></item>
				<item id="description"><![CDATA[單位：分鐘]]></item>
				<item id="variable"><![CDATA[oltime1_7ree]]></item>
				<item id="type"><![CDATA[number]]></item>
				<item id="value"><![CDATA[7]]></item>
				<item id="extra"><![CDATA[]]></item>
			</item>
			<item id="2">
				<item id="displayorder"><![CDATA[3]]></item>
				<item id="title"><![CDATA[第二次領獎所需在線時間]]></item>
				<item id="description"><![CDATA[單位：分鐘]]></item>
				<item id="variable"><![CDATA[oltime2_7ree]]></item>
				<item id="type"><![CDATA[number]]></item>
				<item id="value"><![CDATA[27]]></item>
				<item id="extra"><![CDATA[]]></item>
			</item>
			<item id="3">
				<item id="displayorder"><![CDATA[4]]></item>
				<item id="title"><![CDATA[第三次領獎所需在線時間]]></item>
				<item id="description"><![CDATA[單位：分鐘]]></item>
				<item id="variable"><![CDATA[oltime3_7ree]]></item>
				<item id="type"><![CDATA[number]]></item>
				<item id="value"><![CDATA[77]]></item>
				<item id="extra"><![CDATA[]]></item>
			</item>
			<item id="4">
				<item id="displayorder"><![CDATA[5]]></item>
				<item id="title"><![CDATA[第一次領獎的積分類型]]></item>
				<item id="description"><![CDATA[]]></item>
				<item id="variable"><![CDATA[exttype1_7ree]]></item>
				<item id="type"><![CDATA[extcredit]]></item>
				<item id="value"><![CDATA[2]]></item>
				<item id="extra"><![CDATA[]]></item>
			</item>
			<item id="5">
				<item id="displayorder"><![CDATA[6]]></item>
				<item id="title"><![CDATA[第二次領獎的積分類型]]></item>
				<item id="description"><![CDATA[]]></item>
				<item id="variable"><![CDATA[exttype2_7ree]]></item>
				<item id="type"><![CDATA[extcredit]]></item>
				<item id="value"><![CDATA[2]]></item>
				<item id="extra"><![CDATA[]]></item>
			</item>
			<item id="6">
				<item id="displayorder"><![CDATA[7]]></item>
				<item id="title"><![CDATA[第三次領獎的積分類型]]></item>
				<item id="description"><![CDATA[]]></item>
				<item id="variable"><![CDATA[exttype3_7ree]]></item>
				<item id="type"><![CDATA[extcredit]]></item>
				<item id="value"><![CDATA[1]]></item>
				<item id="extra"><![CDATA[]]></item>
			</item>
			<item id="7">
				<item id="displayorder"><![CDATA[8]]></item>
				<item id="title"><![CDATA[第一次領獎的積分數量]]></item>
				<item id="description"><![CDATA[請填寫正整數]]></item>
				<item id="variable"><![CDATA[giftnum1_7ree]]></item>
				<item id="type"><![CDATA[number]]></item>
				<item id="value"><![CDATA[2]]></item>
				<item id="extra"><![CDATA[]]></item>
			</item>
			<item id="8">
				<item id="displayorder"><![CDATA[9]]></item>
				<item id="title"><![CDATA[第二次領獎的積分數量]]></item>
				<item id="description"><![CDATA[請填寫正整數]]></item>
				<item id="variable"><![CDATA[giftnum2_7ree]]></item>
				<item id="type"><![CDATA[number]]></item>
				<item id="value"><![CDATA[3]]></item>
				<item id="extra"><![CDATA[]]></item>
			</item>
			<item id="9">
				<item id="displayorder"><![CDATA[10]]></item>
				<item id="title"><![CDATA[第三次領獎的積分數量]]></item>
				<item id="description"><![CDATA[請填寫正整數]]></item>
				<item id="variable"><![CDATA[giftnum3_7ree]]></item>
				<item id="type"><![CDATA[number]]></item>
				<item id="value"><![CDATA[2]]></item>
				<item id="extra"><![CDATA[]]></item>
			</item>
			<item id="10">
				<item id="displayorder"><![CDATA[11]]></item>
				<item id="title"><![CDATA[活動領獎須知]]></item>
				<item id="description"><![CDATA[]]></item>
				<item id="variable"><![CDATA[notice_7ree]]></item>
				<item id="type"><![CDATA[textarea]]></item>
				<item id="value"><![CDATA[每日必做任務之領取在線大禮包，只要在線時間分別滿<span>3</span>分鐘|<span>10</span>分鐘|<span>30</span>分鐘即可領取三重禮包，有豐厚的積分獎勵哦。]]></item>
				<item id="extra"><![CDATA[]]></item>
			</item>
			<item id="11">
				<item id="displayorder"><![CDATA[12]]></item>
				<item id="title"><![CDATA[領獎圖標距離頂部位置]]></item>
				<item id="description"><![CDATA[百分比數值越小越靠上
百分比數值越大越靠下]]></item>
				<item id="variable"><![CDATA[postop_7ree]]></item>
				<item id="type"><![CDATA[select]]></item>
				<item id="value"><![CDATA[0.3]]></item>
				<item id="extra"><![CDATA[0.1=10%
0.2=20%
0.3=30%
0.4=40%
0.5=50%
0.6=60%
0.7=70%
0.8=80%
0.9=90%]]></item>
			</item>
			<item id="12">
				<item id="displayorder"><![CDATA[13]]></item>
				<item id="title"><![CDATA[領獎發帖限制]]></item>
				<item id="description"><![CDATA[可用于防治機器人灌水發廣告貼]]></item>
				<item id="variable"><![CDATA[postlimit_7ree]]></item>
				<item id="type"><![CDATA[select]]></item>
				<item id="value"><![CDATA[1]]></item>
				<item id="extra"><![CDATA[0=當日發帖權限不受領獎限制
1=領取第1個禮包才可發帖
2=領取第2個禮包才可發帖
3=領取第3個禮包才可發帖]]></item>
			</item>
			<item id="13">
				<item id="displayorder"><![CDATA[14]]></item>
				<item id="title"><![CDATA[不受發帖限制的用戶組]]></item>
				<item id="description"><![CDATA[]]></item>
				<item id="variable"><![CDATA[unlimitgid_7ree]]></item>
				<item id="type"><![CDATA[groups]]></item>
				<item id="extra"><![CDATA[]]></item>
				<item id="__value">
					<item id="0"><![CDATA[1]]></item>
				</item>
			</item>
			<item id="14">
				<item id="displayorder"><![CDATA[15]]></item>
				<item id="title"><![CDATA[發帖限制自定義提示]]></item>
				<item id="description"><![CDATA[]]></item>
				<item id="variable"><![CDATA[limittip_7ree]]></item>
				<item id="type"><![CDATA[textarea]]></item>
				<item id="value"><![CDATA[只需點擊頁面右側的禮包圖標就可領取，每天最多可以領取三次禮包哦。]]></item>
				<item id="extra"><![CDATA[]]></item>
			</item>
			<item id="15">
				<item id="displayorder"><![CDATA[16]]></item>
				<item id="title"><![CDATA[排行榜時間周期]]></item>
				<item id="description"><![CDATA[排行榜計算時間周期
即： 按照周期時間內領取禮包次數排序]]></item>
				<item id="variable"><![CDATA[rankcycle_7ree]]></item>
				<item id="type"><![CDATA[select]]></item>
				<item id="value"><![CDATA[3]]></item>
				<item id="extra"><![CDATA[1=本日
2=本周
3=本月
4=本季度
5=本年度]]></item>
			</item>
			<item id="16">
				<item id="displayorder"><![CDATA[17]]></item>
				<item id="title"><![CDATA[排行榜緩存時間]]></item>
				<item id="description"><![CDATA[即排行榜的更新時間周期
請合理選擇，以便平衡系統負載和用戶體驗]]></item>
				<item id="variable"><![CDATA[rankcachecycle_7ree]]></item>
				<item id="type"><![CDATA[select]]></item>
				<item id="value"><![CDATA[1]]></item>
				<item id="extra"><![CDATA[0=不緩存
1=緩存1小時
2=緩存2小時
3=緩存3小時
4=緩存4小時
6=緩存6小時
12=緩存12小時
24=緩存24小時]]></item>
			</item>
			<item id="17">
				<item id="displayorder"><![CDATA[18]]></item>
				<item id="title"><![CDATA[領獎自動發帖版塊]]></item>
				<item id="description"><![CDATA[領獎時自動發帖綁定的版塊
（選擇空則表示不啟用領獎自動發帖的功能）]]></item>
				<item id="variable"><![CDATA[fid_7ree]]></item>
				<item id="type"><![CDATA[forum]]></item>
				<item id="value"><![CDATA[]]></item>
				<item id="extra"><![CDATA[]]></item>
			</item>
			<item id="18">
				<item id="displayorder"><![CDATA[19]]></item>
				<item id="title"><![CDATA[領獎自動發帖主題標題]]></item>
				<item id="description"><![CDATA[其中用{data_7ree}表示日期、用{week_7ree}表示星期]]></item>
				<item id="variable"><![CDATA[subject_7ree]]></item>
				<item id="type"><![CDATA[text]]></item>
				<item id="value"><![CDATA[{data_7ree}/{week_7ree}在線大禮包幸運降臨]]></item>
				<item id="extra"><![CDATA[]]></item>
			</item>
			<item id="19">
				<item id="displayorder"><![CDATA[20]]></item>
				<item id="title"><![CDATA[領獎自動發帖內容]]></item>
				<item id="description"><![CDATA[每行一個回復內容，系統隨機發布。
其中用{n_7ree}代表領取的第N個禮包、用{giftnum_7ree}表示所獲得積分獎勵數量
支持論壇ubb代碼]]></item>
				<item id="variable"><![CDATA[post_7ree]]></item>
				<item id="type"><![CDATA[textarea]]></item>
				<item id="value"><![CDATA[感覺真不錯哦，第{n_7ree}個[color=Red]在線大禮包[/color]{giftnum_7ree}輕松到手了，呵呵。 
今天心情特別好，我輕松領取了第{n_7ree}個[color=Red]在線大禮包[/color]{giftnum_7ree}。 
走你，第{n_7ree}個[color=Red]在線大禮包[/color]哦，幸福有木有，[color=Red]{giftnum_7ree}[/color]有木有 ：）
禮包、禮包，我愛你，就像老鼠愛大米，第{n_7ree}個[color=Red]在線大禮包[/color]{giftnum_7ree}到手，一定曬下，哈哈。
已經是第{n_7ree}個[color=Red]在線大禮包[/color]了哦，{giftnum_7ree}有木有，沒有領獎的童鞋傷不起，抓緊哦。
我已經領取了第{n_7ree}個[color=Red]在線大禮包[/color]{giftnum_7ree}了，每天都要來哦，三重大禮包一個也不能少呢。
第{n_7ree}個[color=Red]在線大禮包[/color]，真給力，{giftnum_7ree}絕不是浮云，值得我領取哦。
感謝國家、感謝論壇，感謝第{n_7ree}個[color=Red]在線大禮包[/color]{giftnum_7ree}的鼓勵。
哥領取的不是第{n_7ree}個[color=Red]在線大禮包[/color]，是寂寞，{giftnum_7ree}真心不能少啊。
第{n_7ree}個[color=Red]在線大禮包[/color]，{giftnum_7ree}表示毫無鴨梨，領了禮包才幸福。]]></item>
				<item id="extra"><![CDATA[]]></item>
			</item>
			<item id="20">
				<item id="displayorder"><![CDATA[21]]></item>
				<item id="title"><![CDATA[領獎完成是否顯示圖標]]></item>
				<item id="description"><![CDATA[每天三重禮包領取完成后，是否還在頁面顯示領獎提示的圖標。]]></item>
				<item id="variable"><![CDATA[finishonoff_7ree]]></item>
				<item id="type"><![CDATA[radio]]></item>
				<item id="value"><![CDATA[0]]></item>
				<item id="extra"><![CDATA[]]></item>
			</item>
			<item id="21">
				<item id="displayorder"><![CDATA[22]]></item>
				<item id="title"><![CDATA[是否關閉領獎短信提醒]]></item>
				<item id="description"><![CDATA[開啟此項，則會員領取在線禮包不會發送論壇提醒信息。]]></item>
				<item id="variable"><![CDATA[noticeoff_7ree]]></item>
				<item id="type"><![CDATA[radio]]></item>
				<item id="value"><![CDATA[1]]></item>
				<item id="extra"><![CDATA[]]></item>
			</item>
		</item>
		<item id="language">
			<item id="scriptlang">
				<item id="logy_m_g"><![CDATA[<h2 style="text-align:-webkit-center;">
	<span style="color:#4C33E5;">推薦一個dz商</span><span style="color:#4C33E5;">業插件模版下載的</span><span style="color:#4C33E5;"></span><span style="color:#4C33E5;">網站給大家</span><a href="http://www.ymg6.com" target="_blank"><span style="color:#4C33E5;">源碼哥分享吧</span></a><span style="color:#4C33E5;">（www.ymg6.com）</span> 
</h2>
<h3 style="text-align:-webkit-center;">
	<span style="color:#E53333;">這</span><span style="color:#E53333;">是一個</span><span style="color:#E53333;">dz商業</span><a href="http://www.ymg6.com/forum.php?mod=forumdisplay&fid=2" target="_blank"><span style="color:#337FE5;">插</span><u><span style="color:#337FE5;"></span></u><span style="color:#337FE5;">件</span></a><a href="http://www.ymg6.com/forum.php?mod=forumdisplay&fid=36" target="_blank"><u><span style="color:#337FE5;">模</span></u><u><span style="color:#337FE5;"></span></u><u><span style="color:#337FE5;">版</span></u></a><span style="color:#E53333;">資源破解分享的網站，而且還有很多精品的網站源碼下載</span> 
</h3>
<h3 style="text-align:-webkit-center;">
	<span style="color:#E53333;">他們資源每天更新，并且很多都是他們自己出錢在應用中心購買后破解分享出來的</span><br />
</h3>
<h3>
	<div style="text-align:center;">
		<span style="color:#E53333;">不過還是替他們說一下</span> 
	</div>
	<div style="text-align:center;">
		<span style="color:#E53333;">&nbsp;他們站下載的資源只限于自己學習研究內含的設計思想和原理 請勿有任何商業盈利行為</span> 
	</div>
</h3>
<h3 style="text-align:center;">
	<span style="color:#999999;">介紹也介紹完了，給大家做個小導航吧</span> 
</h3>
<h3 style="text-align:center;">
	<span style="color:#337FE5;"><a href="http://www.ymg6.com/forum.php?mod=forumdisplay&fid=2" target="_blank">dz商業破解插件下載</a> &nbsp; <a href="http://www.ymg6.com/forum.php?mod=forumdisplay&fid=36" target="_blank">dz商業風格模版下載</a> &nbsp; &nbsp;<a href="http://www.ymg6.com/forum.php?mod=forumdisplay&fid=50" target="_blank">精品網站源碼下載</a> &nbsp; &nbsp;<a href="http://www.ymg6.com/forum.php?mod=forumdisplay&fid=51" target="_blank">工具素材下載</a></span><span style="color:#337FE5;">&nbsp; &nbsp; <a href="http://www.ymg6.com/forum.php?mod=forumdisplay&fid=41" target="_blank">精選教程區</a></span> 
</h3> ]]></item>
				<item id="php_lang_olgift_7ree"><![CDATA[在線大禮包]]></item>
				<item id="php_lang_agree_7ree"><![CDATA[管理員必須同意柒瑞軟件產品用戶協議方可使用該插件，請在Discuz后臺插件管理處設置同意。]]></item>
				<item id="php_lang_oltimenotenought_7ree"><![CDATA[抱歉，您的在線時間不足，無法領取禮包。]]></item>
				<item id="php_lang_loginfirst_7ree"><![CDATA[請先登錄，再來領獎。]]></item>
				<item id="php_lang_returnmsg1_7ree"><![CDATA[<font color='red'>【在線禮包 ]]></item>
				<item id="php_lang_returnmsg2_7ree"><![CDATA[】</font>恭喜你，在線滿]]></item>
				<item id="php_lang_returnmsg3_7ree"><![CDATA[分鐘，并成功領取<b>第]]></item>
				<item id="php_lang_returnmsg4_7ree"><![CDATA[個</b>在線大禮包<font color='red'>]]></item>
				<item id="php_lang_returnmsg5_7ree"><![CDATA[</font>。]]></item>
				<item id="php_lang_banmsg1_7ree"><![CDATA[抱歉，您還沒有領取<b>今天</b>的<br><b><font color='red'>第]]></item>
				<item id="php_lang_banmsg2_7ree"><![CDATA[個在線大禮包</font></b><br>因此無法發帖，請先領取禮包！]]></item>
				<item id="php_lang_benri_7ree"><![CDATA[本日]]></item>
				<item id="php_lang_benzhou_7ree"><![CDATA[本周]]></item>
				<item id="php_lang_benyue_7ree"><![CDATA[本月]]></item>
				<item id="php_lang_benji_7ree"><![CDATA[本季度]]></item>
				<item id="php_lang_bennian_7ree"><![CDATA[本年度]]></item>
				<item id="php_lang_week0_7ree"><![CDATA[周日]]></item>
				<item id="php_lang_week1_7ree"><![CDATA[周一]]></item>
				<item id="php_lang_week2_7ree"><![CDATA[周二]]></item>
				<item id="php_lang_week3_7ree"><![CDATA[周三]]></item>
				<item id="php_lang_week4_7ree"><![CDATA[周四]]></item>
				<item id="php_lang_week5_7ree"><![CDATA[周五]]></item>
				<item id="php_lang_week6_7ree"><![CDATA[周六]]></item>
				<item id="php_lang_yue_7ree"><![CDATA[月]]></item>
				<item id="php_lang_ri_7ree"><![CDATA[日]]></item>
				<item id="php_more_lang_production_7ree"><![CDATA[柒瑞插件產品]]></item>
				<item id="php_more_lang_free_7ree"><![CDATA[應用中心插件]]></item>
				<item id="php_more_lang_trade_7ree"><![CDATA[2012精品商業產品]]></item>
				<item id="php_more_lang_shangjia_7ree"><![CDATA[柒瑞已經在DISCUZ應用中心上架的產品]]></item>
				<item id="php_more_lang_baojia_7ree"><![CDATA[柒瑞《突破潛能·超越價值·騰飛夢想》系列精品商業插件產品]]></item>
				<item id="php_more_lang_moreinfo_7ree"><![CDATA[[ 了解詳情 ]]]></item>
				<item id="php_more_lang_service_7ree"><![CDATA[柒瑞公益服務]]></item>
				<item id="php_more_lang_logo_7ree"><![CDATA[網站LOGO制作]]></item>
				<item id="php_more_lang_logodetail_7ree"><![CDATA[幾年來，我們已經為上千位站長免費制作了LOGO]]></item>
				<item id="php_more_lang_analysis_7ree"><![CDATA[網站運營分析]]></item>
				<item id="php_more_lang_analysisdetail_7ree"><![CDATA[在網站運營過程中有任何困惑均可求助或交流，已經有上百位站長參與]]></item>
				<item id="php_more_lang_discuz_7ree"><![CDATA[DISCUZ問題解答]]></item>
				<item id="php_more_lang_discuzdetail_7ree"><![CDATA[Discuz及其插件安裝、使用的問題可以在這里尋求幫助]]></item>
				<item id="php_more_lang_about_7ree"><![CDATA[關于柒瑞]]></item>
				<item id="php_more_lang_trust_7ree"><![CDATA[信賴與責任]]></item>
				<item id="php_more_lang_trustdetail_7ree"><![CDATA[	柒瑞是Discuz! 開放平臺認證的企業開發者、康盛官方授權認可的第三方資源提供商和長期忠實合作伙伴，幾年來我們專業的discuz插件產品和優質服務已經得到了全球大量discuz站長的支持和認可，具有較強的影響力。
	我們的典型客戶有：卡巴斯基官方論壇、招商銀行、盛大游戲、中國電信**市分公司、中國移動**市分公司、中國聯通**市分公司、**市廣電局、**市旅游局、北京協和醫院、21CN論壇、電腦報官方論壇、硅谷動力論壇、電玩巴士、中華網汽車論壇、中少論壇、中國書法網、東林書院、綠森數碼商城、深圳論壇、濟南論壇、YY公會聯盟、DOD不死血戰工會、永恒國度工會……]]></item>
				<item id="php_more_lang_detailinfo_7ree"><![CDATA[[更多]]]></item>
				<item id="php_more_lang_siteweibo_7ree"><![CDATA[官網&微博]]></item>
				<item id="php_more_lang_site_7ree"><![CDATA[柒瑞官網：]]></item>
				<item id="php_more_lang_weibo_7ree"><![CDATA[官方微博：]]></item>
				<item id="php_more_lang_qqweibo_7ree"><![CDATA[騰訊微博]]></item>
				<item id="php_more_lang_sinaweibo_7ree"><![CDATA[新浪微博]]></item>
				<item id="php_more_lang_club_7ree"><![CDATA[QQ群]]></item>
				<item id="php_more_lang_qqqun_7ree"><![CDATA[柒瑞活躍站長超級群]]></item>
				<item id="php_more_lang_qqcopy_7ree"><![CDATA[點擊復制QQ群號]]></item>
				<item id="php_more_lang_qqtip_7ree"><![CDATA[QQ群號已經復制到剪貼板]]></item>
				<item id="php_more_lang_document_7ree"><![CDATA[法律文書]]></item>
				<item id="php_more_lang_agreement_7ree"><![CDATA[柒瑞終端用戶協議]]></item>
				<item id="php_more_lang_lawyer_7ree"><![CDATA[法律顧問]]></item>
				<item id="php_more_lang_wuxingliang_7ree"><![CDATA[吳興亮]]></item>
				<item id="php_more_lang_appdy1_7ree"><![CDATA[柒瑞應用動態(24小時]]></item>
				<item id="php_more_lang_appdy2_7ree"><![CDATA[條)]]></item>
				<item id="php_more_lang_yu_7ree"><![CDATA[于]]></item>
				<item id="php_more_lang_cong_7ree"><![CDATA[從]]></item>
				<item id="php_more_lang_zhongxin_7ree"><![CDATA[應用中心]]></item>
				<item id="php_more_lang_anzhuang_7ree"><![CDATA[安裝了]]></item>
				<item id="php_more_lang_gengxin_7ree"><![CDATA[更新于]]></item>
				<item id="php_more_lang_dytitle1_7ree"><![CDATA[截止現在(]]></item>
				<item id="php_more_lang_dytitle2_7ree"><![CDATA[)柒瑞在應用中心共計]]></item>
				<item id="php_more_lang_dytitle3_7ree"><![CDATA[款產品深受好評，并被]]></item>
				<item id="php_more_lang_dytitle4_7ree"><![CDATA[個網站安裝使用！]]></item>
			</item>
			<item id="templatelang">
				<item id="htm_lang_olgift_7ree"><![CDATA[在線大禮包]]></item>
				<item id="htm_lang_notice_7ree"><![CDATA[領獎須知]]></item>
				<item id="htm_lang_rank_7ree"><![CDATA[排行榜]]></item>
				<item id="htm_lang_zongrank_7ree"><![CDATA[總排行榜]]></item>
				<item id="htm_lang_zhourank_7ree"><![CDATA[本周排行榜]]></item>
				<item id="htm_lang_yuerank_7ree"><![CDATA[本月排行榜]]></item>
				<item id="htm_lang_jirank_7ree"><![CDATA[季度排行榜]]></item>
				<item id="htm_lang_nianrank_7ree"><![CDATA[年度排行榜]]></item>
				<item id="htm_lang_rankdetail_7ree"><![CDATA[，點擊查看詳細排行榜。]]></item>
				<item id="htm_lang_paihang_7ree"><![CDATA[排行]]></item>
				<item id="htm_lang_loginnow_7ree"><![CDATA[立刻登錄]]></item>
				<item id="htm_lang_loginget_7ree"><![CDATA[登錄后即可領取!]]></item>
				<item id="htm_lang_gift1_7ree"><![CDATA[第一個禮包:]]></item>
				<item id="htm_lang_gift2_7ree"><![CDATA[第二個禮包:]]></item>
				<item id="htm_lang_gift3_7ree"><![CDATA[第三個禮包:]]></item>
				<item id="htm_lang_gongxi_7ree"><![CDATA[,恭喜您！]]></item>
				<item id="htm_lang_welcome_7ree"><![CDATA[,歡迎您！]]></item>
				<item id="htm_lang_getlang1_7ree"><![CDATA[成功領取第]]></item>
				<item id="htm_lang_getlang2_7ree"><![CDATA[個禮包]]></item>
				<item id="htm_lang_di_7ree"><![CDATA[第]]></item>
				<item id="htm_lang_ming_7ree"><![CDATA[名]]></item>
				<item id="htm_lang_100ming_7ree"><![CDATA[100名之后]]></item>
				<item id="htm_lang_gonglingqu_7ree"><![CDATA[共領取了]]></item>
				<item id="htm_lang_getnext_7ree"><![CDATA[領取下一個]]></item>
				<item id="htm_lang_getall_7ree"><![CDATA[三重禮包都已領取!]]></item>
				<item id="htm_lang_canget_7ree"><![CDATA[即可領取]]></item>
				<item id="htm_lang_mingtian_7ree"><![CDATA[明天再來哦]]></item>
				<item id="htm_lang_shaohou_7ree"><![CDATA[請您稍候]]></item>
				<item id="htm_lang_tian_7ree"><![CDATA[天]]></item>
				<item id="htm_lang_xiaoshi_7ree"><![CDATA[小時]]></item>
				<item id="htm_lang_fenzhong_7ree"><![CDATA[分鐘]]></item>
				<item id="htm_lang_miao_7ree"><![CDATA[秒]]></item>
				<item id="htm_lang_zhixuzaixian_7ree"><![CDATA[只需在線]]></item>
				<item id="htm_lang_timeup_7ree"><![CDATA[時間到了！]]></item>
				<item id="htm_lang_hurryup_7ree"><![CDATA[快來領取]]></item>
				<item id="htm_lang_getnow_7ree"><![CDATA[立刻領取]]></item>
				<item id="htm_lang_getnextone_7ree"><![CDATA[領下一個禮包]]></item>
				<item id="htm_lang_mei_7ree"><![CDATA[每]]></item>
				<item id="htm_lang_gengxin_7ree"><![CDATA[小時更新一次]]></item>
				<item id="htm_lang_shishi_7ree"><![CDATA[實時更新]]></item>
				<item id="htm_lang_gongling_7ree"><![CDATA[共領]]></item>
				<item id="htm_lang_gelibao_7ree"><![CDATA[個禮包]]></item>
				<item id="htm_lang_noranklist_7ree"><![CDATA[暫無會員上榜]]></item>
				<item id="htm_lang_member_7ree"><![CDATA[會員]]></item>
				<item id="htm_lang_btime_7ree"><![CDATA[開始計時]]></item>
				<item id="htm_lang_etime_7ree"><![CDATA[領取時間]]></item>
				<item id="htm_lang_ipaddress_7ree"><![CDATA[IP地址]]></item>
				<item id="htm_lang_gifttype_7ree"><![CDATA[禮包類型]]></item>
				<item id="htm_lang_giftcredit_7ree"><![CDATA[獲得獎勵]]></item>
				<item id="htm_lang_unfinish_7ree"><![CDATA[未完成]]></item>
				<item id="htm_lang_myinfo_7ree"><![CDATA[我的禮包信息]]></item>
				<item id="htm_lang_i_7ree"><![CDATA[我]]></item>
				<item id="htm_lang_7ree_7ree"><![CDATA[柒瑞]]></item>
				<item id="htm_lang_shouquan_7ree"><![CDATA[商業授權版]]></item>
				<item id="htm_lang_visitfriend_7ree"><![CDATA[去串個門]]></item>
				<item id="htm_lang_sayhi_7ree"><![CDATA[打個招呼]]></item>
				<item id="htm_lang_sendpm_7ree"><![CDATA[發送短信]]></item>
				<item id="htm_lang_shangbang1_7ree"><![CDATA[共有]]></item>
				<item id="htm_lang_shangbang2_7ree"><![CDATA[個會員上榜]]></item>
			</item>
		</item>
		<item id="installfile"><![CDATA[install.php]]></item>
		<item id="uninstallfile"><![CDATA[uninstall.php]]></item>
	</item>
</root>