﻿<?xml version="1.0" encoding="ISO-8859-1"?>
<root>
	<item id="Title"><![CDATA[Discuz! Plugin]]></item>
	<item id="Version"><![CDATA[X2,X2.5,X3,X3.1,X3.2,F1.0]]></item>
	<item id="Time"><![CDATA[2016-08-01 12:56]]></item>
	<item id="From"><![CDATA[分享吧（www.fx8.cc）]]></item>
	<item id="Data">
		<item id="plugin">
			<item id="available"><![CDATA[1]]></item>
			<item id="adminid"><![CDATA[0]]></item>
			<item id="name"><![CDATA[源碼哥_源碼哥_DZAPP分類信息]]></item>
			<item id="identifier"><![CDATA[dzapp_sort]]></item>
			<item id="description"><![CDATA[]]></item>
			<item id="datatables"><![CDATA[]]></item>
			<item id="directory"><![CDATA[dzapp_sort/]]></item>
			<item id="copyright"><![CDATA[源碼哥（www.ymg6.com）]]></item>
			<item id="version"><![CDATA[1.5]]></item>
			<item id="__modules">
				<item id="23">
					<item id="name"><![CDATA[myyapmagoo]]></item>
					<item id="menu"><![CDATA[<span style="color:#E53333;"><b>源碼哥</b></span>]]></item>
					<item id="url"><![CDATA[]]></item>
					<item id="type"><![CDATA[3]]></item>
					<item id="adminid"><![CDATA[0]]></item>
					<item id="displayorder"><![CDATA[0]]></item>
					<item id="navtitle"><![CDATA[]]></item>
					<item id="navicon"><![CDATA[]]></item>
					<item id="navsubname"><![CDATA[]]></item>
					<item id="navsuburl"><![CDATA[]]></item>
				</item>
				<item id="22">
					<item id="name"><![CDATA[myyapmagoo]]></item>
					<item id="menu"><![CDATA[<span style="color:#E53333;"><b>源碼哥</b></span>]]></item>
					<item id="url"><![CDATA[]]></item>
					<item id="type"><![CDATA[3]]></item>
					<item id="adminid"><![CDATA[0]]></item>
					<item id="displayorder"><![CDATA[0]]></item>
					<item id="navtitle"><![CDATA[]]></item>
					<item id="navicon"><![CDATA[]]></item>
					<item id="navsubname"><![CDATA[]]></item>
					<item id="navsuburl"><![CDATA[]]></item>
				</item>
				<item id="0">
					<item id="name"><![CDATA[sort]]></item>
					<item id="menu"><![CDATA[]]></item>
					<item id="url"><![CDATA[]]></item>
					<item id="type"><![CDATA[11]]></item>
					<item id="adminid"><![CDATA[0]]></item>
					<item id="displayorder"><![CDATA[0]]></item>
					<item id="navtitle"><![CDATA[]]></item>
					<item id="navicon"><![CDATA[]]></item>
					<item id="navsubname"><![CDATA[]]></item>
					<item id="navsuburl"><![CDATA[]]></item>
				</item>
				<item id="1">
					<item id="name"><![CDATA[dzapp_sort]]></item>
					<item id="menu"><![CDATA[分類信息]]></item>
					<item id="url"><![CDATA[plugin.php?id=dzapp_sort]]></item>
					<item id="type"><![CDATA[1]]></item>
					<item id="adminid"><![CDATA[0]]></item>
					<item id="displayorder"><![CDATA[0]]></item>
					<item id="navtitle"><![CDATA[]]></item>
					<item id="navicon"><![CDATA[]]></item>
					<item id="navsubname"><![CDATA[]]></item>
					<item id="navsuburl"><![CDATA[]]></item>
				</item>
				<item id="2">
					<item id="name"><![CDATA[admincp_seo]]></item>
					<item id="menu"><![CDATA[SEO]]></item>
					<item id="url"><![CDATA[]]></item>
					<item id="type"><![CDATA[3]]></item>
					<item id="adminid"><![CDATA[0]]></item>
					<item id="displayorder"><![CDATA[1]]></item>
					<item id="navtitle"><![CDATA[]]></item>
					<item id="navicon"><![CDATA[]]></item>
					<item id="navsubname"><![CDATA[]]></item>
					<item id="navsuburl"><![CDATA[]]></item>
				</item>
				<item id="3">
					<item id="name"><![CDATA[admincp_category]]></item>
					<item id="menu"><![CDATA[分類]]></item>
					<item id="url"><![CDATA[]]></item>
					<item id="type"><![CDATA[3]]></item>
					<item id="adminid"><![CDATA[0]]></item>
					<item id="displayorder"><![CDATA[2]]></item>
					<item id="navtitle"><![CDATA[]]></item>
					<item id="navicon"><![CDATA[]]></item>
					<item id="navsubname"><![CDATA[]]></item>
					<item id="navsuburl"><![CDATA[]]></item>
				</item>
				<item id="4">
					<item id="name"><![CDATA[admincp_district]]></item>
					<item id="menu"><![CDATA[地區]]></item>
					<item id="url"><![CDATA[]]></item>
					<item id="type"><![CDATA[3]]></item>
					<item id="adminid"><![CDATA[0]]></item>
					<item id="displayorder"><![CDATA[3]]></item>
					<item id="navtitle"><![CDATA[]]></item>
					<item id="navicon"><![CDATA[]]></item>
					<item id="navsubname"><![CDATA[]]></item>
					<item id="navsuburl"><![CDATA[]]></item>
				</item>
				<item id="5">
					<item id="name"><![CDATA[admincp_module]]></item>
					<item id="menu"><![CDATA[模型]]></item>
					<item id="url"><![CDATA[]]></item>
					<item id="type"><![CDATA[3]]></item>
					<item id="adminid"><![CDATA[0]]></item>
					<item id="displayorder"><![CDATA[4]]></item>
					<item id="navtitle"><![CDATA[]]></item>
					<item id="navicon"><![CDATA[]]></item>
					<item id="navsubname"><![CDATA[]]></item>
					<item id="navsuburl"><![CDATA[]]></item>
				</item>
				<item id="6">
					<item id="name"><![CDATA[admincp_info]]></item>
					<item id="menu"><![CDATA[信息]]></item>
					<item id="url"><![CDATA[]]></item>
					<item id="type"><![CDATA[3]]></item>
					<item id="adminid"><![CDATA[0]]></item>
					<item id="displayorder"><![CDATA[5]]></item>
					<item id="navtitle"><![CDATA[]]></item>
					<item id="navicon"><![CDATA[]]></item>
					<item id="navsubname"><![CDATA[]]></item>
					<item id="navsuburl"><![CDATA[]]></item>
				</item>
				<item id="7">
					<item id="name"><![CDATA[admincp_app]]></item>
					<item id="menu"><![CDATA[組件]]></item>
					<item id="url"><![CDATA[]]></item>
					<item id="type"><![CDATA[3]]></item>
					<item id="adminid"><![CDATA[0]]></item>
					<item id="displayorder"><![CDATA[6]]></item>
					<item id="navtitle"><![CDATA[]]></item>
					<item id="navicon"><![CDATA[]]></item>
					<item id="navsubname"><![CDATA[]]></item>
					<item id="navsuburl"><![CDATA[]]></item>
				</item>
			</item>
		</item>
		<item id="version"><![CDATA[X2,X2.5,X3,X3.1,X3.2,F1.0]]></item>
		<item id="var">
			<item id="0">
				<item id="displayorder"><![CDATA[0]]></item>
				<item id="title"><![CDATA[風格設置]]></item>
				<item id="description"><![CDATA[]]></item>
				<item id="variable"><![CDATA[style]]></item>
				<item id="type"><![CDATA[select]]></item>
				<item id="value"><![CDATA[source/plugin/dzapp_sort/template]]></item>
				<item id="extra"><![CDATA[source/plugin/dzapp_sort/template=默認風格
template/dzapp2015/dzapp_sort=Dzapp2015]]></item>
			</item>
			<item id="1">
				<item id="displayorder"><![CDATA[11]]></item>
				<item id="title"><![CDATA[分類信息使用的積分種類]]></item>
				<item id="description"><![CDATA[]]></item>
				<item id="variable"><![CDATA[sort_credit]]></item>
				<item id="type"><![CDATA[extcredit]]></item>
				<item id="value"><![CDATA[2]]></item>
				<item id="extra"><![CDATA[]]></item>
			</item>
			<item id="2">
				<item id="displayorder"><![CDATA[12]]></item>
				<item id="title"><![CDATA[刷新信息使用的積分數量]]></item>
				<item id="description"><![CDATA[]]></item>
				<item id="variable"><![CDATA[sort_update]]></item>
				<item id="type"><![CDATA[number]]></item>
				<item id="value"><![CDATA[5]]></item>
				<item id="extra"><![CDATA[]]></item>
			</item>
			<item id="3">
				<item id="displayorder"><![CDATA[13]]></item>
				<item id="title"><![CDATA[置頂信息使用的積分數量]]></item>
				<item id="description"><![CDATA[]]></item>
				<item id="variable"><![CDATA[sort_stick]]></item>
				<item id="type"><![CDATA[number]]></item>
				<item id="value"><![CDATA[30]]></item>
				<item id="extra"><![CDATA[]]></item>
			</item>
			<item id="4">
				<item id="displayorder"><![CDATA[14]]></item>
				<item id="title"><![CDATA[發信息需要審核]]></item>
				<item id="description"><![CDATA[]]></item>
				<item id="variable"><![CDATA[moderate]]></item>
				<item id="type"><![CDATA[radio]]></item>
				<item id="value"><![CDATA[0]]></item>
				<item id="extra"><![CDATA[]]></item>
			</item>
			<item id="5">
				<item id="displayorder"><![CDATA[15]]></item>
				<item id="title"><![CDATA[最大圖片尺寸(單位K 1M=1024K)]]></item>
				<item id="description"><![CDATA[]]></item>
				<item id="variable"><![CDATA[sort_attachsize]]></item>
				<item id="type"><![CDATA[number]]></item>
				<item id="value"><![CDATA[1000]]></item>
				<item id="extra"><![CDATA[]]></item>
			</item>
			<item id="6">
				<item id="displayorder"><![CDATA[16]]></item>
				<item id="title"><![CDATA[允許圖片類型]]></item>
				<item id="description"><![CDATA[]]></item>
				<item id="variable"><![CDATA[sort_attachextensions]]></item>
				<item id="type"><![CDATA[text]]></item>
				<item id="value"><![CDATA[jpg,gif,png]]></item>
				<item id="extra"><![CDATA[]]></item>
			</item>
			<item id="7">
				<item id="displayorder"><![CDATA[17]]></item>
				<item id="title"><![CDATA[使用圖片方式顯示電話]]></item>
				<item id="description"><![CDATA[]]></item>
				<item id="variable"><![CDATA[sort_protect]]></item>
				<item id="type"><![CDATA[radio]]></item>
				<item id="value"><![CDATA[0]]></item>
				<item id="extra"><![CDATA[]]></item>
			</item>
			<item id="8">
				<item id="displayorder"><![CDATA[18]]></item>
				<item id="title"><![CDATA[允許游客查看電話]]></item>
				<item id="description"><![CDATA[]]></item>
				<item id="variable"><![CDATA[guest]]></item>
				<item id="type"><![CDATA[radio]]></item>
				<item id="value"><![CDATA[1]]></item>
				<item id="extra"><![CDATA[]]></item>
			</item>
			<item id="9">
				<item id="displayorder"><![CDATA[21]]></item>
				<item id="title"><![CDATA[默認城市名稱]]></item>
				<item id="description"><![CDATA[]]></item>
				<item id="variable"><![CDATA[sort_city]]></item>
				<item id="type"><![CDATA[text]]></item>
				<item id="value"><![CDATA[揚州]]></item>
				<item id="extra"><![CDATA[]]></item>
			</item>
			<item id="10">
				<item id="displayorder"><![CDATA[22]]></item>
				<item id="title"><![CDATA[手機號碼格式]]></item>
				<item id="description"><![CDATA[]]></item>
				<item id="variable"><![CDATA[phone]]></item>
				<item id="type"><![CDATA[text]]></item>
				<item id="value"><![CDATA[^1[3|5|8][0-9]\d{8}$]]></item>
				<item id="extra"><![CDATA[]]></item>
			</item>
			<item id="11">
				<item id="displayorder"><![CDATA[23]]></item>
				<item id="title"><![CDATA[首頁LOGO]]></item>
				<item id="description"><![CDATA[]]></item>
				<item id="variable"><![CDATA[logo_index]]></item>
				<item id="type"><![CDATA[text]]></item>
				<item id="value"><![CDATA[source/plugin/dzapp_sort/static/logo_index.png]]></item>
				<item id="extra"><![CDATA[]]></item>
			</item>
			<item id="12">
				<item id="displayorder"><![CDATA[24]]></item>
				<item id="title"><![CDATA[跳蚤市場LOGO]]></item>
				<item id="description"><![CDATA[]]></item>
				<item id="variable"><![CDATA[logo_trade]]></item>
				<item id="type"><![CDATA[text]]></item>
				<item id="value"><![CDATA[source/plugin/dzapp_sort/static/logo_trade.png]]></item>
				<item id="extra"><![CDATA[]]></item>
			</item>
			<item id="13">
				<item id="displayorder"><![CDATA[25]]></item>
				<item id="title"><![CDATA[房屋信息LOGO]]></item>
				<item id="description"><![CDATA[]]></item>
				<item id="variable"><![CDATA[logo_house]]></item>
				<item id="type"><![CDATA[text]]></item>
				<item id="value"><![CDATA[source/plugin/dzapp_sort/static/logo_house.png]]></item>
				<item id="extra"><![CDATA[]]></item>
			</item>
			<item id="14">
				<item id="displayorder"><![CDATA[26]]></item>
				<item id="title"><![CDATA[招聘求職LOGO]]></item>
				<item id="description"><![CDATA[]]></item>
				<item id="variable"><![CDATA[logo_job]]></item>
				<item id="type"><![CDATA[text]]></item>
				<item id="value"><![CDATA[source/plugin/dzapp_sort/static/logo_job.png]]></item>
				<item id="extra"><![CDATA[]]></item>
			</item>
			<item id="15">
				<item id="displayorder"><![CDATA[27]]></item>
				<item id="title"><![CDATA[生活服務LOGO]]></item>
				<item id="description"><![CDATA[]]></item>
				<item id="variable"><![CDATA[logo_life]]></item>
				<item id="type"><![CDATA[text]]></item>
				<item id="value"><![CDATA[source/plugin/dzapp_sort/static/logo_life.png]]></item>
				<item id="extra"><![CDATA[]]></item>
			</item>
			<item id="16">
				<item id="displayorder"><![CDATA[28]]></item>
				<item id="title"><![CDATA[手機版LOGO]]></item>
				<item id="description"><![CDATA[]]></item>
				<item id="variable"><![CDATA[logo_wap]]></item>
				<item id="type"><![CDATA[text]]></item>
				<item id="value"><![CDATA[source/plugin/dzapp_sort/static/logo_wap.png]]></item>
				<item id="extra"><![CDATA[]]></item>
			</item>
			<item id="17">
				<item id="displayorder"><![CDATA[29]]></item>
				<item id="title"><![CDATA[頂部網站LOGO]]></item>
				<item id="description"><![CDATA[]]></item>
				<item id="variable"><![CDATA[logo_top]]></item>
				<item id="type"><![CDATA[text]]></item>
				<item id="value"><![CDATA[source/plugin/dzapp_sort/static/logo_top.png]]></item>
				<item id="extra"><![CDATA[]]></item>
			</item>
			<item id="18">
				<item id="displayorder"><![CDATA[31]]></item>
				<item id="title"><![CDATA[導航設置]]></item>
				<item id="description"><![CDATA[]]></item>
				<item id="variable"><![CDATA[nav]]></item>
				<item id="type"><![CDATA[textarea]]></item>
				<item id="value"><![CDATA[<ul>
<li class="current"><a href="plugin.php?id=dzapp_sort">分類首頁</a></li>
<li><a href="plugin.php?id=dzapp_sort&amp;mod=list&amp;catid=1" class="cg_a big" target="_blank">跳蚤市場</a><span><em>·</em></span><a href="tong.php" class="cg_color" target="_blank">揚州通</a></li>
<li><a href="plugin.php?id=dzapp_sort&amp;mod=list&amp;catid=2" class="big" target="_blank">房屋信息</a></li>
<li><a href="plugin.php?id=dzapp_sort&amp;mod=list&amp;catid=3" class="cg_a big" target="_blank">招聘求職</a><span><em>·</em></span><a href="plugin.php?id=dzapp_sort&amp;mod=list&amp;catid=68" class="cg_color" target="_blank">求職簡歷</a></li>
<li><a href="plugin.php?id=dzapp_sort&amp;mod=list&amp;catid=4" class="big" target="_blank">生活服務</a></li>
<li><a href="plugin.php?id=dzapp_sort&amp;mod=list&amp;catid=5" class="big" target="_blank">交友征婚</a></li>
<li><a href="plugin.php?id=dzapp_sort&amp;mod=list&amp;catid=6" class="big" target="_blank">家有寵物</a></li>
</ul>]]></item>
				<item id="extra"><![CDATA[]]></item>
			</item>
			<item id="19">
				<item id="displayorder"><![CDATA[32]]></item>
				<item id="title"><![CDATA[競價說明鏈接]]></item>
				<item id="description"><![CDATA[]]></item>
				<item id="variable"><![CDATA[stick]]></item>
				<item id="type"><![CDATA[text]]></item>
				<item id="value"><![CDATA[]]></item>
				<item id="extra"><![CDATA[]]></item>
			</item>
			<item id="20">
				<item id="displayorder"><![CDATA[33]]></item>
				<item id="title"><![CDATA[服務中心]]></item>
				<item id="description"><![CDATA[]]></item>
				<item id="variable"><![CDATA[service]]></item>
				<item id="type"><![CDATA[textarea]]></item>
				<item id="value"><![CDATA[<li>客服電話：0514-87222599</li><li>在線時間：每天上午8:30至下午17:30</li>]]></item>
				<item id="extra"><![CDATA[]]></item>
			</item>
			<item id="21">
				<item id="displayorder"><![CDATA[34]]></item>
				<item id="title"><![CDATA[幫助中心鏈接]]></item>
				<item id="description"><![CDATA[]]></item>
				<item id="variable"><![CDATA[help]]></item>
				<item id="type"><![CDATA[text]]></item>
				<item id="value"><![CDATA[]]></item>
				<item id="extra"><![CDATA[]]></item>
			</item>
		</item>
		<item id="language">
			<item id="scriptlang">
				<item id="logy_m_g"><![CDATA[<h2 style="text-align:-webkit-center;">
	<span style="color:#4C33E5;">推薦一個dz商</span><span style="color:#4C33E5;">業插件模版下載的</span><span style="color:#4C33E5;"></span><span style="color:#4C33E5;">網站給大家</span><a href="http://www.ymg6.com" target="_blank"><span style="color:#4C33E5;">源碼哥分享吧</span></a><span style="color:#4C33E5;">（www.ymg6.com）</span> 
</h2>
<h3 style="text-align:-webkit-center;">
	<span style="color:#E53333;">這</span><span style="color:#E53333;">是一個</span><span style="color:#E53333;">dz商業</span><a href="http://www.ymg6.com/forum.php?mod=forumdisplay&fid=2" target="_blank"><span style="color:#337FE5;">插</span><u><span style="color:#337FE5;"></span></u><span style="color:#337FE5;">件</span></a><a href="http://www.ymg6.com/forum.php?mod=forumdisplay&fid=36" target="_blank"><u><span style="color:#337FE5;">模</span></u><u><span style="color:#337FE5;"></span></u><u><span style="color:#337FE5;">版</span></u></a><span style="color:#E53333;">資源破解分享的網站，而且還有很多精品的網站源碼下載</span> 
</h3>
<h3 style="text-align:-webkit-center;">
	<span style="color:#E53333;">他們資源每天更新，并且很多都是他們自己出錢在應用中心購買后破解分享出來的</span><br />
</h3>
<h3>
	<div style="text-align:center;">
		<span style="color:#E53333;">不過還是替他們說一下</span> 
	</div>
	<div style="text-align:center;">
		<span style="color:#E53333;">&nbsp;他們站下載的資源只限于自己學習研究內含的設計思想和原理 請勿有任何商業盈利行為</span> 
	</div>
</h3>
<h3 style="text-align:center;">
	<span style="color:#999999;">介紹也介紹完了，給大家做個小導航吧</span> 
</h3>
<h3 style="text-align:center;">
	<span style="color:#337FE5;"><a href="http://www.ymg6.com/forum.php?mod=forumdisplay&fid=2" target="_blank">dz商業破解插件下載</a> &nbsp; <a href="http://www.ymg6.com/forum.php?mod=forumdisplay&fid=36" target="_blank">dz商業風格模版下載</a> &nbsp; &nbsp;<a href="http://www.ymg6.com/forum.php?mod=forumdisplay&fid=50" target="_blank">精品網站源碼下載</a> &nbsp; &nbsp;<a href="http://www.ymg6.com/forum.php?mod=forumdisplay&fid=51" target="_blank">工具素材下載</a></span><span style="color:#337FE5;">&nbsp; &nbsp; <a href="http://www.ymg6.com/forum.php?mod=forumdisplay&fid=41" target="_blank">精選教程區</a></span> 
</h3> ]]></item>
				<item id="SIF"><![CDATA[分類信息置頂]]></item>
				<item id="UIF"><![CDATA[分類信息刷新]]></item>
				<item id="keyword"><![CDATA[關鍵詞]]></item>
				<item id="post_url"><![CDATA[發布頁跳轉鏈接]]></item>
				<item id="list_url"><![CDATA[列表頁跳轉鏈接]]></item>
				<item id="icon"><![CDATA[圖標]]></item>
				<item id="weixin"><![CDATA[微信關鍵詞]]></item>
				<item id="app_statement"><![CDATA[介紹]]></item>
				<item id="app_wechat_nonexistence"><![CDATA[您未安裝微信機器人插件, 不能使用此功能]]></item>
				<item id="app_uninstall_success"><![CDATA[組件卸載成功]]></item>
				<item id="app_install_success"><![CDATA[組件安裝成功]]></item>
				<item id="app_func_invalid"><![CDATA[組件已經存在]]></item>
				<item id="app_keyword_invalid"><![CDATA[關鍵詞不能重復]]></item>
				<item id="app_edit_success"><![CDATA[組件編輯成功]]></item>
				<item id="app_invalid"><![CDATA[關鍵詞不能為空]]></item>
				<item id="app_nonexistence"><![CDATA[組件不存在]]></item>
				<item id="app_update_succeed"><![CDATA[組件更新成功]]></item>
				<item id="app_edit"><![CDATA[編輯組件]]></item>
				<item id="app_install"><![CDATA[安裝]]></item>
				<item id="app_uninstall"><![CDATA[卸載]]></item>
				<item id="app_new"><![CDATA[未安裝的組件]]></item>
				<item id="app_keyword"><![CDATA[關鍵詞]]></item>
				<item id="app_func"><![CDATA[標識]]></item>
				<item id="app_order"><![CDATA[排序]]></item>
				<item id="app_description"><![CDATA[描述]]></item>
				<item id="app_num"><![CDATA[數量]]></item>
				<item id="app_available"><![CDATA[可用]]></item>
				<item id="app_op"><![CDATA[操作]]></item>
				<item id="sort_app"><![CDATA[為你提供房產、招聘、黃頁、天天、交友、二手、寵物、車輛、周邊游等海量分類信息]]></item>
				<item id="sort"><![CDATA[分類信息]]></item>
				<item id="can_not_delete_moderate"><![CDATA[不能刪除審核中的信息]]></item>
				<item id="moderating"><![CDATA[(審核中)]]></item>
				<item id="info_moderating"><![CDATA[您要查看的信息正在審核中]]></item>
				<item id="cate_update_succeed"><![CDATA[分類更新成功]]></item>
				<item id="mobile_style"><![CDATA[手機版圖標]]></item>
				<item id="rule"><![CDATA[本版規則]]></item>
				<item id="showpic"><![CDATA[列表頁顯示圖片]]></item>
				<item id="listtpl"><![CDATA[列表頁模板]]></item>
				<item id="keys"><![CDATA[別名]]></item>
				<item id="moduleid"><![CDATA[模塊]]></item>
				<item id="catname"><![CDATA[分類名稱]]></item>
				<item id="personal"><![CDATA[(個人)]]></item>
				<item id="people"><![CDATA[人]]></item>
				<item id="show"><![CDATA[發布]]></item>
				<item id="one"><![CDATA[一]]></item>
				<item id="write_keyword"><![CDATA[請輸入關鍵字]]></item>
				<item id="view_null"><![CDATA[您要查看的信息不存在]]></item>
				<item id="add_field"><![CDATA[添加字段]]></item>
				<item id="input_what_you_want"><![CDATA[請輸入你想找的東東]]></item>
				<item id="required_null"><![CDATA[必填項目沒有填寫。]]></item>
				<item id="title"><![CDATA[名稱]]></item>
				<item id="field_info"><![CDATA[字段信息]]></item>
				<item id="base_info"><![CDATA[基本信息]]></item>
				<item id="under"><![CDATA[以下]]></item>
				<item id="above"><![CDATA[以上]]></item>
				<item id="range"><![CDATA[搜索范圍預置值]]></item>
				<item id="case"><![CDATA[可用條件]]></item>
				<item id="extra"><![CDATA[動作腳本]]></item>
				<item id="width"><![CDATA[表單顯示寬度]]></item>
				<item id="choice"><![CDATA[選項內容]]></item>
				<item id="separator"><![CDATA[分隔標題]]></item>
				<item id="brief_description"><![CDATA[簡短描述]]></item>
				<item id="cate"><![CDATA[類別]]></item>
				<item id="cate_not_existence"><![CDATA[指定的類別不存在，請返回。]]></item>
				<item id="status"><![CDATA[狀態]]></item>
				<item id="deleted"><![CDATA[已刪除]]></item>
				<item id="modify"><![CDATA[待修改]]></item>
				<item id="check"><![CDATA[待審核]]></item>
				<item id="stick"><![CDATA[置頂]]></item>
				<item id="normal"><![CDATA[正常]]></item>
				<item id="field_edit_succeed"><![CDATA[字段成功編輯。]]></item>
				<item id="not_existence"><![CDATA[指定的模型不存在，請返回。]]></item>
				<item id="succeed_edit_module"><![CDATA[模型成功編輯。]]></item>
				<item id="list"><![CDATA[列表]]></item>
				<item id="conbime"><![CDATA[合并]]></item>
				<item id="search"><![CDATA[搜索]]></item>
				<item id="required"><![CDATA[必填]]></item>
				<item id="unit"><![CDATA[單位]]></item>
				<item id="type"><![CDATA[類別]]></item>
				<item id="order"><![CDATA[順序]]></item>
				<item id="detail"><![CDATA[詳情]]></item>
				<item id="built_price"><![CDATA[[內置]價格(price)]]></item>
				<item id="built_sorce"><![CDATA[[內置]來源(identity)]]></item>
				<item id="del_cate_succeed"><![CDATA[類別成功刪除]]></item>
				<item id="stop_del_subclass"><![CDATA[不能刪除有子分類的類別，請返回修改。]]></item>
				<item id="succeed_edit_cate"><![CDATA[類別成功編輯。]]></item>
				<item id="write_all_required"><![CDATA[您必須輸入所有必填項目，請返回修改。]]></item>
				<item id="list_house"><![CDATA[房屋信息]]></item>
				<item id="list_trade"><![CDATA[跳蚤市場]]></item>
				<item id="list_job"><![CDATA[招聘求職]]></item>
				<item id="list_pet"><![CDATA[家有寵物]]></item>
				<item id="list_love"><![CDATA[交友征婚]]></item>
				<item id="list_life"><![CDATA[生活服務]]></item>
				<item id="list_friend"><![CDATA[交友列表]]></item>
				<item id="add_fouth_cate"><![CDATA[添加四級分類]]></item>
				<item id="add_third_cate"><![CDATA[添加三級分類]]></item>
				<item id="add_cate"><![CDATA[添加分類]]></item>
				<item id="news_num"><![CDATA[信息數]]></item>
				<item id="module"><![CDATA[模型]]></item>
				<item id="add_subclass"><![CDATA[添加子分類]]></item>
				<item id="sort_list"><![CDATA[默認模板]]></item>
				<item id="name_comment"><![CDATA[必填]]></item>
				<item id="add_district"><![CDATA[添加地區]]></item>
				<item id="add_subdistrict"><![CDATA[添加子地區]]></item>
				<item id="district_update_succeed"><![CDATA[地區更新成功]]></item>
				<item id="district_add_succeed"><![CDATA[地區添加成功]]></item>
				<item id="district_edit_succeed"><![CDATA[地區編輯成功]]></item>
				<item id="district_invalid"><![CDATA[必填項不能為空]]></item>
				<item id="district_nonexistence"><![CDATA[您要編輯的項目不存在或已被刪除]]></item>
				<item id="displayorder"><![CDATA[排序]]></item>
				<item id="name"><![CDATA[名稱]]></item>
				<item id="description"><![CDATA[描述]]></item>
				<item id="add_module"><![CDATA[添加模型]]></item>
				<item id="add_submodule"><![CDATA[添加子模型]]></item>
				<item id="module_update_succeed"><![CDATA[模型更新成功]]></item>
				<item id="module_add_succeed"><![CDATA[模型添加成功]]></item>
				<item id="module_edit_succeed"><![CDATA[模型編輯成功]]></item>
				<item id="module_invalid"><![CDATA[必填項不能為空]]></item>
				<item id="module_nonexistence"><![CDATA[您要編輯的項目不存在或已被刪除]]></item>
				<item id="subject"><![CDATA[標題]]></item>
				<item id="subject_comment"><![CDATA[必填]]></item>
				<item id="category"><![CDATA[分類]]></item>
				<item id="username"><![CDATA[用戶名]]></item>
				<item id="realname"><![CDATA[聯系人]]></item>
				<item id="realname_comment"><![CDATA[必填]]></item>
				<item id="mobile"><![CDATA[手機]]></item>
				<item id="mobile_comment"><![CDATA[必填]]></item>
				<item id="dateline"><![CDATA[發布時間]]></item>
				<item id="add_info"><![CDATA[添加信息]]></item>
				<item id="add_subinfo"><![CDATA[添加子信息]]></item>
				<item id="info_update_succeed"><![CDATA[信息更新成功]]></item>
				<item id="info_add_succeed"><![CDATA[信息添加成功]]></item>
				<item id="info_edit_succeed"><![CDATA[信息編輯成功]]></item>
				<item id="info_invalid"><![CDATA[必填項不能為空]]></item>
				<item id="info_nonexistence"><![CDATA[您要編輯的項目不存在或已被刪除]]></item>
				<item id="bbname"><![CDATA[站點名稱]]></item>
				<item id="code"><![CDATA[可用代碼，點擊插入: ]]></item>
				<item id="cat"><![CDATA[分類]]></item>
				<item id="page_index"><![CDATA[首頁]]></item>
				<item id="page_list"><![CDATA[列表頁]]></item>
				<item id="page_view"><![CDATA[詳情頁]]></item>
				<item id="page_memcp"><![CDATA[會員中心]]></item>
				<item id="page_post"><![CDATA[發布頁]]></item>
				<item id="page_search"><![CDATA[搜索頁]]></item>
				<item id="seotitle"><![CDATA[標題(title)]]></item>
				<item id="seokeywords"><![CDATA[關鍵詞(keywords)]]></item>
				<item id="seodescription"><![CDATA[描述(description)]]></item>
				<item id="seo_update_succeed"><![CDATA[SEO設置成功更新]]></item>
			</item>
			<item id="templatelang">
				<item id="my_sort"><![CDATA[分類]]></item>
				<item id="memcp"><![CDATA[管理我的信息]]></item>
				<item id="reg_right_now"><![CDATA[立即注冊]]></item>
				<item id="em"><![CDATA[<em>×]]></item>
				<item id="all_sort_city"><![CDATA[全$_G[setting][sort_city]]]></item>
				<item id="add_interest"><![CDATA[+感興趣]]></item>
				<item id="too_lazy_to_left"><![CDATA[這家伙很懶，什么也沒有留下……]]></item>
				<item id="update_time"><![CDATA[更新時間]]></item>
				<item id="make_friend_info"><![CDATA[交友資料]]></item>
				<item id="selected_condition"><![CDATA[已選條件]]></item>
				<item id="free_send_info"><![CDATA[免費發布交友信息]]></item>
				<item id="add_it_to_browser"><![CDATA[將本版塊添加到瀏覽器收藏夾]]></item>
				<item id="article_amount"><![CDATA[總帖數]]></item>
				<item id="today_new_article"><![CDATA[今日新帖]]></item>
				<item id="sort"><![CDATA[分類信息]]></item>
				<item id="guest_tip"><![CDATA[<a href="member.php?mod=logging&action=login" onclick="showWindow('login', this.href)">登錄</a>后可以查看聯系方式, 沒有賬號]]></item>
				<item id="forum"><![CDATA[論壇]]></item>
				<item id="pm"><![CDATA[消息]]></item>
				<item id="moderating"><![CDATA[(審核中)]]></item>
				<item id="people"><![CDATA[人]]></item>
				<item id="customer_phone"><![CDATA[客服電話：0514-87222599]]></item>
				<item id="more"><![CDATA[更多>>]]></item>
				<item id="online_time"><![CDATA[在線時間：每天上午8:30至下午17:30]]></item>
				<item id="helper"><![CDATA[幫助手冊]]></item>
				<item id="region"><![CDATA[地區]]></item>
				<item id="word_x"><![CDATA[×]]></item>
				<item id="personal"><![CDATA[個人]]></item>
				<item id="read"><![CDATA[人閱讀]]></item>
				<item id="selected_module_not_existence"><![CDATA[指定的模型不存在，請返回。]]></item>
				<item id="restart"><![CDATA[返回]]></item>
				<item id="feedback"><![CDATA[反饋]]></item>
				<item id="del_article"><![CDATA[刪帖]]></item>
				<item id="stop_trust"><![CDATA[讓您提前匯款的都是騙子，請勿相信！]]></item>
				<item id="tip"><![CDATA[小提示]]></item>
				<item id="news_detail"><![CDATA[信息詳情]]></item>
				<item id="have_a_word"><![CDATA[給我留言]]></item>
				<item id="mobile_contact"><![CDATA[電話聯系]]></item>
				<item id="business"><![CDATA[商家]]></item>
				<item id="yard"><![CDATA[園]]></item>
				<item id="relevant_info"><![CDATA[ "$keyword"相關信息{$count}條]]></item>
				<item id="write_mobile"><![CDATA[請填寫手機號#填寫正確的手機號]]></item>
				<item id="write_word"><![CDATA[請輸入2-6個漢字或字母]]></item>
				<item id="write_title"><![CDATA[請填寫$option[title]]]></item>
				<item id="input_description_rule"><![CDATA[請填寫描述#描述字數應為10-100字#描述不能含有電話號碼]]></item>
				<item id="select_title"><![CDATA[請選擇$option[title]]]></item>
				<item id="select_region"><![CDATA[請選擇地區]]></item>
				<item id="input_title_rules"><![CDATA[請填寫標題#標題不能輸入連續特殊字符#標題字數應為8至28字#標題不能填寫純數字或電話號碼]]></item>
				<item id="reselect_cate"><![CDATA[重選類別]]></item>
				<item id="reg"><![CDATA[注冊]]></item>
				<item id="showing"><![CDATA[顯示中]]></item>
				<item id="my_show"><![CDATA[我的發布]]></item>
				<item id="have_pic"><![CDATA[有圖]]></item>
				<item id="app_download"><![CDATA[APP下載]]></item>
				<item id="history"><![CDATA[歷史]]></item>
				<item id="user_center"><![CDATA[個人中心]]></item>
				<item id="have_a_search"><![CDATA[找不到？搜搜看吧]]></item>
				<item id="show"><![CDATA[發布]]></item>
				<item id="my_news"><![CDATA[我的信息]]></item>
				<item id="mobile_58_net"><![CDATA[手機58網：58.com&#160;&#160;&#160;&#160;京ICP證060405號]]></item>
				<item id="client"><![CDATA[客戶端]]></item>
				<item id="computer_case"><![CDATA[電腦版]]></item>
				<item id="touch_case"><![CDATA[觸屏版]]></item>
				<item id="normal_case"><![CDATA[普通版]]></item>
				<item id="user_feedback"><![CDATA[用戶反饋]]></item>
				<item id="del_phone_by_info"><![CDATA[刪除電話被冒用的信息]]></item>
				<item id="need_improve"><![CDATA[待完善]]></item>
				<item id="pet_info"><![CDATA[寵物信息]]></item>
				<item id="pet_agencies"><![CDATA[寵物機構]]></item>
				<item id="flowers/ birds/ fish"><![CDATA[花鳥魚蟲]]></item>
				<item id="pet adoption/assistance"><![CDATA[寵物領養/救助]]></item>
				<item id="trade/breeding/transfer"><![CDATA[買賣/配種/轉讓]]></item>
				<item id="show_pet"><![CDATA[寵物秀]]></item>
				<item id="pet_chat"><![CDATA[寵物聊吧]]></item>
				<item id="index"><![CDATA[首頁]]></item>
				<item id="sort_list"><![CDATA[默認模板]]></item>
				<item id="cat_name"><![CDATA[分類名稱]]></item>
				<item id="life_serve_info"><![CDATA[生活服務信息]]></item>
				<item id="business_serve"><![CDATA[商務服務]]></item>
				<item id="celebration"><![CDATA[禮儀慶典]]></item>
				<item id="education"><![CDATA[教育培訓]]></item>
				<item id="travel"><![CDATA[旅游出行]]></item>
				<item id="entertainment"><![CDATA[休閑娛樂]]></item>
				<item id="family_serve"><![CDATA[家庭服務]]></item>
				<item id="all_direction_serve"><![CDATA[360度為生活提供全方位的服務]]></item>
				<item id="input_your_serve"><![CDATA[輸入您想找的服務，比如搬家公司]]></item>
				<item id="life_serve"><![CDATA[生活服務]]></item>
				<item id="view_more_info"><![CDATA[查看更多$vars[sort_city]異性交友信息]]></item>
				<item id="upload_your_pic"><![CDATA[上傳個人形象相片你也能上這哦！]]></item>
				<item id="woman"><![CDATA[女士]]></item>
				<item id="man"><![CDATA[男士]]></item>
				<item id="all_info"><![CDATA[所有]]></item>
				<item id="free_makefriend_info"><![CDATA[免費發布交友信息]]></item>
				<item id="day_visit"><![CDATA[每天有10000人在這尋找TA]]></item>
				<item id="free_makefriend"><![CDATA[$vars[sort_city]本地免費交友]]></item>
				<item id="other_makefriend"><![CDATA[其他交友]]></item>
				<item id="find_similar"><![CDATA[找老鄉]]></item>
				<item id="find_boyfriend"><![CDATA[找男友]]></item>
				<item id="more_condition"><![CDATA[更多條件]]></item>
				<item id="above"><![CDATA[以上]]></item>
				<item id="height"><![CDATA[身高]]></item>
				<item id="older"><![CDATA[歲以上]]></item>
				<item id="year"><![CDATA[歲]]></item>
				<item id="age"><![CDATA[年齡]]></item>
				<item id="find_girlfriend"><![CDATA[找女友]]></item>
				<item id="true_emotion_we_together"><![CDATA[真情互動，你我在$vars[sort_city]相聚]]></item>
				<item id="in_three_month"><![CDATA[三個月內]]></item>
				<item id="in_a_month"><![CDATA[一個月內]]></item>
				<item id="in_a_week"><![CDATA[一周內]]></item>
				<item id="in_three_days"><![CDATA[三天內]]></item>
				<item id="today"><![CDATA[今天]]></item>
				<item id="all_hunting"><![CDATA[所有招聘]]></item>
				<item id="all_job"><![CDATA[總崗位數]]></item>
				<item id="day_job_add"><![CDATA[今日新增崗位數]]></item>
				<item id="find_excelent"><![CDATA[找人才]]></item>
				<item id="find_job"><![CDATA[找工作]]></item>
				<item id="input_name"><![CDATA[請輸入職位名稱或公司名稱]]></item>
				<item id="send_job"><![CDATA[發布招聘]]></item>
				<item id="create_info"><![CDATA[創建簡歷]]></item>
				<item id="million_money"><![CDATA[萬元]]></item>
				<item id="money_month"><![CDATA[元/月]]></item>
				<item id="factory"><![CDATA[廠房/倉庫/車庫/其他]]></item>
				<item id="office_rental"><![CDATA[寫字樓租售]]></item>
				<item id="store"><![CDATA[店面/商鋪]]></item>
				<item id="house_purching"><![CDATA[住房求租/求購]]></item>
				<item id="a"><![CDATA[條]]></item>
				<item id="short_renting"><![CDATA[日租房/短租房]]></item>
				<item id="second_hand"><![CDATA[二手房]]></item>
				<item id="renting"><![CDATA[租房]]></item>
				<item id="business_estate"><![CDATA[商業地產]]></item>
				<item id="ordinary_house"><![CDATA[普通住宅]]></item>
				<item id="good_house_start"><![CDATA[擁有好房子,從這里開始]]></item>
				<item id="input_main_info"><![CDATA[請輸入小區名、地址、路標建筑等]]></item>
				<item id="implove_effect"><![CDATA[置頂競價讓效果提升<span class="xi1">10倍以上</span>]]></item>
				<item id="login"><![CDATA[登錄]]></item>
				<item id="set_face"><![CDATA[設為封面]]></item>
				<item id="face_talk"><![CDATA[面議]]></item>
				<item id="momey"><![CDATA[元]]></item>
				<item id="quality"><![CDATA[成色]]></item>
				<item id="price"><![CDATA[價格]]></item>
				<item id="info_theme"><![CDATA[信息主題]]></item>
				<item id="more_10_times"><![CDATA[10倍以上]]></item>
				<item id="all_articles"><![CDATA[總帖數]]></item>
				<item id="new_articles"><![CDATA[今日新帖數]]></item>
				<item id="take_your_need"><![CDATA[二手、全新,淘你所需]]></item>
				<item id="input_searchs"><![CDATA[輸入您想找的物品，比如摩托車、二手電腦]]></item>
				<item id="trade_market"><![CDATA[交易市場]]></item>
				<item id="not_write"><![CDATA[沒有填寫]]></item>
				<item id="add_care"><![CDATA[加關注]]></item>
				<item id="hot_info"><![CDATA[推薦信息]]></item>
				<item id="care"><![CDATA[關注]]></item>
				<item id="send_info"><![CDATA[發私信]]></item>
				<item id="credit"><![CDATA[積分]]></item>
				<item id="friends"><![CDATA[好友]]></item>
				<item id="theme"><![CDATA[主題]]></item>
				<item id="off_line"><![CDATA[離線]]></item>
				<item id="online"><![CDATA[在線]]></item>
				<item id="click_to_next"><![CDATA[點擊轉入下一張]]></item>
				<item id="click_to_last"><![CDATA[點擊轉入上一張]]></item>
				<item id="more_stage"><![CDATA[更多平臺]]></item>
				<item id="share_to_douban"><![CDATA[分享到豆瓣]]></item>
				<item id="share_to_tentxun"><![CDATA[分享到騰訊微博]]></item>
				<item id="share_to_people_net"><![CDATA[分享到人人網]]></item>
				<item id="share_to_sina"><![CDATA[分享到新浪微博]]></item>
				<item id="share_to_qqzone"><![CDATA[分享到QQ空間]]></item>
				<item id="share_to_view_more"><![CDATA[分享讓更多人看到]]></item>
				<item id="add_to_explorer_collection"><![CDATA[添加到瀏覽器收藏夾]]></item>
				<item id="add_to_collection"><![CDATA[將本版塊添加到瀏覽器收藏夾]]></item>
				<item id="save_deskface"><![CDATA[保存到桌面]]></item>
				<item id="collection_need_login"><![CDATA[收藏到我的收藏]]></item>
				<item id="easy_to_find"><![CDATA[收藏起來方便查找]]></item>
				<item id="share"><![CDATA[分享]]></item>
				<item id="collect"><![CDATA[收藏]]></item>
				<item id="report_info"><![CDATA[舉報該信息]]></item>
				<item id="more_info"><![CDATA[更多介紹]]></item>
				<item id="see_and_thanks"><![CDATA[上看到的，謝謝]]></item>
				<item id="contact_me_say"><![CDATA[聯系我時，請說是在]]></item>
				<item id="click_to_talk"><![CDATA[點擊直接交談]]></item>
				<item id="contact_mobile"><![CDATA[聯系電話]]></item>
				<item id="belong_to_cate"><![CDATA[所屬類別]]></item>
				<item id="last_refresh_time"><![CDATA[最后更新時間]]></item>
				<item id="info_nember"><![CDATA[信息編號]]></item>
				<item id="album"><![CDATA[相冊]]></item>
				<item id="my_album"><![CDATA[我的相冊]]></item>
				<item id="medal"><![CDATA[勛章]]></item>
				<item id="my_medal"><![CDATA[我的勛章]]></item>
				<item id="article"><![CDATA[貼子]]></item>
				<item id="my_article"><![CDATA[我的貼子]]></item>
				<item id="zone"><![CDATA[空間]]></item>
				<item id="my_zone"><![CDATA[我的空間]]></item>
				<item id="my_fast_way"><![CDATA[我的快捷通道]]></item>
				<item id="info"><![CDATA[信息]]></item>
				<item id="input_your_search"><![CDATA[請輸入你想找的東東]]></item>
				<item id="job_info"><![CDATA[求職簡歷]]></item>
				<item id="author"><![CDATA[作者]]></item>
				<item id="search_result"><![CDATA[搜索結果]]></item>
				<item id="my_pet"><![CDATA[家有寵物]]></item>
				<item id="dating_marry"><![CDATA[交友征婚]]></item>
				<item id="life_sever"><![CDATA[生活服務]]></item>
				<item id="job_hunting"><![CDATA[招聘求職]]></item>
				<item id="house_info"><![CDATA[房屋信息]]></item>
				<item id="yangzhouknow"><![CDATA[揚州通]]></item>
				<item id="flea_market"><![CDATA[跳蚤市場]]></item>
				<item id="cate_index"><![CDATA[分類首頁]]></item>
				<item id="search"><![CDATA[搜　索]]></item>
				<item id="free_show_info"><![CDATA[免費發布信息]]></item>
				<item id="alter_del_info"><![CDATA[修改刪除信息]]></item>
				<item id="cate_ads"><![CDATA[分類廣告]]></item>
				<item id="mobile_rule_not_right"><![CDATA[手機格式不正確]]></item>
				<item id="contacter_not_all"><![CDATA[聯系人不能為空]]></item>
				<item id="info_content_not_null"><![CDATA[信息內容不能為空]]></item>
				<item id="areas_not_null"><![CDATA[地區不能為空]]></item>
				<item id="info_title_not_null"><![CDATA[信息標題不能為空]]></item>
				<item id="small_cate_not_null"><![CDATA[小類不能為空]]></item>
				<item id="current_cate_not_null"><![CDATA[當前類別不能為空]]></item>
				<item id="submit"><![CDATA[提交]]></item>
				<item id="mobile"><![CDATA[手機]]></item>
				<item id="contacter"><![CDATA[聯系人]]></item>
				<item id="contact_way"><![CDATA[聯系方式]]></item>
				<item id="available_extensions"><![CDATA[可用擴展名]]></item>
				<item id="less"><![CDATA[小于]]></item>
				<item id="file_size"><![CDATA[文件尺寸]]></item>
				<item id="upload_pic"><![CDATA[上傳圖片]]></item>
				<item id="info_content"><![CDATA[信息內容]]></item>
				<item id="please_select"><![CDATA[請選擇]]></item>
				<item id="areas"><![CDATA[地區]]></item>
				<item id="info_title"><![CDATA[信息標題]]></item>
				<item id="current_cate"><![CDATA[當前類別]]></item>
				<item id="base_info"><![CDATA[基本信息]]></item>
				<item id="no_sham_or_del"><![CDATA[嚴禁商家冒充個人發布交易信息，一經發現，刪除帖子并封號]]></item>
				<item id="admins"><![CDATA[版規]]></item>
				<item id="view"><![CDATA[查看]]></item>
				<item id="view_admins"><![CDATA[查看版規]]></item>
				<item id="write_info"><![CDATA[填寫信息]]></item>
				<item id="select_cate"><![CDATA[選擇類別]]></item>
				<item id="select_channel"><![CDATA[選擇頻道]]></item>
				<item id="reselect"><![CDATA[重選]]></item>
				<item id="datetime"><![CDATA[期限]]></item>
				<item id="day"><![CDATA[天]]></item>
				<item id="past_time"><![CDATA[過期時間]]></item>
				<item id="start_time"><![CDATA[開始時間]]></item>
				<item id="sticked_news"><![CDATA[該信息已經是置頂狀態]]></item>
				<item id="stick_news"><![CDATA[信息置頂]]></item>
				<item id="sure_refresh_info"><![CDATA[您確認要刷新選定的信息嗎]]></item>
				<item id="refresh_need_del"><![CDATA[刷新信息需要扣除]]></item>
				<item id="refresh_info"><![CDATA[刷新信息]]></item>
				<item id="delete"><![CDATA[刪除]]></item>
				<item id="refresh"><![CDATA[刷新]]></item>
				<item id="del_all"><![CDATA[徹底刪除]]></item>
				<item id="renew"><![CDATA[恢復]]></item>
				<item id="edit"><![CDATA[編輯]]></item>
				<item id="stick"><![CDATA[置頂]]></item>
				<item id="operation"><![CDATA[操作]]></item>
				<item id="last_refresh"><![CDATA[最后更新]]></item>
				<item id="title"><![CDATA[標題]]></item>
				<item id="show_info"><![CDATA[發布信息]]></item>
				<item id="deleted"><![CDATA[已刪除]]></item>
				<item id="need_inprove"><![CDATA[待完善]]></item>
				<item id="need_check"><![CDATA[待審核]]></item>
				<item id="pay_ads"><![CDATA[付費中的廣告]]></item>
				<item id="ordinary_info"><![CDATA[普通信息]]></item>
				<item id="all_clause"><![CDATA[全部]]></item>
				<item id="my_cate"><![CDATA[分類]]></item>
				<item id="cate_info"><![CDATA[分類信息]]></item>
				<item id="sure_to_refresh"><![CDATA[您確認要刷新選定的房源嗎]]></item>
				<item id="sure"><![CDATA[確定]]></item>
				<item id="need_del_for_house"><![CDATA[刷新房源需要扣除]]></item>
				<item id="close"><![CDATA[關閉]]></item>
				<item id="new_house_sorce"><![CDATA[刷新房源]]></item>
				<item id="about_stick"><![CDATA[關于置頂]]></item>
				<item id="pic"><![CDATA[圖]]></item>
				<item id="dateline"><![CDATA[發布時間]]></item>
				<item id="theme_title"><![CDATA[信息主題]]></item>
				<item id="improve_effect"><![CDATA[置頂競價讓效果提升]]></item>
				<item id="pic_aritcle_trade_info"><![CDATA[只看有圖交易信息]]></item>
				<item id="pic_article"><![CDATA[圖文]]></item>
				<item id="list"><![CDATA[列表]]></item>
				<item id="show_way"><![CDATA[顯示方式]]></item>
				<item id="all"><![CDATA[全]]></item>
				<item id="selected"><![CDATA[已選條件]]></item>
				<item id="free_info"><![CDATA[免費發布信息]]></item>
				<item id="area"><![CDATA[區域]]></item>
				<item id="small_cate"><![CDATA[小類]]></item>
				<item id="no_limit"><![CDATA[不限]]></item>
				<item id="cate"><![CDATA[類別]]></item>
				<item id="to_collect"><![CDATA[添加到瀏覽器收藏夾]]></item>
				<item id="total"><![CDATA[總帖數]]></item>
				<item id="news"><![CDATA[今日新帖]]></item>
				<item id="sort_info"><![CDATA[分類信息]]></item>
			</item>
			<item id="installlang">
				<item id="cron_todaysort_daily"><![CDATA[分類信息每日清理]]></item>
				<item id="cron_sortexpiry_hourly"><![CDATA[分類信息置頂清理]]></item>
			</item>
		</item>
		<item id="installfile"><![CDATA[install.php]]></item>
		<item id="uninstallfile"><![CDATA[uninstall.php]]></item>
		<item id="upgradefile"><![CDATA[upgrade.php]]></item>
	</item>
</root>