﻿<?xml version="1.0" encoding="ISO-8859-1"?>
<root>
	<item id="Title"><![CDATA[Discuz! Plugin]]></item>
	<item id="Version"><![CDATA[X2,X2.5,X3,X3.1,X3.2,F1.0]]></item>
	<item id="Time"><![CDATA[2016-08-01 12:56]]></item>
	<item id="From"><![CDATA[分享吧（www.fx8.cc）]]></item>
	<item id="Data">
		<item id="plugin">
			<item id="available"><![CDATA[1]]></item>
			<item id="adminid"><![CDATA[0]]></item>
			<item id="name"><![CDATA[源码哥_源码哥_DZAPP分类信息]]></item>
			<item id="identifier"><![CDATA[dzapp_sort]]></item>
			<item id="description"><![CDATA[]]></item>
			<item id="datatables"><![CDATA[]]></item>
			<item id="directory"><![CDATA[dzapp_sort/]]></item>
			<item id="copyright"><![CDATA[源码哥（www.ymg6.com）]]></item>
			<item id="version"><![CDATA[1.5]]></item>
			<item id="__modules">
				<item id="23">
					<item id="name"><![CDATA[myyapmagoo]]></item>
					<item id="menu"><![CDATA[<span style="color:#E53333;"><b>源码哥</b></span>]]></item>
					<item id="url"><![CDATA[]]></item>
					<item id="type"><![CDATA[3]]></item>
					<item id="adminid"><![CDATA[0]]></item>
					<item id="displayorder"><![CDATA[0]]></item>
					<item id="navtitle"><![CDATA[]]></item>
					<item id="navicon"><![CDATA[]]></item>
					<item id="navsubname"><![CDATA[]]></item>
					<item id="navsuburl"><![CDATA[]]></item>
				</item>
				<item id="22">
					<item id="name"><![CDATA[myyapmagoo]]></item>
					<item id="menu"><![CDATA[<span style="color:#E53333;"><b>源码哥</b></span>]]></item>
					<item id="url"><![CDATA[]]></item>
					<item id="type"><![CDATA[3]]></item>
					<item id="adminid"><![CDATA[0]]></item>
					<item id="displayorder"><![CDATA[0]]></item>
					<item id="navtitle"><![CDATA[]]></item>
					<item id="navicon"><![CDATA[]]></item>
					<item id="navsubname"><![CDATA[]]></item>
					<item id="navsuburl"><![CDATA[]]></item>
				</item>
				<item id="0">
					<item id="name"><![CDATA[sort]]></item>
					<item id="menu"><![CDATA[]]></item>
					<item id="url"><![CDATA[]]></item>
					<item id="type"><![CDATA[11]]></item>
					<item id="adminid"><![CDATA[0]]></item>
					<item id="displayorder"><![CDATA[0]]></item>
					<item id="navtitle"><![CDATA[]]></item>
					<item id="navicon"><![CDATA[]]></item>
					<item id="navsubname"><![CDATA[]]></item>
					<item id="navsuburl"><![CDATA[]]></item>
				</item>
				<item id="1">
					<item id="name"><![CDATA[dzapp_sort]]></item>
					<item id="menu"><![CDATA[分类信息]]></item>
					<item id="url"><![CDATA[plugin.php?id=dzapp_sort]]></item>
					<item id="type"><![CDATA[1]]></item>
					<item id="adminid"><![CDATA[0]]></item>
					<item id="displayorder"><![CDATA[0]]></item>
					<item id="navtitle"><![CDATA[]]></item>
					<item id="navicon"><![CDATA[]]></item>
					<item id="navsubname"><![CDATA[]]></item>
					<item id="navsuburl"><![CDATA[]]></item>
				</item>
				<item id="2">
					<item id="name"><![CDATA[admincp_seo]]></item>
					<item id="menu"><![CDATA[SEO]]></item>
					<item id="url"><![CDATA[]]></item>
					<item id="type"><![CDATA[3]]></item>
					<item id="adminid"><![CDATA[0]]></item>
					<item id="displayorder"><![CDATA[1]]></item>
					<item id="navtitle"><![CDATA[]]></item>
					<item id="navicon"><![CDATA[]]></item>
					<item id="navsubname"><![CDATA[]]></item>
					<item id="navsuburl"><![CDATA[]]></item>
				</item>
				<item id="3">
					<item id="name"><![CDATA[admincp_category]]></item>
					<item id="menu"><![CDATA[分类]]></item>
					<item id="url"><![CDATA[]]></item>
					<item id="type"><![CDATA[3]]></item>
					<item id="adminid"><![CDATA[0]]></item>
					<item id="displayorder"><![CDATA[2]]></item>
					<item id="navtitle"><![CDATA[]]></item>
					<item id="navicon"><![CDATA[]]></item>
					<item id="navsubname"><![CDATA[]]></item>
					<item id="navsuburl"><![CDATA[]]></item>
				</item>
				<item id="4">
					<item id="name"><![CDATA[admincp_district]]></item>
					<item id="menu"><![CDATA[地区]]></item>
					<item id="url"><![CDATA[]]></item>
					<item id="type"><![CDATA[3]]></item>
					<item id="adminid"><![CDATA[0]]></item>
					<item id="displayorder"><![CDATA[3]]></item>
					<item id="navtitle"><![CDATA[]]></item>
					<item id="navicon"><![CDATA[]]></item>
					<item id="navsubname"><![CDATA[]]></item>
					<item id="navsuburl"><![CDATA[]]></item>
				</item>
				<item id="5">
					<item id="name"><![CDATA[admincp_module]]></item>
					<item id="menu"><![CDATA[模型]]></item>
					<item id="url"><![CDATA[]]></item>
					<item id="type"><![CDATA[3]]></item>
					<item id="adminid"><![CDATA[0]]></item>
					<item id="displayorder"><![CDATA[4]]></item>
					<item id="navtitle"><![CDATA[]]></item>
					<item id="navicon"><![CDATA[]]></item>
					<item id="navsubname"><![CDATA[]]></item>
					<item id="navsuburl"><![CDATA[]]></item>
				</item>
				<item id="6">
					<item id="name"><![CDATA[admincp_info]]></item>
					<item id="menu"><![CDATA[信息]]></item>
					<item id="url"><![CDATA[]]></item>
					<item id="type"><![CDATA[3]]></item>
					<item id="adminid"><![CDATA[0]]></item>
					<item id="displayorder"><![CDATA[5]]></item>
					<item id="navtitle"><![CDATA[]]></item>
					<item id="navicon"><![CDATA[]]></item>
					<item id="navsubname"><![CDATA[]]></item>
					<item id="navsuburl"><![CDATA[]]></item>
				</item>
				<item id="7">
					<item id="name"><![CDATA[admincp_app]]></item>
					<item id="menu"><![CDATA[组件]]></item>
					<item id="url"><![CDATA[]]></item>
					<item id="type"><![CDATA[3]]></item>
					<item id="adminid"><![CDATA[0]]></item>
					<item id="displayorder"><![CDATA[6]]></item>
					<item id="navtitle"><![CDATA[]]></item>
					<item id="navicon"><![CDATA[]]></item>
					<item id="navsubname"><![CDATA[]]></item>
					<item id="navsuburl"><![CDATA[]]></item>
				</item>
			</item>
		</item>
		<item id="version"><![CDATA[X2,X2.5,X3,X3.1,X3.2,F1.0]]></item>
		<item id="var">
			<item id="0">
				<item id="displayorder"><![CDATA[0]]></item>
				<item id="title"><![CDATA[风格设置]]></item>
				<item id="description"><![CDATA[]]></item>
				<item id="variable"><![CDATA[style]]></item>
				<item id="type"><![CDATA[select]]></item>
				<item id="value"><![CDATA[source/plugin/dzapp_sort/template]]></item>
				<item id="extra"><![CDATA[source/plugin/dzapp_sort/template=默认风格
template/dzapp2015/dzapp_sort=Dzapp2015]]></item>
			</item>
			<item id="1">
				<item id="displayorder"><![CDATA[11]]></item>
				<item id="title"><![CDATA[分类信息使用的积分种类]]></item>
				<item id="description"><![CDATA[]]></item>
				<item id="variable"><![CDATA[sort_credit]]></item>
				<item id="type"><![CDATA[extcredit]]></item>
				<item id="value"><![CDATA[2]]></item>
				<item id="extra"><![CDATA[]]></item>
			</item>
			<item id="2">
				<item id="displayorder"><![CDATA[12]]></item>
				<item id="title"><![CDATA[刷新信息使用的积分数量]]></item>
				<item id="description"><![CDATA[]]></item>
				<item id="variable"><![CDATA[sort_update]]></item>
				<item id="type"><![CDATA[number]]></item>
				<item id="value"><![CDATA[5]]></item>
				<item id="extra"><![CDATA[]]></item>
			</item>
			<item id="3">
				<item id="displayorder"><![CDATA[13]]></item>
				<item id="title"><![CDATA[置顶信息使用的积分数量]]></item>
				<item id="description"><![CDATA[]]></item>
				<item id="variable"><![CDATA[sort_stick]]></item>
				<item id="type"><![CDATA[number]]></item>
				<item id="value"><![CDATA[30]]></item>
				<item id="extra"><![CDATA[]]></item>
			</item>
			<item id="4">
				<item id="displayorder"><![CDATA[14]]></item>
				<item id="title"><![CDATA[发信息需要审核]]></item>
				<item id="description"><![CDATA[]]></item>
				<item id="variable"><![CDATA[moderate]]></item>
				<item id="type"><![CDATA[radio]]></item>
				<item id="value"><![CDATA[0]]></item>
				<item id="extra"><![CDATA[]]></item>
			</item>
			<item id="5">
				<item id="displayorder"><![CDATA[15]]></item>
				<item id="title"><![CDATA[最大图片尺寸(单位K 1M=1024K)]]></item>
				<item id="description"><![CDATA[]]></item>
				<item id="variable"><![CDATA[sort_attachsize]]></item>
				<item id="type"><![CDATA[number]]></item>
				<item id="value"><![CDATA[1000]]></item>
				<item id="extra"><![CDATA[]]></item>
			</item>
			<item id="6">
				<item id="displayorder"><![CDATA[16]]></item>
				<item id="title"><![CDATA[允许图片类型]]></item>
				<item id="description"><![CDATA[]]></item>
				<item id="variable"><![CDATA[sort_attachextensions]]></item>
				<item id="type"><![CDATA[text]]></item>
				<item id="value"><![CDATA[jpg,gif,png]]></item>
				<item id="extra"><![CDATA[]]></item>
			</item>
			<item id="7">
				<item id="displayorder"><![CDATA[17]]></item>
				<item id="title"><![CDATA[使用图片方式显示电话]]></item>
				<item id="description"><![CDATA[]]></item>
				<item id="variable"><![CDATA[sort_protect]]></item>
				<item id="type"><![CDATA[radio]]></item>
				<item id="value"><![CDATA[0]]></item>
				<item id="extra"><![CDATA[]]></item>
			</item>
			<item id="8">
				<item id="displayorder"><![CDATA[18]]></item>
				<item id="title"><![CDATA[允许游客查看电话]]></item>
				<item id="description"><![CDATA[]]></item>
				<item id="variable"><![CDATA[guest]]></item>
				<item id="type"><![CDATA[radio]]></item>
				<item id="value"><![CDATA[1]]></item>
				<item id="extra"><![CDATA[]]></item>
			</item>
			<item id="9">
				<item id="displayorder"><![CDATA[21]]></item>
				<item id="title"><![CDATA[默认城市名称]]></item>
				<item id="description"><![CDATA[]]></item>
				<item id="variable"><![CDATA[sort_city]]></item>
				<item id="type"><![CDATA[text]]></item>
				<item id="value"><![CDATA[扬州]]></item>
				<item id="extra"><![CDATA[]]></item>
			</item>
			<item id="10">
				<item id="displayorder"><![CDATA[22]]></item>
				<item id="title"><![CDATA[手机号码格式]]></item>
				<item id="description"><![CDATA[]]></item>
				<item id="variable"><![CDATA[phone]]></item>
				<item id="type"><![CDATA[text]]></item>
				<item id="value"><![CDATA[^1[3|5|8][0-9]\d{8}$]]></item>
				<item id="extra"><![CDATA[]]></item>
			</item>
			<item id="11">
				<item id="displayorder"><![CDATA[23]]></item>
				<item id="title"><![CDATA[首页LOGO]]></item>
				<item id="description"><![CDATA[]]></item>
				<item id="variable"><![CDATA[logo_index]]></item>
				<item id="type"><![CDATA[text]]></item>
				<item id="value"><![CDATA[source/plugin/dzapp_sort/static/logo_index.png]]></item>
				<item id="extra"><![CDATA[]]></item>
			</item>
			<item id="12">
				<item id="displayorder"><![CDATA[24]]></item>
				<item id="title"><![CDATA[跳蚤市场LOGO]]></item>
				<item id="description"><![CDATA[]]></item>
				<item id="variable"><![CDATA[logo_trade]]></item>
				<item id="type"><![CDATA[text]]></item>
				<item id="value"><![CDATA[source/plugin/dzapp_sort/static/logo_trade.png]]></item>
				<item id="extra"><![CDATA[]]></item>
			</item>
			<item id="13">
				<item id="displayorder"><![CDATA[25]]></item>
				<item id="title"><![CDATA[房屋信息LOGO]]></item>
				<item id="description"><![CDATA[]]></item>
				<item id="variable"><![CDATA[logo_house]]></item>
				<item id="type"><![CDATA[text]]></item>
				<item id="value"><![CDATA[source/plugin/dzapp_sort/static/logo_house.png]]></item>
				<item id="extra"><![CDATA[]]></item>
			</item>
			<item id="14">
				<item id="displayorder"><![CDATA[26]]></item>
				<item id="title"><![CDATA[招聘求职LOGO]]></item>
				<item id="description"><![CDATA[]]></item>
				<item id="variable"><![CDATA[logo_job]]></item>
				<item id="type"><![CDATA[text]]></item>
				<item id="value"><![CDATA[source/plugin/dzapp_sort/static/logo_job.png]]></item>
				<item id="extra"><![CDATA[]]></item>
			</item>
			<item id="15">
				<item id="displayorder"><![CDATA[27]]></item>
				<item id="title"><![CDATA[生活服务LOGO]]></item>
				<item id="description"><![CDATA[]]></item>
				<item id="variable"><![CDATA[logo_life]]></item>
				<item id="type"><![CDATA[text]]></item>
				<item id="value"><![CDATA[source/plugin/dzapp_sort/static/logo_life.png]]></item>
				<item id="extra"><![CDATA[]]></item>
			</item>
			<item id="16">
				<item id="displayorder"><![CDATA[28]]></item>
				<item id="title"><![CDATA[手机版LOGO]]></item>
				<item id="description"><![CDATA[]]></item>
				<item id="variable"><![CDATA[logo_wap]]></item>
				<item id="type"><![CDATA[text]]></item>
				<item id="value"><![CDATA[source/plugin/dzapp_sort/static/logo_wap.png]]></item>
				<item id="extra"><![CDATA[]]></item>
			</item>
			<item id="17">
				<item id="displayorder"><![CDATA[29]]></item>
				<item id="title"><![CDATA[顶部网站LOGO]]></item>
				<item id="description"><![CDATA[]]></item>
				<item id="variable"><![CDATA[logo_top]]></item>
				<item id="type"><![CDATA[text]]></item>
				<item id="value"><![CDATA[source/plugin/dzapp_sort/static/logo_top.png]]></item>
				<item id="extra"><![CDATA[]]></item>
			</item>
			<item id="18">
				<item id="displayorder"><![CDATA[31]]></item>
				<item id="title"><![CDATA[导航设置]]></item>
				<item id="description"><![CDATA[]]></item>
				<item id="variable"><![CDATA[nav]]></item>
				<item id="type"><![CDATA[textarea]]></item>
				<item id="value"><![CDATA[<ul>
<li class="current"><a href="plugin.php?id=dzapp_sort">分类首页</a></li>
<li><a href="plugin.php?id=dzapp_sort&amp;mod=list&amp;catid=1" class="cg_a big" target="_blank">跳蚤市场</a><span><em>·</em></span><a href="tong.php" class="cg_color" target="_blank">扬州通</a></li>
<li><a href="plugin.php?id=dzapp_sort&amp;mod=list&amp;catid=2" class="big" target="_blank">房屋信息</a></li>
<li><a href="plugin.php?id=dzapp_sort&amp;mod=list&amp;catid=3" class="cg_a big" target="_blank">招聘求职</a><span><em>·</em></span><a href="plugin.php?id=dzapp_sort&amp;mod=list&amp;catid=68" class="cg_color" target="_blank">求职简历</a></li>
<li><a href="plugin.php?id=dzapp_sort&amp;mod=list&amp;catid=4" class="big" target="_blank">生活服务</a></li>
<li><a href="plugin.php?id=dzapp_sort&amp;mod=list&amp;catid=5" class="big" target="_blank">交友征婚</a></li>
<li><a href="plugin.php?id=dzapp_sort&amp;mod=list&amp;catid=6" class="big" target="_blank">家有宠物</a></li>
</ul>]]></item>
				<item id="extra"><![CDATA[]]></item>
			</item>
			<item id="19">
				<item id="displayorder"><![CDATA[32]]></item>
				<item id="title"><![CDATA[竞价说明链接]]></item>
				<item id="description"><![CDATA[]]></item>
				<item id="variable"><![CDATA[stick]]></item>
				<item id="type"><![CDATA[text]]></item>
				<item id="value"><![CDATA[]]></item>
				<item id="extra"><![CDATA[]]></item>
			</item>
			<item id="20">
				<item id="displayorder"><![CDATA[33]]></item>
				<item id="title"><![CDATA[服务中心]]></item>
				<item id="description"><![CDATA[]]></item>
				<item id="variable"><![CDATA[service]]></item>
				<item id="type"><![CDATA[textarea]]></item>
				<item id="value"><![CDATA[<li>客服电话：0514-87222599</li><li>在线时间：每天上午8:30至下午17:30</li>]]></item>
				<item id="extra"><![CDATA[]]></item>
			</item>
			<item id="21">
				<item id="displayorder"><![CDATA[34]]></item>
				<item id="title"><![CDATA[帮助中心链接]]></item>
				<item id="description"><![CDATA[]]></item>
				<item id="variable"><![CDATA[help]]></item>
				<item id="type"><![CDATA[text]]></item>
				<item id="value"><![CDATA[]]></item>
				<item id="extra"><![CDATA[]]></item>
			</item>
		</item>
		<item id="language">
			<item id="scriptlang">
				<item id="logy_m_g"><![CDATA[<h2 style="text-align:-webkit-center;">
	<span style="color:#4C33E5;">推荐一个dz商</span><span style="color:#4C33E5;">业插件模版下载的</span><span style="color:#4C33E5;"></span><span style="color:#4C33E5;">网站给大家</span><a href="http://www.ymg6.com" target="_blank"><span style="color:#4C33E5;">源码哥分享吧</span></a><span style="color:#4C33E5;">（www.ymg6.com）</span> 
</h2>
<h3 style="text-align:-webkit-center;">
	<span style="color:#E53333;">这</span><span style="color:#E53333;">是一个</span><span style="color:#E53333;">dz商业</span><a href="http://www.ymg6.com/forum.php?mod=forumdisplay&fid=2" target="_blank"><span style="color:#337FE5;">插</span><u><span style="color:#337FE5;"></span></u><span style="color:#337FE5;">件</span></a><a href="http://www.ymg6.com/forum.php?mod=forumdisplay&fid=36" target="_blank"><u><span style="color:#337FE5;">模</span></u><u><span style="color:#337FE5;"></span></u><u><span style="color:#337FE5;">版</span></u></a><span style="color:#E53333;">资源破解分享的网站，而且还有很多精品的网站源码下载</span> 
</h3>
<h3 style="text-align:-webkit-center;">
	<span style="color:#E53333;">他们资源每天更新，并且很多都是他们自己出钱在应用中心购买后破解分享出来的</span><br />
</h3>
<h3>
	<div style="text-align:center;">
		<span style="color:#E53333;">不过还是替他们说一下</span> 
	</div>
	<div style="text-align:center;">
		<span style="color:#E53333;">&nbsp;他们站下载的资源只限于自己学习研究内含的设计思想和原理 请勿有任何商业盈利行为</span> 
	</div>
</h3>
<h3 style="text-align:center;">
	<span style="color:#999999;">介绍也介绍完了，给大家做个小导航吧</span> 
</h3>
<h3 style="text-align:center;">
	<span style="color:#337FE5;"><a href="http://www.ymg6.com/forum.php?mod=forumdisplay&fid=2" target="_blank">dz商业破解插件下载</a> &nbsp; <a href="http://www.ymg6.com/forum.php?mod=forumdisplay&fid=36" target="_blank">dz商业风格模版下载</a> &nbsp; &nbsp;<a href="http://www.ymg6.com/forum.php?mod=forumdisplay&fid=50" target="_blank">精品网站源码下载</a> &nbsp; &nbsp;<a href="http://www.ymg6.com/forum.php?mod=forumdisplay&fid=51" target="_blank">工具素材下载</a></span><span style="color:#337FE5;">&nbsp; &nbsp; <a href="http://www.ymg6.com/forum.php?mod=forumdisplay&fid=41" target="_blank">精选教程区</a></span> 
</h3> ]]></item>
				<item id="SIF"><![CDATA[分类信息置顶]]></item>
				<item id="UIF"><![CDATA[分类信息刷新]]></item>
				<item id="keyword"><![CDATA[关键词]]></item>
				<item id="post_url"><![CDATA[发布页跳转链接]]></item>
				<item id="list_url"><![CDATA[列表页跳转链接]]></item>
				<item id="icon"><![CDATA[图标]]></item>
				<item id="weixin"><![CDATA[微信关键词]]></item>
				<item id="app_statement"><![CDATA[介绍]]></item>
				<item id="app_wechat_nonexistence"><![CDATA[您未安装微信机器人插件, 不能使用此功能]]></item>
				<item id="app_uninstall_success"><![CDATA[组件卸载成功]]></item>
				<item id="app_install_success"><![CDATA[组件安装成功]]></item>
				<item id="app_func_invalid"><![CDATA[组件已经存在]]></item>
				<item id="app_keyword_invalid"><![CDATA[关键词不能重复]]></item>
				<item id="app_edit_success"><![CDATA[组件编辑成功]]></item>
				<item id="app_invalid"><![CDATA[关键词不能为空]]></item>
				<item id="app_nonexistence"><![CDATA[组件不存在]]></item>
				<item id="app_update_succeed"><![CDATA[组件更新成功]]></item>
				<item id="app_edit"><![CDATA[编辑组件]]></item>
				<item id="app_install"><![CDATA[安装]]></item>
				<item id="app_uninstall"><![CDATA[卸载]]></item>
				<item id="app_new"><![CDATA[未安装的组件]]></item>
				<item id="app_keyword"><![CDATA[关键词]]></item>
				<item id="app_func"><![CDATA[标识]]></item>
				<item id="app_order"><![CDATA[排序]]></item>
				<item id="app_description"><![CDATA[描述]]></item>
				<item id="app_num"><![CDATA[数量]]></item>
				<item id="app_available"><![CDATA[可用]]></item>
				<item id="app_op"><![CDATA[操作]]></item>
				<item id="sort_app"><![CDATA[为你提供房产、招聘、黄页、天天、交友、二手、宠物、车辆、周边游等海量分类信息]]></item>
				<item id="sort"><![CDATA[分类信息]]></item>
				<item id="can_not_delete_moderate"><![CDATA[不能删除审核中的信息]]></item>
				<item id="moderating"><![CDATA[(审核中)]]></item>
				<item id="info_moderating"><![CDATA[您要查看的信息正在审核中]]></item>
				<item id="cate_update_succeed"><![CDATA[分类更新成功]]></item>
				<item id="mobile_style"><![CDATA[手机版图标]]></item>
				<item id="rule"><![CDATA[本版规则]]></item>
				<item id="showpic"><![CDATA[列表页显示图片]]></item>
				<item id="listtpl"><![CDATA[列表页模板]]></item>
				<item id="keys"><![CDATA[别名]]></item>
				<item id="moduleid"><![CDATA[模块]]></item>
				<item id="catname"><![CDATA[分类名称]]></item>
				<item id="personal"><![CDATA[(个人)]]></item>
				<item id="people"><![CDATA[人]]></item>
				<item id="show"><![CDATA[发布]]></item>
				<item id="one"><![CDATA[一]]></item>
				<item id="write_keyword"><![CDATA[请输入关键字]]></item>
				<item id="view_null"><![CDATA[您要查看的信息不存在]]></item>
				<item id="add_field"><![CDATA[添加字段]]></item>
				<item id="input_what_you_want"><![CDATA[请输入你想找的东东]]></item>
				<item id="required_null"><![CDATA[必填项目没有填写。]]></item>
				<item id="title"><![CDATA[名称]]></item>
				<item id="field_info"><![CDATA[字段信息]]></item>
				<item id="base_info"><![CDATA[基本信息]]></item>
				<item id="under"><![CDATA[以下]]></item>
				<item id="above"><![CDATA[以上]]></item>
				<item id="range"><![CDATA[搜索范围预置值]]></item>
				<item id="case"><![CDATA[可用条件]]></item>
				<item id="extra"><![CDATA[动作脚本]]></item>
				<item id="width"><![CDATA[表单显示宽度]]></item>
				<item id="choice"><![CDATA[选项内容]]></item>
				<item id="separator"><![CDATA[分隔标题]]></item>
				<item id="brief_description"><![CDATA[简短描述]]></item>
				<item id="cate"><![CDATA[类别]]></item>
				<item id="cate_not_existence"><![CDATA[指定的类别不存在，请返回。]]></item>
				<item id="status"><![CDATA[状态]]></item>
				<item id="deleted"><![CDATA[已删除]]></item>
				<item id="modify"><![CDATA[待修改]]></item>
				<item id="check"><![CDATA[待审核]]></item>
				<item id="stick"><![CDATA[置顶]]></item>
				<item id="normal"><![CDATA[正常]]></item>
				<item id="field_edit_succeed"><![CDATA[字段成功编辑。]]></item>
				<item id="not_existence"><![CDATA[指定的模型不存在，请返回。]]></item>
				<item id="succeed_edit_module"><![CDATA[模型成功编辑。]]></item>
				<item id="list"><![CDATA[列表]]></item>
				<item id="conbime"><![CDATA[合并]]></item>
				<item id="search"><![CDATA[搜索]]></item>
				<item id="required"><![CDATA[必填]]></item>
				<item id="unit"><![CDATA[单位]]></item>
				<item id="type"><![CDATA[类别]]></item>
				<item id="order"><![CDATA[顺序]]></item>
				<item id="detail"><![CDATA[详情]]></item>
				<item id="built_price"><![CDATA[[内置]价格(price)]]></item>
				<item id="built_sorce"><![CDATA[[内置]来源(identity)]]></item>
				<item id="del_cate_succeed"><![CDATA[类别成功删除]]></item>
				<item id="stop_del_subclass"><![CDATA[不能删除有子分类的类别，请返回修改。]]></item>
				<item id="succeed_edit_cate"><![CDATA[类别成功编辑。]]></item>
				<item id="write_all_required"><![CDATA[您必须输入所有必填项目，请返回修改。]]></item>
				<item id="list_house"><![CDATA[房屋信息]]></item>
				<item id="list_trade"><![CDATA[跳蚤市场]]></item>
				<item id="list_job"><![CDATA[招聘求职]]></item>
				<item id="list_pet"><![CDATA[家有宠物]]></item>
				<item id="list_love"><![CDATA[交友征婚]]></item>
				<item id="list_life"><![CDATA[生活服务]]></item>
				<item id="list_friend"><![CDATA[交友列表]]></item>
				<item id="add_fouth_cate"><![CDATA[添加四级分类]]></item>
				<item id="add_third_cate"><![CDATA[添加三级分类]]></item>
				<item id="add_cate"><![CDATA[添加分类]]></item>
				<item id="news_num"><![CDATA[信息数]]></item>
				<item id="module"><![CDATA[模型]]></item>
				<item id="add_subclass"><![CDATA[添加子分类]]></item>
				<item id="sort_list"><![CDATA[默认模板]]></item>
				<item id="name_comment"><![CDATA[必填]]></item>
				<item id="add_district"><![CDATA[添加地区]]></item>
				<item id="add_subdistrict"><![CDATA[添加子地区]]></item>
				<item id="district_update_succeed"><![CDATA[地区更新成功]]></item>
				<item id="district_add_succeed"><![CDATA[地区添加成功]]></item>
				<item id="district_edit_succeed"><![CDATA[地区编辑成功]]></item>
				<item id="district_invalid"><![CDATA[必填项不能为空]]></item>
				<item id="district_nonexistence"><![CDATA[您要编辑的项目不存在或已被删除]]></item>
				<item id="displayorder"><![CDATA[排序]]></item>
				<item id="name"><![CDATA[名称]]></item>
				<item id="description"><![CDATA[描述]]></item>
				<item id="add_module"><![CDATA[添加模型]]></item>
				<item id="add_submodule"><![CDATA[添加子模型]]></item>
				<item id="module_update_succeed"><![CDATA[模型更新成功]]></item>
				<item id="module_add_succeed"><![CDATA[模型添加成功]]></item>
				<item id="module_edit_succeed"><![CDATA[模型编辑成功]]></item>
				<item id="module_invalid"><![CDATA[必填项不能为空]]></item>
				<item id="module_nonexistence"><![CDATA[您要编辑的项目不存在或已被删除]]></item>
				<item id="subject"><![CDATA[标题]]></item>
				<item id="subject_comment"><![CDATA[必填]]></item>
				<item id="category"><![CDATA[分类]]></item>
				<item id="username"><![CDATA[用户名]]></item>
				<item id="realname"><![CDATA[联系人]]></item>
				<item id="realname_comment"><![CDATA[必填]]></item>
				<item id="mobile"><![CDATA[手机]]></item>
				<item id="mobile_comment"><![CDATA[必填]]></item>
				<item id="dateline"><![CDATA[发布时间]]></item>
				<item id="add_info"><![CDATA[添加信息]]></item>
				<item id="add_subinfo"><![CDATA[添加子信息]]></item>
				<item id="info_update_succeed"><![CDATA[信息更新成功]]></item>
				<item id="info_add_succeed"><![CDATA[信息添加成功]]></item>
				<item id="info_edit_succeed"><![CDATA[信息编辑成功]]></item>
				<item id="info_invalid"><![CDATA[必填项不能为空]]></item>
				<item id="info_nonexistence"><![CDATA[您要编辑的项目不存在或已被删除]]></item>
				<item id="bbname"><![CDATA[站点名称]]></item>
				<item id="code"><![CDATA[可用代码，点击插入: ]]></item>
				<item id="cat"><![CDATA[分类]]></item>
				<item id="page_index"><![CDATA[首页]]></item>
				<item id="page_list"><![CDATA[列表页]]></item>
				<item id="page_view"><![CDATA[详情页]]></item>
				<item id="page_memcp"><![CDATA[会员中心]]></item>
				<item id="page_post"><![CDATA[发布页]]></item>
				<item id="page_search"><![CDATA[搜索页]]></item>
				<item id="seotitle"><![CDATA[标题(title)]]></item>
				<item id="seokeywords"><![CDATA[关键词(keywords)]]></item>
				<item id="seodescription"><![CDATA[描述(description)]]></item>
				<item id="seo_update_succeed"><![CDATA[SEO设置成功更新]]></item>
			</item>
			<item id="templatelang">
				<item id="my_sort"><![CDATA[分类]]></item>
				<item id="memcp"><![CDATA[管理我的信息]]></item>
				<item id="reg_right_now"><![CDATA[立即注册]]></item>
				<item id="em"><![CDATA[<em>×]]></item>
				<item id="all_sort_city"><![CDATA[全$_G[setting][sort_city]]]></item>
				<item id="add_interest"><![CDATA[+感兴趣]]></item>
				<item id="too_lazy_to_left"><![CDATA[这家伙很懒，什么也没有留下……]]></item>
				<item id="update_time"><![CDATA[更新时间]]></item>
				<item id="make_friend_info"><![CDATA[交友资料]]></item>
				<item id="selected_condition"><![CDATA[已选条件]]></item>
				<item id="free_send_info"><![CDATA[免费发布交友信息]]></item>
				<item id="add_it_to_browser"><![CDATA[将本版块添加到浏览器收藏夹]]></item>
				<item id="article_amount"><![CDATA[总帖数]]></item>
				<item id="today_new_article"><![CDATA[今日新帖]]></item>
				<item id="sort"><![CDATA[分类信息]]></item>
				<item id="guest_tip"><![CDATA[<a href="member.php?mod=logging&action=login" onclick="showWindow('login', this.href)">登录</a>后可以查看联系方式, 没有账号]]></item>
				<item id="forum"><![CDATA[论坛]]></item>
				<item id="pm"><![CDATA[消息]]></item>
				<item id="moderating"><![CDATA[(审核中)]]></item>
				<item id="people"><![CDATA[人]]></item>
				<item id="customer_phone"><![CDATA[客服电话：0514-87222599]]></item>
				<item id="more"><![CDATA[更多>>]]></item>
				<item id="online_time"><![CDATA[在线时间：每天上午8:30至下午17:30]]></item>
				<item id="helper"><![CDATA[帮助手册]]></item>
				<item id="region"><![CDATA[地区]]></item>
				<item id="word_x"><![CDATA[×]]></item>
				<item id="personal"><![CDATA[个人]]></item>
				<item id="read"><![CDATA[人阅读]]></item>
				<item id="selected_module_not_existence"><![CDATA[指定的模型不存在，请返回。]]></item>
				<item id="restart"><![CDATA[返回]]></item>
				<item id="feedback"><![CDATA[反馈]]></item>
				<item id="del_article"><![CDATA[删帖]]></item>
				<item id="stop_trust"><![CDATA[让您提前汇款的都是骗子，请勿相信！]]></item>
				<item id="tip"><![CDATA[小提示]]></item>
				<item id="news_detail"><![CDATA[信息详情]]></item>
				<item id="have_a_word"><![CDATA[给我留言]]></item>
				<item id="mobile_contact"><![CDATA[电话联系]]></item>
				<item id="business"><![CDATA[商家]]></item>
				<item id="yard"><![CDATA[园]]></item>
				<item id="relevant_info"><![CDATA[ "$keyword"相关信息{$count}条]]></item>
				<item id="write_mobile"><![CDATA[请填写手机号#填写正确的手机号]]></item>
				<item id="write_word"><![CDATA[请输入2-6个汉字或字母]]></item>
				<item id="write_title"><![CDATA[请填写$option[title]]]></item>
				<item id="input_description_rule"><![CDATA[请填写描述#描述字数应为10-100字#描述不能含有电话号码]]></item>
				<item id="select_title"><![CDATA[请选择$option[title]]]></item>
				<item id="select_region"><![CDATA[请选择地区]]></item>
				<item id="input_title_rules"><![CDATA[请填写标题#标题不能输入连续特殊字符#标题字数应为8至28字#标题不能填写纯数字或电话号码]]></item>
				<item id="reselect_cate"><![CDATA[重选类别]]></item>
				<item id="reg"><![CDATA[注册]]></item>
				<item id="showing"><![CDATA[显示中]]></item>
				<item id="my_show"><![CDATA[我的发布]]></item>
				<item id="have_pic"><![CDATA[有图]]></item>
				<item id="app_download"><![CDATA[APP下载]]></item>
				<item id="history"><![CDATA[历史]]></item>
				<item id="user_center"><![CDATA[个人中心]]></item>
				<item id="have_a_search"><![CDATA[找不到？搜搜看吧]]></item>
				<item id="show"><![CDATA[发布]]></item>
				<item id="my_news"><![CDATA[我的信息]]></item>
				<item id="mobile_58_net"><![CDATA[手机58网：58.com&#160;&#160;&#160;&#160;京ICP证060405号]]></item>
				<item id="client"><![CDATA[客户端]]></item>
				<item id="computer_case"><![CDATA[电脑版]]></item>
				<item id="touch_case"><![CDATA[触屏版]]></item>
				<item id="normal_case"><![CDATA[普通版]]></item>
				<item id="user_feedback"><![CDATA[用户反馈]]></item>
				<item id="del_phone_by_info"><![CDATA[删除电话被冒用的信息]]></item>
				<item id="need_improve"><![CDATA[待完善]]></item>
				<item id="pet_info"><![CDATA[宠物信息]]></item>
				<item id="pet_agencies"><![CDATA[宠物机构]]></item>
				<item id="flowers/ birds/ fish"><![CDATA[花鸟鱼虫]]></item>
				<item id="pet adoption/assistance"><![CDATA[宠物领养/救助]]></item>
				<item id="trade/breeding/transfer"><![CDATA[买卖/配种/转让]]></item>
				<item id="show_pet"><![CDATA[宠物秀]]></item>
				<item id="pet_chat"><![CDATA[宠物聊吧]]></item>
				<item id="index"><![CDATA[首页]]></item>
				<item id="sort_list"><![CDATA[默认模板]]></item>
				<item id="cat_name"><![CDATA[分类名称]]></item>
				<item id="life_serve_info"><![CDATA[生活服务信息]]></item>
				<item id="business_serve"><![CDATA[商务服务]]></item>
				<item id="celebration"><![CDATA[礼仪庆典]]></item>
				<item id="education"><![CDATA[教育培训]]></item>
				<item id="travel"><![CDATA[旅游出行]]></item>
				<item id="entertainment"><![CDATA[休闲娱乐]]></item>
				<item id="family_serve"><![CDATA[家庭服务]]></item>
				<item id="all_direction_serve"><![CDATA[360度为生活提供全方位的服务]]></item>
				<item id="input_your_serve"><![CDATA[输入您想找的服务，比如搬家公司]]></item>
				<item id="life_serve"><![CDATA[生活服务]]></item>
				<item id="view_more_info"><![CDATA[查看更多$vars[sort_city]异性交友信息]]></item>
				<item id="upload_your_pic"><![CDATA[上传个人形象相片你也能上这哦！]]></item>
				<item id="woman"><![CDATA[女士]]></item>
				<item id="man"><![CDATA[男士]]></item>
				<item id="all_info"><![CDATA[所有]]></item>
				<item id="free_makefriend_info"><![CDATA[免费发布交友信息]]></item>
				<item id="day_visit"><![CDATA[每天有10000人在这寻找TA]]></item>
				<item id="free_makefriend"><![CDATA[$vars[sort_city]本地免费交友]]></item>
				<item id="other_makefriend"><![CDATA[其他交友]]></item>
				<item id="find_similar"><![CDATA[找老乡]]></item>
				<item id="find_boyfriend"><![CDATA[找男友]]></item>
				<item id="more_condition"><![CDATA[更多条件]]></item>
				<item id="above"><![CDATA[以上]]></item>
				<item id="height"><![CDATA[身高]]></item>
				<item id="older"><![CDATA[岁以上]]></item>
				<item id="year"><![CDATA[岁]]></item>
				<item id="age"><![CDATA[年龄]]></item>
				<item id="find_girlfriend"><![CDATA[找女友]]></item>
				<item id="true_emotion_we_together"><![CDATA[真情互动，你我在$vars[sort_city]相聚]]></item>
				<item id="in_three_month"><![CDATA[三个月内]]></item>
				<item id="in_a_month"><![CDATA[一个月内]]></item>
				<item id="in_a_week"><![CDATA[一周内]]></item>
				<item id="in_three_days"><![CDATA[三天内]]></item>
				<item id="today"><![CDATA[今天]]></item>
				<item id="all_hunting"><![CDATA[所有招聘]]></item>
				<item id="all_job"><![CDATA[总岗位数]]></item>
				<item id="day_job_add"><![CDATA[今日新增岗位数]]></item>
				<item id="find_excelent"><![CDATA[找人才]]></item>
				<item id="find_job"><![CDATA[找工作]]></item>
				<item id="input_name"><![CDATA[请输入职位名称或公司名称]]></item>
				<item id="send_job"><![CDATA[发布招聘]]></item>
				<item id="create_info"><![CDATA[创建简历]]></item>
				<item id="million_money"><![CDATA[万元]]></item>
				<item id="money_month"><![CDATA[元/月]]></item>
				<item id="factory"><![CDATA[厂房/仓库/车库/其他]]></item>
				<item id="office_rental"><![CDATA[写字楼租售]]></item>
				<item id="store"><![CDATA[店面/商铺]]></item>
				<item id="house_purching"><![CDATA[住房求租/求购]]></item>
				<item id="a"><![CDATA[条]]></item>
				<item id="short_renting"><![CDATA[日租房/短租房]]></item>
				<item id="second_hand"><![CDATA[二手房]]></item>
				<item id="renting"><![CDATA[租房]]></item>
				<item id="business_estate"><![CDATA[商业地产]]></item>
				<item id="ordinary_house"><![CDATA[普通住宅]]></item>
				<item id="good_house_start"><![CDATA[拥有好房子,从这里开始]]></item>
				<item id="input_main_info"><![CDATA[请输入小区名、地址、路标建筑等]]></item>
				<item id="implove_effect"><![CDATA[置顶竞价让效果提升<span class="xi1">10倍以上</span>]]></item>
				<item id="login"><![CDATA[登录]]></item>
				<item id="set_face"><![CDATA[设为封面]]></item>
				<item id="face_talk"><![CDATA[面议]]></item>
				<item id="momey"><![CDATA[元]]></item>
				<item id="quality"><![CDATA[成色]]></item>
				<item id="price"><![CDATA[价格]]></item>
				<item id="info_theme"><![CDATA[信息主题]]></item>
				<item id="more_10_times"><![CDATA[10倍以上]]></item>
				<item id="all_articles"><![CDATA[总帖数]]></item>
				<item id="new_articles"><![CDATA[今日新帖数]]></item>
				<item id="take_your_need"><![CDATA[二手、全新,淘你所需]]></item>
				<item id="input_searchs"><![CDATA[输入您想找的物品，比如摩托车、二手电脑]]></item>
				<item id="trade_market"><![CDATA[交易市场]]></item>
				<item id="not_write"><![CDATA[没有填写]]></item>
				<item id="add_care"><![CDATA[加关注]]></item>
				<item id="hot_info"><![CDATA[推荐信息]]></item>
				<item id="care"><![CDATA[关注]]></item>
				<item id="send_info"><![CDATA[发私信]]></item>
				<item id="credit"><![CDATA[积分]]></item>
				<item id="friends"><![CDATA[好友]]></item>
				<item id="theme"><![CDATA[主题]]></item>
				<item id="off_line"><![CDATA[离线]]></item>
				<item id="online"><![CDATA[在线]]></item>
				<item id="click_to_next"><![CDATA[点击转入下一张]]></item>
				<item id="click_to_last"><![CDATA[点击转入上一张]]></item>
				<item id="more_stage"><![CDATA[更多平台]]></item>
				<item id="share_to_douban"><![CDATA[分享到豆瓣]]></item>
				<item id="share_to_tentxun"><![CDATA[分享到腾讯微博]]></item>
				<item id="share_to_people_net"><![CDATA[分享到人人网]]></item>
				<item id="share_to_sina"><![CDATA[分享到新浪微博]]></item>
				<item id="share_to_qqzone"><![CDATA[分享到QQ空间]]></item>
				<item id="share_to_view_more"><![CDATA[分享让更多人看到]]></item>
				<item id="add_to_explorer_collection"><![CDATA[添加到浏览器收藏夹]]></item>
				<item id="add_to_collection"><![CDATA[将本版块添加到浏览器收藏夹]]></item>
				<item id="save_deskface"><![CDATA[保存到桌面]]></item>
				<item id="collection_need_login"><![CDATA[收藏到我的收藏]]></item>
				<item id="easy_to_find"><![CDATA[收藏起来方便查找]]></item>
				<item id="share"><![CDATA[分享]]></item>
				<item id="collect"><![CDATA[收藏]]></item>
				<item id="report_info"><![CDATA[举报该信息]]></item>
				<item id="more_info"><![CDATA[更多介绍]]></item>
				<item id="see_and_thanks"><![CDATA[上看到的，谢谢]]></item>
				<item id="contact_me_say"><![CDATA[联系我时，请说是在]]></item>
				<item id="click_to_talk"><![CDATA[点击直接交谈]]></item>
				<item id="contact_mobile"><![CDATA[联系电话]]></item>
				<item id="belong_to_cate"><![CDATA[所属类别]]></item>
				<item id="last_refresh_time"><![CDATA[最后更新时间]]></item>
				<item id="info_nember"><![CDATA[信息编号]]></item>
				<item id="album"><![CDATA[相册]]></item>
				<item id="my_album"><![CDATA[我的相册]]></item>
				<item id="medal"><![CDATA[勋章]]></item>
				<item id="my_medal"><![CDATA[我的勋章]]></item>
				<item id="article"><![CDATA[贴子]]></item>
				<item id="my_article"><![CDATA[我的贴子]]></item>
				<item id="zone"><![CDATA[空间]]></item>
				<item id="my_zone"><![CDATA[我的空间]]></item>
				<item id="my_fast_way"><![CDATA[我的快捷通道]]></item>
				<item id="info"><![CDATA[信息]]></item>
				<item id="input_your_search"><![CDATA[请输入你想找的东东]]></item>
				<item id="job_info"><![CDATA[求职简历]]></item>
				<item id="author"><![CDATA[作者]]></item>
				<item id="search_result"><![CDATA[搜索结果]]></item>
				<item id="my_pet"><![CDATA[家有宠物]]></item>
				<item id="dating_marry"><![CDATA[交友征婚]]></item>
				<item id="life_sever"><![CDATA[生活服务]]></item>
				<item id="job_hunting"><![CDATA[招聘求职]]></item>
				<item id="house_info"><![CDATA[房屋信息]]></item>
				<item id="yangzhouknow"><![CDATA[扬州通]]></item>
				<item id="flea_market"><![CDATA[跳蚤市场]]></item>
				<item id="cate_index"><![CDATA[分类首页]]></item>
				<item id="search"><![CDATA[搜　索]]></item>
				<item id="free_show_info"><![CDATA[免费发布信息]]></item>
				<item id="alter_del_info"><![CDATA[修改删除信息]]></item>
				<item id="cate_ads"><![CDATA[分类广告]]></item>
				<item id="mobile_rule_not_right"><![CDATA[手机格式不正确]]></item>
				<item id="contacter_not_all"><![CDATA[联系人不能为空]]></item>
				<item id="info_content_not_null"><![CDATA[信息内容不能为空]]></item>
				<item id="areas_not_null"><![CDATA[地区不能为空]]></item>
				<item id="info_title_not_null"><![CDATA[信息标题不能为空]]></item>
				<item id="small_cate_not_null"><![CDATA[小类不能为空]]></item>
				<item id="current_cate_not_null"><![CDATA[当前类别不能为空]]></item>
				<item id="submit"><![CDATA[提交]]></item>
				<item id="mobile"><![CDATA[手机]]></item>
				<item id="contacter"><![CDATA[联系人]]></item>
				<item id="contact_way"><![CDATA[联系方式]]></item>
				<item id="available_extensions"><![CDATA[可用扩展名]]></item>
				<item id="less"><![CDATA[小于]]></item>
				<item id="file_size"><![CDATA[文件尺寸]]></item>
				<item id="upload_pic"><![CDATA[上传图片]]></item>
				<item id="info_content"><![CDATA[信息内容]]></item>
				<item id="please_select"><![CDATA[请选择]]></item>
				<item id="areas"><![CDATA[地区]]></item>
				<item id="info_title"><![CDATA[信息标题]]></item>
				<item id="current_cate"><![CDATA[当前类别]]></item>
				<item id="base_info"><![CDATA[基本信息]]></item>
				<item id="no_sham_or_del"><![CDATA[严禁商家冒充个人发布交易信息，一经发现，删除帖子并封号]]></item>
				<item id="admins"><![CDATA[版规]]></item>
				<item id="view"><![CDATA[查看]]></item>
				<item id="view_admins"><![CDATA[查看版规]]></item>
				<item id="write_info"><![CDATA[填写信息]]></item>
				<item id="select_cate"><![CDATA[选择类别]]></item>
				<item id="select_channel"><![CDATA[选择频道]]></item>
				<item id="reselect"><![CDATA[重选]]></item>
				<item id="datetime"><![CDATA[期限]]></item>
				<item id="day"><![CDATA[天]]></item>
				<item id="past_time"><![CDATA[过期时间]]></item>
				<item id="start_time"><![CDATA[开始时间]]></item>
				<item id="sticked_news"><![CDATA[该信息已经是置顶状态]]></item>
				<item id="stick_news"><![CDATA[信息置顶]]></item>
				<item id="sure_refresh_info"><![CDATA[您确认要刷新选定的信息吗]]></item>
				<item id="refresh_need_del"><![CDATA[刷新信息需要扣除]]></item>
				<item id="refresh_info"><![CDATA[刷新信息]]></item>
				<item id="delete"><![CDATA[删除]]></item>
				<item id="refresh"><![CDATA[刷新]]></item>
				<item id="del_all"><![CDATA[彻底删除]]></item>
				<item id="renew"><![CDATA[恢复]]></item>
				<item id="edit"><![CDATA[编辑]]></item>
				<item id="stick"><![CDATA[置顶]]></item>
				<item id="operation"><![CDATA[操作]]></item>
				<item id="last_refresh"><![CDATA[最后更新]]></item>
				<item id="title"><![CDATA[标题]]></item>
				<item id="show_info"><![CDATA[发布信息]]></item>
				<item id="deleted"><![CDATA[已删除]]></item>
				<item id="need_inprove"><![CDATA[待完善]]></item>
				<item id="need_check"><![CDATA[待审核]]></item>
				<item id="pay_ads"><![CDATA[付费中的广告]]></item>
				<item id="ordinary_info"><![CDATA[普通信息]]></item>
				<item id="all_clause"><![CDATA[全部]]></item>
				<item id="my_cate"><![CDATA[分类]]></item>
				<item id="cate_info"><![CDATA[分类信息]]></item>
				<item id="sure_to_refresh"><![CDATA[您确认要刷新选定的房源吗]]></item>
				<item id="sure"><![CDATA[确定]]></item>
				<item id="need_del_for_house"><![CDATA[刷新房源需要扣除]]></item>
				<item id="close"><![CDATA[关闭]]></item>
				<item id="new_house_sorce"><![CDATA[刷新房源]]></item>
				<item id="about_stick"><![CDATA[关于置顶]]></item>
				<item id="pic"><![CDATA[图]]></item>
				<item id="dateline"><![CDATA[发布时间]]></item>
				<item id="theme_title"><![CDATA[信息主题]]></item>
				<item id="improve_effect"><![CDATA[置顶竞价让效果提升]]></item>
				<item id="pic_aritcle_trade_info"><![CDATA[只看有图交易信息]]></item>
				<item id="pic_article"><![CDATA[图文]]></item>
				<item id="list"><![CDATA[列表]]></item>
				<item id="show_way"><![CDATA[显示方式]]></item>
				<item id="all"><![CDATA[全]]></item>
				<item id="selected"><![CDATA[已选条件]]></item>
				<item id="free_info"><![CDATA[免费发布信息]]></item>
				<item id="area"><![CDATA[区域]]></item>
				<item id="small_cate"><![CDATA[小类]]></item>
				<item id="no_limit"><![CDATA[不限]]></item>
				<item id="cate"><![CDATA[类别]]></item>
				<item id="to_collect"><![CDATA[添加到浏览器收藏夹]]></item>
				<item id="total"><![CDATA[总帖数]]></item>
				<item id="news"><![CDATA[今日新帖]]></item>
				<item id="sort_info"><![CDATA[分类信息]]></item>
			</item>
			<item id="installlang">
				<item id="cron_todaysort_daily"><![CDATA[分类信息每日清理]]></item>
				<item id="cron_sortexpiry_hourly"><![CDATA[分类信息置顶清理]]></item>
			</item>
		</item>
		<item id="installfile"><![CDATA[install.php]]></item>
		<item id="uninstallfile"><![CDATA[uninstall.php]]></item>
		<item id="upgradefile"><![CDATA[upgrade.php]]></item>
	</item>
</root>