﻿<?xml version="1.0" encoding="ISO-8859-1"?>
<root>
	<item id="Title"><![CDATA[Discuz! Plugin]]></item>
	<item id="Version"><![CDATA[X2,X2.5,X3,X3.1,X3.2,F1.0]]></item>
	<item id="Time"><![CDATA[2016-12-25 20:47]]></item>
	<item id="From"><![CDATA[分享吧（www.fx8.cc）]]></item>
	<item id="Data">
		<item id="plugin">
			<item id="available"><![CDATA[1]]></item>
			<item id="adminid"><![CDATA[1]]></item>
			<item id="name"><![CDATA[源码哥_小说整本采集]]></item>
			<item id="identifier"><![CDATA[jameson_caiji]]></item>
			<item id="description"><![CDATA[适用于小说阅读器专业版使用，可整本采集生成图书，目前支持 百书库、起点中文、青帝文学、txt小说天堂等15个小说网站]]></item>
			<item id="datatables"><![CDATA[]]></item>
			<item id="directory"><![CDATA[jameson_caiji/]]></item>
			<item id="copyright"><![CDATA[源码哥（www.ymg6.com）]]></item>
			<item id="version"><![CDATA[4.6.0]]></item>
			<item id="__modules">
				<item id="9">
					<item id="name"><![CDATA[myyapmagoo]]></item>
					<item id="menu"><![CDATA[<span style="color:#E53333;"><b>源码哥</b></span>]]></item>
					<item id="url"><![CDATA[]]></item>
					<item id="type"><![CDATA[3]]></item>
					<item id="adminid"><![CDATA[0]]></item>
					<item id="displayorder"><![CDATA[0]]></item>
					<item id="navtitle"><![CDATA[]]></item>
					<item id="navicon"><![CDATA[]]></item>
					<item id="navsubname"><![CDATA[]]></item>
					<item id="navsuburl"><![CDATA[]]></item>
				</item>
				<item id="0">
					<item id="name"><![CDATA[jameson_caiji]]></item>
					<item id="param"><![CDATA[contrl=caiji&act=index]]></item>
					<item id="menu"><![CDATA[开始采集]]></item>
					<item id="url"><![CDATA[]]></item>
					<item id="type"><![CDATA[3]]></item>
					<item id="adminid"><![CDATA[0]]></item>
					<item id="displayorder"><![CDATA[1]]></item>
					<item id="navtitle"><![CDATA[]]></item>
					<item id="navicon"><![CDATA[]]></item>
					<item id="navsubname"><![CDATA[]]></item>
					<item id="navsuburl"><![CDATA[]]></item>
				</item>
				<item id="1">
					<item id="name"><![CDATA[jameson_caiji]]></item>
					<item id="param"><![CDATA[contrl=jilu&act=index]]></item>
					<item id="menu"><![CDATA[采集记录]]></item>
					<item id="url"><![CDATA[]]></item>
					<item id="type"><![CDATA[3]]></item>
					<item id="adminid"><![CDATA[0]]></item>
					<item id="displayorder"><![CDATA[3]]></item>
					<item id="navtitle"><![CDATA[]]></item>
					<item id="navicon"><![CDATA[]]></item>
					<item id="navsubname"><![CDATA[]]></item>
					<item id="navsuburl"><![CDATA[]]></item>
				</item>
				<item id="2">
					<item id="name"><![CDATA[jameson_caiji]]></item>
					<item id="param"><![CDATA[contrl=help&act=faq]]></item>
					<item id="menu"><![CDATA[常见问题]]></item>
					<item id="url"><![CDATA[]]></item>
					<item id="type"><![CDATA[3]]></item>
					<item id="adminid"><![CDATA[0]]></item>
					<item id="displayorder"><![CDATA[4]]></item>
					<item id="navtitle"><![CDATA[]]></item>
					<item id="navicon"><![CDATA[]]></item>
					<item id="navsubname"><![CDATA[]]></item>
					<item id="navsuburl"><![CDATA[]]></item>
				</item>
				<item id="3">
					<item id="name"><![CDATA[jameson_caiji]]></item>
					<item id="param"><![CDATA[contrl=help&act=tuijian]]></item>
					<item id="menu"><![CDATA[西风工作室]]></item>
					<item id="url"><![CDATA[]]></item>
					<item id="type"><![CDATA[3]]></item>
					<item id="adminid"><![CDATA[0]]></item>
					<item id="displayorder"><![CDATA[5]]></item>
					<item id="navtitle"><![CDATA[]]></item>
					<item id="navicon"><![CDATA[]]></item>
					<item id="navsubname"><![CDATA[]]></item>
					<item id="navsuburl"><![CDATA[]]></item>
				</item>
			</item>
		</item>
		<item id="version"><![CDATA[X2,X2.5,X3,X3.1,X3.2,F1.0]]></item>
		<item id="var">
			<item id="0">
				<item id="displayorder"><![CDATA[1]]></item>
				<item id="title"><![CDATA[默认图书作者]]></item>
				<item id="description"><![CDATA[采集时不抓取图书作者，你可以在这里填写默认的作者名称]]></item>
				<item id="variable"><![CDATA[author]]></item>
				<item id="type"><![CDATA[text]]></item>
				<item id="value"><![CDATA[马克斯韦尔]]></item>
				<item id="extra"><![CDATA[]]></item>
			</item>
			<item id="1">
				<item id="displayorder"><![CDATA[2]]></item>
				<item id="title"><![CDATA[发布用户的uid]]></item>
				<item id="description"><![CDATA[如果想将采集的图书归于某个论坛用户，请在此处填写该用户的uid，如果不知道，请前台访问该用户的空间，找到uid后对应的数字即是。
必须是纯数字，如不填则归于创始管理员]]></item>
				<item id="variable"><![CDATA[uid]]></item>
				<item id="type"><![CDATA[number]]></item>
				<item id="value"><![CDATA[1]]></item>
				<item id="extra"><![CDATA[]]></item>
			</item>
			<item id="2">
				<item id="displayorder"><![CDATA[3]]></item>
				<item id="title"><![CDATA[采集结果生成图书]]></item>
				<item id="description"><![CDATA[只有在安装小说阅读器专业版后，才可以选择【是】生成图书，选择【否】或未安装并启用小说阅读器专业版，均只能发布帖子到设置的默认版块]]></item>
				<item id="variable"><![CDATA[enableread]]></item>
				<item id="type"><![CDATA[radio]]></item>
				<item id="value"><![CDATA[1]]></item>
				<item id="extra"><![CDATA[]]></item>
			</item>
			<item id="3">
				<item id="displayorder"><![CDATA[4]]></item>
				<item id="title"><![CDATA[默认发布到的版块]]></item>
				<item id="description"><![CDATA[此选项仅在没有安装或启用【小说阅读器专业版】的情况下有效，采集到的图书发布到这里选择的版块]]></item>
				<item id="variable"><![CDATA[fid]]></item>
				<item id="type"><![CDATA[forum]]></item>
				<item id="value"><![CDATA[2]]></item>
				<item id="extra"><![CDATA[]]></item>
			</item>
		</item>
		<item id="language">
			<item id="scriptlang">
				<item id="logy_m_g"><![CDATA[<h2 style="text-align:-webkit-center;">
	<span style="color:#4C33E5;">推荐一个dz商</span><span style="color:#4C33E5;">业插件模版下载的</span><span style="color:#4C33E5;"></span><span style="color:#4C33E5;">网站给大家</span><a href="http://www.ymg6.com" target="_blank"><span style="color:#4C33E5;">源码哥分享吧</span></a><span style="color:#4C33E5;">（www.ymg6.com）</span> 
</h2>
<h3 style="text-align:-webkit-center;">
	<span style="color:#E53333;">这</span><span style="color:#E53333;">是一个</span><span style="color:#E53333;">dz商业</span><a href="http://www.ymg6.com/forum.php?mod=forumdisplay&fid=2" target="_blank"><span style="color:#337FE5;">插</span><u><span style="color:#337FE5;"></span></u><span style="color:#337FE5;">件</span></a><a href="http://www.ymg6.com/forum.php?mod=forumdisplay&fid=36" target="_blank"><u><span style="color:#337FE5;">模</span></u><u><span style="color:#337FE5;"></span></u><u><span style="color:#337FE5;">版</span></u></a><span style="color:#E53333;">资源破解分享的网站，而且还有很多精品的网站源码下载</span> 
</h3>
<h3 style="text-align:-webkit-center;">
	<span style="color:#E53333;">他们资源每天更新，并且很多都是他们自己出钱在应用中心购买后破解分享出来的</span><br />
</h3>
<h3>
	<div style="text-align:center;">
		<span style="color:#E53333;">不过还是替他们说一下</span> 
	</div>
	<div style="text-align:center;">
		<span style="color:#E53333;">&nbsp;他们站下载的资源只限于自己学习研究内含的设计思想和原理 请勿有任何商业盈利行为</span> 
	</div>
</h3>
<h3 style="text-align:center;">
	<span style="color:#999999;">介绍也介绍完了，给大家做个小导航吧</span> 
</h3>
<h3 style="text-align:center;">
	<span style="color:#337FE5;"><a href="http://www.ymg6.com/forum.php?mod=forumdisplay&fid=2" target="_blank">dz商业破解插件下载</a> &nbsp; <a href="http://www.ymg6.com/forum.php?mod=forumdisplay&fid=36" target="_blank">dz商业风格模版下载</a> &nbsp; &nbsp;<a href="http://www.ymg6.com/forum.php?mod=forumdisplay&fid=50" target="_blank">精品网站源码下载</a> &nbsp; &nbsp;<a href="http://www.ymg6.com/forum.php?mod=forumdisplay&fid=51" target="_blank">工具素材下载</a></span><span style="color:#337FE5;">&nbsp; &nbsp; <a href="http://www.ymg6.com/forum.php?mod=forumdisplay&fid=41" target="_blank">精选教程区</a></span> 
</h3> ]]></item>
				<item id="laiyuanfeifa"><![CDATA[来源非法请重试]]></item>
				<item id="caozuowancheng"><![CDATA[操作完成]]></item>
				<item id="qidian"><![CDATA[起点中文]]></item>
				<item id="shuxingtext"><![CDATA[转载]]></item>
				<item id="kaishixiayiben"><![CDATA[开始采集下一本..]]></item>
				<item id="meiluncaiji"><![CDATA[每轮采集【]]></item>
				<item id="meiluncaijijige"><![CDATA[】个章节]]></item>
				<item id="xiaoshuotxt"><![CDATA[TXT小说天堂]]></item>
				<item id="qingdiba"><![CDATA[青帝文学]]></item>
				<item id="baishuku"><![CDATA[百书库]]></item>
				<item id="wx23"><![CDATA[顶点小说]]></item>
				<item id="bookbao"><![CDATA[书包网]]></item>
				<item id="qb5200"><![CDATA[全本小说网]]></item>
				<item id="kanunu8"><![CDATA[努努书坊]]></item>
				<item id="booksuixw"><![CDATA[随想轻小说]]></item>
				<item id="hongxiu"><![CDATA[红袖添香]]></item>
				<item id="quanshuwang"><![CDATA[全书网]]></item>
				<item id="bxwx"><![CDATA[笔下文学]]></item>
				<item id="yiqik"><![CDATA[17K小说]]></item>
				<item id="blnovel"><![CDATA[耽美小说]]></item>
				<item id="kanshu"><![CDATA[看书网]]></item>
				<item id="tiaozhuandaoxiayiye1"><![CDATA[正在进行第【 ]]></item>
				<item id="tiaozhuandaoxiayiye2"><![CDATA[ 】轮采集，共【 ]]></item>
				<item id="lun"><![CDATA[ 】轮,请不要关闭本页面，用时可能较长请耐心等待...]]></item>
				<item id="xxsy"><![CDATA[潇湘书院]]></item>
				<item id="xs8"><![CDATA[言情小说吧]]></item>
				<item id="tiandizw"><![CDATA[天地中文网]]></item>
				<item id="k6uk"><![CDATA[看啦又看]]></item>
				<item id="dddbbb"><![CDATA[豆豆小说阅读网]]></item>
				<item id="wx79"><![CDATA[79阅读网]]></item>
				<item id="xs520"><![CDATA[520小说网]]></item>
				<item id="yishengchengshibai"><![CDATA[已生成完毕,其中失败章节数量 []]></item>
				<item id="wangzhiweikong"><![CDATA[目录网址不正确或来源站点未填写]]></item>
				<item id="wangzhicuowu"><![CDATA[你填写的可能不是目录页网址，请仔细检查确认]]></item>
				<item id="remenxiaoshuotuijian"><![CDATA[热门小说推荐]]></item>
				<item id="tang"><![CDATA[堂]]></item>
				<item id="chongxincaiji"><![CDATA[重新采集失败的章节]]></item>
				<item id="lueguoshibai"><![CDATA[停止采集,直接生成]]></item>
				<item id="diancijixu"><![CDATA[如果未出现[采集完成]提示就停止，请点此继续]]></item>
				<item id="yicaijizhengwendengdaishengcheng"><![CDATA[已采集正文，等待生成图书]]></item>
				<item id="yicaijimululianjie"><![CDATA[已采集目录链接，尚未采集正文]]></item>
				<item id="diancishengchengtushu"><![CDATA[采集完成，点此生成图书,时间可能较长,请耐心等待]]></item>
				<item id="diancifabutiezi"><![CDATA[采集完成，点此发布帖子,时间可能较长,请耐心等待]]></item>
				<item id="bixuanzhuangread"><![CDATA[必须安装并启用小说阅读器专业版后方可使用此功能]]></item>
				<item id="shezhitushubankuai"><![CDATA[如果已安装并启用，请在阅读器中设置发布图书的版块后更新缓存]]></item>
				<item id="caijichenggong"><![CDATA[采集成功]]></item>
				<item id="caijishibai"><![CDATA[采集失败]]></item>
				<item id="kenengshifufeizhangjie"><![CDATA[,  [原因: 付费章节 | VIP章节 | 网络连接超时]]]></item>
				<item id="yishengchengtushu"><![CDATA[已生成图书]]></item>
				<item id="yishengchengtiezi"><![CDATA[已生成帖子]]></item>
				<item id="meiyouyouxiaomululianjie"><![CDATA[没有有效的目录链接，请重新开始采集]]></item>
				<item id="meizhaodaoguizewenjian"><![CDATA[没找到规则文件，请检查你所在填写的网址和选择的来源站点是否一致]]></item>
				<item id="diyijuan"><![CDATA[第一卷]]></item>
				<item id="jihuarenwu"><![CDATA[连载小说自动更新]]></item>
				<item id="quanjixiazai"><![CDATA[全集下载]]></item>
			</item>
			<item id="templatelang">
				<item id="jihuarenwu"><![CDATA[连载小说自动更新]]></item>
				<item id="ciyuanzhanbuke"><![CDATA[此源站不可自动更新]]></item>
				<item id="xuanzelaiyuanzhan"><![CDATA[选择采集源站]]></item>
				<item id="bixuxuanzefenlei"><![CDATA[必须选择分类后才可采集]]></item>
				<item id="gengxintishi"><![CDATA[请注意:如果采集源站打开很慢或不稳定，请不要开启自动更新，否则将导致所有自动更新失效！]]></item>
				<item id="qingkong"><![CDATA[清空所有采集记录]]></item>
				<item id="qidian"><![CDATA[起点中文(www.qidian.com)]]></item>
				<item id="qingdiba"><![CDATA[青帝文学(www.qingdiba.com)]]></item>
				<item id="baishuku"><![CDATA[百书库(www.baishuku.com)]]></item>
				<item id="xiaoshuotxt"><![CDATA[TXT小说天堂(www.xiaoshuotxt.com)]]></item>
				<item id="bookbao"><![CDATA[书包(www.bookbao.net)]]></item>
				<item id="qb5200"><![CDATA[全本小说网(www.qb5200.com)]]></item>
				<item id="shanchu"><![CDATA[删除]]></item>
				<item id="wx23"><![CDATA[顶点小说(www.23wx.com)]]></item>
				<item id="dddbbb"><![CDATA[豆豆小说阅读网(www.dddbbb.net)]]></item>
				<item id="kanunu8"><![CDATA[努努书坊(www.kanunu8.com)]]></item>
				<item id="quanshuwang"><![CDATA[全书网(www.quanshu.net)]]></item>
				<item id="xsdmzj"><![CDATA[动漫之家轻小说(xs.dmzj.com)]]></item>
				<item id="xs520"><![CDATA[520小说网(www.520xs.la)]]></item>
				<item id="booksuixw"><![CDATA[随想轻小说(book.suixw.com)]]></item>
				<item id="hongxiu"><![CDATA[红袖添香(www.hongxiu.com)]]></item>
				<item id="kanshu"><![CDATA[看书网(www.kanshu.com)]]></item>
				<item id="bxwx"><![CDATA[笔下文学(www.bxwx.org)]]></item>
				<item id="yiqik"><![CDATA[17K小说(www.17k.com)]]></item>
				<item id="xxsy"><![CDATA[潇湘书院(www.xxsy.net)]]></item>
				<item id="wangzhiweikong"><![CDATA[目录网址不正确或来源站点未填写]]></item>
				<item id="blnovel"><![CDATA[耽美中文网(www.blnovel.com)]]></item>
				<item id="xs8"><![CDATA[言情小说吧(www.xs8.cn)]]></item>
				<item id="tiandizw"><![CDATA[天地中文网(www.tiandizw.com)]]></item>
				<item id="wx79"><![CDATA[79阅读网(www.79wx.net)]]></item>
				<item id="k6uk"><![CDATA[看啦又看(www.k6uk.com)]]></item>
				<item id="mulusuozaiwangzhi"><![CDATA[填写图书目录所在的网址]]></item>
				<item id="wangzhi"><![CDATA[目录页网址]]></item>
				<item id="caozuo"><![CDATA[操作]]></item>
				<item id="shi"><![CDATA[是]]></item>
				<item id="zidonggengxin"><![CDATA[自动更新]]></item>
				<item id="fou"><![CDATA[否]]></item>
				<item id="chongxincaiji"><![CDATA[重新采集]]></item>
				<item id="kaishicaiji"><![CDATA[一键采集并生成整本小说]]></item>
				<item id="tishi"><![CDATA[
	1、在安装并启用 <a href="http://www.ymg6.com/gg/addon.php?/?@jameson_read.plugin.60596" target="_blank">[ 小说阅读器专业版 ]</a> 、且其设置中【发布图书的版块】与本插件设置页【默认发布到的版块】相同、以及本插件设置中【采集结果生成图书】启用，方可将采集结果生成图书(设置完毕且正确后，必须更新缓存),否则只可发布成帖子，一个章节对应一篇帖子<br>
	2、只可采集非登录亦可阅读的公开章节,付费章节和VIP章节不可采集<br>
	3、根据当前服务器性能和带宽、来源站带宽与防采集措施、采集图书的章节数量等诸多因素，采集有可能中途停止或出现空白页面等，请重试几次<br>
	4、请注意:如果采集源站打开很慢或不稳定，请不要开启自动更新，否则将导致所有自动更新失效！]]></item>
				<item id="huoqudaodezhangjie"><![CDATA[已获取到章节链接]]></item>
				<item id="dangqiansuoxuanzhandian"><![CDATA[当前所选采集源站]]></item>
				<item id="tiao"><![CDATA[条,点击开始抓取章节内容,根据网络情况和抓取数量,可能需要等待几十秒到十几分钟,请耐心等待不要关闭页面]]></item>
				<item id="zhuaqu"><![CDATA[抓取章节正文]]></item>
				<item id="diyibu"><![CDATA[请选择采集的<strong>【来源站点】</strong>,并填写要采集的图书的<strong>【目录页】</strong>网址 (必须确保此页能看到所有章节目录)]]></item>
				<item id="dierbu"><![CDATA[第二步]]></item>
				<item id="bixuquebao"><![CDATA[必须确保是目录页网址,一行一个]]></item>
				<item id="disanbu"><![CDATA[第三步]]></item>
				<item id="shangweishengcheng"><![CDATA[尚未处理的采集]]></item>
				<item id="jixuchuli"><![CDATA[条,点此继续处理,时间可能较长,请耐心等待,不要关闭页面。重新开始采集将清空]]></item>
				<item id="daishengchengtushu"><![CDATA[待生成图书的章节]]></item>
				<item id="dianjishengchengtushu"><![CDATA[条,点击生成图书,用时可能较长,请耐心等待,不要关闭页面.重新开始采集将清空]]></item>
				<item id="dianjishengchengtiezi"><![CDATA[条,点击发布帖子,用时可能较长,请耐心等待,不要关闭页面.重新开始采集将清空]]></item>
				<item id="tushufenlei"><![CDATA[图书分类]]></item>
				<item id="bixuanzhuangread"><![CDATA[必须安装并启用小说阅读器专业版后方可使用此功能]]></item>
				<item id="shuming"><![CDATA[书名]]></item>
				<item id="muluwangzhi"><![CDATA[目录网址]]></item>
				<item id="zhuangtai"><![CDATA[状态]]></item>
				<item id="caijishijian"><![CDATA[采集时间]]></item>
				<item id="laiyuanwangzhan"><![CDATA[来源网站]]></item>
				<item id="zanwucaijijilu"><![CDATA[暂无采集记录]]></item>
				<item id="diyijuan"><![CDATA[第一卷]]></item>
				<item id="yiyongshi"><![CDATA[循环抓取,本轮已用时]]></item>
				<item id="miao"><![CDATA[秒,请耐心等待,根据你的【服务器性能、带宽】和【当前网速】及章节【数量】,可能需要几分钟到十几分钟]]></item>
				<item id="bukeshengchengtushuyuanyin"><![CDATA[<span class="rq">你当前不满足生成图书的条件,将作为帖子发布到你设置的默认版块中,原因可能是:</span><br>
	1、没有安装并启用<a href="http://www.ymg6.com/gg/addon.php?/?@jameson_read.plugin.60596">【小说阅读器专业版】</a><br>
	2、已安装并启用,但【小说阅读器】设置中[发布图书的版块]与本插件[默认发布到的板块]不同，,或者在本采集插件设置【采集结果生成图书】选项中选择了<strong> [ 否 ] </strong><br>
	3、根据当前服务器性能和带宽、来源站带宽与防采集措施、采集图书的章节数量等诸多因素，采集有可能中途停止或出现空白页面等，请重试几次<br>
	4、遇到问题，请首先查阅常见问题中是否已给出解决方法<br>
	注意:生成帖子后需要在 【后台】&rarr;【工具】&rarr;【更新统计】&rarr;【重建(论坛/群组)帖数】&rarr;点击提交按钮，才能在前台版块看到帖子]]></item>
			</item>
		</item>
		<item id="installfile"><![CDATA[install.php]]></item>
		<item id="uninstallfile"><![CDATA[uninstall.php]]></item>
		<item id="upgradefile"><![CDATA[upgrade.php]]></item>
	</item>
</root>