﻿<?xml version="1.0" encoding="ISO-8859-1"?>
<root>
	<item id="Title"><![CDATA[Discuz! Plugin]]></item>
	<item id="Version"><![CDATA[X2,X2.5,X3,X3.1,X3.2,F1.0]]></item>
	<item id="Time"><![CDATA[2016-12-25 20:47]]></item>
	<item id="From"><![CDATA[分享吧（www.fx8.cc）]]></item>
	<item id="Data">
		<item id="plugin">
			<item id="available"><![CDATA[1]]></item>
			<item id="adminid"><![CDATA[1]]></item>
			<item id="name"><![CDATA[源碼哥_小說整本采集]]></item>
			<item id="identifier"><![CDATA[jameson_caiji]]></item>
			<item id="description"><![CDATA[適用于小說閱讀器專業版使用，可整本采集生成圖書，目前支持 百書庫、起點中文、青帝文學、txt小說天堂等15個小說網站]]></item>
			<item id="datatables"><![CDATA[]]></item>
			<item id="directory"><![CDATA[jameson_caiji/]]></item>
			<item id="copyright"><![CDATA[源碼哥（www.ymg6.com）]]></item>
			<item id="version"><![CDATA[4.6.0]]></item>
			<item id="__modules">
				<item id="9">
					<item id="name"><![CDATA[myyapmagoo]]></item>
					<item id="menu"><![CDATA[<span style="color:#E53333;"><b>源碼哥</b></span>]]></item>
					<item id="url"><![CDATA[]]></item>
					<item id="type"><![CDATA[3]]></item>
					<item id="adminid"><![CDATA[0]]></item>
					<item id="displayorder"><![CDATA[0]]></item>
					<item id="navtitle"><![CDATA[]]></item>
					<item id="navicon"><![CDATA[]]></item>
					<item id="navsubname"><![CDATA[]]></item>
					<item id="navsuburl"><![CDATA[]]></item>
				</item>
				<item id="0">
					<item id="name"><![CDATA[jameson_caiji]]></item>
					<item id="param"><![CDATA[contrl=caiji&act=index]]></item>
					<item id="menu"><![CDATA[開始采集]]></item>
					<item id="url"><![CDATA[]]></item>
					<item id="type"><![CDATA[3]]></item>
					<item id="adminid"><![CDATA[0]]></item>
					<item id="displayorder"><![CDATA[1]]></item>
					<item id="navtitle"><![CDATA[]]></item>
					<item id="navicon"><![CDATA[]]></item>
					<item id="navsubname"><![CDATA[]]></item>
					<item id="navsuburl"><![CDATA[]]></item>
				</item>
				<item id="1">
					<item id="name"><![CDATA[jameson_caiji]]></item>
					<item id="param"><![CDATA[contrl=jilu&act=index]]></item>
					<item id="menu"><![CDATA[采集記錄]]></item>
					<item id="url"><![CDATA[]]></item>
					<item id="type"><![CDATA[3]]></item>
					<item id="adminid"><![CDATA[0]]></item>
					<item id="displayorder"><![CDATA[3]]></item>
					<item id="navtitle"><![CDATA[]]></item>
					<item id="navicon"><![CDATA[]]></item>
					<item id="navsubname"><![CDATA[]]></item>
					<item id="navsuburl"><![CDATA[]]></item>
				</item>
				<item id="2">
					<item id="name"><![CDATA[jameson_caiji]]></item>
					<item id="param"><![CDATA[contrl=help&act=faq]]></item>
					<item id="menu"><![CDATA[常見問題]]></item>
					<item id="url"><![CDATA[]]></item>
					<item id="type"><![CDATA[3]]></item>
					<item id="adminid"><![CDATA[0]]></item>
					<item id="displayorder"><![CDATA[4]]></item>
					<item id="navtitle"><![CDATA[]]></item>
					<item id="navicon"><![CDATA[]]></item>
					<item id="navsubname"><![CDATA[]]></item>
					<item id="navsuburl"><![CDATA[]]></item>
				</item>
				<item id="3">
					<item id="name"><![CDATA[jameson_caiji]]></item>
					<item id="param"><![CDATA[contrl=help&act=tuijian]]></item>
					<item id="menu"><![CDATA[西風工作室]]></item>
					<item id="url"><![CDATA[]]></item>
					<item id="type"><![CDATA[3]]></item>
					<item id="adminid"><![CDATA[0]]></item>
					<item id="displayorder"><![CDATA[5]]></item>
					<item id="navtitle"><![CDATA[]]></item>
					<item id="navicon"><![CDATA[]]></item>
					<item id="navsubname"><![CDATA[]]></item>
					<item id="navsuburl"><![CDATA[]]></item>
				</item>
			</item>
		</item>
		<item id="version"><![CDATA[X2,X2.5,X3,X3.1,X3.2,F1.0]]></item>
		<item id="var">
			<item id="0">
				<item id="displayorder"><![CDATA[1]]></item>
				<item id="title"><![CDATA[默認圖書作者]]></item>
				<item id="description"><![CDATA[采集時不抓取圖書作者，你可以在這里填寫默認的作者名稱]]></item>
				<item id="variable"><![CDATA[author]]></item>
				<item id="type"><![CDATA[text]]></item>
				<item id="value"><![CDATA[馬克斯韋爾]]></item>
				<item id="extra"><![CDATA[]]></item>
			</item>
			<item id="1">
				<item id="displayorder"><![CDATA[2]]></item>
				<item id="title"><![CDATA[發布用戶的uid]]></item>
				<item id="description"><![CDATA[如果想將采集的圖書歸于某個論壇用戶，請在此處填寫該用戶的uid，如果不知道，請前臺訪問該用戶的空間，找到uid后對應的數字即是。
必須是純數字，如不填則歸于創始管理員]]></item>
				<item id="variable"><![CDATA[uid]]></item>
				<item id="type"><![CDATA[number]]></item>
				<item id="value"><![CDATA[1]]></item>
				<item id="extra"><![CDATA[]]></item>
			</item>
			<item id="2">
				<item id="displayorder"><![CDATA[3]]></item>
				<item id="title"><![CDATA[采集結果生成圖書]]></item>
				<item id="description"><![CDATA[只有在安裝小說閱讀器專業版后，才可以選擇【是】生成圖書，選擇【否】或未安裝并啟用小說閱讀器專業版，均只能發布帖子到設置的默認版塊]]></item>
				<item id="variable"><![CDATA[enableread]]></item>
				<item id="type"><![CDATA[radio]]></item>
				<item id="value"><![CDATA[1]]></item>
				<item id="extra"><![CDATA[]]></item>
			</item>
			<item id="3">
				<item id="displayorder"><![CDATA[4]]></item>
				<item id="title"><![CDATA[默認發布到的版塊]]></item>
				<item id="description"><![CDATA[此選項僅在沒有安裝或啟用【小說閱讀器專業版】的情況下有效，采集到的圖書發布到這里選擇的版塊]]></item>
				<item id="variable"><![CDATA[fid]]></item>
				<item id="type"><![CDATA[forum]]></item>
				<item id="value"><![CDATA[2]]></item>
				<item id="extra"><![CDATA[]]></item>
			</item>
		</item>
		<item id="language">
			<item id="scriptlang">
				<item id="logy_m_g"><![CDATA[<h2 style="text-align:-webkit-center;">
	<span style="color:#4C33E5;">推薦一個dz商</span><span style="color:#4C33E5;">業插件模版下載的</span><span style="color:#4C33E5;"></span><span style="color:#4C33E5;">網站給大家</span><a href="http://www.ymg6.com" target="_blank"><span style="color:#4C33E5;">源碼哥分享吧</span></a><span style="color:#4C33E5;">（www.ymg6.com）</span> 
</h2>
<h3 style="text-align:-webkit-center;">
	<span style="color:#E53333;">這</span><span style="color:#E53333;">是一個</span><span style="color:#E53333;">dz商業</span><a href="http://www.ymg6.com/forum.php?mod=forumdisplay&fid=2" target="_blank"><span style="color:#337FE5;">插</span><u><span style="color:#337FE5;"></span></u><span style="color:#337FE5;">件</span></a><a href="http://www.ymg6.com/forum.php?mod=forumdisplay&fid=36" target="_blank"><u><span style="color:#337FE5;">模</span></u><u><span style="color:#337FE5;"></span></u><u><span style="color:#337FE5;">版</span></u></a><span style="color:#E53333;">資源破解分享的網站，而且還有很多精品的網站源碼下載</span> 
</h3>
<h3 style="text-align:-webkit-center;">
	<span style="color:#E53333;">他們資源每天更新，并且很多都是他們自己出錢在應用中心購買后破解分享出來的</span><br />
</h3>
<h3>
	<div style="text-align:center;">
		<span style="color:#E53333;">不過還是替他們說一下</span> 
	</div>
	<div style="text-align:center;">
		<span style="color:#E53333;">&nbsp;他們站下載的資源只限于自己學習研究內含的設計思想和原理 請勿有任何商業盈利行為</span> 
	</div>
</h3>
<h3 style="text-align:center;">
	<span style="color:#999999;">介紹也介紹完了，給大家做個小導航吧</span> 
</h3>
<h3 style="text-align:center;">
	<span style="color:#337FE5;"><a href="http://www.ymg6.com/forum.php?mod=forumdisplay&fid=2" target="_blank">dz商業破解插件下載</a> &nbsp; <a href="http://www.ymg6.com/forum.php?mod=forumdisplay&fid=36" target="_blank">dz商業風格模版下載</a> &nbsp; &nbsp;<a href="http://www.ymg6.com/forum.php?mod=forumdisplay&fid=50" target="_blank">精品網站源碼下載</a> &nbsp; &nbsp;<a href="http://www.ymg6.com/forum.php?mod=forumdisplay&fid=51" target="_blank">工具素材下載</a></span><span style="color:#337FE5;">&nbsp; &nbsp; <a href="http://www.ymg6.com/forum.php?mod=forumdisplay&fid=41" target="_blank">精選教程區</a></span> 
</h3> ]]></item>
				<item id="laiyuanfeifa"><![CDATA[來源非法請重試]]></item>
				<item id="caozuowancheng"><![CDATA[操作完成]]></item>
				<item id="qidian"><![CDATA[起點中文]]></item>
				<item id="shuxingtext"><![CDATA[轉載]]></item>
				<item id="kaishixiayiben"><![CDATA[開始采集下一本..]]></item>
				<item id="meiluncaiji"><![CDATA[每輪采集【]]></item>
				<item id="meiluncaijijige"><![CDATA[】個章節]]></item>
				<item id="xiaoshuotxt"><![CDATA[TXT小說天堂]]></item>
				<item id="qingdiba"><![CDATA[青帝文學]]></item>
				<item id="baishuku"><![CDATA[百書庫]]></item>
				<item id="wx23"><![CDATA[頂點小說]]></item>
				<item id="bookbao"><![CDATA[書包網]]></item>
				<item id="qb5200"><![CDATA[全本小說網]]></item>
				<item id="kanunu8"><![CDATA[努努書坊]]></item>
				<item id="booksuixw"><![CDATA[隨想輕小說]]></item>
				<item id="hongxiu"><![CDATA[紅袖添香]]></item>
				<item id="quanshuwang"><![CDATA[全書網]]></item>
				<item id="bxwx"><![CDATA[筆下文學]]></item>
				<item id="yiqik"><![CDATA[17K小說]]></item>
				<item id="blnovel"><![CDATA[耽美小說]]></item>
				<item id="kanshu"><![CDATA[看書網]]></item>
				<item id="tiaozhuandaoxiayiye1"><![CDATA[正在進行第【 ]]></item>
				<item id="tiaozhuandaoxiayiye2"><![CDATA[ 】輪采集，共【 ]]></item>
				<item id="lun"><![CDATA[ 】輪,請不要關閉本頁面，用時可能較長請耐心等待...]]></item>
				<item id="xxsy"><![CDATA[瀟湘書院]]></item>
				<item id="xs8"><![CDATA[言情小說吧]]></item>
				<item id="tiandizw"><![CDATA[天地中文網]]></item>
				<item id="k6uk"><![CDATA[看啦又看]]></item>
				<item id="dddbbb"><![CDATA[豆豆小說閱讀網]]></item>
				<item id="wx79"><![CDATA[79閱讀網]]></item>
				<item id="xs520"><![CDATA[520小說網]]></item>
				<item id="yishengchengshibai"><![CDATA[已生成完畢,其中失敗章節數量 []]></item>
				<item id="wangzhiweikong"><![CDATA[目錄網址不正確或來源站點未填寫]]></item>
				<item id="wangzhicuowu"><![CDATA[你填寫的可能不是目錄頁網址，請仔細檢查確認]]></item>
				<item id="remenxiaoshuotuijian"><![CDATA[熱門小說推薦]]></item>
				<item id="tang"><![CDATA[堂]]></item>
				<item id="chongxincaiji"><![CDATA[重新采集失敗的章節]]></item>
				<item id="lueguoshibai"><![CDATA[停止采集,直接生成]]></item>
				<item id="diancijixu"><![CDATA[如果未出現[采集完成]提示就停止，請點此繼續]]></item>
				<item id="yicaijizhengwendengdaishengcheng"><![CDATA[已采集正文，等待生成圖書]]></item>
				<item id="yicaijimululianjie"><![CDATA[已采集目錄鏈接，尚未采集正文]]></item>
				<item id="diancishengchengtushu"><![CDATA[采集完成，點此生成圖書,時間可能較長,請耐心等待]]></item>
				<item id="diancifabutiezi"><![CDATA[采集完成，點此發布帖子,時間可能較長,請耐心等待]]></item>
				<item id="bixuanzhuangread"><![CDATA[必須安裝并啟用小說閱讀器專業版后方可使用此功能]]></item>
				<item id="shezhitushubankuai"><![CDATA[如果已安裝并啟用，請在閱讀器中設置發布圖書的版塊后更新緩存]]></item>
				<item id="caijichenggong"><![CDATA[采集成功]]></item>
				<item id="caijishibai"><![CDATA[采集失敗]]></item>
				<item id="kenengshifufeizhangjie"><![CDATA[,  [原因: 付費章節 | VIP章節 | 網絡連接超時]]]></item>
				<item id="yishengchengtushu"><![CDATA[已生成圖書]]></item>
				<item id="yishengchengtiezi"><![CDATA[已生成帖子]]></item>
				<item id="meiyouyouxiaomululianjie"><![CDATA[沒有有效的目錄鏈接，請重新開始采集]]></item>
				<item id="meizhaodaoguizewenjian"><![CDATA[沒找到規則文件，請檢查你所在填寫的網址和選擇的來源站點是否一致]]></item>
				<item id="diyijuan"><![CDATA[第一卷]]></item>
				<item id="jihuarenwu"><![CDATA[連載小說自動更新]]></item>
				<item id="quanjixiazai"><![CDATA[全集下載]]></item>
			</item>
			<item id="templatelang">
				<item id="jihuarenwu"><![CDATA[連載小說自動更新]]></item>
				<item id="ciyuanzhanbuke"><![CDATA[此源站不可自動更新]]></item>
				<item id="xuanzelaiyuanzhan"><![CDATA[選擇采集源站]]></item>
				<item id="bixuxuanzefenlei"><![CDATA[必須選擇分類后才可采集]]></item>
				<item id="gengxintishi"><![CDATA[請注意:如果采集源站打開很慢或不穩定，請不要開啟自動更新，否則將導致所有自動更新失效！]]></item>
				<item id="qingkong"><![CDATA[清空所有采集記錄]]></item>
				<item id="qidian"><![CDATA[起點中文(www.qidian.com)]]></item>
				<item id="qingdiba"><![CDATA[青帝文學(www.qingdiba.com)]]></item>
				<item id="baishuku"><![CDATA[百書庫(www.baishuku.com)]]></item>
				<item id="xiaoshuotxt"><![CDATA[TXT小說天堂(www.xiaoshuotxt.com)]]></item>
				<item id="bookbao"><![CDATA[書包(www.bookbao.net)]]></item>
				<item id="qb5200"><![CDATA[全本小說網(www.qb5200.com)]]></item>
				<item id="shanchu"><![CDATA[刪除]]></item>
				<item id="wx23"><![CDATA[頂點小說(www.23wx.com)]]></item>
				<item id="dddbbb"><![CDATA[豆豆小說閱讀網(www.dddbbb.net)]]></item>
				<item id="kanunu8"><![CDATA[努努書坊(www.kanunu8.com)]]></item>
				<item id="quanshuwang"><![CDATA[全書網(www.quanshu.net)]]></item>
				<item id="xsdmzj"><![CDATA[動漫之家輕小說(xs.dmzj.com)]]></item>
				<item id="xs520"><![CDATA[520小說網(www.520xs.la)]]></item>
				<item id="booksuixw"><![CDATA[隨想輕小說(book.suixw.com)]]></item>
				<item id="hongxiu"><![CDATA[紅袖添香(www.hongxiu.com)]]></item>
				<item id="kanshu"><![CDATA[看書網(www.kanshu.com)]]></item>
				<item id="bxwx"><![CDATA[筆下文學(www.bxwx.org)]]></item>
				<item id="yiqik"><![CDATA[17K小說(www.17k.com)]]></item>
				<item id="xxsy"><![CDATA[瀟湘書院(www.xxsy.net)]]></item>
				<item id="wangzhiweikong"><![CDATA[目錄網址不正確或來源站點未填寫]]></item>
				<item id="blnovel"><![CDATA[耽美中文網(www.blnovel.com)]]></item>
				<item id="xs8"><![CDATA[言情小說吧(www.xs8.cn)]]></item>
				<item id="tiandizw"><![CDATA[天地中文網(www.tiandizw.com)]]></item>
				<item id="wx79"><![CDATA[79閱讀網(www.79wx.net)]]></item>
				<item id="k6uk"><![CDATA[看啦又看(www.k6uk.com)]]></item>
				<item id="mulusuozaiwangzhi"><![CDATA[填寫圖書目錄所在的網址]]></item>
				<item id="wangzhi"><![CDATA[目錄頁網址]]></item>
				<item id="caozuo"><![CDATA[操作]]></item>
				<item id="shi"><![CDATA[是]]></item>
				<item id="zidonggengxin"><![CDATA[自動更新]]></item>
				<item id="fou"><![CDATA[否]]></item>
				<item id="chongxincaiji"><![CDATA[重新采集]]></item>
				<item id="kaishicaiji"><![CDATA[一鍵采集并生成整本小說]]></item>
				<item id="tishi"><![CDATA[
	1、在安裝并啟用 <a href="http://www.ymg6.com/gg/addon.php?/?@jameson_read.plugin.60596" target="_blank">[ 小說閱讀器專業版 ]</a> 、且其設置中【發布圖書的版塊】與本插件設置頁【默認發布到的版塊】相同、以及本插件設置中【采集結果生成圖書】啟用，方可將采集結果生成圖書(設置完畢且正確后，必須更新緩存),否則只可發布成帖子，一個章節對應一篇帖子<br>
	2、只可采集非登錄亦可閱讀的公開章節,付費章節和VIP章節不可采集<br>
	3、根據當前服務器性能和帶寬、來源站帶寬與防采集措施、采集圖書的章節數量等諸多因素，采集有可能中途停止或出現空白頁面等，請重試幾次<br>
	4、請注意:如果采集源站打開很慢或不穩定，請不要開啟自動更新，否則將導致所有自動更新失效！]]></item>
				<item id="huoqudaodezhangjie"><![CDATA[已獲取到章節鏈接]]></item>
				<item id="dangqiansuoxuanzhandian"><![CDATA[當前所選采集源站]]></item>
				<item id="tiao"><![CDATA[條,點擊開始抓取章節內容,根據網絡情況和抓取數量,可能需要等待幾十秒到十幾分鐘,請耐心等待不要關閉頁面]]></item>
				<item id="zhuaqu"><![CDATA[抓取章節正文]]></item>
				<item id="diyibu"><![CDATA[請選擇采集的<strong>【來源站點】</strong>,并填寫要采集的圖書的<strong>【目錄頁】</strong>網址 (必須確保此頁能看到所有章節目錄)]]></item>
				<item id="dierbu"><![CDATA[第二步]]></item>
				<item id="bixuquebao"><![CDATA[必須確保是目錄頁網址,一行一個]]></item>
				<item id="disanbu"><![CDATA[第三步]]></item>
				<item id="shangweishengcheng"><![CDATA[尚未處理的采集]]></item>
				<item id="jixuchuli"><![CDATA[條,點此繼續處理,時間可能較長,請耐心等待,不要關閉頁面。重新開始采集將清空]]></item>
				<item id="daishengchengtushu"><![CDATA[待生成圖書的章節]]></item>
				<item id="dianjishengchengtushu"><![CDATA[條,點擊生成圖書,用時可能較長,請耐心等待,不要關閉頁面.重新開始采集將清空]]></item>
				<item id="dianjishengchengtiezi"><![CDATA[條,點擊發布帖子,用時可能較長,請耐心等待,不要關閉頁面.重新開始采集將清空]]></item>
				<item id="tushufenlei"><![CDATA[圖書分類]]></item>
				<item id="bixuanzhuangread"><![CDATA[必須安裝并啟用小說閱讀器專業版后方可使用此功能]]></item>
				<item id="shuming"><![CDATA[書名]]></item>
				<item id="muluwangzhi"><![CDATA[目錄網址]]></item>
				<item id="zhuangtai"><![CDATA[狀態]]></item>
				<item id="caijishijian"><![CDATA[采集時間]]></item>
				<item id="laiyuanwangzhan"><![CDATA[來源網站]]></item>
				<item id="zanwucaijijilu"><![CDATA[暫無采集記錄]]></item>
				<item id="diyijuan"><![CDATA[第一卷]]></item>
				<item id="yiyongshi"><![CDATA[循環抓取,本輪已用時]]></item>
				<item id="miao"><![CDATA[秒,請耐心等待,根據你的【服務器性能、帶寬】和【當前網速】及章節【數量】,可能需要幾分鐘到十幾分鐘]]></item>
				<item id="bukeshengchengtushuyuanyin"><![CDATA[<span class="rq">你當前不滿足生成圖書的條件,將作為帖子發布到你設置的默認版塊中,原因可能是:</span><br>
	1、沒有安裝并啟用<a href="http://www.ymg6.com/gg/addon.php?/?@jameson_read.plugin.60596">【小說閱讀器專業版】</a><br>
	2、已安裝并啟用,但【小說閱讀器】設置中[發布圖書的版塊]與本插件[默認發布到的板塊]不同，,或者在本采集插件設置【采集結果生成圖書】選項中選擇了<strong> [ 否 ] </strong><br>
	3、根據當前服務器性能和帶寬、來源站帶寬與防采集措施、采集圖書的章節數量等諸多因素，采集有可能中途停止或出現空白頁面等，請重試幾次<br>
	4、遇到問題，請首先查閱常見問題中是否已給出解決方法<br>
	注意:生成帖子后需要在 【后臺】&rarr;【工具】&rarr;【更新統計】&rarr;【重建(論壇/群組)帖數】&rarr;點擊提交按鈕，才能在前臺版塊看到帖子]]></item>
			</item>
		</item>
		<item id="installfile"><![CDATA[install.php]]></item>
		<item id="uninstallfile"><![CDATA[uninstall.php]]></item>
		<item id="upgradefile"><![CDATA[upgrade.php]]></item>
	</item>
</root>