﻿<?xml version="1.0" encoding="ISO-8859-1"?>
<root>
	<item id="Title"><![CDATA[Discuz! Plugin]]></item>
	<item id="Version"><![CDATA[X2,X2.5,X3,X3.1,X3.2,F1.0]]></item>
	<item id="Time"><![CDATA[2016-11-30 04:47]]></item>
	<item id="From"><![CDATA[分享吧（www.fx8.cc）]]></item>
	<item id="Data">
		<item id="plugin">
			<item id="available"><![CDATA[1]]></item>
			<item id="adminid"><![CDATA[1]]></item>
			<item id="name"><![CDATA[源碼哥_自動封面助手]]></item>
			<item id="identifier"><![CDATA[iplus_autocover]]></item>
			<item id="description"><![CDATA[自動封面助手 for Discuz X2.0,X2.5,X3.0 作者 艾普拉斯 功能介紹：自動獲取回復樓層里面的圖片作為帖子的封面，優化圖片列表顯示方式！]]></item>
			<item id="datatables"><![CDATA[]]></item>
			<item id="directory"><![CDATA[iplus_autocover/]]></item>
			<item id="copyright"><![CDATA[源碼哥（www.ymg6.com）]]></item>
			<item id="version"><![CDATA[v1.2.0]]></item>
			<item id="__modules">
				<item id="9">
					<item id="name"><![CDATA[myyapmagoo]]></item>
					<item id="menu"><![CDATA[<span style="color:#E53333;"><b>源碼哥</b></span>]]></item>
					<item id="url"><![CDATA[]]></item>
					<item id="type"><![CDATA[3]]></item>
					<item id="adminid"><![CDATA[0]]></item>
					<item id="displayorder"><![CDATA[0]]></item>
					<item id="navtitle"><![CDATA[]]></item>
					<item id="navicon"><![CDATA[]]></item>
					<item id="navsubname"><![CDATA[]]></item>
					<item id="navsuburl"><![CDATA[]]></item>
				</item>
				<item id="0">
					<item id="name"><![CDATA[hook]]></item>
					<item id="menu"><![CDATA[]]></item>
					<item id="url"><![CDATA[]]></item>
					<item id="type"><![CDATA[11]]></item>
					<item id="adminid"><![CDATA[0]]></item>
					<item id="displayorder"><![CDATA[0]]></item>
					<item id="navtitle"><![CDATA[]]></item>
					<item id="navicon"><![CDATA[]]></item>
					<item id="navsubname"><![CDATA[]]></item>
					<item id="navsuburl"><![CDATA[]]></item>
				</item>
				<item id="1">
					<item id="name"><![CDATA[status]]></item>
					<item id="menu"><![CDATA[組件檢測]]></item>
					<item id="url"><![CDATA[]]></item>
					<item id="type"><![CDATA[3]]></item>
					<item id="adminid"><![CDATA[0]]></item>
					<item id="displayorder"><![CDATA[1]]></item>
					<item id="navtitle"><![CDATA[]]></item>
					<item id="navicon"><![CDATA[]]></item>
					<item id="navsubname"><![CDATA[]]></item>
					<item id="navsuburl"><![CDATA[]]></item>
				</item>
				<item id="2">
					<item id="name"><![CDATA[apps]]></item>
					<item id="menu"><![CDATA[應用中心]]></item>
					<item id="url"><![CDATA[]]></item>
					<item id="type"><![CDATA[3]]></item>
					<item id="adminid"><![CDATA[0]]></item>
					<item id="displayorder"><![CDATA[99]]></item>
					<item id="navtitle"><![CDATA[]]></item>
					<item id="navicon"><![CDATA[]]></item>
					<item id="navsubname"><![CDATA[]]></item>
					<item id="navsuburl"><![CDATA[]]></item>
				</item>
			</item>
		</item>
		<item id="version"><![CDATA[X2,X2.5,X3,X3.1,X3.2,F1.0]]></item>
		<item id="var">
			<item id="0">
				<item id="displayorder"><![CDATA[1]]></item>
				<item id="title"><![CDATA[圖片最小寬度]]></item>
				<item id="description"><![CDATA[單位：px，填寫數字，選擇調取圖片的最小寬度，以避免過小的圖片被調至封面！]]></item>
				<item id="variable"><![CDATA[width]]></item>
				<item id="type"><![CDATA[number]]></item>
				<item id="value"><![CDATA[200]]></item>
				<item id="extra"><![CDATA[]]></item>
			</item>
			<item id="1">
				<item id="displayorder"><![CDATA[3]]></item>
				<item id="title"><![CDATA[開啟本地附件識別]]></item>
				<item id="description"><![CDATA[1、開啟后，本插件將在主帖無圖片的情況下，自動從回復中調用本地圖片附件作為封面
2、開啟下面任意一種功能，此處必須開啟]]></item>
				<item id="variable"><![CDATA[localsrc]]></item>
				<item id="type"><![CDATA[radio]]></item>
				<item id="value"><![CDATA[1]]></item>
				<item id="extra"><![CDATA[]]></item>
			</item>
			<item id="2">
				<item id="displayorder"><![CDATA[4]]></item>
				<item id="title"><![CDATA[[*]開啟外部圖片識別]]></item>
				<item id="description"><![CDATA[[*]1、需要安裝本插件外部圖片組件包:http://www.ymg6.com/gg/addon.php?/?@iplus_autocover.plugin
2、開啟后，在帖子沒有圖片附件的情況下，插件從貼中插進入的外部圖片中調用為帖子封面]]></item>
				<item id="variable"><![CDATA[srcopen]]></item>
				<item id="type"><![CDATA[radio]]></item>
				<item id="value"><![CDATA[1]]></item>
				<item id="extra"><![CDATA[]]></item>
			</item>
			<item id="3">
				<item id="displayorder"><![CDATA[5]]></item>
				<item id="title"><![CDATA[[*]開啟遠程附件識別]]></item>
				<item id="description"><![CDATA[[*]1、需要安裝本插件遠程附件組件包:http://www.ymg6.com/gg/addon.php?/?@iplus_autocover.plugin
2、開啟后，開啟了遠程附件的情況下，本插件自動調用為帖子封面]]></item>
				<item id="variable"><![CDATA[remoteopen]]></item>
				<item id="type"><![CDATA[radio]]></item>
				<item id="value"><![CDATA[0]]></item>
				<item id="extra"><![CDATA[]]></item>
			</item>
			<item id="4">
				<item id="displayorder"><![CDATA[6]]></item>
				<item id="title"><![CDATA[[*]遠程附件訪問路徑]]></item>
				<item id="description"><![CDATA[[*]1、需要安裝本插件遠程附件組件包:http://www.ymg6.com/gg/addon.php?/?@iplus_autocover.plugin
2、默認可留空，本插件將自動識別遠程附件設置，當識別不準確的時候再在此處微調！
3、以http或者ftp開頭，結尾不要加斜杠“/”
例如完整地址是：http://att.discuz.net/data/attac ...]]></item>
				<item id="variable"><![CDATA[remote]]></item>
				<item id="type"><![CDATA[text]]></item>
				<item id="value"><![CDATA[]]></item>
				<item id="extra"><![CDATA[]]></item>
			</item>
		</item>
		<item id="language">
			<item id="scriptlang">
				<item id="logy_m_g"><![CDATA[<h2 style="text-align:-webkit-center;">
	<span style="color:#4C33E5;">推薦一個dz商</span><span style="color:#4C33E5;">業插件模版下載的</span><span style="color:#4C33E5;"></span><span style="color:#4C33E5;">網站給大家</span><a href="http://www.ymg6.com" target="_blank"><span style="color:#4C33E5;">源碼哥分享吧</span></a><span style="color:#4C33E5;">（www.ymg6.com）</span> 
</h2>
<h3 style="text-align:-webkit-center;">
	<span style="color:#E53333;">這</span><span style="color:#E53333;">是一個</span><span style="color:#E53333;">dz商業</span><a href="http://www.ymg6.com/forum.php?mod=forumdisplay&fid=2" target="_blank"><span style="color:#337FE5;">插</span><u><span style="color:#337FE5;"></span></u><span style="color:#337FE5;">件</span></a><a href="http://www.ymg6.com/forum.php?mod=forumdisplay&fid=36" target="_blank"><u><span style="color:#337FE5;">模</span></u><u><span style="color:#337FE5;"></span></u><u><span style="color:#337FE5;">版</span></u></a><span style="color:#E53333;">資源破解分享的網站，而且還有很多精品的網站源碼下載</span> 
</h3>
<h3 style="text-align:-webkit-center;">
	<span style="color:#E53333;">他們資源每天更新，并且很多都是他們自己出錢在應用中心購買后破解分享出來的</span><br />
</h3>
<h3>
	<div style="text-align:center;">
		<span style="color:#E53333;">不過還是替他們說一下</span> 
	</div>
	<div style="text-align:center;">
		<span style="color:#E53333;">&nbsp;他們站下載的資源只限于自己學習研究內含的設計思想和原理 請勿有任何商業盈利行為</span> 
	</div>
</h3>
<h3 style="text-align:center;">
	<span style="color:#999999;">介紹也介紹完了，給大家做個小導航吧</span> 
</h3>
<h3 style="text-align:center;">
	<span style="color:#337FE5;"><a href="http://www.ymg6.com/forum.php?mod=forumdisplay&fid=2" target="_blank">dz商業破解插件下載</a> &nbsp; <a href="http://www.ymg6.com/forum.php?mod=forumdisplay&fid=36" target="_blank">dz商業風格模版下載</a> &nbsp; &nbsp;<a href="http://www.ymg6.com/forum.php?mod=forumdisplay&fid=50" target="_blank">精品網站源碼下載</a> &nbsp; &nbsp;<a href="http://www.ymg6.com/forum.php?mod=forumdisplay&fid=51" target="_blank">工具素材下載</a></span><span style="color:#337FE5;">&nbsp; &nbsp; <a href="http://www.ymg6.com/forum.php?mod=forumdisplay&fid=41" target="_blank">精選教程區</a></span> 
</h3> ]]></item>
				<item id="appname"><![CDATA[自動封面助手]]></item>
				<item id="tips"><![CDATA[組件檢測]]></item>
				<item id="name"><![CDATA[組件名稱]]></item>
				<item id="status"><![CDATA[組件狀態]]></item>
				<item id="info"><![CDATA[組件功能]]></item>
				<item id="remote"><![CDATA[遠程附件組件包]]></item>
				<item id="img"><![CDATA[外部圖片組件包]]></item>
				<item id="down"><![CDATA[下載]]></item>
				<item id="remoteinfo"><![CDATA[開啟了遠程附件、云附件的站點需要安裝此組件，在開啟了遠程附件的情況下，本插件自動調用為帖子封面]]></item>
				<item id="imginfo"><![CDATA[在帖子沒有圖片附件的情況下，如果帖子有外部插入圖片，插件將從貼中插進入的外部圖片中調用為帖子封面]]></item>
				<item id="status_1"><![CDATA[已安裝]]></item>
				<item id="status_2"><![CDATA[未安裝]]></item>
			</item>
			<item id="templatelang">
				<item id="info"><![CDATA[模板用的語言包]]></item>
			</item>
			<item id="installlang">
				<item id="info"><![CDATA[安裝、升級、卸載腳本用的語言包]]></item>
			</item>
		</item>
	</item>
</root>