﻿<?xml version="1.0" encoding="ISO-8859-1"?>
<root>
	<item id="Title"><![CDATA[Discuz! Plugin]]></item>
	<item id="Version"><![CDATA[X2,X2.5,X3,X3.1,X3.2,F1.0]]></item>
	<item id="Time"><![CDATA[2016-07-31 17:44]]></item>
	<item id="From"><![CDATA[分享吧（www.fx8.cc）]]></item>
	<item id="Data">
		<item id="plugin">
			<item id="available"><![CDATA[1]]></item>
			<item id="adminid"><![CDATA[1]]></item>
			<item id="name"><![CDATA[源码哥_打折秒杀淘宝客]]></item>
			<item id="identifier"><![CDATA[ymg6com_1469958264]]></item>
			<item id="description"><![CDATA[一键安装，自动更新高质量，高转化率淘宝客商品，将流量转化为现金收益。]]></item>
			<item id="datatables"><![CDATA[]]></item>
			<item id="directory"><![CDATA[ymg6com_1469958264/]]></item>
			<item id="copyright"><![CDATA[源码哥（www.ymg6.com）]]></item>
			<item id="version"><![CDATA[1.2]]></item>
			<item id="__modules">
				<item id="9">
					<item id="name"><![CDATA[myyapmagoo]]></item>
					<item id="menu"><![CDATA[<span style="color:#E53333;"><b>源码哥</b></span>]]></item>
					<item id="url"><![CDATA[]]></item>
					<item id="type"><![CDATA[3]]></item>
					<item id="adminid"><![CDATA[0]]></item>
					<item id="displayorder"><![CDATA[0]]></item>
					<item id="navtitle"><![CDATA[]]></item>
					<item id="navicon"><![CDATA[]]></item>
					<item id="navsubname"><![CDATA[]]></item>
					<item id="navsuburl"><![CDATA[]]></item>
				</item>
				<item id="0">
					<item id="name"><![CDATA[logo]]></item>
					<item id="param"><![CDATA[]]></item>
					<item id="menu"><![CDATA[LOGO管理]]></item>
					<item id="url"><![CDATA[]]></item>
					<item id="type"><![CDATA[3]]></item>
					<item id="adminid"><![CDATA[0]]></item>
					<item id="displayorder"><![CDATA[0]]></item>
					<item id="navtitle"><![CDATA[]]></item>
					<item id="navicon"><![CDATA[]]></item>
					<item id="navsubname"><![CDATA[]]></item>
					<item id="navsuburl"><![CDATA[]]></item>
				</item>
				<item id="1">
					<item id="name"><![CDATA[gather]]></item>
					<item id="param"><![CDATA[]]></item>
					<item id="menu"><![CDATA[采集管理]]></item>
					<item id="url"><![CDATA[]]></item>
					<item id="type"><![CDATA[3]]></item>
					<item id="adminid"><![CDATA[0]]></item>
					<item id="displayorder"><![CDATA[0]]></item>
					<item id="navtitle"><![CDATA[]]></item>
					<item id="navicon"><![CDATA[]]></item>
					<item id="navsubname"><![CDATA[]]></item>
					<item id="navsuburl"><![CDATA[]]></item>
				</item>
				<item id="2">
					<item id="name"><![CDATA[category]]></item>
					<item id="param"><![CDATA[]]></item>
					<item id="menu"><![CDATA[分类管理]]></item>
					<item id="url"><![CDATA[]]></item>
					<item id="type"><![CDATA[3]]></item>
					<item id="adminid"><![CDATA[0]]></item>
					<item id="displayorder"><![CDATA[0]]></item>
					<item id="navtitle"><![CDATA[]]></item>
					<item id="navicon"><![CDATA[]]></item>
					<item id="navsubname"><![CDATA[]]></item>
					<item id="navsuburl"><![CDATA[]]></item>
				</item>
				<item id="3">
					<item id="name"><![CDATA[ymg6com_1469958264]]></item>
					<item id="param"><![CDATA[]]></item>
					<item id="menu"><![CDATA[打折秒杀]]></item>
					<item id="url"><![CDATA[plugin.php?id=ymg6com_1469958264]]></item>
					<item id="type"><![CDATA[1]]></item>
					<item id="adminid"><![CDATA[0]]></item>
					<item id="displayorder"><![CDATA[0]]></item>
					<item id="navtitle"><![CDATA[]]></item>
					<item id="navicon"><![CDATA[]]></item>
					<item id="navsubname"><![CDATA[]]></item>
					<item id="navsuburl"><![CDATA[]]></item>
				</item>
				<item id="4">
					<item id="name"><![CDATA[goods]]></item>
					<item id="param"><![CDATA[]]></item>
					<item id="menu"><![CDATA[商品管理]]></item>
					<item id="url"><![CDATA[]]></item>
					<item id="type"><![CDATA[3]]></item>
					<item id="adminid"><![CDATA[0]]></item>
					<item id="displayorder"><![CDATA[0]]></item>
					<item id="navtitle"><![CDATA[]]></item>
					<item id="navicon"><![CDATA[]]></item>
					<item id="navsubname"><![CDATA[]]></item>
					<item id="navsuburl"><![CDATA[]]></item>
				</item>
			</item>
		</item>
		<item id="version"><![CDATA[X2,X2.5,X3,X3.1,X3.2,F1.0]]></item>
		<item id="var">
			<item id="0">
				<item id="displayorder"><![CDATA[0]]></item>
				<item id="title"><![CDATA[分页显示数量]]></item>
				<item id="description"><![CDATA[每页显示商品的数量
默认为12个]]></item>
				<item id="variable"><![CDATA[pageSize]]></item>
				<item id="type"><![CDATA[number]]></item>
				<item id="value"><![CDATA[30]]></item>
				<item id="extra"><![CDATA[]]></item>
			</item>
			<item id="1">
				<item id="displayorder"><![CDATA[0]]></item>
				<item id="title"><![CDATA[关键字(keywords)]]></item>
				<item id="description"><![CDATA[页面关键字]]></item>
				<item id="variable"><![CDATA[cctbk_keywords]]></item>
				<item id="type"><![CDATA[textarea]]></item>
				<item id="value"><![CDATA[9.9包邮,九块九包邮,九块邮,九块九包邮网,9块9包邮,9.9元包邮促销区]]></item>
				<item id="extra"><![CDATA[]]></item>
			</item>
			<item id="2">
				<item id="displayorder"><![CDATA[0]]></item>
				<item id="title"><![CDATA[淘点金代码]]></item>
				<item id="description"><![CDATA[淘点金代码设置]]></item>
				<item id="variable"><![CDATA[tdjcode]]></item>
				<item id="type"><![CDATA[textarea]]></item>
				<item id="value"><![CDATA[]]></item>
				<item id="extra"><![CDATA[]]></item>
			</item>
			<item id="3">
				<item id="displayorder"><![CDATA[0]]></item>
				<item id="title"><![CDATA[标题(title)]]></item>
				<item id="description"><![CDATA[页面标题]]></item>
				<item id="variable"><![CDATA[title]]></item>
				<item id="type"><![CDATA[text]]></item>
				<item id="value"><![CDATA[打折秒杀淘宝客]]></item>
				<item id="extra"><![CDATA[]]></item>
			</item>
			<item id="4">
				<item id="displayorder"><![CDATA[0]]></item>
				<item id="title"><![CDATA[描述(description)]]></item>
				<item id="description"><![CDATA[页面描述]]></item>
				<item id="variable"><![CDATA[cctbk_description]]></item>
				<item id="type"><![CDATA[textarea]]></item>
				<item id="value"><![CDATA[汇集全网九块九包邮商品，除独享上百款精品外，还汇聚了女装,鞋子,包包,饰品等9.9元包邮秒杀商品，每天10点开抢，持续关注，超值不断！]]></item>
				<item id="extra"><![CDATA[]]></item>
			</item>
		</item>
		<item id="language">
			<item id="scriptlang">
				<item id="logy_m_g"><![CDATA[<h2 style="text-align:-webkit-center;">
	<span style="color:#4C33E5;">推荐一个dz商</span><span style="color:#4C33E5;">业插件模版下载的</span><span style="color:#4C33E5;"></span><span style="color:#4C33E5;">网站给大家</span><a href="http://www.ymg6.com" target="_blank"><span style="color:#4C33E5;">源码哥分享吧</span></a><span style="color:#4C33E5;">（www.ymg6.com）</span> 
</h2>
<h3 style="text-align:-webkit-center;">
	<span style="color:#E53333;">这</span><span style="color:#E53333;">是一个</span><span style="color:#E53333;">dz商业</span><a href="http://www.ymg6.com/forum.php?mod=forumdisplay&fid=2" target="_blank"><span style="color:#337FE5;">插</span><u><span style="color:#337FE5;"></span></u><span style="color:#337FE5;">件</span></a><a href="http://www.ymg6.com/forum.php?mod=forumdisplay&fid=36" target="_blank"><u><span style="color:#337FE5;">模</span></u><u><span style="color:#337FE5;"></span></u><u><span style="color:#337FE5;">版</span></u></a><span style="color:#E53333;">资源破解分享的网站，而且还有很多精品的网站源码下载</span> 
</h3>
<h3 style="text-align:-webkit-center;">
	<span style="color:#E53333;">他们资源每天更新，并且很多都是他们自己出钱在应用中心购买后破解分享出来的</span><br />
</h3>
<h3>
	<div style="text-align:center;">
		<span style="color:#E53333;">不过还是替他们说一下</span> 
	</div>
	<div style="text-align:center;">
		<span style="color:#E53333;">&nbsp;他们站下载的资源只限于自己学习研究内含的设计思想和原理 请勿有任何商业盈利行为</span> 
	</div>
</h3>
<h3 style="text-align:center;">
	<span style="color:#999999;">介绍也介绍完了，给大家做个小导航吧</span> 
</h3>
<h3 style="text-align:center;">
	<span style="color:#337FE5;"><a href="http://www.ymg6.com/forum.php?mod=forumdisplay&fid=2" target="_blank">dz商业破解插件下载</a> &nbsp; <a href="http://www.ymg6.com/forum.php?mod=forumdisplay&fid=36" target="_blank">dz商业风格模版下载</a> &nbsp; &nbsp;<a href="http://www.ymg6.com/forum.php?mod=forumdisplay&fid=50" target="_blank">精品网站源码下载</a> &nbsp; &nbsp;<a href="http://www.ymg6.com/forum.php?mod=forumdisplay&fid=51" target="_blank">工具素材下载</a></span><span style="color:#337FE5;">&nbsp; &nbsp; <a href="http://www.ymg6.com/forum.php?mod=forumdisplay&fid=41" target="_blank">精选教程区</a></span> 
</h3> ]]></item>
				<item id="goods_tag_1"><![CDATA[包邮]]></item>
				<item id="goods_tag_2"><![CDATA[推荐]]></item>
				<item id="page_error"><![CDATA[分页数据错误!]]></item>
				<item id="add_success"><![CDATA[添加成功]]></item>
				<item id="add_failed"><![CDATA[添加失败]]></item>
				<item id="edit_goods_not_found"><![CDATA[修改失败,商品不存在]]></item>
				<item id="edit_success"><![CDATA[修改成功]]></item>
				<item id="edit_failed"><![CDATA[修改失败]]></item>
				<item id="delete_goods_not_found"><![CDATA[删除失败,商品不存在]]></item>
				<item id="delete_success"><![CDATA[删除成功]]></item>
				<item id="delete_failed"><![CDATA[删除失败]]></item>
				<item id="logo_error"><![CDATA[请选择远程图片形式或者文件上传形式!]]></item>
				<item id="logo_url_error"><![CDATA[请选择远程图片形式或者文件上传形式!]]></item>
				<item id="logo_save_ok"><![CDATA[保存成功]]></item>
				<item id="db_connect_error"><![CDATA[数据库连接失败 或者选择库不存在！]]></item>
				<item id="db_delete_where"><![CDATA[危险操作 删除语句必须有where条件]]></item>
				<item id="db_edit_where"><![CDATA[危险操作 修改语句必须有where条件]]></item>
				<item id="upload_file_exists"><![CDATA[文件已经存在！]]></item>
				<item id="upload_not_image"><![CDATA[非法图像文件]]></item>
				<item id="upload_save_error"><![CDATA[文件上传保存错误！]]></item>
				<item id="upload_dir"><![CDATA[上传目录]]></item>
				<item id="upload_dir_not_exists"><![CDATA[不存在]]></item>
				<item id="upload_dir_not_writable"><![CDATA[不可写]]></item>
				<item id="upload_file_not_select"><![CDATA[没有选择上传文件]]></item>
				<item id="upload_error_1"><![CDATA[上传的文件超过了 php.ini 中 upload_max_filesize 选项限制的值]]></item>
				<item id="upload_error_2"><![CDATA[上传文件的大小超过了 HTML 表单中 MAX_FILE_SIZE 选项指定的值]]></item>
				<item id="upload_error_3"><![CDATA[文件只有部分被上传]]></item>
				<item id="upload_error_4"><![CDATA[没有文件被上传]]></item>
				<item id="upload_error_6"><![CDATA[找不到临时文件夹]]></item>
				<item id="upload_error_7"><![CDATA[文件写入失败]]></item>
				<item id="upload_error_unknow"><![CDATA[未知上传错误！]]></item>
				<item id="upload_error_size"><![CDATA[上传文件大小不符！]]></item>
				<item id="upload_error_mime"><![CDATA[上传文件MIME类型不允许！]]></item>
				<item id="upload_error_type"><![CDATA[上传文件类型不允许]]></item>
				<item id="upload_error_0"><![CDATA[非法上传文件！]]></item>
				<item id="channel_1"><![CDATA[9块9包邮]]></item>
				<item id="channel_2"><![CDATA[20元封顶]]></item>
				<item id="channel_3"><![CDATA[精品折扣]]></item>
				<item id="category_6"><![CDATA[女装]]></item>
				<item id="category_7"><![CDATA[男装]]></item>
				<item id="category_8"><![CDATA[鞋包]]></item>
				<item id="category_9"><![CDATA[配饰]]></item>
				<item id="category_10"><![CDATA[美食]]></item>
				<item id="category_11"><![CDATA[美妆]]></item>
				<item id="category_12"><![CDATA[母婴]]></item>
				<item id="category_13"><![CDATA[数码]]></item>
				<item id="category_14"><![CDATA[居家]]></item>
				<item id="category_15"><![CDATA[文体]]></item>
			</item>
			<item id="templatelang">
				<item id="filterall"><![CDATA[全部]]></item>
				<item id="sellerapply"><![CDATA[卖家报名]]></item>
				<item id="state1"><![CDATA[去抢购]]></item>
				<item id="state2"><![CDATA[未开始]]></item>
				<item id="state3"><![CDATA[已结束]]></item>
				<item id="recommend"><![CDATA[小编推荐]]></item>
				<item id="alreadysell"><![CDATA[已售]]></item>
				<item id="discount"><![CDATA[折]]></item>
				<item id="dollar"><![CDATA[￥]]></item>
				<item id="prepage"><![CDATA[上一页]]></item>
				<item id="day"><![CDATA[天]]></item>
				<item id="hour"><![CDATA[时]]></item>
				<item id="minute"><![CDATA[分]]></item>
				<item id="second"><![CDATA[秒]]></item>
				<item id="tobegin"><![CDATA[即将开始!]]></item>
				<item id="save"><![CDATA[保存]]></item>
				<item id="order"><![CDATA[排序]]></item>
				<item id="operation"><![CDATA[操作]]></item>
				<item id="edit"><![CDATA[修改]]></item>
				<item id="delete"><![CDATA[删除]]></item>
				<item id="delete_confirm"><![CDATA[确定删除吗？]]></item>
				<item id="tip1"><![CDATA[温馨提示：]]></item>
				<item id="colon"><![CDATA[：]]></item>
				<item id="if"><![CDATA[是否]]></item>
				<item id="logo_config"><![CDATA[LOGO设置：]]></item>
				<item id="logo_upload"><![CDATA[上传]]></item>
				<item id="logo_tip"><![CDATA[在文本框中输入内容为(使用远程图片地址,地址需带http://)<br/>
点击上传则(使用上传本地文件)]]></item>
				<item id="gather_category"><![CDATA[选择采集的频道：]]></item>
				<item id="gather_tip"><![CDATA[请勿勾选所有频道，一个一个采集，采集时页面可能会假死，不影响采集，15秒左右采集完成！]]></item>
				<item id="gather_submit"><![CDATA[采集]]></item>
				<item id="category_list"><![CDATA[分类列表]]></item>
				<item id="category_name"><![CDATA[分类名称]]></item>
				<item id="category_order"><![CDATA[分类排序]]></item>
				<item id="goods_list"><![CDATA[商品列表]]></item>
				<item id="goods_add"><![CDATA[添加商品]]></item>
				<item id="goods_image"><![CDATA[图片]]></item>
				<item id="goods_name"><![CDATA[标题]]></item>
				<item id="goods_price"><![CDATA[价格]]></item>
				<item id="goods_price_promotion"><![CDATA[促销价]]></item>
				<item id="goods_category"><![CDATA[所属分类]]></item>
				<item id="goods_favorable_type"><![CDATA[优惠方式]]></item>
				<item id="goods_favorable_type_1"><![CDATA[无]]></item>
				<item id="goods_favorable_type_2"><![CDATA[vip特价]]></item>
				<item id="goods_favorable_type_3"><![CDATA[拍下改价]]></item>
				<item id="goods_favorable_type_4"><![CDATA[独家折扣]]></item>
				<item id="goods_tag"><![CDATA[标签]]></item>
				<item id="goods_tag_1"><![CDATA[包邮]]></item>
				<item id="goods_tag_2"><![CDATA[推荐]]></item>
				<item id="goods_activity_date"><![CDATA[活动时间]]></item>
				<item id="goods_url"><![CDATA[宝贝链接：]]></item>
				<item id="goods_download"><![CDATA[一键获取]]></item>
				<item id="goods_id"><![CDATA[宝贝ID：]]></item>
				<item id="goods_title"><![CDATA[宝贝标题：]]></item>
				<item id="goods_channel"><![CDATA[所属频道：]]></item>
				<item id="goods_image1"><![CDATA[宝贝图片：]]></item>
				<item id="goods_image1_tip"><![CDATA[最佳尺寸 : (310 X 310)]]></item>
				<item id="goods_price1"><![CDATA[宝贝价格：]]></item>
				<item id="seller_wangwang"><![CDATA[商家旺旺：]]></item>
				<item id="seller_id"><![CDATA[商家ID：]]></item>
				<item id="goods_sales"><![CDATA[销量：]]></item>
				<item id="goods_mall"><![CDATA[所属商城：]]></item>
				<item id="goods_mall_taobao"><![CDATA[淘宝]]></item>
				<item id="goods_mall_tmall"><![CDATA[天猫]]></item>
				<item id="goods_remark"><![CDATA[备注说明：]]></item>
				<item id="goods_submit"><![CDATA[提交]]></item>
				<item id="goods_image_taobao"><![CDATA[淘宝图片]]></item>
				<item id="goods_image_goods"><![CDATA[商品图片]]></item>
				<item id="goods_edit"><![CDATA[修改商品]]></item>
				<item id="goods_date_tip"><![CDATA[请输入日期]]></item>
				<item id="redirect1"><![CDATA[正在为您跳转...]]></item>
				<item id="redirect2"><![CDATA[正在为您跳转,请稍后...]]></item>
				<item id="verify_ok"><![CDATA[<span class='sp right'><b>√</b>正确</span>]]></item>
				<item id="verify_category_error_1"><![CDATA[<span class='sp error'><b>×</b>请填写正确的分类名(1~20个字符)</span>]]></item>
				<item id="verify_category_error_2"><![CDATA[<span class='sp error'><b>×</b>请填写正确的分类名(1~50个字符)</span>]]></item>
				<item id="verify_order_error"><![CDATA[<span class='sp error'><b>×</b>请填写正确的排序值(0~255的数字)</span>]]></item>
				<item id="verify_sort_error"><![CDATA[<span class='sp error'><b>×</b>请填写正确的排序值</span>]]></item>
				<item id="verify_price_error"><![CDATA[<span class='sp error'><b>×</b>请填写正确的价格(例如：135.5)</span>]]></item>
				<item id="verify_goods_id_error"><![CDATA[<span class='sp error'><b>×</b>请填写正确的宝贝ID</span>]]></item>
				<item id="verify_buynum_error"><![CDATA[<span class='sp error'><b>×</b>请填写正确的购买量</span>]]></item>
				<item id="verify_goods_url_error"><![CDATA[商品网址不正确,请填写正确的淘宝,天猫商品地址]]></item>
				<item id="verify_collect_ok"><![CDATA[采集完成！]]></item>
				<item id="verify_collect"><![CDATA[采集]]></item>
				<item id="verify_collect_success"><![CDATA[成功]]></item>
				<item id="verify_collect_failed"><![CDATA[失败]]></item>
				<item id="verify_collect_duplicate"><![CDATA[已经采集过了]]></item>
			</item>
			<item id="installlang">
				<item id="coupon_1"><![CDATA[无]]></item>
				<item id="coupon_2"><![CDATA[vip特价]]></item>
				<item id="coupon_3"><![CDATA[拍下改价]]></item>
				<item id="coupon_4"><![CDATA[独家折扣]]></item>
			</item>
		</item>
		<item id="installfile"><![CDATA[install.php]]></item>
		<item id="uninstallfile"><![CDATA[uninstall.php]]></item>
	</item>
</root>
