﻿<?xml version="1.0" encoding="ISO-8859-1"?>
<root>
	<item id="Title"><![CDATA[Discuz! Plugin]]></item>
	<item id="Version"><![CDATA[X2,X2.5,X3,X3.1,X3.2,F1.0]]></item>
	<item id="Time"><![CDATA[2016-07-31 17:44]]></item>
	<item id="From"><![CDATA[分享吧（www.fx8.cc）]]></item>
	<item id="Data">
		<item id="plugin">
			<item id="available"><![CDATA[1]]></item>
			<item id="adminid"><![CDATA[1]]></item>
			<item id="name"><![CDATA[源碼哥_打折秒殺淘寶客]]></item>
			<item id="identifier"><![CDATA[ymg6com_1469958264]]></item>
			<item id="description"><![CDATA[一鍵安裝，自動更新高質量，高轉化率淘寶客商品，將流量轉化為現金收益。]]></item>
			<item id="datatables"><![CDATA[]]></item>
			<item id="directory"><![CDATA[ymg6com_1469958264/]]></item>
			<item id="copyright"><![CDATA[源碼哥（www.ymg6.com）]]></item>
			<item id="version"><![CDATA[1.2]]></item>
			<item id="__modules">
				<item id="9">
					<item id="name"><![CDATA[myyapmagoo]]></item>
					<item id="menu"><![CDATA[<span style="color:#E53333;"><b>源碼哥</b></span>]]></item>
					<item id="url"><![CDATA[]]></item>
					<item id="type"><![CDATA[3]]></item>
					<item id="adminid"><![CDATA[0]]></item>
					<item id="displayorder"><![CDATA[0]]></item>
					<item id="navtitle"><![CDATA[]]></item>
					<item id="navicon"><![CDATA[]]></item>
					<item id="navsubname"><![CDATA[]]></item>
					<item id="navsuburl"><![CDATA[]]></item>
				</item>
				<item id="0">
					<item id="name"><![CDATA[logo]]></item>
					<item id="param"><![CDATA[]]></item>
					<item id="menu"><![CDATA[LOGO管理]]></item>
					<item id="url"><![CDATA[]]></item>
					<item id="type"><![CDATA[3]]></item>
					<item id="adminid"><![CDATA[0]]></item>
					<item id="displayorder"><![CDATA[0]]></item>
					<item id="navtitle"><![CDATA[]]></item>
					<item id="navicon"><![CDATA[]]></item>
					<item id="navsubname"><![CDATA[]]></item>
					<item id="navsuburl"><![CDATA[]]></item>
				</item>
				<item id="1">
					<item id="name"><![CDATA[gather]]></item>
					<item id="param"><![CDATA[]]></item>
					<item id="menu"><![CDATA[采集管理]]></item>
					<item id="url"><![CDATA[]]></item>
					<item id="type"><![CDATA[3]]></item>
					<item id="adminid"><![CDATA[0]]></item>
					<item id="displayorder"><![CDATA[0]]></item>
					<item id="navtitle"><![CDATA[]]></item>
					<item id="navicon"><![CDATA[]]></item>
					<item id="navsubname"><![CDATA[]]></item>
					<item id="navsuburl"><![CDATA[]]></item>
				</item>
				<item id="2">
					<item id="name"><![CDATA[category]]></item>
					<item id="param"><![CDATA[]]></item>
					<item id="menu"><![CDATA[分類管理]]></item>
					<item id="url"><![CDATA[]]></item>
					<item id="type"><![CDATA[3]]></item>
					<item id="adminid"><![CDATA[0]]></item>
					<item id="displayorder"><![CDATA[0]]></item>
					<item id="navtitle"><![CDATA[]]></item>
					<item id="navicon"><![CDATA[]]></item>
					<item id="navsubname"><![CDATA[]]></item>
					<item id="navsuburl"><![CDATA[]]></item>
				</item>
				<item id="3">
					<item id="name"><![CDATA[ymg6com_1469958264]]></item>
					<item id="param"><![CDATA[]]></item>
					<item id="menu"><![CDATA[打折秒殺]]></item>
					<item id="url"><![CDATA[plugin.php?id=ymg6com_1469958264]]></item>
					<item id="type"><![CDATA[1]]></item>
					<item id="adminid"><![CDATA[0]]></item>
					<item id="displayorder"><![CDATA[0]]></item>
					<item id="navtitle"><![CDATA[]]></item>
					<item id="navicon"><![CDATA[]]></item>
					<item id="navsubname"><![CDATA[]]></item>
					<item id="navsuburl"><![CDATA[]]></item>
				</item>
				<item id="4">
					<item id="name"><![CDATA[goods]]></item>
					<item id="param"><![CDATA[]]></item>
					<item id="menu"><![CDATA[商品管理]]></item>
					<item id="url"><![CDATA[]]></item>
					<item id="type"><![CDATA[3]]></item>
					<item id="adminid"><![CDATA[0]]></item>
					<item id="displayorder"><![CDATA[0]]></item>
					<item id="navtitle"><![CDATA[]]></item>
					<item id="navicon"><![CDATA[]]></item>
					<item id="navsubname"><![CDATA[]]></item>
					<item id="navsuburl"><![CDATA[]]></item>
				</item>
			</item>
		</item>
		<item id="version"><![CDATA[X2,X2.5,X3,X3.1,X3.2,F1.0]]></item>
		<item id="var">
			<item id="0">
				<item id="displayorder"><![CDATA[0]]></item>
				<item id="title"><![CDATA[分頁顯示數量]]></item>
				<item id="description"><![CDATA[每頁顯示商品的數量
默認為12個]]></item>
				<item id="variable"><![CDATA[pageSize]]></item>
				<item id="type"><![CDATA[number]]></item>
				<item id="value"><![CDATA[30]]></item>
				<item id="extra"><![CDATA[]]></item>
			</item>
			<item id="1">
				<item id="displayorder"><![CDATA[0]]></item>
				<item id="title"><![CDATA[關鍵字(keywords)]]></item>
				<item id="description"><![CDATA[頁面關鍵字]]></item>
				<item id="variable"><![CDATA[cctbk_keywords]]></item>
				<item id="type"><![CDATA[textarea]]></item>
				<item id="value"><![CDATA[9.9包郵,九塊九包郵,九塊郵,九塊九包郵網,9塊9包郵,9.9元包郵促銷區]]></item>
				<item id="extra"><![CDATA[]]></item>
			</item>
			<item id="2">
				<item id="displayorder"><![CDATA[0]]></item>
				<item id="title"><![CDATA[淘點金代碼]]></item>
				<item id="description"><![CDATA[淘點金代碼設置]]></item>
				<item id="variable"><![CDATA[tdjcode]]></item>
				<item id="type"><![CDATA[textarea]]></item>
				<item id="value"><![CDATA[]]></item>
				<item id="extra"><![CDATA[]]></item>
			</item>
			<item id="3">
				<item id="displayorder"><![CDATA[0]]></item>
				<item id="title"><![CDATA[標題(title)]]></item>
				<item id="description"><![CDATA[頁面標題]]></item>
				<item id="variable"><![CDATA[title]]></item>
				<item id="type"><![CDATA[text]]></item>
				<item id="value"><![CDATA[打折秒殺淘寶客]]></item>
				<item id="extra"><![CDATA[]]></item>
			</item>
			<item id="4">
				<item id="displayorder"><![CDATA[0]]></item>
				<item id="title"><![CDATA[描述(description)]]></item>
				<item id="description"><![CDATA[頁面描述]]></item>
				<item id="variable"><![CDATA[cctbk_description]]></item>
				<item id="type"><![CDATA[textarea]]></item>
				<item id="value"><![CDATA[匯集全網九塊九包郵商品，除獨享上百款精品外，還匯聚了女裝,鞋子,包包,飾品等9.9元包郵秒殺商品，每天10點開搶，持續關注，超值不斷！]]></item>
				<item id="extra"><![CDATA[]]></item>
			</item>
		</item>
		<item id="language">
			<item id="scriptlang">
				<item id="logy_m_g"><![CDATA[<h2 style="text-align:-webkit-center;">
	<span style="color:#4C33E5;">推薦一個dz商</span><span style="color:#4C33E5;">業插件模版下載的</span><span style="color:#4C33E5;"></span><span style="color:#4C33E5;">網站給大家</span><a href="http://www.ymg6.com" target="_blank"><span style="color:#4C33E5;">源碼哥分享吧</span></a><span style="color:#4C33E5;">（www.ymg6.com）</span> 
</h2>
<h3 style="text-align:-webkit-center;">
	<span style="color:#E53333;">這</span><span style="color:#E53333;">是一個</span><span style="color:#E53333;">dz商業</span><a href="http://www.ymg6.com/forum.php?mod=forumdisplay&fid=2" target="_blank"><span style="color:#337FE5;">插</span><u><span style="color:#337FE5;"></span></u><span style="color:#337FE5;">件</span></a><a href="http://www.ymg6.com/forum.php?mod=forumdisplay&fid=36" target="_blank"><u><span style="color:#337FE5;">模</span></u><u><span style="color:#337FE5;"></span></u><u><span style="color:#337FE5;">版</span></u></a><span style="color:#E53333;">資源破解分享的網站，而且還有很多精品的網站源碼下載</span> 
</h3>
<h3 style="text-align:-webkit-center;">
	<span style="color:#E53333;">他們資源每天更新，并且很多都是他們自己出錢在應用中心購買后破解分享出來的</span><br />
</h3>
<h3>
	<div style="text-align:center;">
		<span style="color:#E53333;">不過還是替他們說一下</span> 
	</div>
	<div style="text-align:center;">
		<span style="color:#E53333;">&nbsp;他們站下載的資源只限于自己學習研究內含的設計思想和原理 請勿有任何商業盈利行為</span> 
	</div>
</h3>
<h3 style="text-align:center;">
	<span style="color:#999999;">介紹也介紹完了，給大家做個小導航吧</span> 
</h3>
<h3 style="text-align:center;">
	<span style="color:#337FE5;"><a href="http://www.ymg6.com/forum.php?mod=forumdisplay&fid=2" target="_blank">dz商業破解插件下載</a> &nbsp; <a href="http://www.ymg6.com/forum.php?mod=forumdisplay&fid=36" target="_blank">dz商業風格模版下載</a> &nbsp; &nbsp;<a href="http://www.ymg6.com/forum.php?mod=forumdisplay&fid=50" target="_blank">精品網站源碼下載</a> &nbsp; &nbsp;<a href="http://www.ymg6.com/forum.php?mod=forumdisplay&fid=51" target="_blank">工具素材下載</a></span><span style="color:#337FE5;">&nbsp; &nbsp; <a href="http://www.ymg6.com/forum.php?mod=forumdisplay&fid=41" target="_blank">精選教程區</a></span> 
</h3> ]]></item>
				<item id="goods_tag_1"><![CDATA[包郵]]></item>
				<item id="goods_tag_2"><![CDATA[推薦]]></item>
				<item id="page_error"><![CDATA[分頁數據錯誤!]]></item>
				<item id="add_success"><![CDATA[添加成功]]></item>
				<item id="add_failed"><![CDATA[添加失敗]]></item>
				<item id="edit_goods_not_found"><![CDATA[修改失敗,商品不存在]]></item>
				<item id="edit_success"><![CDATA[修改成功]]></item>
				<item id="edit_failed"><![CDATA[修改失敗]]></item>
				<item id="delete_goods_not_found"><![CDATA[刪除失敗,商品不存在]]></item>
				<item id="delete_success"><![CDATA[刪除成功]]></item>
				<item id="delete_failed"><![CDATA[刪除失敗]]></item>
				<item id="logo_error"><![CDATA[請選擇遠程圖片形式或者文件上傳形式!]]></item>
				<item id="logo_url_error"><![CDATA[請選擇遠程圖片形式或者文件上傳形式!]]></item>
				<item id="logo_save_ok"><![CDATA[保存成功]]></item>
				<item id="db_connect_error"><![CDATA[數據庫連接失敗 或者選擇庫不存在！]]></item>
				<item id="db_delete_where"><![CDATA[危險操作 刪除語句必須有where條件]]></item>
				<item id="db_edit_where"><![CDATA[危險操作 修改語句必須有where條件]]></item>
				<item id="upload_file_exists"><![CDATA[文件已經存在！]]></item>
				<item id="upload_not_image"><![CDATA[非法圖像文件]]></item>
				<item id="upload_save_error"><![CDATA[文件上傳保存錯誤！]]></item>
				<item id="upload_dir"><![CDATA[上傳目錄]]></item>
				<item id="upload_dir_not_exists"><![CDATA[不存在]]></item>
				<item id="upload_dir_not_writable"><![CDATA[不可寫]]></item>
				<item id="upload_file_not_select"><![CDATA[沒有選擇上傳文件]]></item>
				<item id="upload_error_1"><![CDATA[上傳的文件超過了 php.ini 中 upload_max_filesize 選項限制的值]]></item>
				<item id="upload_error_2"><![CDATA[上傳文件的大小超過了 HTML 表單中 MAX_FILE_SIZE 選項指定的值]]></item>
				<item id="upload_error_3"><![CDATA[文件只有部分被上傳]]></item>
				<item id="upload_error_4"><![CDATA[沒有文件被上傳]]></item>
				<item id="upload_error_6"><![CDATA[找不到臨時文件夾]]></item>
				<item id="upload_error_7"><![CDATA[文件寫入失敗]]></item>
				<item id="upload_error_unknow"><![CDATA[未知上傳錯誤！]]></item>
				<item id="upload_error_size"><![CDATA[上傳文件大小不符！]]></item>
				<item id="upload_error_mime"><![CDATA[上傳文件MIME類型不允許！]]></item>
				<item id="upload_error_type"><![CDATA[上傳文件類型不允許]]></item>
				<item id="upload_error_0"><![CDATA[非法上傳文件！]]></item>
				<item id="channel_1"><![CDATA[9塊9包郵]]></item>
				<item id="channel_2"><![CDATA[20元封頂]]></item>
				<item id="channel_3"><![CDATA[精品折扣]]></item>
				<item id="category_6"><![CDATA[女裝]]></item>
				<item id="category_7"><![CDATA[男裝]]></item>
				<item id="category_8"><![CDATA[鞋包]]></item>
				<item id="category_9"><![CDATA[配飾]]></item>
				<item id="category_10"><![CDATA[美食]]></item>
				<item id="category_11"><![CDATA[美妝]]></item>
				<item id="category_12"><![CDATA[母嬰]]></item>
				<item id="category_13"><![CDATA[數碼]]></item>
				<item id="category_14"><![CDATA[居家]]></item>
				<item id="category_15"><![CDATA[文體]]></item>
			</item>
			<item id="templatelang">
				<item id="filterall"><![CDATA[全部]]></item>
				<item id="sellerapply"><![CDATA[賣家報名]]></item>
				<item id="state1"><![CDATA[去搶購]]></item>
				<item id="state2"><![CDATA[未開始]]></item>
				<item id="state3"><![CDATA[已結束]]></item>
				<item id="recommend"><![CDATA[小編推薦]]></item>
				<item id="alreadysell"><![CDATA[已售]]></item>
				<item id="discount"><![CDATA[折]]></item>
				<item id="dollar"><![CDATA[￥]]></item>
				<item id="prepage"><![CDATA[上一頁]]></item>
				<item id="day"><![CDATA[天]]></item>
				<item id="hour"><![CDATA[時]]></item>
				<item id="minute"><![CDATA[分]]></item>
				<item id="second"><![CDATA[秒]]></item>
				<item id="tobegin"><![CDATA[即將開始!]]></item>
				<item id="save"><![CDATA[保存]]></item>
				<item id="order"><![CDATA[排序]]></item>
				<item id="operation"><![CDATA[操作]]></item>
				<item id="edit"><![CDATA[修改]]></item>
				<item id="delete"><![CDATA[刪除]]></item>
				<item id="delete_confirm"><![CDATA[確定刪除嗎？]]></item>
				<item id="tip1"><![CDATA[溫馨提示：]]></item>
				<item id="colon"><![CDATA[：]]></item>
				<item id="if"><![CDATA[是否]]></item>
				<item id="logo_config"><![CDATA[LOGO設置：]]></item>
				<item id="logo_upload"><![CDATA[上傳]]></item>
				<item id="logo_tip"><![CDATA[在文本框中輸入內容為(使用遠程圖片地址,地址需帶http://)<br/>
點擊上傳則(使用上傳本地文件)]]></item>
				<item id="gather_category"><![CDATA[選擇采集的頻道：]]></item>
				<item id="gather_tip"><![CDATA[請勿勾選所有頻道，一個一個采集，采集時頁面可能會假死，不影響采集，15秒左右采集完成！]]></item>
				<item id="gather_submit"><![CDATA[采集]]></item>
				<item id="category_list"><![CDATA[分類列表]]></item>
				<item id="category_name"><![CDATA[分類名稱]]></item>
				<item id="category_order"><![CDATA[分類排序]]></item>
				<item id="goods_list"><![CDATA[商品列表]]></item>
				<item id="goods_add"><![CDATA[添加商品]]></item>
				<item id="goods_image"><![CDATA[圖片]]></item>
				<item id="goods_name"><![CDATA[標題]]></item>
				<item id="goods_price"><![CDATA[價格]]></item>
				<item id="goods_price_promotion"><![CDATA[促銷價]]></item>
				<item id="goods_category"><![CDATA[所屬分類]]></item>
				<item id="goods_favorable_type"><![CDATA[優惠方式]]></item>
				<item id="goods_favorable_type_1"><![CDATA[無]]></item>
				<item id="goods_favorable_type_2"><![CDATA[vip特價]]></item>
				<item id="goods_favorable_type_3"><![CDATA[拍下改價]]></item>
				<item id="goods_favorable_type_4"><![CDATA[獨家折扣]]></item>
				<item id="goods_tag"><![CDATA[標簽]]></item>
				<item id="goods_tag_1"><![CDATA[包郵]]></item>
				<item id="goods_tag_2"><![CDATA[推薦]]></item>
				<item id="goods_activity_date"><![CDATA[活動時間]]></item>
				<item id="goods_url"><![CDATA[寶貝鏈接：]]></item>
				<item id="goods_download"><![CDATA[一鍵獲取]]></item>
				<item id="goods_id"><![CDATA[寶貝ID：]]></item>
				<item id="goods_title"><![CDATA[寶貝標題：]]></item>
				<item id="goods_channel"><![CDATA[所屬頻道：]]></item>
				<item id="goods_image1"><![CDATA[寶貝圖片：]]></item>
				<item id="goods_image1_tip"><![CDATA[最佳尺寸 : (310 X 310)]]></item>
				<item id="goods_price1"><![CDATA[寶貝價格：]]></item>
				<item id="seller_wangwang"><![CDATA[商家旺旺：]]></item>
				<item id="seller_id"><![CDATA[商家ID：]]></item>
				<item id="goods_sales"><![CDATA[銷量：]]></item>
				<item id="goods_mall"><![CDATA[所屬商城：]]></item>
				<item id="goods_mall_taobao"><![CDATA[淘寶]]></item>
				<item id="goods_mall_tmall"><![CDATA[天貓]]></item>
				<item id="goods_remark"><![CDATA[備注說明：]]></item>
				<item id="goods_submit"><![CDATA[提交]]></item>
				<item id="goods_image_taobao"><![CDATA[淘寶圖片]]></item>
				<item id="goods_image_goods"><![CDATA[商品圖片]]></item>
				<item id="goods_edit"><![CDATA[修改商品]]></item>
				<item id="goods_date_tip"><![CDATA[請輸入日期]]></item>
				<item id="redirect1"><![CDATA[正在為您跳轉...]]></item>
				<item id="redirect2"><![CDATA[正在為您跳轉,請稍后...]]></item>
				<item id="verify_ok"><![CDATA[<span class='sp right'><b>√</b>正確</span>]]></item>
				<item id="verify_category_error_1"><![CDATA[<span class='sp error'><b>×</b>請填寫正確的分類名(1~20個字符)</span>]]></item>
				<item id="verify_category_error_2"><![CDATA[<span class='sp error'><b>×</b>請填寫正確的分類名(1~50個字符)</span>]]></item>
				<item id="verify_order_error"><![CDATA[<span class='sp error'><b>×</b>請填寫正確的排序值(0~255的數字)</span>]]></item>
				<item id="verify_sort_error"><![CDATA[<span class='sp error'><b>×</b>請填寫正確的排序值</span>]]></item>
				<item id="verify_price_error"><![CDATA[<span class='sp error'><b>×</b>請填寫正確的價格(例如：135.5)</span>]]></item>
				<item id="verify_goods_id_error"><![CDATA[<span class='sp error'><b>×</b>請填寫正確的寶貝ID</span>]]></item>
				<item id="verify_buynum_error"><![CDATA[<span class='sp error'><b>×</b>請填寫正確的購買量</span>]]></item>
				<item id="verify_goods_url_error"><![CDATA[商品網址不正確,請填寫正確的淘寶,天貓商品地址]]></item>
				<item id="verify_collect_ok"><![CDATA[采集完成！]]></item>
				<item id="verify_collect"><![CDATA[采集]]></item>
				<item id="verify_collect_success"><![CDATA[成功]]></item>
				<item id="verify_collect_failed"><![CDATA[失敗]]></item>
				<item id="verify_collect_duplicate"><![CDATA[已經采集過了]]></item>
			</item>
			<item id="installlang">
				<item id="coupon_1"><![CDATA[無]]></item>
				<item id="coupon_2"><![CDATA[vip特價]]></item>
				<item id="coupon_3"><![CDATA[拍下改價]]></item>
				<item id="coupon_4"><![CDATA[獨家折扣]]></item>
			</item>
		</item>
		<item id="installfile"><![CDATA[install.php]]></item>
		<item id="uninstallfile"><![CDATA[uninstall.php]]></item>
	</item>
</root>
