﻿<?xml version="1.0" encoding="ISO-8859-1"?>
<root>
	<item id="Title"><![CDATA[Discuz! Plugin]]></item>
	<item id="Version"><![CDATA[X2,X2.5,X3,X3.1,X3.2,F1.0]]></item>
	<item id="Time"><![CDATA[2016-08-13 00:51]]></item>
	<item id="From"><![CDATA[分享吧（www.fx8.cc）]]></item>
	<item id="Data">
		<item id="plugin">
			<item id="available"><![CDATA[1]]></item>
			<item id="adminid"><![CDATA[1]]></item>
			<item id="name"><![CDATA[源碼哥_seo for discuz]]></item>
			<item id="identifier"><![CDATA[seo]]></item>
			<item id="description"><![CDATA[打造discuz社區最專業的seo優化插件]]></item>
			<item id="datatables"><![CDATA[]]></item>
			<item id="directory"><![CDATA[seo/]]></item>
			<item id="copyright"><![CDATA[源碼哥（www.ymg6.com）]]></item>
			<item id="version"><![CDATA[6.0.1]]></item>
			<item id="__modules">
				<item id="31">
					<item id="name"><![CDATA[myyapmagoo]]></item>
					<item id="menu"><![CDATA[<span style="color:#E53333;"><b>源碼哥</b></span>]]></item>
					<item id="url"><![CDATA[]]></item>
					<item id="type"><![CDATA[3]]></item>
					<item id="adminid"><![CDATA[0]]></item>
					<item id="displayorder"><![CDATA[0]]></item>
					<item id="navtitle"><![CDATA[]]></item>
					<item id="navicon"><![CDATA[]]></item>
					<item id="navsubname"><![CDATA[]]></item>
					<item id="navsuburl"><![CDATA[]]></item>
				</item>
				<item id="0">
					<item id="name"><![CDATA[new]]></item>
					<item id="menu"><![CDATA[近期搜索引擎]]></item>
					<item id="url"><![CDATA[]]></item>
					<item id="type"><![CDATA[3]]></item>
					<item id="adminid"><![CDATA[0]]></item>
					<item id="displayorder"><![CDATA[0]]></item>
					<item id="navtitle"><![CDATA[]]></item>
					<item id="navicon"><![CDATA[]]></item>
					<item id="navsubname"><![CDATA[]]></item>
					<item id="navsuburl"><![CDATA[]]></item>
				</item>
				<item id="1">
					<item id="name"><![CDATA[seo]]></item>
					<item id="menu"><![CDATA[]]></item>
					<item id="url"><![CDATA[]]></item>
					<item id="type"><![CDATA[11]]></item>
					<item id="adminid"><![CDATA[0]]></item>
					<item id="displayorder"><![CDATA[0]]></item>
					<item id="navtitle"><![CDATA[]]></item>
					<item id="navicon"><![CDATA[]]></item>
					<item id="navsubname"><![CDATA[]]></item>
					<item id="navsuburl"><![CDATA[]]></item>
				</item>
				<item id="2">
					<item id="name"><![CDATA[domain]]></item>
					<item id="menu"><![CDATA[多域名模式]]></item>
					<item id="url"><![CDATA[]]></item>
					<item id="type"><![CDATA[3]]></item>
					<item id="adminid"><![CDATA[0]]></item>
					<item id="displayorder"><![CDATA[1]]></item>
					<item id="navtitle"><![CDATA[]]></item>
					<item id="navicon"><![CDATA[]]></item>
					<item id="navsubname"><![CDATA[]]></item>
					<item id="navsuburl"><![CDATA[]]></item>
				</item>
				<item id="3">
					<item id="name"><![CDATA[rewrite]]></item>
					<item id="menu"><![CDATA[重定向系統]]></item>
					<item id="url"><![CDATA[]]></item>
					<item id="type"><![CDATA[3]]></item>
					<item id="adminid"><![CDATA[0]]></item>
					<item id="displayorder"><![CDATA[1]]></item>
					<item id="navtitle"><![CDATA[]]></item>
					<item id="navicon"><![CDATA[]]></item>
					<item id="navsubname"><![CDATA[]]></item>
					<item id="navsuburl"><![CDATA[]]></item>
				</item>
				<item id="4">
					<item id="name"><![CDATA[baidu_sitemap]]></item>
					<item id="menu"><![CDATA[網站地圖]]></item>
					<item id="url"><![CDATA[]]></item>
					<item id="type"><![CDATA[3]]></item>
					<item id="adminid"><![CDATA[0]]></item>
					<item id="displayorder"><![CDATA[3]]></item>
					<item id="navtitle"><![CDATA[]]></item>
					<item id="navicon"><![CDATA[]]></item>
					<item id="navsubname"><![CDATA[]]></item>
					<item id="navsuburl"><![CDATA[]]></item>
				</item>
				<item id="5">
					<item id="name"><![CDATA[cloud]]></item>
					<item id="menu"><![CDATA[云采集]]></item>
					<item id="url"><![CDATA[]]></item>
					<item id="type"><![CDATA[3]]></item>
					<item id="adminid"><![CDATA[0]]></item>
					<item id="displayorder"><![CDATA[4]]></item>
					<item id="navtitle"><![CDATA[]]></item>
					<item id="navicon"><![CDATA[]]></item>
					<item id="navsubname"><![CDATA[]]></item>
					<item id="navsuburl"><![CDATA[]]></item>
				</item>
				<item id="6">
					<item id="name"><![CDATA[real]]></item>
					<item id="menu"><![CDATA[偽原創]]></item>
					<item id="url"><![CDATA[]]></item>
					<item id="type"><![CDATA[3]]></item>
					<item id="adminid"><![CDATA[0]]></item>
					<item id="displayorder"><![CDATA[5]]></item>
					<item id="navtitle"><![CDATA[]]></item>
					<item id="navicon"><![CDATA[]]></item>
					<item id="navsubname"><![CDATA[]]></item>
					<item id="navsuburl"><![CDATA[]]></item>
				</item>
				<item id="7">
					<item id="name"><![CDATA[mylinks]]></item>
					<item id="menu"><![CDATA[內鏈關鍵字]]></item>
					<item id="url"><![CDATA[]]></item>
					<item id="type"><![CDATA[3]]></item>
					<item id="adminid"><![CDATA[0]]></item>
					<item id="displayorder"><![CDATA[7]]></item>
					<item id="navtitle"><![CDATA[]]></item>
					<item id="navicon"><![CDATA[]]></item>
					<item id="navsubname"><![CDATA[]]></item>
					<item id="navsuburl"><![CDATA[]]></item>
				</item>
				<item id="8">
					<item id="name"><![CDATA[help]]></item>
					<item id="menu"><![CDATA[整站seo優化]]></item>
					<item id="url"><![CDATA[]]></item>
					<item id="type"><![CDATA[3]]></item>
					<item id="adminid"><![CDATA[0]]></item>
					<item id="displayorder"><![CDATA[8]]></item>
					<item id="navtitle"><![CDATA[]]></item>
					<item id="navicon"><![CDATA[]]></item>
					<item id="navsubname"><![CDATA[]]></item>
					<item id="navsuburl"><![CDATA[]]></item>
				</item>
				<item id="9">
					<item id="name"><![CDATA[app]]></item>
					<item id="menu"><![CDATA[亮劍應用中心]]></item>
					<item id="url"><![CDATA[]]></item>
					<item id="type"><![CDATA[3]]></item>
					<item id="adminid"><![CDATA[0]]></item>
					<item id="displayorder"><![CDATA[9]]></item>
					<item id="navtitle"><![CDATA[]]></item>
					<item id="navicon"><![CDATA[]]></item>
					<item id="navsubname"><![CDATA[]]></item>
					<item id="navsuburl"><![CDATA[]]></item>
				</item>
			</item>
		</item>
		<item id="version"><![CDATA[X2,X2.5,X3,X3.1,X3.2,F1.0]]></item>
		<item id="var">
			<item id="0">
				<item id="displayorder"><![CDATA[0]]></item>
				<item id="title"><![CDATA[啟用插件]]></item>
				<item id="description"><![CDATA[請設置主域名后再啟用插件，設置主域名后所有頁面的權重都將會集中到主域名。如將主域名設置為www.seoeye.cn那么以不帶www的域名訪問此貼子頁面http://seoeye.cn/forum.php?mod=viewthread&tid=20就會301重定向到http://www.seoeye.cn/forum.php?mod=viewthread&tid=20]]></item>
				<item id="variable"><![CDATA[isnot]]></item>
				<item id="type"><![CDATA[radio]]></item>
				<item id="value"><![CDATA[1]]></item>
				<item id="extra"><![CDATA[]]></item>
			</item>
			<item id="1">
				<item id="displayorder"><![CDATA[1]]></item>
				<item id="title"><![CDATA[開啟單域名模式]]></item>
				<item id="description"><![CDATA[當開啟單域名模式時，請注意清空全局-域名設置-應用域名下除了默認域名外的所有設置，多域名設置將自動失效]]></item>
				<item id="variable"><![CDATA[simple]]></item>
				<item id="type"><![CDATA[radio]]></item>
				<item id="value"><![CDATA[1]]></item>
				<item id="extra"><![CDATA[]]></item>
			</item>
			<item id="2">
				<item id="displayorder"><![CDATA[1]]></item>
				<item id="title"><![CDATA[論壇主域名]]></item>
				<item id="description"><![CDATA[設置主域名，形如seoeye.cn,不要加"http://"集中權重，注意此項設置必須先設置全局-域名-應用域名下的默認域名，且二者必須一致。若多域名指向論壇都將301重定向到主域名，請慎重選擇主域名，以后從站長工具查詢網站情況，請以所設置的主域名進行查詢，注意帶www和不帶www是兩 ...]]></item>
				<item id="variable"><![CDATA[url]]></item>
				<item id="type"><![CDATA[text]]></item>
				<item id="value"><![CDATA[]]></item>
				<item id="extra"><![CDATA[]]></item>
			</item>
			<item id="3">
				<item id="displayorder"><![CDATA[1]]></item>
				<item id="title"><![CDATA[域名過濾列表]]></item>
				<item id="description"><![CDATA[在過慮列表中的二級域名或其它域名將不會被跳轉至插件主域名。]]></item>
				<item id="variable"><![CDATA[domains]]></item>
				<item id="type"><![CDATA[textarea]]></item>
				<item id="value"><![CDATA[]]></item>
				<item id="extra"><![CDATA[]]></item>
			</item>
			<item id="4">
				<item id="displayorder"><![CDATA[2]]></item>
				<item id="title"><![CDATA[去除portal.php尾巴]]></item>
				<item id="description"><![CDATA[若開啟此項請關閉去除forum.php尾巴，并且在界面-導航設置中將門戶設為首頁]]></item>
				<item id="variable"><![CDATA[index]]></item>
				<item id="type"><![CDATA[radio]]></item>
				<item id="value"><![CDATA[0]]></item>
				<item id="extra"><![CDATA[]]></item>
			</item>
			<item id="5">
				<item id="displayorder"><![CDATA[2]]></item>
				<item id="title"><![CDATA[去除forum.php尾巴]]></item>
				<item id="description"><![CDATA[默認不開啟，請注意此功能只適用于單域名用戶，請確認在全局-域名設置-應用域名中已設置默認域名。]]></item>
				<item id="variable"><![CDATA[select]]></item>
				<item id="type"><![CDATA[radio]]></item>
				<item id="value"><![CDATA[1]]></item>
				<item id="extra"><![CDATA[]]></item>
			</item>
			<item id="6">
				<item id="displayorder"><![CDATA[3]]></item>
				<item id="title"><![CDATA[允許網站地圖收錄的版塊]]></item>
				<item id="description"><![CDATA[此設置項為網站地圖設置項，網站地圖中收錄的貼子將根據此設置項收錄相應版塊的鏈接，若不選則默認不限制]]></item>
				<item id="variable"><![CDATA[csforums]]></item>
				<item id="type"><![CDATA[forums]]></item>
				<item id="extra"><![CDATA[]]></item>
				<item id="__value">
					<item id="0"><![CDATA[]]></item>
					<item id="1"><![CDATA[2]]></item>
				</item>
			</item>
			<item id="7">
				<item id="displayorder"><![CDATA[4]]></item>
				<item id="title"><![CDATA[百度ping服務云端支持]]></item>
				<item id="description"><![CDATA[開啟云端支持后，發貼或發文時將通過云端訪問百度ping服務接口，此功能作為服務器未開啟php_curl擴展時的解決方案]]></item>
				<item id="variable"><![CDATA[yun]]></item>
				<item id="type"><![CDATA[radio]]></item>
				<item id="value"><![CDATA[1]]></item>
				<item id="extra"><![CDATA[]]></item>
			</item>
			<item id="8">
				<item id="displayorder"><![CDATA[4]]></item>
				<item id="title"><![CDATA[開啟全局百度分享]]></item>
				<item id="description"><![CDATA[]]></item>
				<item id="variable"><![CDATA[share1]]></item>
				<item id="type"><![CDATA[radio]]></item>
				<item id="value"><![CDATA[1]]></item>
				<item id="extra"><![CDATA[]]></item>
			</item>
			<item id="9">
				<item id="displayorder"><![CDATA[4]]></item>
				<item id="title"><![CDATA[開啟貼子頁百度分享]]></item>
				<item id="description"><![CDATA[開啟后將在每個貼子發表時間的右側顯示快速分享功能，seo利器哦]]></item>
				<item id="variable"><![CDATA[share]]></item>
				<item id="type"><![CDATA[radio]]></item>
				<item id="value"><![CDATA[1]]></item>
				<item id="extra"><![CDATA[]]></item>
			</item>
			<item id="10">
				<item id="displayorder"><![CDATA[4]]></item>
				<item id="title"><![CDATA[全局百度分享代碼]]></item>
				<item id="description"><![CDATA[]]></item>
				<item id="variable"><![CDATA[sharecode1]]></item>
				<item id="type"><![CDATA[textarea]]></item>
				<item id="value"><![CDATA[<!-- Baidu Button BEGIN -->
<script type="text/javascript" id="bdshare_js" data="type=slide&amp;img=0&amp;uid=625076" ></script>
<script type="text/javascript" id="bdshell_js"></script>
<script type="text/javascript">
	document.getElementById("bdshell_js").src = "http://share.baidu.com/static/js/shell_v2.js?cdnversion=" + new Date().getHours();
</script>
<!-- Baidu Button END -->]]></item>
				<item id="extra"><![CDATA[]]></item>
			</item>
			<item id="11">
				<item id="displayorder"><![CDATA[4]]></item>
				<item id="title"><![CDATA[貼子頁百度分享代碼]]></item>
				<item id="description"><![CDATA[]]></item>
				<item id="variable"><![CDATA[sharecode]]></item>
				<item id="type"><![CDATA[textarea]]></item>
				<item id="value"><![CDATA[<!-- Baidu Button BEGIN -->
    <div id="bdshare" class="bdshare_b" style="line-height: 12px;"><img src="http://bdimg.share.baidu.com/static/images/type-button-1.jpg?cdnversion=20120831" />
		<a class="shareCount"></a>
	</div>
<script type="text/javascript" id="bdshare_js" data="type=button&amp;mini=1&amp;uid=625076" ></script>
<script type="text/javascript" id="bdshell_js"></script>
<script type="text/javascript">
	document.getElementById("bdshell_js").src = "http://bdimg.share.baidu.com/static/js/shell_v2.js?cdnversion=" + new Date().getHours();
</script>
<!-- Baidu Button END -->]]></item>
				<item id="extra"><![CDATA[]]></item>
			</item>
			<item id="12">
				<item id="displayorder"><![CDATA[4]]></item>
				<item id="title"><![CDATA[帖子頁百度分享位置]]></item>
				<item id="description"><![CDATA[]]></item>
				<item id="variable"><![CDATA[weizhi]]></item>
				<item id="type"><![CDATA[select]]></item>
				<item id="value"><![CDATA[4]]></item>
				<item id="extra"><![CDATA[1 = 帖子標題右
2 = 樓主旁邊
3 = 收藏旁邊
4 =推送旁邊]]></item>
			</item>
			<item id="13">
				<item id="displayorder"><![CDATA[5]]></item>
				<item id="title"><![CDATA[開啟門戶文章百度ping]]></item>
				<item id="description"><![CDATA[開啟后將在發表文章時將文章地址提交給百度，達到秒收的目的。]]></item>
				<item id="variable"><![CDATA[pingportal]]></item>
				<item id="type"><![CDATA[radio]]></item>
				<item id="value"><![CDATA[1]]></item>
				<item id="extra"><![CDATA[]]></item>
			</item>
			<item id="14">
				<item id="displayorder"><![CDATA[5]]></item>
				<item id="title"><![CDATA[開啟谷歌Ping]]></item>
				<item id="description"><![CDATA[]]></item>
				<item id="variable"><![CDATA[google]]></item>
				<item id="type"><![CDATA[radio]]></item>
				<item id="value"><![CDATA[1]]></item>
				<item id="extra"><![CDATA[]]></item>
			</item>
			<item id="15">
				<item id="displayorder"><![CDATA[5]]></item>
				<item id="title"><![CDATA[開啟論壇貼子百度ping]]></item>
				<item id="description"><![CDATA[百度ping,秒收利器，不懂什么是百度ping?簡單的說就是當貼子發布后將貼子直接提交給百度接口，達到秒收的目的。當發貼后顯示的地址帶#號說明提交失敗反之則提交成功。]]></item>
				<item id="variable"><![CDATA[ping]]></item>
				<item id="type"><![CDATA[radio]]></item>
				<item id="value"><![CDATA[1]]></item>
				<item id="extra"><![CDATA[]]></item>
			</item>
			<item id="16">
				<item id="displayorder"><![CDATA[6]]></item>
				<item id="title"><![CDATA[允許使用偽原創的用戶組]]></item>
				<item id="description"><![CDATA[]]></item>
				<item id="variable"><![CDATA[wuser]]></item>
				<item id="type"><![CDATA[groups]]></item>
				<item id="extra"><![CDATA[]]></item>
				<item id="__value">
					<item id="0"><![CDATA[10]]></item>
					<item id="1"><![CDATA[11]]></item>
					<item id="2"><![CDATA[12]]></item>
					<item id="3"><![CDATA[13]]></item>
					<item id="4"><![CDATA[14]]></item>
					<item id="5"><![CDATA[15]]></item>
					<item id="6"><![CDATA[20]]></item>
					<item id="7"><![CDATA[16]]></item>
					<item id="8"><![CDATA[17]]></item>
					<item id="9"><![CDATA[18]]></item>
					<item id="10"><![CDATA[19]]></item>
					<item id="11"><![CDATA[1]]></item>
					<item id="12"><![CDATA[2]]></item>
					<item id="13"><![CDATA[3]]></item>
				</item>
			</item>
			<item id="17">
				<item id="displayorder"><![CDATA[6]]></item>
				<item id="title"><![CDATA[允許使用偽原創的版塊]]></item>
				<item id="description"><![CDATA[]]></item>
				<item id="variable"><![CDATA[wwforums]]></item>
				<item id="type"><![CDATA[forums]]></item>
				<item id="extra"><![CDATA[]]></item>
				<item id="__value">
					<item id="0"><![CDATA[2]]></item>
				</item>
			</item>
			<item id="18">
				<item id="displayorder"><![CDATA[7]]></item>
				<item id="title"><![CDATA[允許使用百度ping的用戶組]]></item>
				<item id="description"><![CDATA[]]></item>
				<item id="variable"><![CDATA[puser]]></item>
				<item id="type"><![CDATA[groups]]></item>
				<item id="extra"><![CDATA[]]></item>
				<item id="__value">
					<item id="0"><![CDATA[1]]></item>
				</item>
			</item>
			<item id="19">
				<item id="displayorder"><![CDATA[7]]></item>
				<item id="title"><![CDATA[允許使用百度ping的版塊]]></item>
				<item id="description"><![CDATA[]]></item>
				<item id="variable"><![CDATA[pforums]]></item>
				<item id="type"><![CDATA[forums]]></item>
				<item id="extra"><![CDATA[]]></item>
				<item id="__value">
					<item id="0"><![CDATA[2]]></item>
				</item>
			</item>
			<item id="20">
				<item id="displayorder"><![CDATA[12]]></item>
				<item id="title"><![CDATA[允許使用云采集的用戶組]]></item>
				<item id="description"><![CDATA[]]></item>
				<item id="variable"><![CDATA[yuser]]></item>
				<item id="type"><![CDATA[groups]]></item>
				<item id="extra"><![CDATA[]]></item>
				<item id="__value">
					<item id="0"><![CDATA[1]]></item>
				</item>
			</item>
			<item id="21">
				<item id="displayorder"><![CDATA[12]]></item>
				<item id="title"><![CDATA[允許使用云采集的版塊]]></item>
				<item id="description"><![CDATA[]]></item>
				<item id="variable"><![CDATA[yforums]]></item>
				<item id="type"><![CDATA[forums]]></item>
				<item id="extra"><![CDATA[]]></item>
				<item id="__value">
					<item id="0"><![CDATA[2]]></item>
				</item>
			</item>
			<item id="22">
				<item id="displayorder"><![CDATA[13]]></item>
				<item id="title"><![CDATA[是否過濾帖子外鏈]]></item>
				<item id="description"><![CDATA[開啟后除免過慮列表的站外鏈接全部替換成不帶鏈接的文本]]></item>
				<item id="variable"><![CDATA[iswailian]]></item>
				<item id="type"><![CDATA[radio]]></item>
				<item id="value"><![CDATA[0]]></item>
				<item id="extra"><![CDATA[]]></item>
			</item>
			<item id="23">
				<item id="displayorder"><![CDATA[14]]></item>
				<item id="title"><![CDATA[外鏈免過慮列表]]></item>
				<item id="description"><![CDATA[填寫在里面的鏈接將不會被過慮，一行一個]]></item>
				<item id="variable"><![CDATA[urllist]]></item>
				<item id="type"><![CDATA[textarea]]></item>
				<item id="value"><![CDATA[www.seoeye.cn]]></item>
				<item id="extra"><![CDATA[]]></item>
			</item>
			<item id="24">
				<item id="displayorder"><![CDATA[14]]></item>
				<item id="title"><![CDATA[允許發表外鏈用戶組]]></item>
				<item id="description"><![CDATA[]]></item>
				<item id="variable"><![CDATA[users]]></item>
				<item id="type"><![CDATA[groups]]></item>
				<item id="extra"><![CDATA[]]></item>
				<item id="__value">
					<item id="0"><![CDATA[15]]></item>
				</item>
			</item>
			<item id="25">
				<item id="displayorder"><![CDATA[14]]></item>
				<item id="title"><![CDATA[允許發表外鏈版塊]]></item>
				<item id="description"><![CDATA[]]></item>
				<item id="variable"><![CDATA[fids]]></item>
				<item id="type"><![CDATA[forums]]></item>
				<item id="extra"><![CDATA[]]></item>
				<item id="__value">
					<item id="0"><![CDATA[43]]></item>
				</item>
			</item>
			<item id="26">
				<item id="displayorder"><![CDATA[14]]></item>
				<item id="title"><![CDATA[過慮多久前的帖子]]></item>
				<item id="description"><![CDATA[單位（天）例：如果要回復3天以前的帖子就填寫整數3]]></item>
				<item id="variable"><![CDATA[wlsj]]></item>
				<item id="type"><![CDATA[number]]></item>
				<item id="value"><![CDATA[1]]></item>
				<item id="extra"><![CDATA[]]></item>
			</item>
			<item id="27">
				<item id="displayorder"><![CDATA[15]]></item>
				<item id="title"><![CDATA[關鍵字替換次數]]></item>
				<item id="description"><![CDATA[同一個關鍵詞在貼子中最多允許出現的內鏈數量。]]></item>
				<item id="variable"><![CDATA[replacenum]]></item>
				<item id="type"><![CDATA[number]]></item>
				<item id="value"><![CDATA[1]]></item>
				<item id="extra"><![CDATA[]]></item>
			</item>
			<item id="28">
				<item id="displayorder"><![CDATA[16]]></item>
				<item id="title"><![CDATA[是否開啟遠程圖片本地化]]></item>
				<item id="description"><![CDATA[]]></item>
				<item id="variable"><![CDATA[isremote]]></item>
				<item id="type"><![CDATA[radio]]></item>
				<item id="value"><![CDATA[0]]></item>
				<item id="extra"><![CDATA[]]></item>
			</item>
			<item id="29">
				<item id="displayorder"><![CDATA[17]]></item>
				<item id="title"><![CDATA[允許本地化版塊]]></item>
				<item id="description"><![CDATA[]]></item>
				<item id="variable"><![CDATA[remotebk]]></item>
				<item id="type"><![CDATA[forums]]></item>
				<item id="extra"><![CDATA[]]></item>
				<item id="__value">
					<item id="0"><![CDATA[2]]></item>
				</item>
			</item>
			<item id="30">
				<item id="displayorder"><![CDATA[18]]></item>
				<item id="title"><![CDATA[允許本地化用戶組]]></item>
				<item id="description"><![CDATA[]]></item>
				<item id="variable"><![CDATA[remoteuser]]></item>
				<item id="type"><![CDATA[groups]]></item>
				<item id="extra"><![CDATA[]]></item>
				<item id="__value">
					<item id="0"><![CDATA[1]]></item>
				</item>
			</item>
		</item>
		
			<item id="language">
			<item id="scriptlang">
				<item id="logy_m_g"><![CDATA[<h2 style="text-align:-webkit-center;">
	<span style="color:#4C33E5;">推薦一個dz商</span><span style="color:#4C33E5;">業插件模版下載的</span><span style="color:#4C33E5;"></span><span style="color:#4C33E5;">網站給大家</span><a href="http://www.ymg6.com" target="_blank"><span style="color:#4C33E5;">源碼哥分享吧</span></a><span style="color:#4C33E5;">（www.ymg6.com）</span> 
</h2>
<h3 style="text-align:-webkit-center;">
	<span style="color:#E53333;">這</span><span style="color:#E53333;">是一個</span><span style="color:#E53333;">dz商業</span><a href="http://www.ymg6.com/forum.php?mod=forumdisplay&fid=2" target="_blank"><span style="color:#337FE5;">插</span><u><span style="color:#337FE5;"></span></u><span style="color:#337FE5;">件</span></a><a href="http://www.ymg6.com/forum.php?mod=forumdisplay&fid=36" target="_blank"><u><span style="color:#337FE5;">模</span></u><u><span style="color:#337FE5;"></span></u><u><span style="color:#337FE5;">版</span></u></a><span style="color:#E53333;">資源破解分享的網站，而且還有很多精品的網站源碼下載</span> 
</h3>
<h3 style="text-align:-webkit-center;">
	<span style="color:#E53333;">他們資源每天更新，并且很多都是他們自己出錢在應用中心購買后破解分享出來的</span><br />
</h3>
<h3>
	<div style="text-align:center;">
		<span style="color:#E53333;">不過還是替他們說一下</span> 
	</div>
	<div style="text-align:center;">
		<span style="color:#E53333;">&nbsp;他們站下載的資源只限于自己學習研究內含的設計思想和原理 請勿有任何商業盈利行為</span> 
	</div>
</h3>
<h3 style="text-align:center;">
	<span style="color:#999999;">介紹也介紹完了，給大家做個小導航吧</span> 
</h3>
<h3 style="text-align:center;">
	<span style="color:#337FE5;"><a href="http://www.ymg6.com/forum.php?mod=forumdisplay&fid=2" target="_blank">dz商業破解插件下載</a> &nbsp; <a href="http://www.ymg6.com/forum.php?mod=forumdisplay&fid=36" target="_blank">dz商業風格模版下載</a> &nbsp; &nbsp;<a href="http://www.ymg6.com/forum.php?mod=forumdisplay&fid=50" target="_blank">精品網站源碼下載</a> &nbsp; &nbsp;<a href="http://www.ymg6.com/forum.php?mod=forumdisplay&fid=51" target="_blank">工具素材下載</a></span><span style="color:#337FE5;">&nbsp; &nbsp; <a href="http://www.ymg6.com/forum.php?mod=forumdisplay&fid=41" target="_blank">精選教程區</a></span> 
</h3> ]]></item>
				<item id="cs1"><![CDATA[是否收錄空間博文]]></item>
				<item id="cs1_comment"><![CDATA[當選擇"是"時,地圖文件中將會收錄空間博文]]></item>
				<item id="cs2"><![CDATA[貼子數量]]></item>
				<item id="cs2_comment"><![CDATA[此選項填寫后，只包括最近的貼子(1000以內)這個控制將會自動失效]]></item>
				<item id="batch_title"><![CDATA[批量偽原創是否偽原創標題]]></item>
				<item id="batch_title_comment"><![CDATA[當選擇"是"時,批量偽原創時將會同時偽原創標題]]></item>
				<item id="batch"><![CDATA[開啟批量偽原創(此功能請慎重使用,一旦選擇"是"提交后將不可逆)]]></item>
				<item id="batch_comment"><![CDATA[如果您此時不需要批量偽原創請選擇否，提交時將自動調用允許偽原創的版塊下的貼子開始批量偽原創，如果貼子比較多可能需要花費較長時間請耐心等待]]></item>
				<item id="edit_thread"><![CDATA[開啟編輯貼子時偽原創]]></item>
				<item id="edit_thread_comment"><![CDATA[開啟后編輯貼子保存時會自動偽原創，作為論壇原有或采集貼子偽原創的解決方案]]></item>
				<item id="x1"><![CDATA[301重定向系統(用于集中頁面權重，防止重復收錄，您可在此自定義需要重定向的鏈接)]]></item>
				<item id="x2"><![CDATA[數據清理(用于清理蜘蛛索引記錄以及百度ping記錄)]]></item>
				<item id="x11"><![CDATA[返回原貼]]></item>
				<item id="xx2"><![CDATA[數據清理成功]]></item>
				<item id="x22"><![CDATA[查看偽原創]]></item>
				<item id="x3"><![CDATA[刪除所有數據]]></item>
				<item id="x3_comment"><![CDATA[開啟后蜘蛛記錄表與ping記錄表中的數據將都會被清空]]></item>
				<item id="x4"><![CDATA[開啟自動清理]]></item>
				<item id="x4_comment"><![CDATA[開啟后自動清理時間設置才會生效]]></item>
				<item id="x5"><![CDATA[一周前]]></item>
				<item id="x6"><![CDATA[半個月前]]></item>
				<item id="x7"><![CDATA[三周前]]></item>
				<item id="x8"><![CDATA[一個月前]]></item>
				<item id="x9"><![CDATA[數據清理設置成功]]></item>
				<item id="jiankong"><![CDATA[自動刪除設置]]></item>
				<item id="jiankong_comment"><![CDATA[刪除多久以前的數據]]></item>
				<item id="rewrite"><![CDATA[重定向規則]]></item>
				<item id="rewrite_rule"><![CDATA[重定向規則更新成功]]></item>
				<item id="rewrite_comment"><![CDATA[以->分隔，一行一條規則，形如seoeye.cn->www.seoeye.cn或者seoeye.cn/a.htm->seoeye.cn/b.htm這種形式均可]]></item>
				<item id="c1"><![CDATA[導入詞庫]]></item>
				<item id="c2"><![CDATA[修改整個詞庫可以使用這種方式，文件格式必須為txt文本文件，格式參照同義詞設置，若只是添加部分同義詞直接在文本框中編輯即可]]></item>
				<item id="c3"><![CDATA[百度為您找到相關結果]]></item>
				<item id="c4"><![CDATA[個]]></item>
				<item id="c5"><![CDATA[百度]]></item>
				<item id="seoeye1"><![CDATA[搜索]]></item>
				<item id="seoeye2"><![CDATA[查詢時間：]]></item>
				<item id="seoeye3"><![CDATA[近期搜索引擎]]></item>
				<item id="seoeye4"><![CDATA[爬蟲類型]]></item>
				<item id="seoeye5"><![CDATA[爬取次數]]></item>
				<item id="seoeye6"><![CDATA[最后爬取時間]]></item>
				<item id="seoeye7"><![CDATA[最后爬取頁面]]></item>
				<item id="nav1"><![CDATA[ping服務記錄]]></item>
				<item id="nav2"><![CDATA[數據清理]]></item>
				<item id="gjzsm"><![CDATA[關鍵詞內鏈(默認支持對所有貼子的關鍵詞添加內鏈，包括<font color="red">舊貼</font>的關鍵詞添加內鏈的功能)]]></item>
				<item id="gjzpx"><![CDATA[排序]]></item>
				<item id="gjznewname"><![CDATA[關鍵字]]></item>
				<item id="gjznewurl"><![CDATA[url(帶http://)]]></item>
				<item id="gjzys"><![CDATA[樣式]]></item>
				<item id="gjzcz"><![CDATA[操作]]></item>
				<item id="gjzxx"><![CDATA[添加新關鍵字]]></item>
				<item id="gjzqd"><![CDATA[你確定要刪除嗎]]></item>
				<item id="gjzgx"><![CDATA[更新成功]]></item>
				<item id="gjzsc"><![CDATA[刪除成功]]></item>
				<item id="c6"><![CDATA[標題]]></item>
				<item id="c7"><![CDATA[搜索引摯]]></item>
				<item id="g1"><![CDATA[谷歌]]></item>
				<item id="c8"><![CDATA[類型]]></item>
				<item id="c9"><![CDATA[ping狀態]]></item>
				<item id="c10"><![CDATA[ping時間]]></item>
				<item id="c11"><![CDATA[最后爬行時間]]></item>
				<item id="c12"><![CDATA[收錄情況]]></item>
				<item id="c13"><![CDATA[成功]]></item>
				<item id="c14"><![CDATA[失敗]]></item>
				<item id="c15"><![CDATA[門戶文章]]></item>
				<item id="c16"><![CDATA[論壇貼子]]></item>
				<item id="c17"><![CDATA[未被抓取過]]></item>
				<item id="c18"><![CDATA[已收錄]]></item>
				<item id="c19"><![CDATA[未收錄]]></item>
				<item id="c20"><![CDATA[百度]]></item>
				<item id="a1"><![CDATA[域名設置(子域名重定向系統、官方域名設置的增強版、用于處理多域名重復收錄的問題達到集中域名及頁面權重的目的)]]></item>
				<item id="a2"><![CDATA[域名設置成功]]></item>
				<item id="a3"><![CDATA[多域名兼容性]]></item>
				<item id="a3_comment"><![CDATA[默認為否，因部分服務器不兼容，您可以嘗試選擇是，如果選擇是，動態鏈接會自動轉向偽靜態鏈接，提高域名權重]]></item>
				<item id="b1"><![CDATA[開啟子域名重定向系統]]></item>
				<item id="b1_comment"><![CDATA[如需開啟子域名重定向系統，請先確認插件設置中已填寫主域名]]></item>
				<item id="b2"><![CDATA[個人日志是否綁定到主域名]]></item>
				<item id="b2_comment"><![CDATA[當選擇是時，如果系統開啟了個人空間的二級域名，用戶的個人日志鏈接將會強制綁定到主域名下，選否則將權重集中到二級域名下]]></item>
				<item id="b3"><![CDATA[群主主題列表頁是否綁定到主域名]]></item>
				<item id="b3_comment"><![CDATA[當選擇是時，如果系統開啟了群組的的二級域名，群主主題列表頁鏈接將會強制綁定到主域名下，選否則將權重集中到二級域名下]]></item>
				<item id="b4"><![CDATA[用戶個人空間首頁是否綁定到主域名]]></item>
				<item id="b4_comment"><![CDATA[當選擇是時，如果系統開啟了個人空間的的二級域名，用戶個人空間首頁鏈接將會強制綁定到主域名下，選否則將權重集中到二級域名下]]></item>
				<item id="b5"><![CDATA[論壇主題列表頁是否綁定到主域名]]></item>
				<item id="b5_comment"><![CDATA[當選擇是時，如果系統開啟了論壇的的二級域名，論壇主題列表頁鏈接將會強制綁定到主域名下，選否則將權重集中到二級域名下]]></item>
				<item id="b6"><![CDATA[論壇貼子頁是否綁定到主域名]]></item>
				<item id="b6_comment"><![CDATA[當選擇是時，如果系統開啟了論壇的的二級域名，論壇貼子頁鏈接將會強制綁定到主域名下，選否則將權重集中到二級域名下]]></item>
				<item id="ping_setting"><![CDATA[PING服務記錄（基于XML_RPC標準協議的更新通告服務，以便百度及時進行抓取和更新）]]></item>
				<item id="content_portal"><![CDATA[門戶文章內容是否需要偽原創]]></item>
				<item id="title_portal"><![CDATA[門戶文章標題是否需要偽原創]]></item>
				<item id="content_portal_comment"><![CDATA[開啟后將在發表門戶文章時偽原創內容]]></item>
				<item id="title_portal_comment"><![CDATA[開啟后將在發表門戶文章時偽原創標題]]></item>
				<item id="f1"><![CDATA[服務器1]]></item>
				<item id="f2"><![CDATA[服務器2]]></item>
				<item id="f_tips"><![CDATA[云采集服務器]]></item>
				<item id="f_tips_comment"><![CDATA[服務器1為華為多線云主機，服務器2為西部數碼多線云主機]]></item>
				<item id="allow_tips"><![CDATA[云采集提示語]]></item>
				<item id="allow_tips_comment"><![CDATA[發貼頁面采集框的提示語言，可自行配置，如不需要設為空即可]]></item>
				<item id="seocloudname"><![CDATA[開始采集]]></item>
				<item id="tips_cloud"><![CDATA[云采集設置項]]></item>
				<item id="allow_cloud"><![CDATA[是否開啟云采集]]></item>
				<item id="allow_cloud_comment"><![CDATA[開啟云采集后發貼頁面將會出現采集框、您還可以在設置頁面指定可以使用采集功能的用戶組版塊]]></item>
				<item id="post_cloud"><![CDATA[目前支持的云采集站點]]></item>
				<item id="post_cloud_comment"><![CDATA[可以采集列表中網站的文章，將列表中網站的文章url放置于發貼頁面的采集框即可]]></item>
				<item id="cloud_update"><![CDATA[提交]]></item>
				<item id="thesaurus_update"><![CDATA[提交]]></item>
				<item id="cloud_post"><![CDATA[云采集信息配置成功]]></item>
				<item id="thesaurus_post"><![CDATA[偽原創信息配置成功]]></item>
				<item id="vars_setting"><![CDATA[Sitemap的基本參數配置,以后將會根據需要豐富選項]]></item>
				<item id="thesaurus_setting"><![CDATA[偽原創設置項（<a href="http://www.yuxinqi.info/words.txt">完整詞庫下載</a>請使用右鍵下載，而后導入詞庫即可）| <a href="admin.php?action=plugins&operation=config&do=23&identifier=seo&pmod=real&op=sc">數據清理</a>]]></item>
				<item id="tips_post"><![CDATA[當發布主題時自動偽原創]]></item>
				<item id="issuper"><![CDATA[超級偽原創開關]]></item>
				<item id="super_comment"><![CDATA[超級偽原創開關，開啟后偽原創文章（除管理員查看外）只供蜘蛛抓取]]></item>
				<item id="isuid"><![CDATA[游客是否可以查看原帖]]></item>
				<item id="isuid_comment"><![CDATA[為防止被搜索引擎判作弊而降權，建議選擇否]]></item>
				<item id="allow_thesaurus_comment"><![CDATA[如果選擇是當您指定的用戶組發布主題時將自動偽原創]]></item>
				<item id="tips_title"><![CDATA[標題是否需要偽原創]]></item>
				<item id="allow_title_comment"><![CDATA[您可以根據需要選擇是否需要偽原創標題]]></item>
				<item id="tips_nosetting"><![CDATA[請先配置插件相關信息]]></item>
				<item id="tips_succeed"><![CDATA[網站地圖更新成功]]></item>
				<item id="tips_return"><![CDATA[點擊返回]]></item>
				<item id="tips_thesaurus"><![CDATA[同義詞設置]]></item>
				<item id="thesaurus_setting_comment"><![CDATA[如需補充，請將同義詞附加到文本框即可，同義詞一行一對，以=號分隔]]></item>
				<item id="tips_num"><![CDATA[只包括最近的貼子/文章/日志(1000以內)]]></item>
				<item id="allow_num_comment"><![CDATA[只需要將最近一個更新周期內新增的和變化了的文章包含在XML頁面上，過多的數量只會增加服務器的負擔]]></item>
				<item id="tips_publish"><![CDATA[當發布主題時更新Sitemap]]></item>
				<item id="allow_publish_comment"><![CDATA[當天發布多少主題時才允許更新網站地圖]]></item>
				<item id="tips_portal"><![CDATA[當發布門戶文章時更新Sitemap]]></item>
				<item id="allow_portal_comment"><![CDATA[當發布門戶文章時更新Sitemap]]></item>
				<item id="create_xml"><![CDATA[生成XML地圖]]></item>
				<item id="create_xml_comment"><![CDATA[對百度、谷歌都有作用，請使用http://域名/sitemap.xml的方式在瀏覽器中訪問確保XML地圖已生成，生成網站地圖后請一定將網站地圖地址添加至robots.txt文件中，,將Sitemap:http://域名/sitemap.xml添加進robots.txt即可，目前插件生成xml和txt文件地址為根目錄]]></item>
				<item id="create_txt"><![CDATA[生成txt地圖]]></item>
				<item id="create_txt_comment"><![CDATA[對百度特別有用]]></item>
				<item id="create_index"><![CDATA[生成地圖索引]]></item>
				<item id="create_index_comment"><![CDATA[用于生成指示地圖文件位置的索引]]></item>
				<item id="updatexml"><![CDATA[提交并更新XML文件]]></item>
				<item id="plugin_information"><![CDATA[插件信息]]></item>
				<item id="info_1"><![CDATA[本插件版權歸屬余新啟（<a target=\"_blank\" href=\"http://www.yuxinqi.info\">http://www.yuxinqi.info</a>）所有]]></item>
				<item id="info_2"><![CDATA[未經插件作者許可,任何人不得以任何形式在任何地方發布/轉發原版以及其衍生的修改版]]></item>
				<item id="info_3"><![CDATA[<b>插件名稱:</b>seo for discuz-亮劍seo]]></item>
				<item id="info_4"><![CDATA[<b>作品簡介:</b>本插件力求打造discuz社區最專業的seo優化插件，如果您有更好的建議請QQ聯系<a href="http://wpa.qq.com/msgrd?v=3&amp;uin=578933760&amp;site=qq&amp;menu=yes" title="點擊這里給我發消息" target="_blank"><img border="0" title="點擊這里給我發消息" alt="點擊這里給我發消息" src="http://wpa.qq.com/pa?p=2:578933760:41"></a>]]></item>
				<item id="info_5"><![CDATA[seo for discuz優化建議]]></item>
				<item id="info_6"><![CDATA[全局-站點信息中的站點名稱（建議站點名稱使用要做的關鍵詞-網站名稱）關鍵詞在2-3個之間，其它關鍵詞做到版塊，長尾關鍵詞做到文章頁]]></item>
				<item id="info_7"><![CDATA[全局-站點信息中的統計代碼。中文網站主要面向百度做seo,請勿必在統計代碼中添加百度統計代碼。通過百度統計管理后臺會記錄每天相比site命令更為準備的收錄量和排名變化（關鍵詞可以添加10個進行觀察）]]></item>
				<item id="info_8"><![CDATA[全局-SEO設置-URL靜態化菜單下開啟url靜態化]]></item>
				<item id="info_9"><![CDATA[域名設置-默認域名中設置主域名，面向谷歌的SEO可以通過谷歌管理員工具設置主域名以防止搜索引摯同時收錄帶WWW和不帶WWW分散權重，谷歌管理員中可以查詢網站內外鏈情況，建議使用]]></item>
				<item id="info_10"><![CDATA[全局-搜索設置-熱門關鍵詞中填寫網站要做的主關鍵詞]]></item>
				<item id="info_11"><![CDATA[界面-導航設置中設置的導航名稱盡量貼進網站主題以增強網站的關鍵詞相關性，提高排名]]></item>
				<item id="info_12"><![CDATA[內容-詞語過濾，切記如今監管甚嚴，百度會屏蔽帶不良關鍵詞的文章，請在此屏蔽政府指定的不良關鍵詞]]></item>
				<item id="info_13"><![CDATA[論壇-編輯版塊以及子版塊填寫其中的title-keywords-description，關鍵詞選擇建議選用關鍵詞分析工具進行篩選]]></item>
				<item id="info_14"><![CDATA[全局-SEO設置-論壇中設置論壇首頁、主題列表、貼子內容的title-keywords-description。注意主題標簽的設置]]></item>
				<item id="info_15"><![CDATA[如果網站名稱是沒有百度指數的關鍵詞，很容易就排到第一位，請不要在交換友情鏈接的時候讓對方使用網站名稱作為錨文本]]></item>
				<item id="info_16"><![CDATA[去除首頁、版塊、主題頁title的-  Powered by 源碼哥!（修改文件位置為\default\common\header_common.htm）]]></item>
				<item id="info_17"><![CDATA[如果是新站建議保持穩定的更新頻率，最少也要偽原創（重寫標題、第一段添加描述等等），切不可一模一樣的采集數據，使用官方自帶的定時發貼功能，并啟用插件提供的百度ping功能]]></item>
				<item id="info_18"><![CDATA[開啟插件提供的百度分享功能、分享功能可以很容易的將文章轉發到各大門戶，達到添加外鏈的效果]]></item>
				<item id="info_19"><![CDATA[開啟插件提供的301重定向，去除forum尾巴等功能，集中網站權重]]></item>
				<item id="info_20"><![CDATA[創建baiduxml文件，上傳圖片均要添寫alt屬性以優化seo]]></item>
				<item id="info_21"><![CDATA[使用隨機或最新貼模塊-使整站頁面隨時被更新,建議使用首頁多格，提高網站權重，快照每日更新]]></item>
				<item id="info_22"><![CDATA[開啟空間二級域名，提高用戶體驗度，注意需要在菜單界面-界面設置選項下的個人主頁默認皮膚選為“個性化diy風格“]]></item>
				<item id="info_23"><![CDATA[X2以后關于版塊圖片alt屬性沒有值的問題 處理方法http://www.discuz.net/forum.php?mod=viewthread&tid=2785519]]></item>
				<item id="info_24"><![CDATA[如果您糾結于無法寫出好的原創文章，不仿可以嘗試下奶盤偽原創工具http://www.naipan.com/]]></item>
				<item id="innerlink_information"><![CDATA[面向discuz的內鏈優化]]></item>
				<item id="inner_1"><![CDATA[參與搜索引摯排名的因素主要有內鏈、外鏈、關鍵詞密度、title中要出現關鍵詞、描述中要出現關鍵詞、域名權重等等，相比外鏈而言內鏈的可控性要好的多，在此講講面向discuzX2.5內鏈
	最好要做哪些優化呢？具體我就不展開描述了，下面主要詳細講講具體該怎么操作。如果您對seo感興趣，歡迎您添加我的QQ578933760，我非常愿意與您探討關于seo的點點滴滴]]></item>
				<item id="inner_2"><![CDATA[友情提醒：本人不建議在應用中心購買諸如內鏈關鍵字相關插件，因為此類插件實現的主體功能，X2.0時代開始系統早已實現，下面我會詳細講解，通過后臺如何配置實現內鏈關鍵字的功能。]]></item>
				<item id="inner_3"><![CDATA[因為搜索引摯會記錄內鏈與外鏈的導入鏈接文本（錨文本），一個頁面導入錨文本（內鏈與外鏈）的數量會參與頁面與關鍵詞的相關性計算直接影響頁面在搜索引摯中的排名。所以在此強烈建議您使用<b>運營-關聯鏈接</b>菜單下的功能。使用時我有幾個建議:a)首頁與版塊主題列表頁的關鍵詞不要重復，首頁做不下的關鍵詞放到內頁去做，因為首頁與內頁都會參與排名。b)關鍵詞-鏈接設置后當用戶發表貼子時如果貼子內出現您設置的關鍵詞，則系統會自動給這個關鍵詞帶上您所設定的鏈接指向您所設定的頁面，如果關鍵詞出現多次，則只會添加一次鏈接，就算為這個頁面新增了一個關鍵詞，起到提高排名的作用。]]></item>
				<item id="inner_4"><![CDATA[管理員在發貼時要有意識的在貼子中出現關鍵詞或引導用戶在貼子中出現關鍵詞，只有如此方能體現關聯鏈接的強大。]]></item>
				<item id="inner_5"><![CDATA[在頁腳制作次導航，對于未在導航菜單中出現過的關鍵詞可以在次導航添加相應關鍵詞，頁腳，所謂頁腳即首頁備案信息與版權信息所在位置，因為頁腳為全局共享，所有頁面都會調用，在此處做內鏈就相當于為關鍵詞做了全局內鏈，建議次導航制作的位置在手機版右側，制作方式可以參考www.seowhy.com/bbs/的頁腳seo培圳這部分的次導航]]></item>
			</item>
			<item id="templatelang">
				<item id="zhizhu1"><![CDATA[頁面地址：]]></item>
				<item id="zhizhu2"><![CDATA[搜索引擎：]]></item>
				<item id="zhizhu3"><![CDATA[蜘蛛記錄]]></item>
				<item id="zhizhu4"><![CDATA[抓取IP.]]></item>
				<item id="zhizhu5"><![CDATA[抓取時間]]></item>
				<item id="zhizhu6"><![CDATA[抓取頁面]]></item>
				<item id="zhizhu7"><![CDATA[百度]]></item>
				<item id="zhizhu8"><![CDATA[谷歌]]></item>
				<item id="c7"><![CDATA[對方鏈接是否有本站的鏈接！]]></item>
				<item id="c8"><![CDATA[百度快照]]></item>
				<item id="c9"><![CDATA[百度權重]]></item>
				<item id="c10"><![CDATA[百度收錄]]></item>
				<item id="c11"><![CDATA[鏈接]]></item>
				<item id="c12"><![CDATA[名稱]]></item>
				<item id="c13"><![CDATA[友情鏈接檢測]]></item>
				<item id="c14"><![CDATA[重新檢測]]></item>
				<item id="c15"><![CDATA[無快照]]></item>
				<item id="c16"><![CDATA[無反鏈]]></item>
				<item id="c17"><![CDATA[有反鏈　鏈接詞：]]></item>
				<item id="c18"><![CDATA[已收錄]]></item>
				<item id="c19"><![CDATA[未收錄]]></item>
				<item id="zhizhu9"><![CDATA[所有]]></item>
				<item id="zhizhu10"><![CDATA[蜘蛛記錄]]></item>
				<item id="seoeye1"><![CDATA[搜索]]></item>
				<item id="seoeye2"><![CDATA[查詢時間：]]></item>
				<item id="seoeye3"><![CDATA[近期搜索引擎]]></item>
				<item id="seoeye4"><![CDATA[爬蟲類型]]></item>
				<item id="seoeye5"><![CDATA[爬取次數]]></item>
				<item id="seoeye6"><![CDATA[最后爬取時間]]></item>
				<item id="seoeye7"><![CDATA[最后爬取頁面]]></item>
				<item id="nav1"><![CDATA[ping服務記錄]]></item>
				<item id="nav3"><![CDATA[友情鏈接檢測]]></item>
				<item id="nav2"><![CDATA[數據清理]]></item>
				<item id="xinxi"><![CDATA[SEO信息]]></item>
				<item id="kz"><![CDATA[百度快照:]]></item>
				<item id="qz"><![CDATA[百度權重:]]></item>
				<item id="sl"><![CDATA[百度收錄:]]></item>
				<item id="gg"><![CDATA[谷歌pr:]]></item>
				<item id="gsl"><![CDATA[谷歌收錄:]]></item>
				<item id="gjzsc"><![CDATA[刪除]]></item>
			</item>
		</item>
		<item id="installfile"><![CDATA[install.php]]></item>
		<item id="upgradefile"><![CDATA[upgrade.php]]></item>
	</item>
</root>