﻿<?xml version="1.0" encoding="ISO-8859-1"?>
<root>
	<item id="Title"><![CDATA[Discuz! Plugin]]></item>
	<item id="Version"><![CDATA[X2,X2.5,X3,X3.1,X3.2,F1.0]]></item>
	<item id="Time"><![CDATA[2016-08-13 00:51]]></item>
	<item id="From"><![CDATA[分享吧（www.fx8.cc）]]></item>
	<item id="Data">
		<item id="plugin">
			<item id="available"><![CDATA[1]]></item>
			<item id="adminid"><![CDATA[1]]></item>
			<item id="name"><![CDATA[源码哥_seo for discuz]]></item>
			<item id="identifier"><![CDATA[seo]]></item>
			<item id="description"><![CDATA[打造discuz社区最专业的seo优化插件]]></item>
			<item id="datatables"><![CDATA[]]></item>
			<item id="directory"><![CDATA[seo/]]></item>
			<item id="copyright"><![CDATA[源码哥（www.ymg6.com）]]></item>
			<item id="version"><![CDATA[6.0.1]]></item>
			<item id="__modules">
				<item id="31">
					<item id="name"><![CDATA[myyapmagoo]]></item>
					<item id="menu"><![CDATA[<span style="color:#E53333;"><b>源码哥</b></span>]]></item>
					<item id="url"><![CDATA[]]></item>
					<item id="type"><![CDATA[3]]></item>
					<item id="adminid"><![CDATA[0]]></item>
					<item id="displayorder"><![CDATA[0]]></item>
					<item id="navtitle"><![CDATA[]]></item>
					<item id="navicon"><![CDATA[]]></item>
					<item id="navsubname"><![CDATA[]]></item>
					<item id="navsuburl"><![CDATA[]]></item>
				</item>
				<item id="0">
					<item id="name"><![CDATA[new]]></item>
					<item id="menu"><![CDATA[近期搜索引擎]]></item>
					<item id="url"><![CDATA[]]></item>
					<item id="type"><![CDATA[3]]></item>
					<item id="adminid"><![CDATA[0]]></item>
					<item id="displayorder"><![CDATA[0]]></item>
					<item id="navtitle"><![CDATA[]]></item>
					<item id="navicon"><![CDATA[]]></item>
					<item id="navsubname"><![CDATA[]]></item>
					<item id="navsuburl"><![CDATA[]]></item>
				</item>
				<item id="1">
					<item id="name"><![CDATA[seo]]></item>
					<item id="menu"><![CDATA[]]></item>
					<item id="url"><![CDATA[]]></item>
					<item id="type"><![CDATA[11]]></item>
					<item id="adminid"><![CDATA[0]]></item>
					<item id="displayorder"><![CDATA[0]]></item>
					<item id="navtitle"><![CDATA[]]></item>
					<item id="navicon"><![CDATA[]]></item>
					<item id="navsubname"><![CDATA[]]></item>
					<item id="navsuburl"><![CDATA[]]></item>
				</item>
				<item id="2">
					<item id="name"><![CDATA[domain]]></item>
					<item id="menu"><![CDATA[多域名模式]]></item>
					<item id="url"><![CDATA[]]></item>
					<item id="type"><![CDATA[3]]></item>
					<item id="adminid"><![CDATA[0]]></item>
					<item id="displayorder"><![CDATA[1]]></item>
					<item id="navtitle"><![CDATA[]]></item>
					<item id="navicon"><![CDATA[]]></item>
					<item id="navsubname"><![CDATA[]]></item>
					<item id="navsuburl"><![CDATA[]]></item>
				</item>
				<item id="3">
					<item id="name"><![CDATA[rewrite]]></item>
					<item id="menu"><![CDATA[重定向系统]]></item>
					<item id="url"><![CDATA[]]></item>
					<item id="type"><![CDATA[3]]></item>
					<item id="adminid"><![CDATA[0]]></item>
					<item id="displayorder"><![CDATA[1]]></item>
					<item id="navtitle"><![CDATA[]]></item>
					<item id="navicon"><![CDATA[]]></item>
					<item id="navsubname"><![CDATA[]]></item>
					<item id="navsuburl"><![CDATA[]]></item>
				</item>
				<item id="4">
					<item id="name"><![CDATA[baidu_sitemap]]></item>
					<item id="menu"><![CDATA[网站地图]]></item>
					<item id="url"><![CDATA[]]></item>
					<item id="type"><![CDATA[3]]></item>
					<item id="adminid"><![CDATA[0]]></item>
					<item id="displayorder"><![CDATA[3]]></item>
					<item id="navtitle"><![CDATA[]]></item>
					<item id="navicon"><![CDATA[]]></item>
					<item id="navsubname"><![CDATA[]]></item>
					<item id="navsuburl"><![CDATA[]]></item>
				</item>
				<item id="5">
					<item id="name"><![CDATA[cloud]]></item>
					<item id="menu"><![CDATA[云采集]]></item>
					<item id="url"><![CDATA[]]></item>
					<item id="type"><![CDATA[3]]></item>
					<item id="adminid"><![CDATA[0]]></item>
					<item id="displayorder"><![CDATA[4]]></item>
					<item id="navtitle"><![CDATA[]]></item>
					<item id="navicon"><![CDATA[]]></item>
					<item id="navsubname"><![CDATA[]]></item>
					<item id="navsuburl"><![CDATA[]]></item>
				</item>
				<item id="6">
					<item id="name"><![CDATA[real]]></item>
					<item id="menu"><![CDATA[伪原创]]></item>
					<item id="url"><![CDATA[]]></item>
					<item id="type"><![CDATA[3]]></item>
					<item id="adminid"><![CDATA[0]]></item>
					<item id="displayorder"><![CDATA[5]]></item>
					<item id="navtitle"><![CDATA[]]></item>
					<item id="navicon"><![CDATA[]]></item>
					<item id="navsubname"><![CDATA[]]></item>
					<item id="navsuburl"><![CDATA[]]></item>
				</item>
				<item id="7">
					<item id="name"><![CDATA[mylinks]]></item>
					<item id="menu"><![CDATA[内链关键字]]></item>
					<item id="url"><![CDATA[]]></item>
					<item id="type"><![CDATA[3]]></item>
					<item id="adminid"><![CDATA[0]]></item>
					<item id="displayorder"><![CDATA[7]]></item>
					<item id="navtitle"><![CDATA[]]></item>
					<item id="navicon"><![CDATA[]]></item>
					<item id="navsubname"><![CDATA[]]></item>
					<item id="navsuburl"><![CDATA[]]></item>
				</item>
				<item id="8">
					<item id="name"><![CDATA[help]]></item>
					<item id="menu"><![CDATA[整站seo优化]]></item>
					<item id="url"><![CDATA[]]></item>
					<item id="type"><![CDATA[3]]></item>
					<item id="adminid"><![CDATA[0]]></item>
					<item id="displayorder"><![CDATA[8]]></item>
					<item id="navtitle"><![CDATA[]]></item>
					<item id="navicon"><![CDATA[]]></item>
					<item id="navsubname"><![CDATA[]]></item>
					<item id="navsuburl"><![CDATA[]]></item>
				</item>
				<item id="9">
					<item id="name"><![CDATA[app]]></item>
					<item id="menu"><![CDATA[亮剑应用中心]]></item>
					<item id="url"><![CDATA[]]></item>
					<item id="type"><![CDATA[3]]></item>
					<item id="adminid"><![CDATA[0]]></item>
					<item id="displayorder"><![CDATA[9]]></item>
					<item id="navtitle"><![CDATA[]]></item>
					<item id="navicon"><![CDATA[]]></item>
					<item id="navsubname"><![CDATA[]]></item>
					<item id="navsuburl"><![CDATA[]]></item>
				</item>
			</item>
		</item>
		<item id="version"><![CDATA[X2,X2.5,X3,X3.1,X3.2,F1.0]]></item>
		<item id="var">
			<item id="0">
				<item id="displayorder"><![CDATA[0]]></item>
				<item id="title"><![CDATA[启用插件]]></item>
				<item id="description"><![CDATA[请设置主域名后再启用插件，设置主域名后所有页面的权重都将会集中到主域名。如将主域名设置为www.seoeye.cn那么以不带www的域名访问此贴子页面http://seoeye.cn/forum.php?mod=viewthread&tid=20就会301重定向到http://www.seoeye.cn/forum.php?mod=viewthread&tid=20]]></item>
				<item id="variable"><![CDATA[isnot]]></item>
				<item id="type"><![CDATA[radio]]></item>
				<item id="value"><![CDATA[1]]></item>
				<item id="extra"><![CDATA[]]></item>
			</item>
			<item id="1">
				<item id="displayorder"><![CDATA[1]]></item>
				<item id="title"><![CDATA[开启单域名模式]]></item>
				<item id="description"><![CDATA[当开启单域名模式时，请注意清空全局-域名设置-应用域名下除了默认域名外的所有设置，多域名设置将自动失效]]></item>
				<item id="variable"><![CDATA[simple]]></item>
				<item id="type"><![CDATA[radio]]></item>
				<item id="value"><![CDATA[1]]></item>
				<item id="extra"><![CDATA[]]></item>
			</item>
			<item id="2">
				<item id="displayorder"><![CDATA[1]]></item>
				<item id="title"><![CDATA[论坛主域名]]></item>
				<item id="description"><![CDATA[设置主域名，形如seoeye.cn,不要加"http://"集中权重，注意此项设置必须先设置全局-域名-应用域名下的默认域名，且二者必须一致。若多域名指向论坛都将301重定向到主域名，请慎重选择主域名，以后从站长工具查询网站情况，请以所设置的主域名进行查询，注意带www和不带www是两 ...]]></item>
				<item id="variable"><![CDATA[url]]></item>
				<item id="type"><![CDATA[text]]></item>
				<item id="value"><![CDATA[]]></item>
				<item id="extra"><![CDATA[]]></item>
			</item>
			<item id="3">
				<item id="displayorder"><![CDATA[1]]></item>
				<item id="title"><![CDATA[域名过滤列表]]></item>
				<item id="description"><![CDATA[在过虑列表中的二级域名或其它域名将不会被跳转至插件主域名。]]></item>
				<item id="variable"><![CDATA[domains]]></item>
				<item id="type"><![CDATA[textarea]]></item>
				<item id="value"><![CDATA[]]></item>
				<item id="extra"><![CDATA[]]></item>
			</item>
			<item id="4">
				<item id="displayorder"><![CDATA[2]]></item>
				<item id="title"><![CDATA[去除portal.php尾巴]]></item>
				<item id="description"><![CDATA[若开启此项请关闭去除forum.php尾巴，并且在界面-导航设置中将门户设为首页]]></item>
				<item id="variable"><![CDATA[index]]></item>
				<item id="type"><![CDATA[radio]]></item>
				<item id="value"><![CDATA[0]]></item>
				<item id="extra"><![CDATA[]]></item>
			</item>
			<item id="5">
				<item id="displayorder"><![CDATA[2]]></item>
				<item id="title"><![CDATA[去除forum.php尾巴]]></item>
				<item id="description"><![CDATA[默认不开启，请注意此功能只适用于单域名用户，请确认在全局-域名设置-应用域名中已设置默认域名。]]></item>
				<item id="variable"><![CDATA[select]]></item>
				<item id="type"><![CDATA[radio]]></item>
				<item id="value"><![CDATA[1]]></item>
				<item id="extra"><![CDATA[]]></item>
			</item>
			<item id="6">
				<item id="displayorder"><![CDATA[3]]></item>
				<item id="title"><![CDATA[允许网站地图收录的版块]]></item>
				<item id="description"><![CDATA[此设置项为网站地图设置项，网站地图中收录的贴子将根据此设置项收录相应版块的链接，若不选则默认不限制]]></item>
				<item id="variable"><![CDATA[csforums]]></item>
				<item id="type"><![CDATA[forums]]></item>
				<item id="extra"><![CDATA[]]></item>
				<item id="__value">
					<item id="0"><![CDATA[]]></item>
					<item id="1"><![CDATA[2]]></item>
				</item>
			</item>
			<item id="7">
				<item id="displayorder"><![CDATA[4]]></item>
				<item id="title"><![CDATA[百度ping服务云端支持]]></item>
				<item id="description"><![CDATA[开启云端支持后，发贴或发文时将通过云端访问百度ping服务接口，此功能作为服务器未开启php_curl扩展时的解决方案]]></item>
				<item id="variable"><![CDATA[yun]]></item>
				<item id="type"><![CDATA[radio]]></item>
				<item id="value"><![CDATA[1]]></item>
				<item id="extra"><![CDATA[]]></item>
			</item>
			<item id="8">
				<item id="displayorder"><![CDATA[4]]></item>
				<item id="title"><![CDATA[开启全局百度分享]]></item>
				<item id="description"><![CDATA[]]></item>
				<item id="variable"><![CDATA[share1]]></item>
				<item id="type"><![CDATA[radio]]></item>
				<item id="value"><![CDATA[1]]></item>
				<item id="extra"><![CDATA[]]></item>
			</item>
			<item id="9">
				<item id="displayorder"><![CDATA[4]]></item>
				<item id="title"><![CDATA[开启贴子页百度分享]]></item>
				<item id="description"><![CDATA[开启后将在每个贴子发表时间的右侧显示快速分享功能，seo利器哦]]></item>
				<item id="variable"><![CDATA[share]]></item>
				<item id="type"><![CDATA[radio]]></item>
				<item id="value"><![CDATA[1]]></item>
				<item id="extra"><![CDATA[]]></item>
			</item>
			<item id="10">
				<item id="displayorder"><![CDATA[4]]></item>
				<item id="title"><![CDATA[全局百度分享代码]]></item>
				<item id="description"><![CDATA[]]></item>
				<item id="variable"><![CDATA[sharecode1]]></item>
				<item id="type"><![CDATA[textarea]]></item>
				<item id="value"><![CDATA[<!-- Baidu Button BEGIN -->
<script type="text/javascript" id="bdshare_js" data="type=slide&amp;img=0&amp;uid=625076" ></script>
<script type="text/javascript" id="bdshell_js"></script>
<script type="text/javascript">
	document.getElementById("bdshell_js").src = "http://share.baidu.com/static/js/shell_v2.js?cdnversion=" + new Date().getHours();
</script>
<!-- Baidu Button END -->]]></item>
				<item id="extra"><![CDATA[]]></item>
			</item>
			<item id="11">
				<item id="displayorder"><![CDATA[4]]></item>
				<item id="title"><![CDATA[贴子页百度分享代码]]></item>
				<item id="description"><![CDATA[]]></item>
				<item id="variable"><![CDATA[sharecode]]></item>
				<item id="type"><![CDATA[textarea]]></item>
				<item id="value"><![CDATA[<!-- Baidu Button BEGIN -->
    <div id="bdshare" class="bdshare_b" style="line-height: 12px;"><img src="http://bdimg.share.baidu.com/static/images/type-button-1.jpg?cdnversion=20120831" />
		<a class="shareCount"></a>
	</div>
<script type="text/javascript" id="bdshare_js" data="type=button&amp;mini=1&amp;uid=625076" ></script>
<script type="text/javascript" id="bdshell_js"></script>
<script type="text/javascript">
	document.getElementById("bdshell_js").src = "http://bdimg.share.baidu.com/static/js/shell_v2.js?cdnversion=" + new Date().getHours();
</script>
<!-- Baidu Button END -->]]></item>
				<item id="extra"><![CDATA[]]></item>
			</item>
			<item id="12">
				<item id="displayorder"><![CDATA[4]]></item>
				<item id="title"><![CDATA[帖子页百度分享位置]]></item>
				<item id="description"><![CDATA[]]></item>
				<item id="variable"><![CDATA[weizhi]]></item>
				<item id="type"><![CDATA[select]]></item>
				<item id="value"><![CDATA[4]]></item>
				<item id="extra"><![CDATA[1 = 帖子标题右
2 = 楼主旁边
3 = 收藏旁边
4 =推送旁边]]></item>
			</item>
			<item id="13">
				<item id="displayorder"><![CDATA[5]]></item>
				<item id="title"><![CDATA[开启门户文章百度ping]]></item>
				<item id="description"><![CDATA[开启后将在发表文章时将文章地址提交给百度，达到秒收的目的。]]></item>
				<item id="variable"><![CDATA[pingportal]]></item>
				<item id="type"><![CDATA[radio]]></item>
				<item id="value"><![CDATA[1]]></item>
				<item id="extra"><![CDATA[]]></item>
			</item>
			<item id="14">
				<item id="displayorder"><![CDATA[5]]></item>
				<item id="title"><![CDATA[开启谷歌Ping]]></item>
				<item id="description"><![CDATA[]]></item>
				<item id="variable"><![CDATA[google]]></item>
				<item id="type"><![CDATA[radio]]></item>
				<item id="value"><![CDATA[1]]></item>
				<item id="extra"><![CDATA[]]></item>
			</item>
			<item id="15">
				<item id="displayorder"><![CDATA[5]]></item>
				<item id="title"><![CDATA[开启论坛贴子百度ping]]></item>
				<item id="description"><![CDATA[百度ping,秒收利器，不懂什么是百度ping?简单的说就是当贴子发布后将贴子直接提交给百度接口，达到秒收的目的。当发贴后显示的地址带#号说明提交失败反之则提交成功。]]></item>
				<item id="variable"><![CDATA[ping]]></item>
				<item id="type"><![CDATA[radio]]></item>
				<item id="value"><![CDATA[1]]></item>
				<item id="extra"><![CDATA[]]></item>
			</item>
			<item id="16">
				<item id="displayorder"><![CDATA[6]]></item>
				<item id="title"><![CDATA[允许使用伪原创的用户组]]></item>
				<item id="description"><![CDATA[]]></item>
				<item id="variable"><![CDATA[wuser]]></item>
				<item id="type"><![CDATA[groups]]></item>
				<item id="extra"><![CDATA[]]></item>
				<item id="__value">
					<item id="0"><![CDATA[10]]></item>
					<item id="1"><![CDATA[11]]></item>
					<item id="2"><![CDATA[12]]></item>
					<item id="3"><![CDATA[13]]></item>
					<item id="4"><![CDATA[14]]></item>
					<item id="5"><![CDATA[15]]></item>
					<item id="6"><![CDATA[20]]></item>
					<item id="7"><![CDATA[16]]></item>
					<item id="8"><![CDATA[17]]></item>
					<item id="9"><![CDATA[18]]></item>
					<item id="10"><![CDATA[19]]></item>
					<item id="11"><![CDATA[1]]></item>
					<item id="12"><![CDATA[2]]></item>
					<item id="13"><![CDATA[3]]></item>
				</item>
			</item>
			<item id="17">
				<item id="displayorder"><![CDATA[6]]></item>
				<item id="title"><![CDATA[允许使用伪原创的版块]]></item>
				<item id="description"><![CDATA[]]></item>
				<item id="variable"><![CDATA[wwforums]]></item>
				<item id="type"><![CDATA[forums]]></item>
				<item id="extra"><![CDATA[]]></item>
				<item id="__value">
					<item id="0"><![CDATA[2]]></item>
				</item>
			</item>
			<item id="18">
				<item id="displayorder"><![CDATA[7]]></item>
				<item id="title"><![CDATA[允许使用百度ping的用户组]]></item>
				<item id="description"><![CDATA[]]></item>
				<item id="variable"><![CDATA[puser]]></item>
				<item id="type"><![CDATA[groups]]></item>
				<item id="extra"><![CDATA[]]></item>
				<item id="__value">
					<item id="0"><![CDATA[1]]></item>
				</item>
			</item>
			<item id="19">
				<item id="displayorder"><![CDATA[7]]></item>
				<item id="title"><![CDATA[允许使用百度ping的版块]]></item>
				<item id="description"><![CDATA[]]></item>
				<item id="variable"><![CDATA[pforums]]></item>
				<item id="type"><![CDATA[forums]]></item>
				<item id="extra"><![CDATA[]]></item>
				<item id="__value">
					<item id="0"><![CDATA[2]]></item>
				</item>
			</item>
			<item id="20">
				<item id="displayorder"><![CDATA[12]]></item>
				<item id="title"><![CDATA[允许使用云采集的用户组]]></item>
				<item id="description"><![CDATA[]]></item>
				<item id="variable"><![CDATA[yuser]]></item>
				<item id="type"><![CDATA[groups]]></item>
				<item id="extra"><![CDATA[]]></item>
				<item id="__value">
					<item id="0"><![CDATA[1]]></item>
				</item>
			</item>
			<item id="21">
				<item id="displayorder"><![CDATA[12]]></item>
				<item id="title"><![CDATA[允许使用云采集的版块]]></item>
				<item id="description"><![CDATA[]]></item>
				<item id="variable"><![CDATA[yforums]]></item>
				<item id="type"><![CDATA[forums]]></item>
				<item id="extra"><![CDATA[]]></item>
				<item id="__value">
					<item id="0"><![CDATA[2]]></item>
				</item>
			</item>
			<item id="22">
				<item id="displayorder"><![CDATA[13]]></item>
				<item id="title"><![CDATA[是否过滤帖子外链]]></item>
				<item id="description"><![CDATA[开启后除免过虑列表的站外链接全部替换成不带链接的文本]]></item>
				<item id="variable"><![CDATA[iswailian]]></item>
				<item id="type"><![CDATA[radio]]></item>
				<item id="value"><![CDATA[0]]></item>
				<item id="extra"><![CDATA[]]></item>
			</item>
			<item id="23">
				<item id="displayorder"><![CDATA[14]]></item>
				<item id="title"><![CDATA[外链免过虑列表]]></item>
				<item id="description"><![CDATA[填写在里面的链接将不会被过虑，一行一个]]></item>
				<item id="variable"><![CDATA[urllist]]></item>
				<item id="type"><![CDATA[textarea]]></item>
				<item id="value"><![CDATA[www.seoeye.cn]]></item>
				<item id="extra"><![CDATA[]]></item>
			</item>
			<item id="24">
				<item id="displayorder"><![CDATA[14]]></item>
				<item id="title"><![CDATA[允许发表外链用户组]]></item>
				<item id="description"><![CDATA[]]></item>
				<item id="variable"><![CDATA[users]]></item>
				<item id="type"><![CDATA[groups]]></item>
				<item id="extra"><![CDATA[]]></item>
				<item id="__value">
					<item id="0"><![CDATA[15]]></item>
				</item>
			</item>
			<item id="25">
				<item id="displayorder"><![CDATA[14]]></item>
				<item id="title"><![CDATA[允许发表外链版块]]></item>
				<item id="description"><![CDATA[]]></item>
				<item id="variable"><![CDATA[fids]]></item>
				<item id="type"><![CDATA[forums]]></item>
				<item id="extra"><![CDATA[]]></item>
				<item id="__value">
					<item id="0"><![CDATA[43]]></item>
				</item>
			</item>
			<item id="26">
				<item id="displayorder"><![CDATA[14]]></item>
				<item id="title"><![CDATA[过虑多久前的帖子]]></item>
				<item id="description"><![CDATA[单位（天）例：如果要回复3天以前的帖子就填写整数3]]></item>
				<item id="variable"><![CDATA[wlsj]]></item>
				<item id="type"><![CDATA[number]]></item>
				<item id="value"><![CDATA[1]]></item>
				<item id="extra"><![CDATA[]]></item>
			</item>
			<item id="27">
				<item id="displayorder"><![CDATA[15]]></item>
				<item id="title"><![CDATA[关键字替换次数]]></item>
				<item id="description"><![CDATA[同一个关键词在贴子中最多允许出现的内链数量。]]></item>
				<item id="variable"><![CDATA[replacenum]]></item>
				<item id="type"><![CDATA[number]]></item>
				<item id="value"><![CDATA[1]]></item>
				<item id="extra"><![CDATA[]]></item>
			</item>
			<item id="28">
				<item id="displayorder"><![CDATA[16]]></item>
				<item id="title"><![CDATA[是否开启远程图片本地化]]></item>
				<item id="description"><![CDATA[]]></item>
				<item id="variable"><![CDATA[isremote]]></item>
				<item id="type"><![CDATA[radio]]></item>
				<item id="value"><![CDATA[0]]></item>
				<item id="extra"><![CDATA[]]></item>
			</item>
			<item id="29">
				<item id="displayorder"><![CDATA[17]]></item>
				<item id="title"><![CDATA[允许本地化版块]]></item>
				<item id="description"><![CDATA[]]></item>
				<item id="variable"><![CDATA[remotebk]]></item>
				<item id="type"><![CDATA[forums]]></item>
				<item id="extra"><![CDATA[]]></item>
				<item id="__value">
					<item id="0"><![CDATA[2]]></item>
				</item>
			</item>
			<item id="30">
				<item id="displayorder"><![CDATA[18]]></item>
				<item id="title"><![CDATA[允许本地化用户组]]></item>
				<item id="description"><![CDATA[]]></item>
				<item id="variable"><![CDATA[remoteuser]]></item>
				<item id="type"><![CDATA[groups]]></item>
				<item id="extra"><![CDATA[]]></item>
				<item id="__value">
					<item id="0"><![CDATA[1]]></item>
				</item>
			</item>
		</item>
		
			<item id="language">
			<item id="scriptlang">
				<item id="logy_m_g"><![CDATA[<h2 style="text-align:-webkit-center;">
	<span style="color:#4C33E5;">推荐一个dz商</span><span style="color:#4C33E5;">业插件模版下载的</span><span style="color:#4C33E5;"></span><span style="color:#4C33E5;">网站给大家</span><a href="http://www.ymg6.com" target="_blank"><span style="color:#4C33E5;">源码哥分享吧</span></a><span style="color:#4C33E5;">（www.ymg6.com）</span> 
</h2>
<h3 style="text-align:-webkit-center;">
	<span style="color:#E53333;">这</span><span style="color:#E53333;">是一个</span><span style="color:#E53333;">dz商业</span><a href="http://www.ymg6.com/forum.php?mod=forumdisplay&fid=2" target="_blank"><span style="color:#337FE5;">插</span><u><span style="color:#337FE5;"></span></u><span style="color:#337FE5;">件</span></a><a href="http://www.ymg6.com/forum.php?mod=forumdisplay&fid=36" target="_blank"><u><span style="color:#337FE5;">模</span></u><u><span style="color:#337FE5;"></span></u><u><span style="color:#337FE5;">版</span></u></a><span style="color:#E53333;">资源破解分享的网站，而且还有很多精品的网站源码下载</span> 
</h3>
<h3 style="text-align:-webkit-center;">
	<span style="color:#E53333;">他们资源每天更新，并且很多都是他们自己出钱在应用中心购买后破解分享出来的</span><br />
</h3>
<h3>
	<div style="text-align:center;">
		<span style="color:#E53333;">不过还是替他们说一下</span> 
	</div>
	<div style="text-align:center;">
		<span style="color:#E53333;">&nbsp;他们站下载的资源只限于自己学习研究内含的设计思想和原理 请勿有任何商业盈利行为</span> 
	</div>
</h3>
<h3 style="text-align:center;">
	<span style="color:#999999;">介绍也介绍完了，给大家做个小导航吧</span> 
</h3>
<h3 style="text-align:center;">
	<span style="color:#337FE5;"><a href="http://www.ymg6.com/forum.php?mod=forumdisplay&fid=2" target="_blank">dz商业破解插件下载</a> &nbsp; <a href="http://www.ymg6.com/forum.php?mod=forumdisplay&fid=36" target="_blank">dz商业风格模版下载</a> &nbsp; &nbsp;<a href="http://www.ymg6.com/forum.php?mod=forumdisplay&fid=50" target="_blank">精品网站源码下载</a> &nbsp; &nbsp;<a href="http://www.ymg6.com/forum.php?mod=forumdisplay&fid=51" target="_blank">工具素材下载</a></span><span style="color:#337FE5;">&nbsp; &nbsp; <a href="http://www.ymg6.com/forum.php?mod=forumdisplay&fid=41" target="_blank">精选教程区</a></span> 
</h3> ]]></item>
				<item id="cs1"><![CDATA[是否收录空间博文]]></item>
				<item id="cs1_comment"><![CDATA[当选择"是"时,地图文件中将会收录空间博文]]></item>
				<item id="cs2"><![CDATA[贴子数量]]></item>
				<item id="cs2_comment"><![CDATA[此选项填写后，只包括最近的贴子(1000以内)这个控制将会自动失效]]></item>
				<item id="batch_title"><![CDATA[批量伪原创是否伪原创标题]]></item>
				<item id="batch_title_comment"><![CDATA[当选择"是"时,批量伪原创时将会同时伪原创标题]]></item>
				<item id="batch"><![CDATA[开启批量伪原创(此功能请慎重使用,一旦选择"是"提交后将不可逆)]]></item>
				<item id="batch_comment"><![CDATA[如果您此时不需要批量伪原创请选择否，提交时将自动调用允许伪原创的版块下的贴子开始批量伪原创，如果贴子比较多可能需要花费较长时间请耐心等待]]></item>
				<item id="edit_thread"><![CDATA[开启编辑贴子时伪原创]]></item>
				<item id="edit_thread_comment"><![CDATA[开启后编辑贴子保存时会自动伪原创，作为论坛原有或采集贴子伪原创的解决方案]]></item>
				<item id="x1"><![CDATA[301重定向系统(用于集中页面权重，防止重复收录，您可在此自定义需要重定向的链接)]]></item>
				<item id="x2"><![CDATA[数据清理(用于清理蜘蛛索引记录以及百度ping记录)]]></item>
				<item id="x11"><![CDATA[返回原贴]]></item>
				<item id="xx2"><![CDATA[数据清理成功]]></item>
				<item id="x22"><![CDATA[查看伪原创]]></item>
				<item id="x3"><![CDATA[删除所有数据]]></item>
				<item id="x3_comment"><![CDATA[开启后蜘蛛记录表与ping记录表中的数据将都会被清空]]></item>
				<item id="x4"><![CDATA[开启自动清理]]></item>
				<item id="x4_comment"><![CDATA[开启后自动清理时间设置才会生效]]></item>
				<item id="x5"><![CDATA[一周前]]></item>
				<item id="x6"><![CDATA[半个月前]]></item>
				<item id="x7"><![CDATA[三周前]]></item>
				<item id="x8"><![CDATA[一个月前]]></item>
				<item id="x9"><![CDATA[数据清理设置成功]]></item>
				<item id="jiankong"><![CDATA[自动删除设置]]></item>
				<item id="jiankong_comment"><![CDATA[删除多久以前的数据]]></item>
				<item id="rewrite"><![CDATA[重定向规则]]></item>
				<item id="rewrite_rule"><![CDATA[重定向规则更新成功]]></item>
				<item id="rewrite_comment"><![CDATA[以->分隔，一行一条规则，形如seoeye.cn->www.seoeye.cn或者seoeye.cn/a.htm->seoeye.cn/b.htm这种形式均可]]></item>
				<item id="c1"><![CDATA[导入词库]]></item>
				<item id="c2"><![CDATA[修改整个词库可以使用这种方式，文件格式必须为txt文本文件，格式参照同义词设置，若只是添加部分同义词直接在文本框中编辑即可]]></item>
				<item id="c3"><![CDATA[百度为您找到相关结果]]></item>
				<item id="c4"><![CDATA[个]]></item>
				<item id="c5"><![CDATA[百度]]></item>
				<item id="seoeye1"><![CDATA[搜索]]></item>
				<item id="seoeye2"><![CDATA[查询时间：]]></item>
				<item id="seoeye3"><![CDATA[近期搜索引擎]]></item>
				<item id="seoeye4"><![CDATA[爬虫类型]]></item>
				<item id="seoeye5"><![CDATA[爬取次数]]></item>
				<item id="seoeye6"><![CDATA[最后爬取时间]]></item>
				<item id="seoeye7"><![CDATA[最后爬取页面]]></item>
				<item id="nav1"><![CDATA[ping服务记录]]></item>
				<item id="nav2"><![CDATA[数据清理]]></item>
				<item id="gjzsm"><![CDATA[关键词内链(默认支持对所有贴子的关键词添加内链，包括<font color="red">旧贴</font>的关键词添加内链的功能)]]></item>
				<item id="gjzpx"><![CDATA[排序]]></item>
				<item id="gjznewname"><![CDATA[关键字]]></item>
				<item id="gjznewurl"><![CDATA[url(带http://)]]></item>
				<item id="gjzys"><![CDATA[样式]]></item>
				<item id="gjzcz"><![CDATA[操作]]></item>
				<item id="gjzxx"><![CDATA[添加新关键字]]></item>
				<item id="gjzqd"><![CDATA[你确定要删除吗]]></item>
				<item id="gjzgx"><![CDATA[更新成功]]></item>
				<item id="gjzsc"><![CDATA[删除成功]]></item>
				<item id="c6"><![CDATA[标题]]></item>
				<item id="c7"><![CDATA[搜索引挚]]></item>
				<item id="g1"><![CDATA[谷歌]]></item>
				<item id="c8"><![CDATA[类型]]></item>
				<item id="c9"><![CDATA[ping状态]]></item>
				<item id="c10"><![CDATA[ping时间]]></item>
				<item id="c11"><![CDATA[最后爬行时间]]></item>
				<item id="c12"><![CDATA[收录情况]]></item>
				<item id="c13"><![CDATA[成功]]></item>
				<item id="c14"><![CDATA[失败]]></item>
				<item id="c15"><![CDATA[门户文章]]></item>
				<item id="c16"><![CDATA[论坛贴子]]></item>
				<item id="c17"><![CDATA[未被抓取过]]></item>
				<item id="c18"><![CDATA[已收录]]></item>
				<item id="c19"><![CDATA[未收录]]></item>
				<item id="c20"><![CDATA[百度]]></item>
				<item id="a1"><![CDATA[域名设置(子域名重定向系统、官方域名设置的增强版、用于处理多域名重复收录的问题达到集中域名及页面权重的目的)]]></item>
				<item id="a2"><![CDATA[域名设置成功]]></item>
				<item id="a3"><![CDATA[多域名兼容性]]></item>
				<item id="a3_comment"><![CDATA[默认为否，因部分服务器不兼容，您可以尝试选择是，如果选择是，动态链接会自动转向伪静态链接，提高域名权重]]></item>
				<item id="b1"><![CDATA[开启子域名重定向系统]]></item>
				<item id="b1_comment"><![CDATA[如需开启子域名重定向系统，请先确认插件设置中已填写主域名]]></item>
				<item id="b2"><![CDATA[个人日志是否绑定到主域名]]></item>
				<item id="b2_comment"><![CDATA[当选择是时，如果系统开启了个人空间的二级域名，用户的个人日志链接将会强制绑定到主域名下，选否则将权重集中到二级域名下]]></item>
				<item id="b3"><![CDATA[群主主题列表页是否绑定到主域名]]></item>
				<item id="b3_comment"><![CDATA[当选择是时，如果系统开启了群组的的二级域名，群主主题列表页链接将会强制绑定到主域名下，选否则将权重集中到二级域名下]]></item>
				<item id="b4"><![CDATA[用户个人空间首页是否绑定到主域名]]></item>
				<item id="b4_comment"><![CDATA[当选择是时，如果系统开启了个人空间的的二级域名，用户个人空间首页链接将会强制绑定到主域名下，选否则将权重集中到二级域名下]]></item>
				<item id="b5"><![CDATA[论坛主题列表页是否绑定到主域名]]></item>
				<item id="b5_comment"><![CDATA[当选择是时，如果系统开启了论坛的的二级域名，论坛主题列表页链接将会强制绑定到主域名下，选否则将权重集中到二级域名下]]></item>
				<item id="b6"><![CDATA[论坛贴子页是否绑定到主域名]]></item>
				<item id="b6_comment"><![CDATA[当选择是时，如果系统开启了论坛的的二级域名，论坛贴子页链接将会强制绑定到主域名下，选否则将权重集中到二级域名下]]></item>
				<item id="ping_setting"><![CDATA[PING服务记录（基于XML_RPC标准协议的更新通告服务，以便百度及时进行抓取和更新）]]></item>
				<item id="content_portal"><![CDATA[门户文章内容是否需要伪原创]]></item>
				<item id="title_portal"><![CDATA[门户文章标题是否需要伪原创]]></item>
				<item id="content_portal_comment"><![CDATA[开启后将在发表门户文章时伪原创内容]]></item>
				<item id="title_portal_comment"><![CDATA[开启后将在发表门户文章时伪原创标题]]></item>
				<item id="f1"><![CDATA[服务器1]]></item>
				<item id="f2"><![CDATA[服务器2]]></item>
				<item id="f_tips"><![CDATA[云采集服务器]]></item>
				<item id="f_tips_comment"><![CDATA[服务器1为华为多线云主机，服务器2为西部数码多线云主机]]></item>
				<item id="allow_tips"><![CDATA[云采集提示语]]></item>
				<item id="allow_tips_comment"><![CDATA[发贴页面采集框的提示语言，可自行配置，如不需要设为空即可]]></item>
				<item id="seocloudname"><![CDATA[开始采集]]></item>
				<item id="tips_cloud"><![CDATA[云采集设置项]]></item>
				<item id="allow_cloud"><![CDATA[是否开启云采集]]></item>
				<item id="allow_cloud_comment"><![CDATA[开启云采集后发贴页面将会出现采集框、您还可以在设置页面指定可以使用采集功能的用户组版块]]></item>
				<item id="post_cloud"><![CDATA[目前支持的云采集站点]]></item>
				<item id="post_cloud_comment"><![CDATA[可以采集列表中网站的文章，将列表中网站的文章url放置于发贴页面的采集框即可]]></item>
				<item id="cloud_update"><![CDATA[提交]]></item>
				<item id="thesaurus_update"><![CDATA[提交]]></item>
				<item id="cloud_post"><![CDATA[云采集信息配置成功]]></item>
				<item id="thesaurus_post"><![CDATA[伪原创信息配置成功]]></item>
				<item id="vars_setting"><![CDATA[Sitemap的基本参数配置,以后将会根据需要丰富选项]]></item>
				<item id="thesaurus_setting"><![CDATA[伪原创设置项（<a href="http://www.yuxinqi.info/words.txt">完整词库下载</a>请使用右键下载，而后导入词库即可）| <a href="admin.php?action=plugins&operation=config&do=23&identifier=seo&pmod=real&op=sc">数据清理</a>]]></item>
				<item id="tips_post"><![CDATA[当发布主题时自动伪原创]]></item>
				<item id="issuper"><![CDATA[超级伪原创开关]]></item>
				<item id="super_comment"><![CDATA[超级伪原创开关，开启后伪原创文章（除管理员查看外）只供蜘蛛抓取]]></item>
				<item id="isuid"><![CDATA[游客是否可以查看原帖]]></item>
				<item id="isuid_comment"><![CDATA[为防止被搜索引擎判作弊而降权，建议选择否]]></item>
				<item id="allow_thesaurus_comment"><![CDATA[如果选择是当您指定的用户组发布主题时将自动伪原创]]></item>
				<item id="tips_title"><![CDATA[标题是否需要伪原创]]></item>
				<item id="allow_title_comment"><![CDATA[您可以根据需要选择是否需要伪原创标题]]></item>
				<item id="tips_nosetting"><![CDATA[请先配置插件相关信息]]></item>
				<item id="tips_succeed"><![CDATA[网站地图更新成功]]></item>
				<item id="tips_return"><![CDATA[点击返回]]></item>
				<item id="tips_thesaurus"><![CDATA[同义词设置]]></item>
				<item id="thesaurus_setting_comment"><![CDATA[如需补充，请将同义词附加到文本框即可，同义词一行一对，以=号分隔]]></item>
				<item id="tips_num"><![CDATA[只包括最近的贴子/文章/日志(1000以内)]]></item>
				<item id="allow_num_comment"><![CDATA[只需要将最近一个更新周期内新增的和变化了的文章包含在XML页面上，过多的数量只会增加服务器的负担]]></item>
				<item id="tips_publish"><![CDATA[当发布主题时更新Sitemap]]></item>
				<item id="allow_publish_comment"><![CDATA[当天发布多少主题时才允许更新网站地图]]></item>
				<item id="tips_portal"><![CDATA[当发布门户文章时更新Sitemap]]></item>
				<item id="allow_portal_comment"><![CDATA[当发布门户文章时更新Sitemap]]></item>
				<item id="create_xml"><![CDATA[生成XML地图]]></item>
				<item id="create_xml_comment"><![CDATA[对百度、谷歌都有作用，请使用http://域名/sitemap.xml的方式在浏览器中访问确保XML地图已生成，生成网站地图后请一定将网站地图地址添加至robots.txt文件中，,将Sitemap:http://域名/sitemap.xml添加进robots.txt即可，目前插件生成xml和txt文件地址为根目录]]></item>
				<item id="create_txt"><![CDATA[生成txt地图]]></item>
				<item id="create_txt_comment"><![CDATA[对百度特别有用]]></item>
				<item id="create_index"><![CDATA[生成地图索引]]></item>
				<item id="create_index_comment"><![CDATA[用于生成指示地图文件位置的索引]]></item>
				<item id="updatexml"><![CDATA[提交并更新XML文件]]></item>
				<item id="plugin_information"><![CDATA[插件信息]]></item>
				<item id="info_1"><![CDATA[本插件版权归属余新启（<a target=\"_blank\" href=\"http://www.yuxinqi.info\">http://www.yuxinqi.info</a>）所有]]></item>
				<item id="info_2"><![CDATA[未经插件作者许可,任何人不得以任何形式在任何地方发布/转发原版以及其衍生的修改版]]></item>
				<item id="info_3"><![CDATA[<b>插件名称:</b>seo for discuz-亮剑seo]]></item>
				<item id="info_4"><![CDATA[<b>作品简介:</b>本插件力求打造discuz社区最专业的seo优化插件，如果您有更好的建议请QQ联系<a href="http://wpa.qq.com/msgrd?v=3&amp;uin=578933760&amp;site=qq&amp;menu=yes" title="点击这里给我发消息" target="_blank"><img border="0" title="点击这里给我发消息" alt="点击这里给我发消息" src="http://wpa.qq.com/pa?p=2:578933760:41"></a>]]></item>
				<item id="info_5"><![CDATA[seo for discuz优化建议]]></item>
				<item id="info_6"><![CDATA[全局-站点信息中的站点名称（建议站点名称使用要做的关键词-网站名称）关键词在2-3个之间，其它关键词做到版块，长尾关键词做到文章页]]></item>
				<item id="info_7"><![CDATA[全局-站点信息中的统计代码。中文网站主要面向百度做seo,请勿必在统计代码中添加百度统计代码。通过百度统计管理后台会记录每天相比site命令更为准备的收录量和排名变化（关键词可以添加10个进行观察）]]></item>
				<item id="info_8"><![CDATA[全局-SEO设置-URL静态化菜单下开启url静态化]]></item>
				<item id="info_9"><![CDATA[域名设置-默认域名中设置主域名，面向谷歌的SEO可以通过谷歌管理员工具设置主域名以防止搜索引挚同时收录带WWW和不带WWW分散权重，谷歌管理员中可以查询网站内外链情况，建议使用]]></item>
				<item id="info_10"><![CDATA[全局-搜索设置-热门关键词中填写网站要做的主关键词]]></item>
				<item id="info_11"><![CDATA[界面-导航设置中设置的导航名称尽量贴进网站主题以增强网站的关键词相关性，提高排名]]></item>
				<item id="info_12"><![CDATA[内容-词语过滤，切记如今监管甚严，百度会屏蔽带不良关键词的文章，请在此屏蔽政府指定的不良关键词]]></item>
				<item id="info_13"><![CDATA[论坛-编辑版块以及子版块填写其中的title-keywords-description，关键词选择建议选用关键词分析工具进行筛选]]></item>
				<item id="info_14"><![CDATA[全局-SEO设置-论坛中设置论坛首页、主题列表、贴子内容的title-keywords-description。注意主题标签的设置]]></item>
				<item id="info_15"><![CDATA[如果网站名称是没有百度指数的关键词，很容易就排到第一位，请不要在交换友情链接的时候让对方使用网站名称作为锚文本]]></item>
				<item id="info_16"><![CDATA[去除首页、版块、主题页title的-  Powered by 源码哥!（修改文件位置为\default\common\header_common.htm）]]></item>
				<item id="info_17"><![CDATA[如果是新站建议保持稳定的更新频率，最少也要伪原创（重写标题、第一段添加描述等等），切不可一模一样的采集数据，使用官方自带的定时发贴功能，并启用插件提供的百度ping功能]]></item>
				<item id="info_18"><![CDATA[开启插件提供的百度分享功能、分享功能可以很容易的将文章转发到各大门户，达到添加外链的效果]]></item>
				<item id="info_19"><![CDATA[开启插件提供的301重定向，去除forum尾巴等功能，集中网站权重]]></item>
				<item id="info_20"><![CDATA[创建baiduxml文件，上传图片均要添写alt属性以优化seo]]></item>
				<item id="info_21"><![CDATA[使用随机或最新贴模块-使整站页面随时被更新,建议使用首页多格，提高网站权重，快照每日更新]]></item>
				<item id="info_22"><![CDATA[开启空间二级域名，提高用户体验度，注意需要在菜单界面-界面设置选项下的个人主页默认皮肤选为“个性化diy风格“]]></item>
				<item id="info_23"><![CDATA[X2以后关于版块图片alt属性没有值的问题 处理方法http://www.discuz.net/forum.php?mod=viewthread&tid=2785519]]></item>
				<item id="info_24"><![CDATA[如果您纠结于无法写出好的原创文章，不仿可以尝试下奶盘伪原创工具http://www.naipan.com/]]></item>
				<item id="innerlink_information"><![CDATA[面向discuz的内链优化]]></item>
				<item id="inner_1"><![CDATA[参与搜索引挚排名的因素主要有内链、外链、关键词密度、title中要出现关键词、描述中要出现关键词、域名权重等等，相比外链而言内链的可控性要好的多，在此讲讲面向discuzX2.5内链
	最好要做哪些优化呢？具体我就不展开描述了，下面主要详细讲讲具体该怎么操作。如果您对seo感兴趣，欢迎您添加我的QQ578933760，我非常愿意与您探讨关于seo的点点滴滴]]></item>
				<item id="inner_2"><![CDATA[友情提醒：本人不建议在应用中心购买诸如内链关键字相关插件，因为此类插件实现的主体功能，X2.0时代开始系统早已实现，下面我会详细讲解，通过后台如何配置实现内链关键字的功能。]]></item>
				<item id="inner_3"><![CDATA[因为搜索引挚会记录内链与外链的导入链接文本（锚文本），一个页面导入锚文本（内链与外链）的数量会参与页面与关键词的相关性计算直接影响页面在搜索引挚中的排名。所以在此强烈建议您使用<b>运营-关联链接</b>菜单下的功能。使用时我有几个建议:a)首页与版块主题列表页的关键词不要重复，首页做不下的关键词放到内页去做，因为首页与内页都会参与排名。b)关键词-链接设置后当用户发表贴子时如果贴子内出现您设置的关键词，则系统会自动给这个关键词带上您所设定的链接指向您所设定的页面，如果关键词出现多次，则只会添加一次链接，就算为这个页面新增了一个关键词，起到提高排名的作用。]]></item>
				<item id="inner_4"><![CDATA[管理员在发贴时要有意识的在贴子中出现关键词或引导用户在贴子中出现关键词，只有如此方能体现关联链接的强大。]]></item>
				<item id="inner_5"><![CDATA[在页脚制作次导航，对于未在导航菜单中出现过的关键词可以在次导航添加相应关键词，页脚，所谓页脚即首页备案信息与版权信息所在位置，因为页脚为全局共享，所有页面都会调用，在此处做内链就相当于为关键词做了全局内链，建议次导航制作的位置在手机版右侧，制作方式可以参考www.seowhy.com/bbs/的页脚seo培圳这部分的次导航]]></item>
			</item>
			<item id="templatelang">
				<item id="zhizhu1"><![CDATA[页面地址：]]></item>
				<item id="zhizhu2"><![CDATA[搜索引擎：]]></item>
				<item id="zhizhu3"><![CDATA[蜘蛛记录]]></item>
				<item id="zhizhu4"><![CDATA[抓取IP.]]></item>
				<item id="zhizhu5"><![CDATA[抓取时间]]></item>
				<item id="zhizhu6"><![CDATA[抓取页面]]></item>
				<item id="zhizhu7"><![CDATA[百度]]></item>
				<item id="zhizhu8"><![CDATA[谷歌]]></item>
				<item id="c7"><![CDATA[对方链接是否有本站的链接！]]></item>
				<item id="c8"><![CDATA[百度快照]]></item>
				<item id="c9"><![CDATA[百度权重]]></item>
				<item id="c10"><![CDATA[百度收录]]></item>
				<item id="c11"><![CDATA[链接]]></item>
				<item id="c12"><![CDATA[名称]]></item>
				<item id="c13"><![CDATA[友情链接检测]]></item>
				<item id="c14"><![CDATA[重新检测]]></item>
				<item id="c15"><![CDATA[无快照]]></item>
				<item id="c16"><![CDATA[无反链]]></item>
				<item id="c17"><![CDATA[有反链　链接词：]]></item>
				<item id="c18"><![CDATA[已收录]]></item>
				<item id="c19"><![CDATA[未收录]]></item>
				<item id="zhizhu9"><![CDATA[所有]]></item>
				<item id="zhizhu10"><![CDATA[蜘蛛记录]]></item>
				<item id="seoeye1"><![CDATA[搜索]]></item>
				<item id="seoeye2"><![CDATA[查询时间：]]></item>
				<item id="seoeye3"><![CDATA[近期搜索引擎]]></item>
				<item id="seoeye4"><![CDATA[爬虫类型]]></item>
				<item id="seoeye5"><![CDATA[爬取次数]]></item>
				<item id="seoeye6"><![CDATA[最后爬取时间]]></item>
				<item id="seoeye7"><![CDATA[最后爬取页面]]></item>
				<item id="nav1"><![CDATA[ping服务记录]]></item>
				<item id="nav3"><![CDATA[友情链接检测]]></item>
				<item id="nav2"><![CDATA[数据清理]]></item>
				<item id="xinxi"><![CDATA[SEO信息]]></item>
				<item id="kz"><![CDATA[百度快照:]]></item>
				<item id="qz"><![CDATA[百度权重:]]></item>
				<item id="sl"><![CDATA[百度收录:]]></item>
				<item id="gg"><![CDATA[谷歌pr:]]></item>
				<item id="gsl"><![CDATA[谷歌收录:]]></item>
				<item id="gjzsc"><![CDATA[删除]]></item>
			</item>
		</item>
		<item id="installfile"><![CDATA[install.php]]></item>
		<item id="upgradefile"><![CDATA[upgrade.php]]></item>
	</item>
</root>