<?xml version="1.0" encoding="ISO-8859-1"?>
<root>
	<item id="Title"><![CDATA[Discuz! Plugin]]></item>
	<item id="Version"><![CDATA[X3.1]]></item>
	<item id="Time"><![CDATA[2014-02-05 19:27]]></item>
	<item id="From"><![CDATA[Discuz! Board (http://www.xhkj5.com/)]]></item>
	<item id="Data">
		<item id="plugin">
			<item id="available"><![CDATA[1]]></item>
			<item id="adminid"><![CDATA[1]]></item>
			<item id="name"><![CDATA[【图灵】插件绑定域名]]></item>
			<item id="identifier"><![CDATA[tuling_plugindomain]]></item>
			<item id="description"><![CDATA[【DISCUZ!CMS深蓝应用】版权所有.【官方网站】www.xhkj5.com]]></item>
			<item id="datatables"><![CDATA[]]></item>
			<item id="directory"><![CDATA[tuling_plugindomain/]]></item>
			<item id="copyright"><![CDATA[【DISCUZ!CMS图灵设计】版权所有.【官方网站】www.xhkj5.com]]></item>
			<item id="version"><![CDATA[2.4]]></item>
			<item id="__modules">
				<item id="0">
					<item id="name"><![CDATA[admin_setting]]></item>
					<item id="param"><![CDATA[]]></item>
					<item id="menu"><![CDATA[插件绑定域名]]></item>
					<item id="url"><![CDATA[]]></item>
					<item id="type"><![CDATA[3]]></item>
					<item id="adminid"><![CDATA[0]]></item>
					<item id="displayorder"><![CDATA[0]]></item>
					<item id="navtitle"><![CDATA[]]></item>
					<item id="navicon"><![CDATA[]]></item>
					<item id="navsubname"><![CDATA[]]></item>
					<item id="navsuburl"><![CDATA[]]></item>
				</item>
				<item id="1">
					<item id="name"><![CDATA[tuling_plugindomain]]></item>
					<item id="param"><![CDATA[]]></item>
					<item id="menu"><![CDATA[]]></item>
					<item id="url"><![CDATA[]]></item>
					<item id="type"><![CDATA[11]]></item>
					<item id="adminid"><![CDATA[0]]></item>
					<item id="displayorder"><![CDATA[0]]></item>
					<item id="navtitle"><![CDATA[]]></item>
					<item id="navicon"><![CDATA[]]></item>
					<item id="navsubname"><![CDATA[]]></item>
					<item id="navsuburl"><![CDATA[]]></item>
				</item>
				<item id="2">
					<item id="name"><![CDATA[admin_shenlan]]></item>
					<item id="param"><![CDATA[]]></item>
					<item id="menu"><![CDATA[<b style="color:red">发现最新 深蓝应用上线</b>]]></item>
					<item id="url"><![CDATA[]]></item>
					<item id="type"><![CDATA[3]]></item>
					<item id="adminid"><![CDATA[0]]></item>
					<item id="displayorder"><![CDATA[99]]></item>
					<item id="navtitle"><![CDATA[]]></item>
					<item id="navicon"><![CDATA[]]></item>
					<item id="navsubname"><![CDATA[]]></item>
					<item id="navsuburl"><![CDATA[]]></item>
				</item>
			</item>
		</item>
<item id="version"><![CDATA[X1.5,X2,X2.5,X3,X3.1]]></item>
		<item id="language">
			<item id="scriptlang">
				<item id="admin_setting_inc_php_1"><![CDATA[深蓝]]></item>
				<item id="admin_setting_inc_php_2"><![CDATA[交友中心]]></item>
				<item id="admin_setting_htm_1"><![CDATA[请先确认绑定的域名是否正常解析，目标域名绑定在安装本插件的论坛上，访问二级域名可以直接浏览论坛]]></item>
				<item id="admin_setting_htm_2"><![CDATA[深蓝插件，绑定二级域名之后，需要在深蓝插件]]></item>
				<item id="admin_setting_htm_3"><![CDATA[设置]]></item>
				<item id="admin_setting_htm_4"><![CDATA[“站点地址”填写二级域名地址]]></item>
				<item id="admin_setting_htm_6"><![CDATA[绑定域名]]></item>
				<item id="admin_setting_htm_7"><![CDATA[绑定域名的填写规则。例如]]></item>
				<item id="eg"><![CDATA[例如]]></item>
				<item id="admin_setting_htm_5"><![CDATA[域名]]></item>
				<item id="admin_setting_htm_8"><![CDATA[不要加]]></item>
				<item id="admin_setting_htm_9"><![CDATA[和 结尾的]]></item>
				<item id="admin_setting_htm_10"><![CDATA[开启二级域名之后，一定要在网站后台 - 界面 - 导航设置，全部都填写完整的地址连接，以“http://”开头的完整访问地址]]></item>
				<item id="admin_setting_htm_11"><![CDATA[多域名跳转,插件绑定二级域名登陆信息不保存问题解决方案]]></item>
				<item id="admin_setting_htm_12"><![CDATA[设置域名之后，清除浏览器缓存查看域名绑定效果]]></item>
				<item id="admin_setting_htm_13"><![CDATA[首页、广场、群组、家园的二级域名绑定教程]]></item>
				<item id="add"><![CDATA[添加]]></item>
				<item id="del"><![CDATA[删除]]></item>
				<item id="list_7"><![CDATA[设置完毕之后，在论坛根目录index.php文件< ?php 下，另起一行，加入 require_once "data/cache_shenlan_plugindomain_data.php";  即可]]></item>
				<item id="plugin_name"><![CDATA[插件名]]></item>
				<item id="plugin_eg"><![CDATA[绑定示例]]></item>
				<item id="admin_setting_htm_1_1"><![CDATA[、]]></item>
				<item id="admin_setting_htm_2_1"><![CDATA[。]]></item>
				<item id="admin_setting_htm_5_1"><![CDATA[、 使用前一定要在，网站后台]]></item>
				<item id="admin_setting_htm_6_1"><![CDATA[全局]]></item>
				<item id="admin_setting_htm_7_1"><![CDATA[域名设置]]></item>
				<item id="admin_setting_htm_8_1"><![CDATA[应用域名里，设置好“默认域名”。]]></item>
				<item id="admin_setting_htm_10_1"><![CDATA[：“www.xhkj5.com”]]></item>
				<item id="admin_setting_htm_11_1"><![CDATA[“]]></item>
				<item id="admin_setting_htm_12_1"><![CDATA[”]]></item>
				<item id="admin_setting_htm_14"><![CDATA[”。]]></item>
				<item id="admin_setting_htm_16"><![CDATA[、 在后台]]></item>
				<item id="admin_setting_htm_17"><![CDATA[界面]]></item>
				<item id="admin_setting_htm_18"><![CDATA[导航里，有部分链接是discuz的内置链接，不能修改。需要把 可用 去掉, 新建一个链接再启用即可]]></item>
				<item id="admin_setting_htm_20"><![CDATA[：]]></item>
			</item>
		</item>
		<item id="installfile"><![CDATA[install.php]]></item>
		<item id="uninstallfile"><![CDATA[uninstall.php]]></item>
		<item id="upgradefile"><![CDATA[upgrade.php]]></item>
	</item>
</root>