<?xml version="1.0" encoding="ISO-8859-1"?>
<root>
	<item id="Title"><![CDATA[Discuz! Plugin]]></item>
	<item id="Version"><![CDATA[X3.1]]></item>
	<item id="Time"><![CDATA[2014-02-05 19:27]]></item>
	<item id="From"><![CDATA[Discuz! Board (http://www.xhkj5.com/)]]></item>
	<item id="Data">
		<item id="plugin">
			<item id="available"><![CDATA[1]]></item>
			<item id="adminid"><![CDATA[1]]></item>
			<item id="name"><![CDATA[【圖靈】插件綁定域名]]></item>
			<item id="identifier"><![CDATA[tuling_plugindomain]]></item>
			<item id="description"><![CDATA[【DISCUZ!CMS深藍應用】版權所有.【官方網站】www.xhkj5.com]]></item>
			<item id="datatables"><![CDATA[]]></item>
			<item id="directory"><![CDATA[tuling_plugindomain/]]></item>
			<item id="copyright"><![CDATA[【DISCUZ!CMS圖靈設計】版權所有.【官方網站】www.xhkj5.com]]></item>
			<item id="version"><![CDATA[2.4]]></item>
			<item id="__modules">
				<item id="0">
					<item id="name"><![CDATA[admin_setting]]></item>
					<item id="param"><![CDATA[]]></item>
					<item id="menu"><![CDATA[插件綁定域名]]></item>
					<item id="url"><![CDATA[]]></item>
					<item id="type"><![CDATA[3]]></item>
					<item id="adminid"><![CDATA[0]]></item>
					<item id="displayorder"><![CDATA[0]]></item>
					<item id="navtitle"><![CDATA[]]></item>
					<item id="navicon"><![CDATA[]]></item>
					<item id="navsubname"><![CDATA[]]></item>
					<item id="navsuburl"><![CDATA[]]></item>
				</item>
				<item id="1">
					<item id="name"><![CDATA[tuling_plugindomain]]></item>
					<item id="param"><![CDATA[]]></item>
					<item id="menu"><![CDATA[]]></item>
					<item id="url"><![CDATA[]]></item>
					<item id="type"><![CDATA[11]]></item>
					<item id="adminid"><![CDATA[0]]></item>
					<item id="displayorder"><![CDATA[0]]></item>
					<item id="navtitle"><![CDATA[]]></item>
					<item id="navicon"><![CDATA[]]></item>
					<item id="navsubname"><![CDATA[]]></item>
					<item id="navsuburl"><![CDATA[]]></item>
				</item>
				<item id="2">
					<item id="name"><![CDATA[admin_shenlan]]></item>
					<item id="param"><![CDATA[]]></item>
					<item id="menu"><![CDATA[<b style="color:red">發現最新 深藍應用上線</b>]]></item>
					<item id="url"><![CDATA[]]></item>
					<item id="type"><![CDATA[3]]></item>
					<item id="adminid"><![CDATA[0]]></item>
					<item id="displayorder"><![CDATA[99]]></item>
					<item id="navtitle"><![CDATA[]]></item>
					<item id="navicon"><![CDATA[]]></item>
					<item id="navsubname"><![CDATA[]]></item>
					<item id="navsuburl"><![CDATA[]]></item>
				</item>
			</item>
		</item>
		<item id="version"><![CDATA[X1.5,X2,X2.5,X3,X3.1]]></item>
		<item id="language">
			<item id="scriptlang">
				<item id="admin_setting_inc_php_1"><![CDATA[深藍]]></item>
				<item id="admin_setting_inc_php_2"><![CDATA[交友中心]]></item>
				<item id="admin_setting_htm_1"><![CDATA[請先確認綁定的域名是否正常解析，目標域名綁定在安裝本插件的論壇上，訪問二級域名可以直接瀏覽論壇]]></item>
				<item id="admin_setting_htm_2"><![CDATA[深藍插件，綁定二級域名之後，需要在深藍插件]]></item>
				<item id="admin_setting_htm_3"><![CDATA[設置]]></item>
				<item id="admin_setting_htm_4"><![CDATA[“站點地址”填寫二級域名地址]]></item>
				<item id="admin_setting_htm_6"><![CDATA[綁定域名]]></item>
				<item id="admin_setting_htm_7"><![CDATA[綁定域名的填寫規則。例如]]></item>
				<item id="eg"><![CDATA[例如]]></item>
				<item id="admin_setting_htm_5"><![CDATA[域名]]></item>
				<item id="admin_setting_htm_8"><![CDATA[不要加]]></item>
				<item id="admin_setting_htm_9"><![CDATA[和 結尾的]]></item>
				<item id="admin_setting_htm_10"><![CDATA[開啟二級域名之後，一定要在網站後台 - 界面 - 導航設置，全部都填寫完整的地址連接，以“http://”開頭的完整訪問地址]]></item>
				<item id="admin_setting_htm_11"><![CDATA[多域名跳轉,插件綁定二級域名登陸信息不保存問題解決方案]]></item>
				<item id="admin_setting_htm_12"><![CDATA[設置域名之後，清除瀏覽器緩存查看域名綁定效果]]></item>
				<item id="admin_setting_htm_13"><![CDATA[首頁、廣場、群組、家園的二級域名綁定教程]]></item>
				<item id="add"><![CDATA[添加]]></item>
				<item id="del"><![CDATA[刪除]]></item>
				<item id="list_7"><![CDATA[設置完畢之後，在論壇根目錄index.php文件< ?php 下，另起一行，加入 require_once "data/cache_shenlan_plugindomain_data.php";  即可]]></item>
				<item id="plugin_name"><![CDATA[插件名]]></item>
				<item id="plugin_eg"><![CDATA[綁定示例]]></item>
				<item id="admin_setting_htm_1_1"><![CDATA[、]]></item>
				<item id="admin_setting_htm_2_1"><![CDATA[。]]></item>
				<item id="admin_setting_htm_5_1"><![CDATA[、 使用前一定要在，網站後台]]></item>
				<item id="admin_setting_htm_6_1"><![CDATA[全局]]></item>
				<item id="admin_setting_htm_7_1"><![CDATA[域名設置]]></item>
				<item id="admin_setting_htm_8_1"><![CDATA[應用域名里，設置好“默認域名”。]]></item>
				<item id="admin_setting_htm_10_1"><![CDATA[︰“www.xhkj5.com”]]></item>
				<item id="admin_setting_htm_11_1"><![CDATA[“]]></item>
				<item id="admin_setting_htm_12_1"><![CDATA[”]]></item>
				<item id="admin_setting_htm_14"><![CDATA[”。]]></item>
				<item id="admin_setting_htm_16"><![CDATA[、 在後台]]></item>
				<item id="admin_setting_htm_17"><![CDATA[界面]]></item>
				<item id="admin_setting_htm_18"><![CDATA[導航里，有部分鏈接是discuz的內置鏈接，不能修改。需要把 可用 去掉, 新建一個鏈接再啟用即可]]></item>
				<item id="admin_setting_htm_20"><![CDATA[︰]]></item>
			</item>
		</item>
		<item id="installfile"><![CDATA[install.php]]></item>
		<item id="uninstallfile"><![CDATA[uninstall.php]]></item>
		<item id="upgradefile"><![CDATA[upgrade.php]]></item>
	</item>
</root>