﻿<?xml version="1.0" encoding="ISO-8859-1"?>
<root>
	<item id="Title"><![CDATA[Discuz! Plugin]]></item>
	<item id="Version"><![CDATA[X2,X2.5,X3,X3.1,X3.2,F1.0]]></item>
	<item id="Time"><![CDATA[2016-08-18 13:47]]></item>
	<item id="From"><![CDATA[分享吧（www.fx8.cc）]]></item>
	<item id="Data">
		<item id="plugin">
			<item id="available"><![CDATA[1]]></item>
			<item id="adminid"><![CDATA[1]]></item>
			<item id="name"><![CDATA[源碼哥_源碼哥|樓主新帖和熱貼]]></item>
			<item id="identifier"><![CDATA[tianchai_hot]]></item>
			<item id="description"><![CDATA[在樓主帖子底部顯示「樓主的新帖和熱貼」，可以自己定義顯示內容和顯示位置。例如：允許屏蔽匿名發帖，允許屏蔽隱藏版塊或私密版以及任何板塊，有多種不同的清新樣式提供選擇，并提供了更多細節的自定義設置。更多免費插件www.ymg6.com下載]]></item>
			<item id="datatables"><![CDATA[]]></item>
			<item id="directory"><![CDATA[tianchai_hot/]]></item>
			<item id="copyright"><![CDATA[源碼哥（www.ymg6.com）]]></item>
			<item id="version"><![CDATA[3.3]]></item>
			<item id="__modules">
				<item id="14">
					<item id="name"><![CDATA[myyapmagoo]]></item>
					<item id="menu"><![CDATA[<span style="color:#E53333;"><b>源碼哥</b></span>]]></item>
					<item id="url"><![CDATA[]]></item>
					<item id="type"><![CDATA[3]]></item>
					<item id="adminid"><![CDATA[0]]></item>
					<item id="displayorder"><![CDATA[0]]></item>
					<item id="navtitle"><![CDATA[]]></item>
					<item id="navicon"><![CDATA[]]></item>
					<item id="navsubname"><![CDATA[]]></item>
					<item id="navsuburl"><![CDATA[]]></item>
				</item>
				<item id="0">
					<item id="name"><![CDATA[normal]]></item>
					<item id="menu"><![CDATA[]]></item>
					<item id="url"><![CDATA[]]></item>
					<item id="type"><![CDATA[11]]></item>
					<item id="adminid"><![CDATA[0]]></item>
					<item id="displayorder"><![CDATA[0]]></item>
					<item id="navtitle"><![CDATA[]]></item>
					<item id="navicon"><![CDATA[]]></item>
					<item id="navsubname"><![CDATA[]]></item>
					<item id="navsuburl"><![CDATA[]]></item>
				</item>
			</item>
		</item>
		<item id="version"><![CDATA[X2,X2.5,X3,X3.1,X3.2,F1.0]]></item>
		<item id="var">
			<item id="0">
				<item id="displayorder"><![CDATA[0]]></item>
				<item id="title"><![CDATA[「樓主新貼」顯示的標題]]></item>
				<item id="description"><![CDATA[可以自由填寫你希望顯示的標題文字，默認為：樓主新帖]]></item>
				<item id="variable"><![CDATA[title1]]></item>
				<item id="type"><![CDATA[text]]></item>
				<item id="value"><![CDATA[樓主新帖]]></item>
				<item id="extra"><![CDATA[]]></item>
			</item>
			<item id="1">
				<item id="displayorder"><![CDATA[1]]></item>
				<item id="title"><![CDATA[「樓主熱貼」顯示的標題]]></item>
				<item id="description"><![CDATA[可以自由填寫你希望顯示的標題文字，默認為：樓主熱貼]]></item>
				<item id="variable"><![CDATA[title2]]></item>
				<item id="type"><![CDATA[text]]></item>
				<item id="value"><![CDATA[樓主熱帖]]></item>
				<item id="extra"><![CDATA[]]></item>
			</item>
			<item id="2">
				<item id="displayorder"><![CDATA[2]]></item>
				<item id="title"><![CDATA[顯示條數]]></item>
				<item id="description"><![CDATA[默認為：5]]></item>
				<item id="variable"><![CDATA[num]]></item>
				<item id="type"><![CDATA[number]]></item>
				<item id="value"><![CDATA[5]]></item>
				<item id="extra"><![CDATA[]]></item>
			</item>
			<item id="3">
				<item id="displayorder"><![CDATA[3]]></item>
				<item id="title"><![CDATA[帖子標題長度]]></item>
				<item id="description"><![CDATA[英文字母占1個字符，漢字占2個字符。請根據需要設置合適的數字，數字必須為偶數。默認為：40]]></item>
				<item id="variable"><![CDATA[length]]></item>
				<item id="type"><![CDATA[number]]></item>
				<item id="value"><![CDATA[40]]></item>
				<item id="extra"><![CDATA[]]></item>
			</item>
			<item id="4">
				<item id="displayorder"><![CDATA[4]]></item>
				<item id="title"><![CDATA[樓主熱貼時間區間]]></item>
				<item id="description"><![CDATA[默認為：所有]]></item>
				<item id="variable"><![CDATA[interval]]></item>
				<item id="type"><![CDATA[select]]></item>
				<item id="value"><![CDATA[10]]></item>
				<item id="extra"><![CDATA[1=1天
2=2天
3=3天
4=1周
5=2周
6=1個月
7=3個月
8=6個月
9=1年
10=所有]]></item>
			</item>
			<item id="5">
				<item id="displayorder"><![CDATA[5]]></item>
				<item id="title"><![CDATA[樓主熱貼排序方式]]></item>
				<item id="description"><![CDATA[默認為：按瀏覽次數]]></item>
				<item id="variable"><![CDATA[sortway]]></item>
				<item id="type"><![CDATA[select]]></item>
				<item id="value"><![CDATA[1]]></item>
				<item id="extra"><![CDATA[1=瀏覽次數
2=回復次數
3=推薦指數
4=熱度指數]]></item>
			</item>
			<item id="6">
				<item id="displayorder"><![CDATA[6]]></item>
				<item id="title"><![CDATA[是否屏蔽匿名發帖]]></item>
				<item id="description"><![CDATA[默認為：否]]></item>
				<item id="variable"><![CDATA[anonymous]]></item>
				<item id="type"><![CDATA[radio]]></item>
				<item id="value"><![CDATA[0]]></item>
				<item id="extra"><![CDATA[]]></item>
			</item>
			<item id="7">
				<item id="displayorder"><![CDATA[7]]></item>
				<item id="title"><![CDATA[需要屏蔽的版塊]]></item>
				<item id="description"><![CDATA[請設置需要屏蔽「樓主新新帖和熱帖」的版塊
你可以設置需要屏蔽的隱藏版塊、用戶必須輸入密碼才可以訪問到的版塊、或者帶有閱讀權限版塊等等
默認為：空]]></item>
				<item id="variable"><![CDATA[forumlist]]></item>
				<item id="type"><![CDATA[forums]]></item>
				<item id="extra"><![CDATA[]]></item>
				<item id="__value">
					<item id="0"><![CDATA[]]></item>
				</item>
			</item>
			<item id="8">
				<item id="displayorder"><![CDATA[8]]></item>
				<item id="title"><![CDATA[顯示風格選擇]]></item>
				<item id="description"><![CDATA[提供多種不同的樣式供選擇]]></item>
				<item id="variable"><![CDATA[style]]></item>
				<item id="type"><![CDATA[select]]></item>
				<item id="value"><![CDATA[3]]></item>
				<item id="extra"><![CDATA[1=樣式1
2=樣式2
3=樣式2（透明背景版）
4=樣式3
5=樣式4]]></item>
			</item>
			<item id="9">
				<item id="displayorder"><![CDATA[9]]></item>
				<item id="title"><![CDATA[標題顏色]]></item>
				<item id="description"><![CDATA[「樓主新貼」 和「樓主熱貼」的標題顏色，默認為：#484848]]></item>
				<item id="variable"><![CDATA[titlecolor]]></item>
				<item id="type"><![CDATA[color]]></item>
				<item id="value"><![CDATA[#484848]]></item>
				<item id="extra"><![CDATA[]]></item>
			</item>
			<item id="10">
				<item id="displayorder"><![CDATA[10]]></item>
				<item id="title"><![CDATA[帖子鏈接顏色]]></item>
				<item id="description"><![CDATA[默認為：#0088CC]]></item>
				<item id="variable"><![CDATA[threadcolor]]></item>
				<item id="type"><![CDATA[color]]></item>
				<item id="value"><![CDATA[#0088CC]]></item>
				<item id="extra"><![CDATA[]]></item>
			</item>
			<item id="11">
				<item id="displayorder"><![CDATA[11]]></item>
				<item id="title"><![CDATA[沒有更多主題顯示文字]]></item>
				<item id="description"><![CDATA[默認為：沒有找到更多的帖子，樓主加油哦！]]></item>
				<item id="variable"><![CDATA[nomore]]></item>
				<item id="type"><![CDATA[text]]></item>
				<item id="value"><![CDATA[此插件來自源碼哥www.ymg6.com]]></item>
				<item id="extra"><![CDATA[]]></item>
			</item>
			<item id="12">
				<item id="displayorder"><![CDATA[12]]></item>
				<item id="title"><![CDATA[插件顯示位置]]></item>
				<item id="description"><![CDATA[樓主新帖和熱帖的在帖子頁面的顯示位置。默認為：緊跟主帖內容下面
如果與其他插件發生嵌入點沖突導致無法顯示本插件，也可以通過此功能調整本插件顯示位置。]]></item>
				<item id="variable"><![CDATA[position]]></item>
				<item id="type"><![CDATA[select]]></item>
				<item id="value"><![CDATA[1]]></item>
				<item id="extra"><![CDATA[1=緊跟主帖內容下面
2=兩者之間
3=主貼最底部]]></item>
			</item>
			<item id="13">
				<item id="displayorder"><![CDATA[13]]></item>
				<item id="title"><![CDATA[回復成功后是否顯示]]></item>
				<item id="description"><![CDATA[默認為：否。
如果選：是。用戶在對主貼回帖后會在最后一樓顯示「樓主熱帖和新帖」刷新后消失。因為大部分的回帖者，都會關注自己發出的回帖。在這里顯示有助于讓讓回帖著看到更多樓主的帖子。僅在發送回復成功后顯示刷新后消失。當「插件顯示位置」設置為兩者之間時無效。]]></item>
				<item id="variable"><![CDATA[onlyfirst]]></item>
				<item id="type"><![CDATA[radio]]></item>
				<item id="value"><![CDATA[0]]></item>
				<item id="extra"><![CDATA[]]></item>
			</item>
		</item>
	</item>
</root>