﻿<?xml version="1.0" encoding="ISO-8859-1"?>
<root>
	<item id="Title"><![CDATA[Discuz! Plugin]]></item>
	<item id="Version"><![CDATA[X2,X2.5,X3,X3.1,X3.2,F1.0]]></item>
	<item id="Time"><![CDATA[2016-08-18 13:47]]></item>
	<item id="From"><![CDATA[分享吧（www.fx8.cc）]]></item>
	<item id="Data">
		<item id="plugin">
			<item id="available"><![CDATA[1]]></item>
			<item id="adminid"><![CDATA[1]]></item>
			<item id="name"><![CDATA[源码哥_源码哥|楼主新帖和热贴]]></item>
			<item id="identifier"><![CDATA[tianchai_hot]]></item>
			<item id="description"><![CDATA[在楼主帖子底部显示「楼主的新帖和热贴」，可以自己定义显示内容和显示位置。例如：允许屏蔽匿名发帖，允许屏蔽隐藏版块或私密版以及任何板块，有多种不同的清新样式提供选择，并提供了更多细节的自定义设置。更多免费插件www.ymg6.com下载]]></item>
			<item id="datatables"><![CDATA[]]></item>
			<item id="directory"><![CDATA[tianchai_hot/]]></item>
			<item id="copyright"><![CDATA[源码哥（www.ymg6.com）]]></item>
			<item id="version"><![CDATA[3.3]]></item>
			<item id="__modules">
				<item id="14">
					<item id="name"><![CDATA[myyapmagoo]]></item>
					<item id="menu"><![CDATA[<span style="color:#E53333;"><b>源码哥</b></span>]]></item>
					<item id="url"><![CDATA[]]></item>
					<item id="type"><![CDATA[3]]></item>
					<item id="adminid"><![CDATA[0]]></item>
					<item id="displayorder"><![CDATA[0]]></item>
					<item id="navtitle"><![CDATA[]]></item>
					<item id="navicon"><![CDATA[]]></item>
					<item id="navsubname"><![CDATA[]]></item>
					<item id="navsuburl"><![CDATA[]]></item>
				</item>
				<item id="0">
					<item id="name"><![CDATA[normal]]></item>
					<item id="menu"><![CDATA[]]></item>
					<item id="url"><![CDATA[]]></item>
					<item id="type"><![CDATA[11]]></item>
					<item id="adminid"><![CDATA[0]]></item>
					<item id="displayorder"><![CDATA[0]]></item>
					<item id="navtitle"><![CDATA[]]></item>
					<item id="navicon"><![CDATA[]]></item>
					<item id="navsubname"><![CDATA[]]></item>
					<item id="navsuburl"><![CDATA[]]></item>
				</item>
			</item>
		</item>
		<item id="version"><![CDATA[X2,X2.5,X3,X3.1,X3.2,F1.0]]></item>
		<item id="var">
			<item id="0">
				<item id="displayorder"><![CDATA[0]]></item>
				<item id="title"><![CDATA[「楼主新贴」显示的标题]]></item>
				<item id="description"><![CDATA[可以自由填写你希望显示的标题文字，默认为：楼主新帖]]></item>
				<item id="variable"><![CDATA[title1]]></item>
				<item id="type"><![CDATA[text]]></item>
				<item id="value"><![CDATA[楼主新帖]]></item>
				<item id="extra"><![CDATA[]]></item>
			</item>
			<item id="1">
				<item id="displayorder"><![CDATA[1]]></item>
				<item id="title"><![CDATA[「楼主热贴」显示的标题]]></item>
				<item id="description"><![CDATA[可以自由填写你希望显示的标题文字，默认为：楼主热贴]]></item>
				<item id="variable"><![CDATA[title2]]></item>
				<item id="type"><![CDATA[text]]></item>
				<item id="value"><![CDATA[楼主热帖]]></item>
				<item id="extra"><![CDATA[]]></item>
			</item>
			<item id="2">
				<item id="displayorder"><![CDATA[2]]></item>
				<item id="title"><![CDATA[显示条数]]></item>
				<item id="description"><![CDATA[默认为：5]]></item>
				<item id="variable"><![CDATA[num]]></item>
				<item id="type"><![CDATA[number]]></item>
				<item id="value"><![CDATA[5]]></item>
				<item id="extra"><![CDATA[]]></item>
			</item>
			<item id="3">
				<item id="displayorder"><![CDATA[3]]></item>
				<item id="title"><![CDATA[帖子标题长度]]></item>
				<item id="description"><![CDATA[英文字母占1个字符，汉字占2个字符。请根据需要设置合适的数字，数字必须为偶数。默认为：40]]></item>
				<item id="variable"><![CDATA[length]]></item>
				<item id="type"><![CDATA[number]]></item>
				<item id="value"><![CDATA[40]]></item>
				<item id="extra"><![CDATA[]]></item>
			</item>
			<item id="4">
				<item id="displayorder"><![CDATA[4]]></item>
				<item id="title"><![CDATA[楼主热贴时间区间]]></item>
				<item id="description"><![CDATA[默认为：所有]]></item>
				<item id="variable"><![CDATA[interval]]></item>
				<item id="type"><![CDATA[select]]></item>
				<item id="value"><![CDATA[10]]></item>
				<item id="extra"><![CDATA[1=1天
2=2天
3=3天
4=1周
5=2周
6=1个月
7=3个月
8=6个月
9=1年
10=所有]]></item>
			</item>
			<item id="5">
				<item id="displayorder"><![CDATA[5]]></item>
				<item id="title"><![CDATA[楼主热贴排序方式]]></item>
				<item id="description"><![CDATA[默认为：按浏览次数]]></item>
				<item id="variable"><![CDATA[sortway]]></item>
				<item id="type"><![CDATA[select]]></item>
				<item id="value"><![CDATA[1]]></item>
				<item id="extra"><![CDATA[1=浏览次数
2=回复次数
3=推荐指数
4=热度指数]]></item>
			</item>
			<item id="6">
				<item id="displayorder"><![CDATA[6]]></item>
				<item id="title"><![CDATA[是否屏蔽匿名发帖]]></item>
				<item id="description"><![CDATA[默认为：否]]></item>
				<item id="variable"><![CDATA[anonymous]]></item>
				<item id="type"><![CDATA[radio]]></item>
				<item id="value"><![CDATA[0]]></item>
				<item id="extra"><![CDATA[]]></item>
			</item>
			<item id="7">
				<item id="displayorder"><![CDATA[7]]></item>
				<item id="title"><![CDATA[需要屏蔽的版块]]></item>
				<item id="description"><![CDATA[请设置需要屏蔽「楼主新新帖和热帖」的版块
你可以设置需要屏蔽的隐藏版块、用户必须输入密码才可以访问到的版块、或者带有阅读权限版块等等
默认为：空]]></item>
				<item id="variable"><![CDATA[forumlist]]></item>
				<item id="type"><![CDATA[forums]]></item>
				<item id="extra"><![CDATA[]]></item>
				<item id="__value">
					<item id="0"><![CDATA[]]></item>
				</item>
			</item>
			<item id="8">
				<item id="displayorder"><![CDATA[8]]></item>
				<item id="title"><![CDATA[显示风格选择]]></item>
				<item id="description"><![CDATA[提供多种不同的样式供选择]]></item>
				<item id="variable"><![CDATA[style]]></item>
				<item id="type"><![CDATA[select]]></item>
				<item id="value"><![CDATA[3]]></item>
				<item id="extra"><![CDATA[1=样式1
2=样式2
3=样式2（透明背景版）
4=样式3
5=样式4]]></item>
			</item>
			<item id="9">
				<item id="displayorder"><![CDATA[9]]></item>
				<item id="title"><![CDATA[标题颜色]]></item>
				<item id="description"><![CDATA[「楼主新贴」 和「楼主热贴」的标题颜色，默认为：#484848]]></item>
				<item id="variable"><![CDATA[titlecolor]]></item>
				<item id="type"><![CDATA[color]]></item>
				<item id="value"><![CDATA[#484848]]></item>
				<item id="extra"><![CDATA[]]></item>
			</item>
			<item id="10">
				<item id="displayorder"><![CDATA[10]]></item>
				<item id="title"><![CDATA[帖子链接颜色]]></item>
				<item id="description"><![CDATA[默认为：#0088CC]]></item>
				<item id="variable"><![CDATA[threadcolor]]></item>
				<item id="type"><![CDATA[color]]></item>
				<item id="value"><![CDATA[#0088CC]]></item>
				<item id="extra"><![CDATA[]]></item>
			</item>
			<item id="11">
				<item id="displayorder"><![CDATA[11]]></item>
				<item id="title"><![CDATA[没有更多主题显示文字]]></item>
				<item id="description"><![CDATA[默认为：没有找到更多的帖子，楼主加油哦！]]></item>
				<item id="variable"><![CDATA[nomore]]></item>
				<item id="type"><![CDATA[text]]></item>
				<item id="value"><![CDATA[此插件来自源码哥www.ymg6.com]]></item>
				<item id="extra"><![CDATA[]]></item>
			</item>
			<item id="12">
				<item id="displayorder"><![CDATA[12]]></item>
				<item id="title"><![CDATA[插件显示位置]]></item>
				<item id="description"><![CDATA[楼主新帖和热帖的在帖子页面的显示位置。默认为：紧跟主帖内容下面
如果与其他插件发生嵌入点冲突导致无法显示本插件，也可以通过此功能调整本插件显示位置。]]></item>
				<item id="variable"><![CDATA[position]]></item>
				<item id="type"><![CDATA[select]]></item>
				<item id="value"><![CDATA[1]]></item>
				<item id="extra"><![CDATA[1=紧跟主帖内容下面
2=两者之间
3=主贴最底部]]></item>
			</item>
			<item id="13">
				<item id="displayorder"><![CDATA[13]]></item>
				<item id="title"><![CDATA[回复成功后是否显示]]></item>
				<item id="description"><![CDATA[默认为：否。
如果选：是。用户在对主贴回帖后会在最后一楼显示「楼主热帖和新帖」刷新后消失。因为大部分的回帖者，都会关注自己发出的回帖。在这里显示有助于让让回帖着看到更多楼主的帖子。仅在发送回复成功后显示刷新后消失。当「插件显示位置」设置为两者之间时无效。]]></item>
				<item id="variable"><![CDATA[onlyfirst]]></item>
				<item id="type"><![CDATA[radio]]></item>
				<item id="value"><![CDATA[0]]></item>
				<item id="extra"><![CDATA[]]></item>
			</item>
		</item>
	</item>
</root>