﻿<?xml version="1.0" encoding="ISO-8859-1"?>
<root>
	<item id="Title"><![CDATA[Discuz! Plugin]]></item>
	<item id="Version"><![CDATA[X2,X2.5,X3,X3.1,X3.2,F1.0]]></item>
	<item id="Time"><![CDATA[2016-11-29 21:56]]></item>
	<item id="From"><![CDATA[分享吧（www.fx8.cc）]]></item>
	<item id="Data">
		<item id="plugin">
			<item id="available"><![CDATA[1]]></item>
			<item id="adminid"><![CDATA[1]]></item>
			<item id="name"><![CDATA[源码哥_[1314]百度站内搜索辅助]]></item>
			<item id="identifier"><![CDATA[addon_baidu_search]]></item>
			<item id="description"><![CDATA[使用问题请到Discuz!教程网反馈：http://www.discuz.1314study.com]]></item>
			<item id="datatables"><![CDATA[]]></item>
			<item id="directory"><![CDATA[addon_baidu_search/]]></item>
			<item id="copyright"><![CDATA[源码哥（www.ymg6.com）]]></item>
			<item id="version"><![CDATA[3.3.0]]></item>
			<item id="__modules">
				<item id="11">
					<item id="name"><![CDATA[myyapmagoo]]></item>
					<item id="menu"><![CDATA[<span style="color:#E53333;"><b>源码哥</b></span>]]></item>
					<item id="url"><![CDATA[]]></item>
					<item id="type"><![CDATA[3]]></item>
					<item id="adminid"><![CDATA[0]]></item>
					<item id="displayorder"><![CDATA[0]]></item>
					<item id="navtitle"><![CDATA[]]></item>
					<item id="navicon"><![CDATA[]]></item>
					<item id="navsubname"><![CDATA[]]></item>
					<item id="navsuburl"><![CDATA[]]></item>
				</item>
				<item id="0">
					<item id="name"><![CDATA[config]]></item>
					<item id="menu"><![CDATA[插件设置]]></item>
					<item id="url"><![CDATA[]]></item>
					<item id="type"><![CDATA[3]]></item>
					<item id="adminid"><![CDATA[0]]></item>
					<item id="displayorder"><![CDATA[1]]></item>
					<item id="navtitle"><![CDATA[]]></item>
					<item id="navicon"><![CDATA[]]></item>
					<item id="navsubname"><![CDATA[]]></item>
					<item id="navsuburl"><![CDATA[]]></item>
				</item>
				<item id="1">
					<item id="name"><![CDATA[updatexml]]></item>
					<item id="menu"><![CDATA[手动生成站内搜索数据]]></item>
					<item id="url"><![CDATA[]]></item>
					<item id="type"><![CDATA[3]]></item>
					<item id="adminid"><![CDATA[0]]></item>
					<item id="displayorder"><![CDATA[2]]></item>
					<item id="navtitle"><![CDATA[]]></item>
					<item id="navicon"><![CDATA[]]></item>
					<item id="navsubname"><![CDATA[]]></item>
					<item id="navsuburl"><![CDATA[]]></item>
				</item>
				<item id="2">
					<item id="name"><![CDATA[hook]]></item>
					<item id="menu"><![CDATA[]]></item>
					<item id="url"><![CDATA[]]></item>
					<item id="type"><![CDATA[11]]></item>
					<item id="adminid"><![CDATA[0]]></item>
					<item id="displayorder"><![CDATA[6]]></item>
					<item id="navtitle"><![CDATA[]]></item>
					<item id="navicon"><![CDATA[]]></item>
					<item id="navsubname"><![CDATA[]]></item>
					<item id="navsuburl"><![CDATA[]]></item>
				</item>
				<item id="3">
					<item id="name"><![CDATA[mobilehook]]></item>
					<item id="menu"><![CDATA[]]></item>
					<item id="url"><![CDATA[]]></item>
					<item id="type"><![CDATA[28]]></item>
					<item id="adminid"><![CDATA[0]]></item>
					<item id="displayorder"><![CDATA[6]]></item>
					<item id="navtitle"><![CDATA[]]></item>
					<item id="navicon"><![CDATA[]]></item>
					<item id="navsubname"><![CDATA[]]></item>
					<item id="navsuburl"><![CDATA[]]></item>
				</item>
				<item id="4">
					<item id="name"><![CDATA[feedback]]></item>
					<item id="menu"><![CDATA[问题反馈]]></item>
					<item id="url"><![CDATA[]]></item>
					<item id="type"><![CDATA[3]]></item>
					<item id="adminid"><![CDATA[0]]></item>
					<item id="displayorder"><![CDATA[7]]></item>
					<item id="navtitle"><![CDATA[]]></item>
					<item id="navicon"><![CDATA[]]></item>
					<item id="navsubname"><![CDATA[]]></item>
					<item id="navsuburl"><![CDATA[]]></item>
				</item>
				<item id="5">
					<item id="name"><![CDATA[addon]]></item>
					<item id="menu"><![CDATA[<b>更多免费插件</b>]]></item>
					<item id="url"><![CDATA[]]></item>
					<item id="type"><![CDATA[3]]></item>
					<item id="adminid"><![CDATA[0]]></item>
					<item id="displayorder"><![CDATA[9]]></item>
					<item id="navtitle"><![CDATA[]]></item>
					<item id="navicon"><![CDATA[]]></item>
					<item id="navsubname"><![CDATA[]]></item>
					<item id="navsuburl"><![CDATA[]]></item>
				</item>
			</item>
		</item>
		<item id="version"><![CDATA[X2,X2.5,X3,X3.1,X3.2,F1.0]]></item>
		<item id="var">
			<item id="0">
				<item id="displayorder"><![CDATA[1]]></item>
				<item id="title"><![CDATA[接管论坛的搜索]]></item>
				<item id="description"><![CDATA[]]></item>
				<item id="variable"><![CDATA[forum_radio]]></item>
				<item id="type"><![CDATA[radio_1314]]></item>
				<item id="value"><![CDATA[1]]></item>
				<item id="extra"><![CDATA[]]></item>
			</item>
			<item id="1">
				<item id="displayorder"><![CDATA[2]]></item>
				<item id="title"><![CDATA[接管门户的搜索]]></item>
				<item id="description"><![CDATA[]]></item>
				<item id="variable"><![CDATA[portal_radio]]></item>
				<item id="type"><![CDATA[radio_1314]]></item>
				<item id="value"><![CDATA[1]]></item>
				<item id="extra"><![CDATA[]]></item>
			</item>
			<item id="2">
				<item id="displayorder"><![CDATA[3]]></item>
				<item id="title"><![CDATA[接管手机版的搜索]]></item>
				<item id="description"><![CDATA[指的是论坛手机版，不是微社区]]></item>
				<item id="variable"><![CDATA[touch_radio]]></item>
				<item id="type"><![CDATA[radio_1314]]></item>
				<item id="value"><![CDATA[1]]></item>
				<item id="extra"><![CDATA[]]></item>
			</item>
			<item id="3">
				<item id="displayorder"><![CDATA[4]]></item>
				<item id="title"><![CDATA[百度站内搜索域名]]></item>
				<item id="description"><![CDATA[【百度已不提供域名设置】
请修改为自己的百度站内搜索域名
开头不要加：http://
结尾不要加：/]]></item>
				<item id="variable"><![CDATA[study_url]]></item>
				<item id="type"><![CDATA[text_1314]]></item>
				<item id="value"><![CDATA[zhannei.baidu.com]]></item>
				<item id="extra"><![CDATA[]]></item>
			</item>
			<item id="4">
				<item id="displayorder"><![CDATA[5]]></item>
				<item id="title"><![CDATA[搜索引擎ID]]></item>
				<item id="description"><![CDATA[站百度内搜索管理地址：http://zhanzhang.baidu.com/search/]]></item>
				<item id="variable"><![CDATA[study_id]]></item>
				<item id="type"><![CDATA[text_1314]]></item>
				<item id="value"><![CDATA[17229396891433089348]]></item>
				<item id="extra"><![CDATA[]]></item>
			</item>
			<item id="5">
				<item id="displayorder"><![CDATA[6]]></item>
				<item id="title"><![CDATA[自动生成索引(X3以上版本)]]></item>
				<item id="description"><![CDATA[考虑到效率和数据较多的站点，自动生成只会更新最新的数据，手动可以重新处理老帖子的数据]]></item>
				<item id="variable"><![CDATA[study_auto]]></item>
				<item id="type"><![CDATA[radio_1314]]></item>
				<item id="value"><![CDATA[0]]></item>
				<item id="extra"><![CDATA[]]></item>
			</item>
			<item id="6">
				<item id="displayorder"><![CDATA[7]]></item>
				<item id="title"><![CDATA[生成哪些数据]]></item>
				<item id="description"><![CDATA[]]></item>
				<item id="variable"><![CDATA[study_type]]></item>
				<item id="type"><![CDATA[selects_1314]]></item>
				<item id="extra"><![CDATA[1314 = 关闭数据生成
1 = 论坛帖子
2 = 门户文章]]></item>
				<item id="__value">
					<item id="0"><![CDATA[1]]></item>
				</item>
			</item>
			<item id="7">
				<item id="displayorder"><![CDATA[8]]></item>
				<item id="title"><![CDATA[论坛版块选择]]></item>
				<item id="description"><![CDATA[为空则所有板块]]></item>
				<item id="variable"><![CDATA[study_fids]]></item>
				<item id="type"><![CDATA[forums_1314]]></item>
				<item id="extra"><![CDATA[]]></item>
				<item id="__value">
					<item id="0"><![CDATA[]]></item>
				</item>
			</item>
			<item id="8">
				<item id="displayorder"><![CDATA[9]]></item>
				<item id="title"><![CDATA[Xml单卷大小]]></item>
				<item id="description"><![CDATA[用于设置每个Xml包含的URL个数，数字过大可能影响生成效率，甚至页面停止，建议依据自身服务器情况进行调整，最大建议不要超过5000，默认1000]]></item>
				<item id="variable"><![CDATA[study_single_num]]></item>
				<item id="type"><![CDATA[number_1314]]></item>
				<item id="value"><![CDATA[2000]]></item>
				<item id="extra"><![CDATA[]]></item>
			</item>
			<item id="9">
				<item id="displayorder"><![CDATA[10]]></item>
				<item id="title"><![CDATA[论坛帖子处理方式]]></item>
				<item id="description"><![CDATA[通用的处理效率比论坛方式的高]]></item>
				<item id="variable"><![CDATA[study_thread_way]]></item>
				<item id="type"><![CDATA[select_1314]]></item>
				<item id="value"><![CDATA[2]]></item>
				<item id="extra"><![CDATA[1 = 通用
2 = 论坛]]></item>
			</item>
			<item id="10">
				<item id="displayorder"><![CDATA[11]]></item>
				<item id="title"><![CDATA[帖子是否查询图片/附件]]></item>
				<item id="description"><![CDATA[开启本设置会影响生成效率]]></item>
				<item id="variable"><![CDATA[study_thread_image]]></item>
				<item id="type"><![CDATA[radio_1314]]></item>
				<item id="value"><![CDATA[0]]></item>
				<item id="extra"><![CDATA[]]></item>
			</item>
		</item>
		<item id="language">
			<item id="scriptlang">
				<item id="logy_m_g"><![CDATA[<h2 style="text-align:-webkit-center;">
	<span style="color:#4C33E5;">推荐一个dz商</span><span style="color:#4C33E5;">业插件模版下载的</span><span style="color:#4C33E5;"></span><span style="color:#4C33E5;">网站给大家</span><a href="http://www.ymg6.com" target="_blank"><span style="color:#4C33E5;">源码哥分享吧</span></a><span style="color:#4C33E5;">（www.ymg6.com）</span> 
</h2>
<h3 style="text-align:-webkit-center;">
	<span style="color:#E53333;">这</span><span style="color:#E53333;">是一个</span><span style="color:#E53333;">dz商业</span><a href="http://www.ymg6.com/forum.php?mod=forumdisplay&fid=2" target="_blank"><span style="color:#337FE5;">插</span><u><span style="color:#337FE5;"></span></u><span style="color:#337FE5;">件</span></a><a href="http://www.ymg6.com/forum.php?mod=forumdisplay&fid=36" target="_blank"><u><span style="color:#337FE5;">模</span></u><u><span style="color:#337FE5;"></span></u><u><span style="color:#337FE5;">版</span></u></a><span style="color:#E53333;">资源破解分享的网站，而且还有很多精品的网站源码下载</span> 
</h3>
<h3 style="text-align:-webkit-center;">
	<span style="color:#E53333;">他们资源每天更新，并且很多都是他们自己出钱在应用中心购买后破解分享出来的</span><br />
</h3>
<h3>
	<div style="text-align:center;">
		<span style="color:#E53333;">不过还是替他们说一下</span> 
	</div>
	<div style="text-align:center;">
		<span style="color:#E53333;">&nbsp;他们站下载的资源只限于自己学习研究内含的设计思想和原理 请勿有任何商业盈利行为</span> 
	</div>
</h3>
<h3 style="text-align:center;">
	<span style="color:#999999;">介绍也介绍完了，给大家做个小导航吧</span> 
</h3>
<h3 style="text-align:center;">
	<span style="color:#337FE5;"><a href="http://www.ymg6.com/forum.php?mod=forumdisplay&fid=2" target="_blank">dz商业破解插件下载</a> &nbsp; <a href="http://www.ymg6.com/forum.php?mod=forumdisplay&fid=36" target="_blank">dz商业风格模版下载</a> &nbsp; &nbsp;<a href="http://www.ymg6.com/forum.php?mod=forumdisplay&fid=50" target="_blank">精品网站源码下载</a> &nbsp; &nbsp;<a href="http://www.ymg6.com/forum.php?mod=forumdisplay&fid=51" target="_blank">工具素材下载</a></span><span style="color:#337FE5;">&nbsp; &nbsp; <a href="http://www.ymg6.com/forum.php?mod=forumdisplay&fid=41" target="_blank">精选教程区</a></span> 
</h3> ]]></item>
				<item id="cronname"><![CDATA[生成百度站内搜索数据]]></item>
				<item id="slang_001"><![CDATA[操作成功]]></item>
				<item id="slang_002"><![CDATA[点击手动生成数据]]></item>
				<item id="slang_003"><![CDATA[已关闭数据索引生成功能]]></item>
				<item id="slang_004"><![CDATA[]]></item>
				<item id="slang_005"><![CDATA[]]></item>
				<item id="slang_006"><![CDATA[]]></item>
				<item id="slang_007"><![CDATA[]]></item>
				<item id="slang_008"><![CDATA[]]></item>
				<item id="slang_009"><![CDATA[]]></item>
				<item id="slang_010"><![CDATA[]]></item>
				<item id="slang_011"><![CDATA[]]></item>
				<item id="slang_012"><![CDATA[]]></item>
				<item id="slang_013"><![CDATA[]]></item>
				<item id="slang_014"><![CDATA[]]></item>
				<item id="slang_015"><![CDATA[]]></item>
				<item id="slang_016"><![CDATA[]]></item>
				<item id="slang_017"><![CDATA[]]></item>
				<item id="slang_018"><![CDATA[]]></item>
				<item id="slang_019"><![CDATA[]]></item>
				<item id="slang_020"><![CDATA[]]></item>
				<item id="slang_021"><![CDATA[]]></item>
				<item id="slang_022"><![CDATA[]]></item>
			</item>
			<item id="templatelang">
				<item id="tlang_001"><![CDATA[帖子推广排行榜]]></item>
				<item id="tlang_002"><![CDATA[如果你不是机器人，请点击这里继续访问]]></item>
				<item id="tlang_003"><![CDATA[]]></item>
				<item id="tlang_004"><![CDATA[]]></item>
				<item id="tlang_005"><![CDATA[]]></item>
				<item id="tlang_006"><![CDATA[]]></item>
				<item id="tlang_007"><![CDATA[]]></item>
				<item id="tlang_008"><![CDATA[]]></item>
				<item id="tlang_009"><![CDATA[]]></item>
				<item id="tlang_010"><![CDATA[]]></item>
				<item id="tlang_011"><![CDATA[]]></item>
				<item id="tlang_012"><![CDATA[]]></item>
				<item id="tlang_013"><![CDATA[]]></item>
				<item id="tlang_014"><![CDATA[]]></item>
				<item id="tlang_015"><![CDATA[]]></item>
				<item id="tlang_016"><![CDATA[]]></item>
				<item id="tlang_017"><![CDATA[]]></item>
				<item id="tlang_018"><![CDATA[]]></item>
				<item id="tlang_019"><![CDATA[]]></item>
				<item id="tlang_020"><![CDATA[]]></item>
				<item id="tlang_021"><![CDATA[]]></item>
				<item id="tlang_022"><![CDATA[]]></item>
				<item id="tlang_023"><![CDATA[]]></item>
				<item id="tlang_024"><![CDATA[]]></item>
				<item id="tlang_025"><![CDATA[]]></item>
				<item id="tlang_026"><![CDATA[]]></item>
				<item id="tlang_027"><![CDATA[]]></item>
				<item id="tlang_028"><![CDATA[]]></item>
				<item id="tlang_029"><![CDATA[]]></item>
				<item id="tlang_030"><![CDATA[]]></item>
				<item id="tlang_031"><![CDATA[]]></item>
				<item id="tlang_032"><![CDATA[]]></item>
				<item id="tlang_033"><![CDATA[]]></item>
				<item id="tlang_034"><![CDATA[]]></item>
				<item id="tlang_035"><![CDATA[]]></item>
				<item id="tlang_036"><![CDATA[]]></item>
				<item id="tlang_037"><![CDATA[]]></item>
				<item id="tlang_038"><![CDATA[]]></item>
				<item id="tlang_039"><![CDATA[]]></item>
				<item id="tlang_040"><![CDATA[]]></item>
			</item>
		</item>
		<item id="installfile"><![CDATA[install.php]]></item>
		<item id="uninstallfile"><![CDATA[uninstall.php]]></item>
		<item id="upgradefile"><![CDATA[upgrade.php]]></item>
		<item id="checkfile"><![CDATA[check.php]]></item>
		<item id="enablefile"><![CDATA[enable.php]]></item>
		<item id="disablefile"><![CDATA[disable.php]]></item>
	</item>
</root>