﻿<?xml version="1.0" encoding="ISO-8859-1"?>
<root>
	<item id="Title"><![CDATA[Discuz! Plugin]]></item>
	<item id="Version"><![CDATA[X2,X2.5,X3,X3.1,X3.2,F1.0]]></item>
	<item id="Time"><![CDATA[2016-11-29 21:56]]></item>
	<item id="From"><![CDATA[分享吧（www.fx8.cc）]]></item>
	<item id="Data">
		<item id="plugin">
			<item id="available"><![CDATA[1]]></item>
			<item id="adminid"><![CDATA[1]]></item>
			<item id="name"><![CDATA[源碼哥_[1314]百度站內搜索輔助]]></item>
			<item id="identifier"><![CDATA[addon_baidu_search]]></item>
			<item id="description"><![CDATA[使用問題請到Discuz!教程網反饋：http://www.discuz.1314study.com]]></item>
			<item id="datatables"><![CDATA[]]></item>
			<item id="directory"><![CDATA[addon_baidu_search/]]></item>
			<item id="copyright"><![CDATA[源碼哥（www.ymg6.com）]]></item>
			<item id="version"><![CDATA[3.3.0]]></item>
			<item id="__modules">
				<item id="11">
					<item id="name"><![CDATA[myyapmagoo]]></item>
					<item id="menu"><![CDATA[<span style="color:#E53333;"><b>源碼哥</b></span>]]></item>
					<item id="url"><![CDATA[]]></item>
					<item id="type"><![CDATA[3]]></item>
					<item id="adminid"><![CDATA[0]]></item>
					<item id="displayorder"><![CDATA[0]]></item>
					<item id="navtitle"><![CDATA[]]></item>
					<item id="navicon"><![CDATA[]]></item>
					<item id="navsubname"><![CDATA[]]></item>
					<item id="navsuburl"><![CDATA[]]></item>
				</item>
				<item id="0">
					<item id="name"><![CDATA[config]]></item>
					<item id="menu"><![CDATA[插件設置]]></item>
					<item id="url"><![CDATA[]]></item>
					<item id="type"><![CDATA[3]]></item>
					<item id="adminid"><![CDATA[0]]></item>
					<item id="displayorder"><![CDATA[1]]></item>
					<item id="navtitle"><![CDATA[]]></item>
					<item id="navicon"><![CDATA[]]></item>
					<item id="navsubname"><![CDATA[]]></item>
					<item id="navsuburl"><![CDATA[]]></item>
				</item>
				<item id="1">
					<item id="name"><![CDATA[updatexml]]></item>
					<item id="menu"><![CDATA[手動生成站內搜索數據]]></item>
					<item id="url"><![CDATA[]]></item>
					<item id="type"><![CDATA[3]]></item>
					<item id="adminid"><![CDATA[0]]></item>
					<item id="displayorder"><![CDATA[2]]></item>
					<item id="navtitle"><![CDATA[]]></item>
					<item id="navicon"><![CDATA[]]></item>
					<item id="navsubname"><![CDATA[]]></item>
					<item id="navsuburl"><![CDATA[]]></item>
				</item>
				<item id="2">
					<item id="name"><![CDATA[hook]]></item>
					<item id="menu"><![CDATA[]]></item>
					<item id="url"><![CDATA[]]></item>
					<item id="type"><![CDATA[11]]></item>
					<item id="adminid"><![CDATA[0]]></item>
					<item id="displayorder"><![CDATA[6]]></item>
					<item id="navtitle"><![CDATA[]]></item>
					<item id="navicon"><![CDATA[]]></item>
					<item id="navsubname"><![CDATA[]]></item>
					<item id="navsuburl"><![CDATA[]]></item>
				</item>
				<item id="3">
					<item id="name"><![CDATA[mobilehook]]></item>
					<item id="menu"><![CDATA[]]></item>
					<item id="url"><![CDATA[]]></item>
					<item id="type"><![CDATA[28]]></item>
					<item id="adminid"><![CDATA[0]]></item>
					<item id="displayorder"><![CDATA[6]]></item>
					<item id="navtitle"><![CDATA[]]></item>
					<item id="navicon"><![CDATA[]]></item>
					<item id="navsubname"><![CDATA[]]></item>
					<item id="navsuburl"><![CDATA[]]></item>
				</item>
				<item id="4">
					<item id="name"><![CDATA[feedback]]></item>
					<item id="menu"><![CDATA[問題反饋]]></item>
					<item id="url"><![CDATA[]]></item>
					<item id="type"><![CDATA[3]]></item>
					<item id="adminid"><![CDATA[0]]></item>
					<item id="displayorder"><![CDATA[7]]></item>
					<item id="navtitle"><![CDATA[]]></item>
					<item id="navicon"><![CDATA[]]></item>
					<item id="navsubname"><![CDATA[]]></item>
					<item id="navsuburl"><![CDATA[]]></item>
				</item>
				<item id="5">
					<item id="name"><![CDATA[addon]]></item>
					<item id="menu"><![CDATA[<b>更多免費插件</b>]]></item>
					<item id="url"><![CDATA[]]></item>
					<item id="type"><![CDATA[3]]></item>
					<item id="adminid"><![CDATA[0]]></item>
					<item id="displayorder"><![CDATA[9]]></item>
					<item id="navtitle"><![CDATA[]]></item>
					<item id="navicon"><![CDATA[]]></item>
					<item id="navsubname"><![CDATA[]]></item>
					<item id="navsuburl"><![CDATA[]]></item>
				</item>
			</item>
		</item>
		<item id="version"><![CDATA[X2,X2.5,X3,X3.1,X3.2,F1.0]]></item>
		<item id="var">
			<item id="0">
				<item id="displayorder"><![CDATA[1]]></item>
				<item id="title"><![CDATA[接管論壇的搜索]]></item>
				<item id="description"><![CDATA[]]></item>
				<item id="variable"><![CDATA[forum_radio]]></item>
				<item id="type"><![CDATA[radio_1314]]></item>
				<item id="value"><![CDATA[1]]></item>
				<item id="extra"><![CDATA[]]></item>
			</item>
			<item id="1">
				<item id="displayorder"><![CDATA[2]]></item>
				<item id="title"><![CDATA[接管門戶的搜索]]></item>
				<item id="description"><![CDATA[]]></item>
				<item id="variable"><![CDATA[portal_radio]]></item>
				<item id="type"><![CDATA[radio_1314]]></item>
				<item id="value"><![CDATA[1]]></item>
				<item id="extra"><![CDATA[]]></item>
			</item>
			<item id="2">
				<item id="displayorder"><![CDATA[3]]></item>
				<item id="title"><![CDATA[接管手機版的搜索]]></item>
				<item id="description"><![CDATA[指的是論壇手機版，不是微社區]]></item>
				<item id="variable"><![CDATA[touch_radio]]></item>
				<item id="type"><![CDATA[radio_1314]]></item>
				<item id="value"><![CDATA[1]]></item>
				<item id="extra"><![CDATA[]]></item>
			</item>
			<item id="3">
				<item id="displayorder"><![CDATA[4]]></item>
				<item id="title"><![CDATA[百度站內搜索域名]]></item>
				<item id="description"><![CDATA[【百度已不提供域名設置】
請修改為自己的百度站內搜索域名
開頭不要加：http://
結尾不要加：/]]></item>
				<item id="variable"><![CDATA[study_url]]></item>
				<item id="type"><![CDATA[text_1314]]></item>
				<item id="value"><![CDATA[zhannei.baidu.com]]></item>
				<item id="extra"><![CDATA[]]></item>
			</item>
			<item id="4">
				<item id="displayorder"><![CDATA[5]]></item>
				<item id="title"><![CDATA[搜索引擎ID]]></item>
				<item id="description"><![CDATA[站百度內搜索管理地址：http://zhanzhang.baidu.com/search/]]></item>
				<item id="variable"><![CDATA[study_id]]></item>
				<item id="type"><![CDATA[text_1314]]></item>
				<item id="value"><![CDATA[17229396891433089348]]></item>
				<item id="extra"><![CDATA[]]></item>
			</item>
			<item id="5">
				<item id="displayorder"><![CDATA[6]]></item>
				<item id="title"><![CDATA[自動生成索引(X3以上版本)]]></item>
				<item id="description"><![CDATA[考慮到效率和數據較多的站點，自動生成只會更新最新的數據，手動可以重新處理老帖子的數據]]></item>
				<item id="variable"><![CDATA[study_auto]]></item>
				<item id="type"><![CDATA[radio_1314]]></item>
				<item id="value"><![CDATA[0]]></item>
				<item id="extra"><![CDATA[]]></item>
			</item>
			<item id="6">
				<item id="displayorder"><![CDATA[7]]></item>
				<item id="title"><![CDATA[生成哪些數據]]></item>
				<item id="description"><![CDATA[]]></item>
				<item id="variable"><![CDATA[study_type]]></item>
				<item id="type"><![CDATA[selects_1314]]></item>
				<item id="extra"><![CDATA[1314 = 關閉數據生成
1 = 論壇帖子
2 = 門戶文章]]></item>
				<item id="__value">
					<item id="0"><![CDATA[1]]></item>
				</item>
			</item>
			<item id="7">
				<item id="displayorder"><![CDATA[8]]></item>
				<item id="title"><![CDATA[論壇版塊選擇]]></item>
				<item id="description"><![CDATA[為空則所有板塊]]></item>
				<item id="variable"><![CDATA[study_fids]]></item>
				<item id="type"><![CDATA[forums_1314]]></item>
				<item id="extra"><![CDATA[]]></item>
				<item id="__value">
					<item id="0"><![CDATA[]]></item>
				</item>
			</item>
			<item id="8">
				<item id="displayorder"><![CDATA[9]]></item>
				<item id="title"><![CDATA[Xml單卷大小]]></item>
				<item id="description"><![CDATA[用于設置每個Xml包含的URL個數，數字過大可能影響生成效率，甚至頁面停止，建議依據自身服務器情況進行調整，最大建議不要超過5000，默認1000]]></item>
				<item id="variable"><![CDATA[study_single_num]]></item>
				<item id="type"><![CDATA[number_1314]]></item>
				<item id="value"><![CDATA[2000]]></item>
				<item id="extra"><![CDATA[]]></item>
			</item>
			<item id="9">
				<item id="displayorder"><![CDATA[10]]></item>
				<item id="title"><![CDATA[論壇帖子處理方式]]></item>
				<item id="description"><![CDATA[通用的處理效率比論壇方式的高]]></item>
				<item id="variable"><![CDATA[study_thread_way]]></item>
				<item id="type"><![CDATA[select_1314]]></item>
				<item id="value"><![CDATA[2]]></item>
				<item id="extra"><![CDATA[1 = 通用
2 = 論壇]]></item>
			</item>
			<item id="10">
				<item id="displayorder"><![CDATA[11]]></item>
				<item id="title"><![CDATA[帖子是否查詢圖片/附件]]></item>
				<item id="description"><![CDATA[開啟本設置會影響生成效率]]></item>
				<item id="variable"><![CDATA[study_thread_image]]></item>
				<item id="type"><![CDATA[radio_1314]]></item>
				<item id="value"><![CDATA[0]]></item>
				<item id="extra"><![CDATA[]]></item>
			</item>
		</item>
		<item id="language">
			<item id="scriptlang">
				<item id="logy_m_g"><![CDATA[<h2 style="text-align:-webkit-center;">
	<span style="color:#4C33E5;">推薦一個dz商</span><span style="color:#4C33E5;">業插件模版下載的</span><span style="color:#4C33E5;"></span><span style="color:#4C33E5;">網站給大家</span><a href="http://www.ymg6.com" target="_blank"><span style="color:#4C33E5;">源碼哥分享吧</span></a><span style="color:#4C33E5;">（www.ymg6.com）</span> 
</h2>
<h3 style="text-align:-webkit-center;">
	<span style="color:#E53333;">這</span><span style="color:#E53333;">是一個</span><span style="color:#E53333;">dz商業</span><a href="http://www.ymg6.com/forum.php?mod=forumdisplay&fid=2" target="_blank"><span style="color:#337FE5;">插</span><u><span style="color:#337FE5;"></span></u><span style="color:#337FE5;">件</span></a><a href="http://www.ymg6.com/forum.php?mod=forumdisplay&fid=36" target="_blank"><u><span style="color:#337FE5;">模</span></u><u><span style="color:#337FE5;"></span></u><u><span style="color:#337FE5;">版</span></u></a><span style="color:#E53333;">資源破解分享的網站，而且還有很多精品的網站源碼下載</span> 
</h3>
<h3 style="text-align:-webkit-center;">
	<span style="color:#E53333;">他們資源每天更新，并且很多都是他們自己出錢在應用中心購買后破解分享出來的</span><br />
</h3>
<h3>
	<div style="text-align:center;">
		<span style="color:#E53333;">不過還是替他們說一下</span> 
	</div>
	<div style="text-align:center;">
		<span style="color:#E53333;">&nbsp;他們站下載的資源只限于自己學習研究內含的設計思想和原理 請勿有任何商業盈利行為</span> 
	</div>
</h3>
<h3 style="text-align:center;">
	<span style="color:#999999;">介紹也介紹完了，給大家做個小導航吧</span> 
</h3>
<h3 style="text-align:center;">
	<span style="color:#337FE5;"><a href="http://www.ymg6.com/forum.php?mod=forumdisplay&fid=2" target="_blank">dz商業破解插件下載</a> &nbsp; <a href="http://www.ymg6.com/forum.php?mod=forumdisplay&fid=36" target="_blank">dz商業風格模版下載</a> &nbsp; &nbsp;<a href="http://www.ymg6.com/forum.php?mod=forumdisplay&fid=50" target="_blank">精品網站源碼下載</a> &nbsp; &nbsp;<a href="http://www.ymg6.com/forum.php?mod=forumdisplay&fid=51" target="_blank">工具素材下載</a></span><span style="color:#337FE5;">&nbsp; &nbsp; <a href="http://www.ymg6.com/forum.php?mod=forumdisplay&fid=41" target="_blank">精選教程區</a></span> 
</h3> ]]></item>
				<item id="cronname"><![CDATA[生成百度站內搜索數據]]></item>
				<item id="slang_001"><![CDATA[操作成功]]></item>
				<item id="slang_002"><![CDATA[點擊手動生成數據]]></item>
				<item id="slang_003"><![CDATA[已關閉數據索引生成功能]]></item>
				<item id="slang_004"><![CDATA[]]></item>
				<item id="slang_005"><![CDATA[]]></item>
				<item id="slang_006"><![CDATA[]]></item>
				<item id="slang_007"><![CDATA[]]></item>
				<item id="slang_008"><![CDATA[]]></item>
				<item id="slang_009"><![CDATA[]]></item>
				<item id="slang_010"><![CDATA[]]></item>
				<item id="slang_011"><![CDATA[]]></item>
				<item id="slang_012"><![CDATA[]]></item>
				<item id="slang_013"><![CDATA[]]></item>
				<item id="slang_014"><![CDATA[]]></item>
				<item id="slang_015"><![CDATA[]]></item>
				<item id="slang_016"><![CDATA[]]></item>
				<item id="slang_017"><![CDATA[]]></item>
				<item id="slang_018"><![CDATA[]]></item>
				<item id="slang_019"><![CDATA[]]></item>
				<item id="slang_020"><![CDATA[]]></item>
				<item id="slang_021"><![CDATA[]]></item>
				<item id="slang_022"><![CDATA[]]></item>
			</item>
			<item id="templatelang">
				<item id="tlang_001"><![CDATA[帖子推廣排行榜]]></item>
				<item id="tlang_002"><![CDATA[如果你不是機器人，請點擊這里繼續訪問]]></item>
				<item id="tlang_003"><![CDATA[]]></item>
				<item id="tlang_004"><![CDATA[]]></item>
				<item id="tlang_005"><![CDATA[]]></item>
				<item id="tlang_006"><![CDATA[]]></item>
				<item id="tlang_007"><![CDATA[]]></item>
				<item id="tlang_008"><![CDATA[]]></item>
				<item id="tlang_009"><![CDATA[]]></item>
				<item id="tlang_010"><![CDATA[]]></item>
				<item id="tlang_011"><![CDATA[]]></item>
				<item id="tlang_012"><![CDATA[]]></item>
				<item id="tlang_013"><![CDATA[]]></item>
				<item id="tlang_014"><![CDATA[]]></item>
				<item id="tlang_015"><![CDATA[]]></item>
				<item id="tlang_016"><![CDATA[]]></item>
				<item id="tlang_017"><![CDATA[]]></item>
				<item id="tlang_018"><![CDATA[]]></item>
				<item id="tlang_019"><![CDATA[]]></item>
				<item id="tlang_020"><![CDATA[]]></item>
				<item id="tlang_021"><![CDATA[]]></item>
				<item id="tlang_022"><![CDATA[]]></item>
				<item id="tlang_023"><![CDATA[]]></item>
				<item id="tlang_024"><![CDATA[]]></item>
				<item id="tlang_025"><![CDATA[]]></item>
				<item id="tlang_026"><![CDATA[]]></item>
				<item id="tlang_027"><![CDATA[]]></item>
				<item id="tlang_028"><![CDATA[]]></item>
				<item id="tlang_029"><![CDATA[]]></item>
				<item id="tlang_030"><![CDATA[]]></item>
				<item id="tlang_031"><![CDATA[]]></item>
				<item id="tlang_032"><![CDATA[]]></item>
				<item id="tlang_033"><![CDATA[]]></item>
				<item id="tlang_034"><![CDATA[]]></item>
				<item id="tlang_035"><![CDATA[]]></item>
				<item id="tlang_036"><![CDATA[]]></item>
				<item id="tlang_037"><![CDATA[]]></item>
				<item id="tlang_038"><![CDATA[]]></item>
				<item id="tlang_039"><![CDATA[]]></item>
				<item id="tlang_040"><![CDATA[]]></item>
			</item>
		</item>
		<item id="installfile"><![CDATA[install.php]]></item>
		<item id="uninstallfile"><![CDATA[uninstall.php]]></item>
		<item id="upgradefile"><![CDATA[upgrade.php]]></item>
		<item id="checkfile"><![CDATA[check.php]]></item>
		<item id="enablefile"><![CDATA[enable.php]]></item>
		<item id="disablefile"><![CDATA[disable.php]]></item>
	</item>
</root>