﻿<?xml version="1.0" encoding="ISO-8859-1"?>
<root>
	<item id="Title"><![CDATA[Discuz! Plugin]]></item>
	<item id="Version"><![CDATA[X2,X2.5,X3,X3.1,X3.2,F1.0,L1.0,X3.3]]></item>
	<item id="Time"><![CDATA[2017-04-12 15:34]]></item>
	<item id="From"><![CDATA[源码哥（www.ymg6.com）]]></item>
	<item id="Data">
		<item id="plugin">
			<item id="available"><![CDATA[1]]></item>
			<item id="adminid"><![CDATA[1]]></item>
			<item id="name"><![CDATA[源码哥_可执行代码/高亮代码]]></item>
			<item id="identifier"><![CDATA[niuc_runcode]]></item>
			<item id="description"><![CDATA[给编辑器添加插入可执行HTML代码和高亮代码的功能。采用syntaxhighlighter高亮插件。]]></item>
			<item id="datatables"><![CDATA[]]></item>
			<item id="directory"><![CDATA[niuc_runcode/]]></item>
			<item id="copyright"><![CDATA[源码哥（www.ymg6.com）]]></item>
			<item id="version"><![CDATA[2.0]]></item>
			<item id="__modules">
				<item id="1999">
					<item id="name"><![CDATA[admincp_addonymg]]></item>
					<item id="menu"><![CDATA[<span style="color:#E53333;"><b>更多插件</b></span>]]></item>
					<item id="url"><![CDATA[]]></item>
					<item id="type"><![CDATA[3]]></item>
					<item id="adminid"><![CDATA[0]]></item>
					<item id="displayorder"><![CDATA[0]]></item>
					<item id="navtitle"><![CDATA[]]></item>
					<item id="navicon"><![CDATA[]]></item>
					<item id="navsubname"><![CDATA[]]></item>
					<item id="navsuburl"><![CDATA[]]></item>
				</item>
				<item id="0">
					<item id="name"><![CDATA[main]]></item>
					<item id="menu"><![CDATA[]]></item>
					<item id="url"><![CDATA[]]></item>
					<item id="type"><![CDATA[11]]></item>
					<item id="adminid"><![CDATA[0]]></item>
					<item id="displayorder"><![CDATA[0]]></item>
					<item id="navtitle"><![CDATA[]]></item>
					<item id="navicon"><![CDATA[]]></item>
					<item id="navsubname"><![CDATA[]]></item>
					<item id="navsuburl"><![CDATA[]]></item>
				</item>
			</item>
		</item>
		<item id="version"><![CDATA[X2,X2.5,X3,X3.1,X3.2,F1.0,L1.0,X3.3]]></item>
		<item id="var">
			<item id="0">
				<item id="displayorder"><![CDATA[0]]></item>
				<item id="title"><![CDATA[版块权限]]></item>
				<item id="description"><![CDATA[]]></item>
				<item id="variable"><![CDATA[forums]]></item>
				<item id="type"><![CDATA[forums]]></item>
				<item id="extra"><![CDATA[]]></item>
				<item id="__value">
					<item id="0"><![CDATA[2]]></item>
					<item id="1"><![CDATA[36]]></item>
					<item id="2"><![CDATA[37]]></item>
				</item>
			</item>
			<item id="1">
				<item id="displayorder"><![CDATA[0]]></item>
				<item id="title"><![CDATA[代码区域宽度]]></item>
				<item id="description"><![CDATA[只输入数字，单位为px。应用于可执行代码]]></item>
				<item id="variable"><![CDATA[codewidth]]></item>
				<item id="type"><![CDATA[text]]></item>
				<item id="value"><![CDATA[600]]></item>
				<item id="extra"><![CDATA[]]></item>
			</item>
			<item id="2">
				<item id="displayorder"><![CDATA[1]]></item>
				<item id="title"><![CDATA[用户权限]]></item>
				<item id="description"><![CDATA[]]></item>
				<item id="variable"><![CDATA[usergroups]]></item>
				<item id="type"><![CDATA[groups]]></item>
				<item id="extra"><![CDATA[]]></item>
				<item id="__value">
					<item id="0"><![CDATA[10]]></item>
					<item id="1"><![CDATA[11]]></item>
					<item id="2"><![CDATA[12]]></item>
					<item id="3"><![CDATA[13]]></item>
					<item id="4"><![CDATA[14]]></item>
					<item id="5"><![CDATA[15]]></item>
					<item id="6"><![CDATA[20]]></item>
					<item id="7"><![CDATA[16]]></item>
					<item id="8"><![CDATA[17]]></item>
					<item id="9"><![CDATA[18]]></item>
					<item id="10"><![CDATA[19]]></item>
					<item id="11"><![CDATA[1]]></item>
					<item id="12"><![CDATA[2]]></item>
					<item id="13"><![CDATA[3]]></item>
				</item>
			</item>
			<item id="3">
				<item id="displayorder"><![CDATA[2]]></item>
				<item id="title"><![CDATA[功能开启]]></item>
				<item id="description"><![CDATA[选择要开启的功能。按下 Ctrl 键可多选。如果某项功能被禁用，则在编辑器内不会出现此种功能。但前台仍然可以解析。]]></item>
				<item id="variable"><![CDATA[usedfunc]]></item>
				<item id="type"><![CDATA[selects]]></item>
				<item id="extra"><![CDATA[0=关闭所有插件
1=可执行代码插件
2=高亮代码插件]]></item>
				<item id="__value">
					<item id="0"><![CDATA[1]]></item>
					<item id="1"><![CDATA[2]]></item>
				</item>
			</item>
		</item>
		<item id="language">
			<item id="scriptlang">
				<item id="logy_m_g"><![CDATA[<h2 style="text-align:-webkit-center;">
	<span style="color:#4C33E5;">推荐一个dz商</span><span style="color:#4C33E5;">业插件模版下载的</span><span style="color:#4C33E5;"></span><span style="color:#4C33E5;">网站给大家</span><a href="http://www.ymg6.com" target="_blank"><span style="color:#4C33E5;">源码哥分享吧</span></a><span style="color:#4C33E5;">（www.ymg6.com）</span> 
</h2>
<h3 style="text-align:-webkit-center;">
	<span style="color:#E53333;">这</span><span style="color:#E53333;">是一个</span><span style="color:#E53333;">dz商业</span><a href="http://www.ymg6.com/forum.php?mod=forumdisplay&fid=2" target="_blank"><span style="color:#337FE5;">插</span><u><span style="color:#337FE5;"></span></u><span style="color:#337FE5;">件</span></a><a href="http://www.ymg6.com/forum.php?mod=forumdisplay&fid=36" target="_blank"><u><span style="color:#337FE5;">模</span></u><u><span style="color:#337FE5;"></span></u><u><span style="color:#337FE5;">版</span></u></a><span style="color:#E53333;">资源破解分享的网站，而且还有很多精品的网站源码下载</span> 
</h3>
<h3 style="text-align:-webkit-center;">
	<span style="color:#E53333;">他们资源每天更新，并且很多都是他们自己出钱在应用中心购买后破解分享出来的</span><br />
</h3>
<h3>
	<div style="text-align:center;">
		<span style="color:#E53333;">不过还是替他们说一下</span> 
	</div>
	<div style="text-align:center;">
		<span style="color:#E53333;">&nbsp;他们站下载的资源只限于自己学习研究内含的设计思想和原理 请勿有任何商业盈利行为</span> 
	</div>
</h3>
<h3 style="text-align:center;">
	<span style="color:#999999;">介绍也介绍完了，给大家做个小导航吧</span> 
</h3>
<h3 style="text-align:center;">
	<span style="color:#337FE5;"><a href="http://www.ymg6.com/forum.php?mod=forumdisplay&fid=2" target="_blank">dz商业破解插件下载</a> &nbsp; <a href="http://www.ymg6.com/forum.php?mod=forumdisplay&fid=36" target="_blank">dz商业风格模版下载</a> &nbsp; &nbsp;<a href="http://www.ymg6.com/forum.php?mod=forumdisplay&fid=50" target="_blank">精品网站源码下载</a> &nbsp; &nbsp;<a href="http://www.ymg6.com/forum.php?mod=forumdisplay&fid=51" target="_blank">工具素材下载</a></span><span style="color:#337FE5;">&nbsp; &nbsp; <a href="http://www.ymg6.com/forum.php?mod=forumdisplay&fid=41" target="_blank">精选教程区</a></span> 
</h3> ]]></item>
				<item id="run_code"><![CDATA[可执行代码]]></item>
				<item id="high_code"><![CDATA[高亮代码]]></item>
				<item id="insert_code"><![CDATA[插入可执行代码/高亮代码]]></item>
				<item id="shut"><![CDATA[关闭]]></item>
				<item id="submit"><![CDATA[提交]]></item>
				<item id="run"><![CDATA[运行代码]]></item>
				<item id="saveas"><![CDATA[另存代码]]></item>
				<item id="copy"><![CDATA[复制代码]]></item>
				<item id="tip"><![CDATA[提示：您可以先修改部分代码再运行]]></item>
				<item id="highcodetip"><![CDATA[ 代码，双击复制代码]]></item>
				<item id="codewidth"><![CDATA[代码区域宽度：]]></item>
			</item>
		</item>
	</item>
</root>