﻿<?xml version="1.0" encoding="ISO-8859-1"?>
<root>
	<item id="Title"><![CDATA[Discuz! Plugin]]></item>
	<item id="Version"><![CDATA[X2,X2.5,X3,X3.1,X3.2,F1.0,L1.0,X3.3]]></item>
	<item id="Time"><![CDATA[2017-04-12 15:34]]></item>
	<item id="From"><![CDATA[源碼哥（www.ymg6.com）]]></item>
	<item id="Data">
		<item id="plugin">
			<item id="available"><![CDATA[1]]></item>
			<item id="adminid"><![CDATA[1]]></item>
			<item id="name"><![CDATA[源碼哥_可執行代碼/高亮代碼]]></item>
			<item id="identifier"><![CDATA[niuc_runcode]]></item>
			<item id="description"><![CDATA[給編輯器添加插入可執行HTML代碼和高亮代碼的功能。采用syntaxhighlighter高亮插件。]]></item>
			<item id="datatables"><![CDATA[]]></item>
			<item id="directory"><![CDATA[niuc_runcode/]]></item>
			<item id="copyright"><![CDATA[源碼哥（www.ymg6.com）]]></item>
			<item id="version"><![CDATA[2.0]]></item>
			<item id="__modules">
				<item id="1999">
					<item id="name"><![CDATA[admincp_addonymg]]></item>
					<item id="menu"><![CDATA[<span style="color:#E53333;"><b>更多插件</b></span>]]></item>
					<item id="url"><![CDATA[]]></item>
					<item id="type"><![CDATA[3]]></item>
					<item id="adminid"><![CDATA[0]]></item>
					<item id="displayorder"><![CDATA[0]]></item>
					<item id="navtitle"><![CDATA[]]></item>
					<item id="navicon"><![CDATA[]]></item>
					<item id="navsubname"><![CDATA[]]></item>
					<item id="navsuburl"><![CDATA[]]></item>
				</item>
				<item id="0">
					<item id="name"><![CDATA[main]]></item>
					<item id="menu"><![CDATA[]]></item>
					<item id="url"><![CDATA[]]></item>
					<item id="type"><![CDATA[11]]></item>
					<item id="adminid"><![CDATA[0]]></item>
					<item id="displayorder"><![CDATA[0]]></item>
					<item id="navtitle"><![CDATA[]]></item>
					<item id="navicon"><![CDATA[]]></item>
					<item id="navsubname"><![CDATA[]]></item>
					<item id="navsuburl"><![CDATA[]]></item>
				</item>
			</item>
		</item>
		<item id="version"><![CDATA[X2,X2.5,X3,X3.1,X3.2,F1.0,L1.0,X3.3]]></item>
		<item id="var">
			<item id="0">
				<item id="displayorder"><![CDATA[0]]></item>
				<item id="title"><![CDATA[版塊權限]]></item>
				<item id="description"><![CDATA[]]></item>
				<item id="variable"><![CDATA[forums]]></item>
				<item id="type"><![CDATA[forums]]></item>
				<item id="extra"><![CDATA[]]></item>
				<item id="__value">
					<item id="0"><![CDATA[2]]></item>
					<item id="1"><![CDATA[36]]></item>
					<item id="2"><![CDATA[37]]></item>
				</item>
			</item>
			<item id="1">
				<item id="displayorder"><![CDATA[0]]></item>
				<item id="title"><![CDATA[代碼區域寬度]]></item>
				<item id="description"><![CDATA[只輸入數字，單位為px。應用于可執行代碼]]></item>
				<item id="variable"><![CDATA[codewidth]]></item>
				<item id="type"><![CDATA[text]]></item>
				<item id="value"><![CDATA[600]]></item>
				<item id="extra"><![CDATA[]]></item>
			</item>
			<item id="2">
				<item id="displayorder"><![CDATA[1]]></item>
				<item id="title"><![CDATA[用戶權限]]></item>
				<item id="description"><![CDATA[]]></item>
				<item id="variable"><![CDATA[usergroups]]></item>
				<item id="type"><![CDATA[groups]]></item>
				<item id="extra"><![CDATA[]]></item>
				<item id="__value">
					<item id="0"><![CDATA[10]]></item>
					<item id="1"><![CDATA[11]]></item>
					<item id="2"><![CDATA[12]]></item>
					<item id="3"><![CDATA[13]]></item>
					<item id="4"><![CDATA[14]]></item>
					<item id="5"><![CDATA[15]]></item>
					<item id="6"><![CDATA[20]]></item>
					<item id="7"><![CDATA[16]]></item>
					<item id="8"><![CDATA[17]]></item>
					<item id="9"><![CDATA[18]]></item>
					<item id="10"><![CDATA[19]]></item>
					<item id="11"><![CDATA[1]]></item>
					<item id="12"><![CDATA[2]]></item>
					<item id="13"><![CDATA[3]]></item>
				</item>
			</item>
			<item id="3">
				<item id="displayorder"><![CDATA[2]]></item>
				<item id="title"><![CDATA[功能開啟]]></item>
				<item id="description"><![CDATA[選擇要開啟的功能。按下 Ctrl 鍵可多選。如果某項功能被禁用，則在編輯器內不會出現此種功能。但前臺仍然可以解析。]]></item>
				<item id="variable"><![CDATA[usedfunc]]></item>
				<item id="type"><![CDATA[selects]]></item>
				<item id="extra"><![CDATA[0=關閉所有插件
1=可執行代碼插件
2=高亮代碼插件]]></item>
				<item id="__value">
					<item id="0"><![CDATA[1]]></item>
					<item id="1"><![CDATA[2]]></item>
				</item>
			</item>
		</item>
		<item id="language">
			<item id="scriptlang">
				<item id="logy_m_g"><![CDATA[<h2 style="text-align:-webkit-center;">
	<span style="color:#4C33E5;">推薦一個dz商</span><span style="color:#4C33E5;">業插件模版下載的</span><span style="color:#4C33E5;"></span><span style="color:#4C33E5;">網站給大家</span><a href="http://www.ymg6.com" target="_blank"><span style="color:#4C33E5;">源碼哥分享吧</span></a><span style="color:#4C33E5;">（www.ymg6.com）</span> 
</h2>
<h3 style="text-align:-webkit-center;">
	<span style="color:#E53333;">這</span><span style="color:#E53333;">是一個</span><span style="color:#E53333;">dz商業</span><a href="http://www.ymg6.com/forum.php?mod=forumdisplay&fid=2" target="_blank"><span style="color:#337FE5;">插</span><u><span style="color:#337FE5;"></span></u><span style="color:#337FE5;">件</span></a><a href="http://www.ymg6.com/forum.php?mod=forumdisplay&fid=36" target="_blank"><u><span style="color:#337FE5;">模</span></u><u><span style="color:#337FE5;"></span></u><u><span style="color:#337FE5;">版</span></u></a><span style="color:#E53333;">資源破解分享的網站，而且還有很多精品的網站源碼下載</span> 
</h3>
<h3 style="text-align:-webkit-center;">
	<span style="color:#E53333;">他們資源每天更新，并且很多都是他們自己出錢在應用中心購買后破解分享出來的</span><br />
</h3>
<h3>
	<div style="text-align:center;">
		<span style="color:#E53333;">不過還是替他們說一下</span> 
	</div>
	<div style="text-align:center;">
		<span style="color:#E53333;">&nbsp;他們站下載的資源只限于自己學習研究內含的設計思想和原理 請勿有任何商業盈利行為</span> 
	</div>
</h3>
<h3 style="text-align:center;">
	<span style="color:#999999;">介紹也介紹完了，給大家做個小導航吧</span> 
</h3>
<h3 style="text-align:center;">
	<span style="color:#337FE5;"><a href="http://www.ymg6.com/forum.php?mod=forumdisplay&fid=2" target="_blank">dz商業破解插件下載</a> &nbsp; <a href="http://www.ymg6.com/forum.php?mod=forumdisplay&fid=36" target="_blank">dz商業風格模版下載</a> &nbsp; &nbsp;<a href="http://www.ymg6.com/forum.php?mod=forumdisplay&fid=50" target="_blank">精品網站源碼下載</a> &nbsp; &nbsp;<a href="http://www.ymg6.com/forum.php?mod=forumdisplay&fid=51" target="_blank">工具素材下載</a></span><span style="color:#337FE5;">&nbsp; &nbsp; <a href="http://www.ymg6.com/forum.php?mod=forumdisplay&fid=41" target="_blank">精選教程區</a></span> 
</h3> ]]></item>
				<item id="run_code"><![CDATA[可執行代碼]]></item>
				<item id="high_code"><![CDATA[高亮代碼]]></item>
				<item id="insert_code"><![CDATA[插入可執行代碼/高亮代碼]]></item>
				<item id="shut"><![CDATA[關閉]]></item>
				<item id="submit"><![CDATA[提交]]></item>
				<item id="run"><![CDATA[運行代碼]]></item>
				<item id="saveas"><![CDATA[另存代碼]]></item>
				<item id="copy"><![CDATA[復制代碼]]></item>
				<item id="tip"><![CDATA[提示：您可以先修改部分代碼再運行]]></item>
				<item id="highcodetip"><![CDATA[ 代碼，雙擊復制代碼]]></item>
				<item id="codewidth"><![CDATA[代碼區域寬度：]]></item>
			</item>
		</item>
	</item>
</root>