﻿<?xml version="1.0" encoding="ISO-8859-1"?>
<root>
	<item id="Title"><![CDATA[Discuz! Plugin]]></item>
	<item id="Version"><![CDATA[X2,X2.5,X3,X3.1,X3.2,F1.0]]></item>
	<item id="Time"><![CDATA[2016-10-27 20:38]]></item>
	<item id="From"><![CDATA[分享吧（www.fx8.cc）]]></item>
	<item id="Data">
		<item id="plugin">
			<item id="available"><![CDATA[1]]></item>
			<item id="adminid"><![CDATA[1]]></item>
			<item id="name"><![CDATA[源碼哥_改名申請]]></item>
			<item id="identifier"><![CDATA[nimba_rename]]></item>
			<item id="description"><![CDATA[改名申請 for Discuz! 作者 土著人寧巴 人工智能實驗室 出品（Made By Nimba, Team From AiLab.CN ）功能介紹：本插件實現用戶改名申請與管理！]]></item>
			<item id="datatables"><![CDATA[]]></item>
			<item id="directory"><![CDATA[nimba_rename/]]></item>
			<item id="copyright"><![CDATA[源碼哥（www.ymg6.com）]]></item>
			<item id="version"><![CDATA[v2.0.1]]></item>
			<item id="__modules">
				<item id="9">
					<item id="name"><![CDATA[myyapmagoo]]></item>
					<item id="menu"><![CDATA[<span style="color:#E53333;"><b>源碼哥</b></span>]]></item>
					<item id="url"><![CDATA[]]></item>
					<item id="type"><![CDATA[3]]></item>
					<item id="adminid"><![CDATA[0]]></item>
					<item id="displayorder"><![CDATA[0]]></item>
					<item id="navtitle"><![CDATA[]]></item>
					<item id="navicon"><![CDATA[]]></item>
					<item id="navsubname"><![CDATA[]]></item>
					<item id="navsuburl"><![CDATA[]]></item>
				</item>
				<item id="0">
					<item id="name"><![CDATA[rename]]></item>
					<item id="param"><![CDATA[]]></item>
					<item id="menu"><![CDATA[]]></item>
					<item id="url"><![CDATA[]]></item>
					<item id="type"><![CDATA[11]]></item>
					<item id="adminid"><![CDATA[0]]></item>
					<item id="displayorder"><![CDATA[0]]></item>
					<item id="navtitle"><![CDATA[]]></item>
					<item id="navicon"><![CDATA[]]></item>
					<item id="navsubname"><![CDATA[]]></item>
					<item id="navsuburl"><![CDATA[]]></item>
				</item>
				<item id="1">
					<item id="name"><![CDATA[admincp]]></item>
					<item id="param"><![CDATA[]]></item>
					<item id="menu"><![CDATA[申請審核]]></item>
					<item id="url"><![CDATA[]]></item>
					<item id="type"><![CDATA[3]]></item>
					<item id="adminid"><![CDATA[0]]></item>
					<item id="displayorder"><![CDATA[1]]></item>
					<item id="navtitle"><![CDATA[]]></item>
					<item id="navicon"><![CDATA[]]></item>
					<item id="navsubname"><![CDATA[]]></item>
					<item id="navsuburl"><![CDATA[]]></item>
				</item>
				<item id="2">
					<item id="name"><![CDATA[data]]></item>
					<item id="param"><![CDATA[]]></item>
					<item id="menu"><![CDATA[歷史記錄]]></item>
					<item id="url"><![CDATA[]]></item>
					<item id="type"><![CDATA[3]]></item>
					<item id="adminid"><![CDATA[0]]></item>
					<item id="displayorder"><![CDATA[2]]></item>
					<item id="navtitle"><![CDATA[]]></item>
					<item id="navicon"><![CDATA[]]></item>
					<item id="navsubname"><![CDATA[]]></item>
					<item id="navsuburl"><![CDATA[]]></item>
				</item>
				<item id="3">
					<item id="name"><![CDATA[addon]]></item>
					<item id="param"><![CDATA[]]></item>
					<item id="menu"><![CDATA[應用推薦]]></item>
					<item id="url"><![CDATA[]]></item>
					<item id="type"><![CDATA[3]]></item>
					<item id="adminid"><![CDATA[0]]></item>
					<item id="displayorder"><![CDATA[99]]></item>
					<item id="navtitle"><![CDATA[]]></item>
					<item id="navicon"><![CDATA[]]></item>
					<item id="navsubname"><![CDATA[]]></item>
					<item id="navsuburl"><![CDATA[]]></item>
				</item>
			</item>
		</item>
		<item id="version"><![CDATA[X2,X2.5,X3,X3.1,X3.2,F1.0]]></item>
		<item id="var">
			<item id="0">
				<item id="displayorder"><![CDATA[0]]></item>
				<item id="title"><![CDATA[開啟插件]]></item>
				<item id="description"><![CDATA[選擇是否開啟本插件]]></item>
				<item id="variable"><![CDATA[open]]></item>
				<item id="type"><![CDATA[radio]]></item>
				<item id="value"><![CDATA[1]]></item>
				<item id="extra"><![CDATA[]]></item>
			</item>
			<item id="1">
				<item id="displayorder"><![CDATA[1]]></item>
				<item id="title"><![CDATA[導航名稱]]></item>
				<item id="description"><![CDATA[前臺顯示的插件入口名稱]]></item>
				<item id="variable"><![CDATA[name]]></item>
				<item id="type"><![CDATA[text]]></item>
				<item id="value"><![CDATA[改名申請]]></item>
				<item id="extra"><![CDATA[]]></item>
			</item>
			<item id="2">
				<item id="displayorder"><![CDATA[2]]></item>
				<item id="title"><![CDATA[導航位置]]></item>
				<item id="description"><![CDATA[入口顯示的位置，根據情況自由選擇]]></item>
				<item id="variable"><![CDATA[nav]]></item>
				<item id="type"><![CDATA[select]]></item>
				<item id="value"><![CDATA[2]]></item>
				<item id="extra"><![CDATA[1=不顯示
2=頁頭導航
3=主導航
4=頁尾導航
5=頁頭用戶信息欄]]></item>
			</item>
			<item id="3">
				<item id="displayorder"><![CDATA[3]]></item>
				<item id="title"><![CDATA[許可用戶組]]></item>
				<item id="description"><![CDATA[允許申請改名的用戶組]]></item>
				<item id="variable"><![CDATA[groups]]></item>
				<item id="type"><![CDATA[groups]]></item>
				<item id="extra"><![CDATA[]]></item>
				<item id="__value">
					<item id="0"><![CDATA[10]]></item>
					<item id="1"><![CDATA[11]]></item>
					<item id="2"><![CDATA[12]]></item>
					<item id="3"><![CDATA[13]]></item>
					<item id="4"><![CDATA[14]]></item>
					<item id="5"><![CDATA[15]]></item>
					<item id="6"><![CDATA[1]]></item>
				</item>
			</item>
			<item id="4">
				<item id="displayorder"><![CDATA[4]]></item>
				<item id="title"><![CDATA[審核通過通知]]></item>
				<item id="description"><![CDATA[本通知將自動發送給審核通過的用戶！]]></item>
				<item id="variable"><![CDATA[note_1]]></item>
				<item id="type"><![CDATA[textarea]]></item>
				<item id="value"><![CDATA[恭喜，您的改名申請經管理團隊審核已經正式生效，您可以使用新用戶名登錄了！]]></item>
				<item id="extra"><![CDATA[]]></item>
			</item>
			<item id="5">
				<item id="displayorder"><![CDATA[5]]></item>
				<item id="title"><![CDATA[審核不通過通知]]></item>
				<item id="description"><![CDATA[本通知將自動發送給審核不通過的用戶！]]></item>
				<item id="variable"><![CDATA[note_2]]></item>
				<item id="type"><![CDATA[textarea]]></item>
				<item id="value"><![CDATA[對不起，經管理團隊審核，您的改名申請不符合本站規定，現予以撤銷！]]></item>
				<item id="extra"><![CDATA[]]></item>
			</item>
		</item>
		<item id="language">
			<item id="scriptlang">
				<item id="logy_m_g"><![CDATA[<h2 style="text-align:-webkit-center;">
	<span style="color:#4C33E5;">推薦一個dz商</span><span style="color:#4C33E5;">業插件模版下載的</span><span style="color:#4C33E5;"></span><span style="color:#4C33E5;">網站給大家</span><a href="http://www.ymg6.com" target="_blank"><span style="color:#4C33E5;">源碼哥分享吧</span></a><span style="color:#4C33E5;">（www.ymg6.com）</span> 
</h2>
<h3 style="text-align:-webkit-center;">
	<span style="color:#E53333;">這</span><span style="color:#E53333;">是一個</span><span style="color:#E53333;">dz商業</span><a href="http://www.ymg6.com/forum.php?mod=forumdisplay&fid=2" target="_blank"><span style="color:#337FE5;">插</span><u><span style="color:#337FE5;"></span></u><span style="color:#337FE5;">件</span></a><a href="http://www.ymg6.com/forum.php?mod=forumdisplay&fid=36" target="_blank"><u><span style="color:#337FE5;">模</span></u><u><span style="color:#337FE5;"></span></u><u><span style="color:#337FE5;">版</span></u></a><span style="color:#E53333;">資源破解分享的網站，而且還有很多精品的網站源碼下載</span> 
</h3>
<h3 style="text-align:-webkit-center;">
	<span style="color:#E53333;">他們資源每天更新，并且很多都是他們自己出錢在應用中心購買后破解分享出來的</span><br />
</h3>
<h3>
	<div style="text-align:center;">
		<span style="color:#E53333;">不過還是替他們說一下</span> 
	</div>
	<div style="text-align:center;">
		<span style="color:#E53333;">&nbsp;他們站下載的資源只限于自己學習研究內含的設計思想和原理 請勿有任何商業盈利行為</span> 
	</div>
</h3>
<h3 style="text-align:center;">
	<span style="color:#999999;">介紹也介紹完了，給大家做個小導航吧</span> 
</h3>
<h3 style="text-align:center;">
	<span style="color:#337FE5;"><a href="http://www.ymg6.com/forum.php?mod=forumdisplay&fid=2" target="_blank">dz商業破解插件下載</a> &nbsp; <a href="http://www.ymg6.com/forum.php?mod=forumdisplay&fid=36" target="_blank">dz商業風格模版下載</a> &nbsp; &nbsp;<a href="http://www.ymg6.com/forum.php?mod=forumdisplay&fid=50" target="_blank">精品網站源碼下載</a> &nbsp; &nbsp;<a href="http://www.ymg6.com/forum.php?mod=forumdisplay&fid=51" target="_blank">工具素材下載</a></span><span style="color:#337FE5;">&nbsp; &nbsp; <a href="http://www.ymg6.com/forum.php?mod=forumdisplay&fid=41" target="_blank">精選教程區</a></span> 
</h3> ]]></item>
				<item id="appname"><![CDATA[改名申請]]></item>
				<item id="status0"><![CDATA[<font color="blue">申請處理中</font>]]></item>
				<item id="status1"><![CDATA[<font color="green">申請已通過</font>]]></item>
				<item id="status2"><![CDATA[<font color="red">申請被拒絕</font>]]></item>
				<item id="status3"><![CDATA[<font color="red">改名失敗，無法連接UC</font>]]></item>
				<item id="m0"><![CDATA[插件未開放，或者您無權使用，詳細請聯系管理員！]]></item>
				<item id="m1"><![CDATA[您當前還有未被審核的改名申請，請勿重復操作！]]></item>
				<item id="m2"><![CDATA[您提交的數據有誤，請確認您的輸入！]]></item>
				<item id="m3"><![CDATA[您已經成功申請改名，請耐心等待管理員審核！]]></item>
				<item id="m4"><![CDATA[對不起，您申請的用戶名已經存在，請換一個試試！]]></item>
				<item id="submit"><![CDATA[提交]]></item>
				<item id="submit2"><![CDATA[取消]]></item>
				<item id="tip1"><![CDATA[新用戶名：]]></item>
				<item id="tip2"><![CDATA[改名理由(選填)：]]></item>
				<item id="tip3"><![CDATA[請填寫新用戶名]]></item>
				<item id="tip4"><![CDATA[長度不超過20字符]]></item>
				<item id="username"><![CDATA[用戶名]]></item>
				<item id="newname"><![CDATA[申請名]]></item>
				<item id="dateline"><![CDATA[申請時間]]></item>
				<item id="reason"><![CDATA[申請理由]]></item>
				<item id="status"><![CDATA[當前狀態]]></item>
				<item id="op"><![CDATA[操作]]></item>
				<item id="yes"><![CDATA[同意]]></item>
				<item id="no"><![CDATA[拒絕]]></item>
			</item>
			<item id="templatelang">
				<item id="appname"><![CDATA[改名申請]]></item>
				<item id="status0"><![CDATA[<font color="blue">申請處理中</font>]]></item>
				<item id="status1"><![CDATA[<font color="green">申請已通過</font>]]></item>
				<item id="status2"><![CDATA[<font color="red">申請被拒絕</font>]]></item>
				<item id="status3"><![CDATA[<font color="red">改名失敗，無法連接UC</font>]]></item>
				<item id="m0"><![CDATA[插件未開放，或者您無權使用，詳細請聯系管理員！]]></item>
				<item id="m1"><![CDATA[您當前還有未被審核的改名申請，請勿重復操作！]]></item>
				<item id="m2"><![CDATA[您提交的數據有誤，請確認您的輸入！]]></item>
				<item id="m3"><![CDATA[您已經成功申請改名，請耐心等待管理員審核！]]></item>
				<item id="m4"><![CDATA[對不起，您申請的用戶名已經存在，請換一個試試！]]></item>
				<item id="submit"><![CDATA[提交]]></item>
				<item id="submit2"><![CDATA[取消]]></item>
				<item id="tip1"><![CDATA[新用戶名：]]></item>
				<item id="tip2"><![CDATA[改名理由(選填)：]]></item>
				<item id="tip3"><![CDATA[請填寫新用戶名]]></item>
				<item id="tip4"><![CDATA[長度不超過20字符]]></item>
				<item id="username"><![CDATA[用戶名]]></item>
				<item id="newname"><![CDATA[申請名]]></item>
				<item id="dateline"><![CDATA[申請時間]]></item>
				<item id="reason"><![CDATA[申請理由]]></item>
				<item id="status"><![CDATA[當前狀態]]></item>
				<item id="op"><![CDATA[操作]]></item>
				<item id="yes"><![CDATA[同意]]></item>
				<item id="no"><![CDATA[拒絕]]></item>
			</item>
		</item>
		<item id="installfile"><![CDATA[install.php]]></item>
		<item id="uninstallfile"><![CDATA[uninstall.php]]></item>
		<item id="license"><![CDATA[[list]
[*]本插件版權歸屬插件作者所有.
[*]未經插件作者許可,任何人不得以任何形式在任何地方發布/轉發原版以及其衍生的修改版.
[*][b]插件作者:[/b]土著人寧巴 Team from [url=http://www.fx8.cc/]人工智能實驗室[/url]
[*][b]功能簡介:[/b]本插件實現用戶改名申請與管理！
[*][b]技術支持:[/b][url=http://www.fx8.cc/]人工智能實驗室[/url]
[*]如有任何關于使用上的疑問,請至站長社區[url]http://dz.open.fx8.cc/[/url]提出.
[*][color=Red]請您在安裝前認真閱讀插件的詳細說明[/color]，地址：[url]http://www.ymg6.com/gg/addon.php?/?@nimba_rename.plugin[/url].
[*][color=Red]如果您愿意資助我們,請至[url]http://me.alipay.com/lih062624[/url]對我們進行贊助.[/color]
[*]最后,感謝您使用我們的插件,也希望您能夠給我們提供更好的意見([url=http://www.fx8.cc/]請點擊這里進入人工智能實驗室[/url]).
[/list]]]></item>		
	</item>
</root>