﻿<?xml version="1.0" encoding="ISO-8859-1"?>
<root>
	<item id="Title"><![CDATA[Discuz! Plugin]]></item>
	<item id="Version"><![CDATA[X2,X2.5,X3,X3.1,X3.2,F1.0]]></item>
	<item id="Time"><![CDATA[2016-10-27 20:38]]></item>
	<item id="From"><![CDATA[分享吧（www.fx8.cc）]]></item>
	<item id="Data">
		<item id="plugin">
			<item id="available"><![CDATA[1]]></item>
			<item id="adminid"><![CDATA[1]]></item>
			<item id="name"><![CDATA[源码哥_改名申请]]></item>
			<item id="identifier"><![CDATA[nimba_rename]]></item>
			<item id="description"><![CDATA[改名申请 for Discuz! 作者 土著人宁巴 人工智能实验室 出品（Made By Nimba, Team From AiLab.CN ）功能介绍：本插件实现用户改名申请与管理！]]></item>
			<item id="datatables"><![CDATA[]]></item>
			<item id="directory"><![CDATA[nimba_rename/]]></item>
			<item id="copyright"><![CDATA[源码哥（www.ymg6.com）]]></item>
			<item id="version"><![CDATA[v2.0.1]]></item>
			<item id="__modules">
				<item id="9">
					<item id="name"><![CDATA[myyapmagoo]]></item>
					<item id="menu"><![CDATA[<span style="color:#E53333;"><b>源码哥</b></span>]]></item>
					<item id="url"><![CDATA[]]></item>
					<item id="type"><![CDATA[3]]></item>
					<item id="adminid"><![CDATA[0]]></item>
					<item id="displayorder"><![CDATA[0]]></item>
					<item id="navtitle"><![CDATA[]]></item>
					<item id="navicon"><![CDATA[]]></item>
					<item id="navsubname"><![CDATA[]]></item>
					<item id="navsuburl"><![CDATA[]]></item>
				</item>
				<item id="0">
					<item id="name"><![CDATA[rename]]></item>
					<item id="param"><![CDATA[]]></item>
					<item id="menu"><![CDATA[]]></item>
					<item id="url"><![CDATA[]]></item>
					<item id="type"><![CDATA[11]]></item>
					<item id="adminid"><![CDATA[0]]></item>
					<item id="displayorder"><![CDATA[0]]></item>
					<item id="navtitle"><![CDATA[]]></item>
					<item id="navicon"><![CDATA[]]></item>
					<item id="navsubname"><![CDATA[]]></item>
					<item id="navsuburl"><![CDATA[]]></item>
				</item>
				<item id="1">
					<item id="name"><![CDATA[admincp]]></item>
					<item id="param"><![CDATA[]]></item>
					<item id="menu"><![CDATA[申请审核]]></item>
					<item id="url"><![CDATA[]]></item>
					<item id="type"><![CDATA[3]]></item>
					<item id="adminid"><![CDATA[0]]></item>
					<item id="displayorder"><![CDATA[1]]></item>
					<item id="navtitle"><![CDATA[]]></item>
					<item id="navicon"><![CDATA[]]></item>
					<item id="navsubname"><![CDATA[]]></item>
					<item id="navsuburl"><![CDATA[]]></item>
				</item>
				<item id="2">
					<item id="name"><![CDATA[data]]></item>
					<item id="param"><![CDATA[]]></item>
					<item id="menu"><![CDATA[历史记录]]></item>
					<item id="url"><![CDATA[]]></item>
					<item id="type"><![CDATA[3]]></item>
					<item id="adminid"><![CDATA[0]]></item>
					<item id="displayorder"><![CDATA[2]]></item>
					<item id="navtitle"><![CDATA[]]></item>
					<item id="navicon"><![CDATA[]]></item>
					<item id="navsubname"><![CDATA[]]></item>
					<item id="navsuburl"><![CDATA[]]></item>
				</item>
				<item id="3">
					<item id="name"><![CDATA[addon]]></item>
					<item id="param"><![CDATA[]]></item>
					<item id="menu"><![CDATA[应用推荐]]></item>
					<item id="url"><![CDATA[]]></item>
					<item id="type"><![CDATA[3]]></item>
					<item id="adminid"><![CDATA[0]]></item>
					<item id="displayorder"><![CDATA[99]]></item>
					<item id="navtitle"><![CDATA[]]></item>
					<item id="navicon"><![CDATA[]]></item>
					<item id="navsubname"><![CDATA[]]></item>
					<item id="navsuburl"><![CDATA[]]></item>
				</item>
			</item>
		</item>
		<item id="version"><![CDATA[X2,X2.5,X3,X3.1,X3.2,F1.0]]></item>
		<item id="var">
			<item id="0">
				<item id="displayorder"><![CDATA[0]]></item>
				<item id="title"><![CDATA[开启插件]]></item>
				<item id="description"><![CDATA[选择是否开启本插件]]></item>
				<item id="variable"><![CDATA[open]]></item>
				<item id="type"><![CDATA[radio]]></item>
				<item id="value"><![CDATA[1]]></item>
				<item id="extra"><![CDATA[]]></item>
			</item>
			<item id="1">
				<item id="displayorder"><![CDATA[1]]></item>
				<item id="title"><![CDATA[导航名称]]></item>
				<item id="description"><![CDATA[前台显示的插件入口名称]]></item>
				<item id="variable"><![CDATA[name]]></item>
				<item id="type"><![CDATA[text]]></item>
				<item id="value"><![CDATA[改名申请]]></item>
				<item id="extra"><![CDATA[]]></item>
			</item>
			<item id="2">
				<item id="displayorder"><![CDATA[2]]></item>
				<item id="title"><![CDATA[导航位置]]></item>
				<item id="description"><![CDATA[入口显示的位置，根据情况自由选择]]></item>
				<item id="variable"><![CDATA[nav]]></item>
				<item id="type"><![CDATA[select]]></item>
				<item id="value"><![CDATA[2]]></item>
				<item id="extra"><![CDATA[1=不显示
2=页头导航
3=主导航
4=页尾导航
5=页头用户信息栏]]></item>
			</item>
			<item id="3">
				<item id="displayorder"><![CDATA[3]]></item>
				<item id="title"><![CDATA[许可用户组]]></item>
				<item id="description"><![CDATA[允许申请改名的用户组]]></item>
				<item id="variable"><![CDATA[groups]]></item>
				<item id="type"><![CDATA[groups]]></item>
				<item id="extra"><![CDATA[]]></item>
				<item id="__value">
					<item id="0"><![CDATA[10]]></item>
					<item id="1"><![CDATA[11]]></item>
					<item id="2"><![CDATA[12]]></item>
					<item id="3"><![CDATA[13]]></item>
					<item id="4"><![CDATA[14]]></item>
					<item id="5"><![CDATA[15]]></item>
					<item id="6"><![CDATA[1]]></item>
				</item>
			</item>
			<item id="4">
				<item id="displayorder"><![CDATA[4]]></item>
				<item id="title"><![CDATA[审核通过通知]]></item>
				<item id="description"><![CDATA[本通知将自动发送给审核通过的用户！]]></item>
				<item id="variable"><![CDATA[note_1]]></item>
				<item id="type"><![CDATA[textarea]]></item>
				<item id="value"><![CDATA[恭喜，您的改名申请经管理团队审核已经正式生效，您可以使用新用户名登录了！]]></item>
				<item id="extra"><![CDATA[]]></item>
			</item>
			<item id="5">
				<item id="displayorder"><![CDATA[5]]></item>
				<item id="title"><![CDATA[审核不通过通知]]></item>
				<item id="description"><![CDATA[本通知将自动发送给审核不通过的用户！]]></item>
				<item id="variable"><![CDATA[note_2]]></item>
				<item id="type"><![CDATA[textarea]]></item>
				<item id="value"><![CDATA[对不起，经管理团队审核，您的改名申请不符合本站规定，现予以撤销！]]></item>
				<item id="extra"><![CDATA[]]></item>
			</item>
		</item>
		<item id="language">
			<item id="scriptlang">
				<item id="logy_m_g"><![CDATA[<h2 style="text-align:-webkit-center;">
	<span style="color:#4C33E5;">推荐一个dz商</span><span style="color:#4C33E5;">业插件模版下载的</span><span style="color:#4C33E5;"></span><span style="color:#4C33E5;">网站给大家</span><a href="http://www.ymg6.com" target="_blank"><span style="color:#4C33E5;">源码哥分享吧</span></a><span style="color:#4C33E5;">（www.ymg6.com）</span> 
</h2>
<h3 style="text-align:-webkit-center;">
	<span style="color:#E53333;">这</span><span style="color:#E53333;">是一个</span><span style="color:#E53333;">dz商业</span><a href="http://www.ymg6.com/forum.php?mod=forumdisplay&fid=2" target="_blank"><span style="color:#337FE5;">插</span><u><span style="color:#337FE5;"></span></u><span style="color:#337FE5;">件</span></a><a href="http://www.ymg6.com/forum.php?mod=forumdisplay&fid=36" target="_blank"><u><span style="color:#337FE5;">模</span></u><u><span style="color:#337FE5;"></span></u><u><span style="color:#337FE5;">版</span></u></a><span style="color:#E53333;">资源破解分享的网站，而且还有很多精品的网站源码下载</span> 
</h3>
<h3 style="text-align:-webkit-center;">
	<span style="color:#E53333;">他们资源每天更新，并且很多都是他们自己出钱在应用中心购买后破解分享出来的</span><br />
</h3>
<h3>
	<div style="text-align:center;">
		<span style="color:#E53333;">不过还是替他们说一下</span> 
	</div>
	<div style="text-align:center;">
		<span style="color:#E53333;">&nbsp;他们站下载的资源只限于自己学习研究内含的设计思想和原理 请勿有任何商业盈利行为</span> 
	</div>
</h3>
<h3 style="text-align:center;">
	<span style="color:#999999;">介绍也介绍完了，给大家做个小导航吧</span> 
</h3>
<h3 style="text-align:center;">
	<span style="color:#337FE5;"><a href="http://www.ymg6.com/forum.php?mod=forumdisplay&fid=2" target="_blank">dz商业破解插件下载</a> &nbsp; <a href="http://www.ymg6.com/forum.php?mod=forumdisplay&fid=36" target="_blank">dz商业风格模版下载</a> &nbsp; &nbsp;<a href="http://www.ymg6.com/forum.php?mod=forumdisplay&fid=50" target="_blank">精品网站源码下载</a> &nbsp; &nbsp;<a href="http://www.ymg6.com/forum.php?mod=forumdisplay&fid=51" target="_blank">工具素材下载</a></span><span style="color:#337FE5;">&nbsp; &nbsp; <a href="http://www.ymg6.com/forum.php?mod=forumdisplay&fid=41" target="_blank">精选教程区</a></span> 
</h3> ]]></item>
				<item id="appname"><![CDATA[改名申请]]></item>
				<item id="status0"><![CDATA[<font color="blue">申请处理中</font>]]></item>
				<item id="status1"><![CDATA[<font color="green">申请已通过</font>]]></item>
				<item id="status2"><![CDATA[<font color="red">申请被拒绝</font>]]></item>
				<item id="status3"><![CDATA[<font color="red">改名失败，无法连接UC</font>]]></item>
				<item id="m0"><![CDATA[插件未开放，或者您无权使用，详细请联系管理员！]]></item>
				<item id="m1"><![CDATA[您当前还有未被审核的改名申请，请勿重复操作！]]></item>
				<item id="m2"><![CDATA[您提交的数据有误，请确认您的输入！]]></item>
				<item id="m3"><![CDATA[您已经成功申请改名，请耐心等待管理员审核！]]></item>
				<item id="m4"><![CDATA[对不起，您申请的用户名已经存在，请换一个试试！]]></item>
				<item id="submit"><![CDATA[提交]]></item>
				<item id="submit2"><![CDATA[取消]]></item>
				<item id="tip1"><![CDATA[新用户名：]]></item>
				<item id="tip2"><![CDATA[改名理由(选填)：]]></item>
				<item id="tip3"><![CDATA[请填写新用户名]]></item>
				<item id="tip4"><![CDATA[长度不超过20字符]]></item>
				<item id="username"><![CDATA[用户名]]></item>
				<item id="newname"><![CDATA[申请名]]></item>
				<item id="dateline"><![CDATA[申请时间]]></item>
				<item id="reason"><![CDATA[申请理由]]></item>
				<item id="status"><![CDATA[当前状态]]></item>
				<item id="op"><![CDATA[操作]]></item>
				<item id="yes"><![CDATA[同意]]></item>
				<item id="no"><![CDATA[拒绝]]></item>
			</item>
			<item id="templatelang">
				<item id="appname"><![CDATA[改名申请]]></item>
				<item id="status0"><![CDATA[<font color="blue">申请处理中</font>]]></item>
				<item id="status1"><![CDATA[<font color="green">申请已通过</font>]]></item>
				<item id="status2"><![CDATA[<font color="red">申请被拒绝</font>]]></item>
				<item id="status3"><![CDATA[<font color="red">改名失败，无法连接UC</font>]]></item>
				<item id="m0"><![CDATA[插件未开放，或者您无权使用，详细请联系管理员！]]></item>
				<item id="m1"><![CDATA[您当前还有未被审核的改名申请，请勿重复操作！]]></item>
				<item id="m2"><![CDATA[您提交的数据有误，请确认您的输入！]]></item>
				<item id="m3"><![CDATA[您已经成功申请改名，请耐心等待管理员审核！]]></item>
				<item id="m4"><![CDATA[对不起，您申请的用户名已经存在，请换一个试试！]]></item>
				<item id="submit"><![CDATA[提交]]></item>
				<item id="submit2"><![CDATA[取消]]></item>
				<item id="tip1"><![CDATA[新用户名：]]></item>
				<item id="tip2"><![CDATA[改名理由(选填)：]]></item>
				<item id="tip3"><![CDATA[请填写新用户名]]></item>
				<item id="tip4"><![CDATA[长度不超过20字符]]></item>
				<item id="username"><![CDATA[用户名]]></item>
				<item id="newname"><![CDATA[申请名]]></item>
				<item id="dateline"><![CDATA[申请时间]]></item>
				<item id="reason"><![CDATA[申请理由]]></item>
				<item id="status"><![CDATA[当前状态]]></item>
				<item id="op"><![CDATA[操作]]></item>
				<item id="yes"><![CDATA[同意]]></item>
				<item id="no"><![CDATA[拒绝]]></item>
			</item>
		</item>
		<item id="installfile"><![CDATA[install.php]]></item>
		<item id="uninstallfile"><![CDATA[uninstall.php]]></item>
		<item id="license"><![CDATA[[list]
[*]本插件版权归属插件作者所有.
[*]未经插件作者许可,任何人不得以任何形式在任何地方发布/转发原版以及其衍生的修改版.
[*][b]插件作者:[/b]土著人宁巴 Team from [url=http://www.fx8.cc/]人工智能实验室[/url]
[*][b]功能简介:[/b]本插件实现用户改名申请与管理！
[*][b]技术支持:[/b][url=http://www.fx8.cc/]人工智能实验室[/url]
[*]如有任何关于使用上的疑问,请至站长社区[url]http://dz.open.fx8.cc/[/url]提出.
[*][color=Red]请您在安装前认真阅读插件的详细说明[/color]，地址：[url]http://www.ymg6.com/gg/addon.php?/?@nimba_rename.plugin[/url].
[*][color=Red]如果您愿意资助我们,请至[url]http://me.alipay.com/lih062624[/url]对我们进行赞助.[/color]
[*]最后,感谢您使用我们的插件,也希望您能够给我们提供更好的意见([url=http://www.fx8.cc/]请点击这里进入人工智能实验室[/url]).
[/list]]]></item>		
	</item>
</root>