﻿<?xml version="1.0" encoding="ISO-8859-1"?>
<root>
	<item id="Title"><![CDATA[Discuz! Plugin]]></item>
	<item id="Version"><![CDATA[X2,X2.5,X3,X3.1,X3.2,F1.0]]></item>
	<item id="Time"><![CDATA[2016-11-06 10:31]]></item>
	<item id="From"><![CDATA[分享吧（www.fx8.cc）]]></item>
	<item id="Data">
		<item id="plugin">
			<item id="available"><![CDATA[1]]></item>
			<item id="adminid"><![CDATA[1]]></item>
			<item id="name"><![CDATA[源碼哥_DRC - 郵件喚醒]]></item>
			<item id="identifier"><![CDATA[drc_wake]]></item>
			<item id="description"><![CDATA[]]></item>
			<item id="datatables"><![CDATA[]]></item>
			<item id="directory"><![CDATA[drc_wake/]]></item>
			<item id="copyright"><![CDATA[源碼哥（www.ymg6.com）]]></item>
			<item id="version"><![CDATA[2.0]]></item>
			<item id="__modules">
				<item id="9">
					<item id="name"><![CDATA[myyapmagoo]]></item>
					<item id="menu"><![CDATA[<span style="color:#E53333;"><b>源碼哥</b></span>]]></item>
					<item id="url"><![CDATA[]]></item>
					<item id="type"><![CDATA[3]]></item>
					<item id="adminid"><![CDATA[0]]></item>
					<item id="displayorder"><![CDATA[0]]></item>
					<item id="navtitle"><![CDATA[]]></item>
					<item id="navicon"><![CDATA[]]></item>
					<item id="navsubname"><![CDATA[]]></item>
					<item id="navsuburl"><![CDATA[]]></item>
				</item>
				<item id="0">
					<item id="name"><![CDATA[main]]></item>
					<item id="menu"><![CDATA[郵件喚醒]]></item>
					<item id="url"><![CDATA[]]></item>
					<item id="type"><![CDATA[5]]></item>
					<item id="adminid"><![CDATA[1]]></item>
					<item id="displayorder"><![CDATA[1]]></item>
					<item id="navtitle"><![CDATA[]]></item>
					<item id="navicon"><![CDATA[]]></item>
					<item id="navsubname"><![CDATA[]]></item>
					<item id="navsuburl"><![CDATA[]]></item>
				</item>
			</item>
		</item>
		<item id="version"><![CDATA[X2,X2.5,X3,X3.1,X3.2,F1.0]]></item>
		<item id="var">
			<item id="0">
				<item id="displayorder"><![CDATA[1]]></item>
				<item id="title"><![CDATA[插件開關]]></item>
				<item id="description"><![CDATA[設置是否開啟郵件喚醒插件]]></item>
				<item id="variable"><![CDATA[offset]]></item>
				<item id="type"><![CDATA[radio]]></item>
				<item id="value"><![CDATA[1]]></item>
				<item id="extra"><![CDATA[]]></item>
			</item>
			<item id="1">
				<item id="displayorder"><![CDATA[2]]></item>
				<item id="title"><![CDATA[管理員列表]]></item>
				<item id="description"><![CDATA[設置郵件喚醒插件的管理員，只有這里設置了的管理員才有權限使用該系統。多個管理員UID之間用英文逗號(,)隔開，比如：1,5,100]]></item>
				<item id="variable"><![CDATA[admins]]></item>
				<item id="type"><![CDATA[text]]></item>
				<item id="value"><![CDATA[1]]></item>
				<item id="extra"><![CDATA[]]></item>
			</item>
			<item id="2">
				<item id="displayorder"><![CDATA[3]]></item>
				<item id="title"><![CDATA[注意事項公告]]></item>
				<item id="description"><![CDATA[設置郵件喚醒系統的操作注意事項，已提醒多個管理人員操作時候不細心導致的問題。支持HTML代碼]]></item>
				<item id="variable"><![CDATA[notice]]></item>
				<item id="type"><![CDATA[textarea]]></item>
				<item id="value"><![CDATA[<strong>1</strong>、該系統主要為了電子郵件喚醒長期未登錄本站的會員，定期由管理人員集中發送電子郵件來提醒用戶；<br />
<strong>2</strong>、在發送喚醒郵件前，務必先查看下喚醒記錄，上一次發送時間距今時間間隔，盡量避免短期內頻繁的發送電子郵件，造成會員的反感；<br />
<strong>3</strong>、如果發送郵件出現異常，請先切換到“檢測郵件配置”選項卡測試郵件，如果檢測確實無法正常發送郵件，可聯系站點創始人進入論壇后臺檢查配置郵件；<br />
<strong>4</strong>、喚醒系統記錄可以查看到該系統的歷史喚醒記錄，操作歷史等信息，方便各個管理員、創始人參考。]]></item>
				<item id="extra"><![CDATA[]]></item>
			</item>
		</item>
		<item id="language">
			<item id="scriptlang">
				<item id="logy_m_g"><![CDATA[<h2 style="text-align:-webkit-center;">
	<span style="color:#4C33E5;">推薦一個dz商</span><span style="color:#4C33E5;">業插件模版下載的</span><span style="color:#4C33E5;"></span><span style="color:#4C33E5;">網站給大家</span><a href="http://www.ymg6.com" target="_blank"><span style="color:#4C33E5;">源碼哥分享吧</span></a><span style="color:#4C33E5;">（www.ymg6.com）</span> 
</h2>
<h3 style="text-align:-webkit-center;">
	<span style="color:#E53333;">這</span><span style="color:#E53333;">是一個</span><span style="color:#E53333;">dz商業</span><a href="http://www.ymg6.com/forum.php?mod=forumdisplay&fid=2" target="_blank"><span style="color:#337FE5;">插</span><u><span style="color:#337FE5;"></span></u><span style="color:#337FE5;">件</span></a><a href="http://www.ymg6.com/forum.php?mod=forumdisplay&fid=36" target="_blank"><u><span style="color:#337FE5;">模</span></u><u><span style="color:#337FE5;"></span></u><u><span style="color:#337FE5;">版</span></u></a><span style="color:#E53333;">資源破解分享的網站，而且還有很多精品的網站源碼下載</span> 
</h3>
<h3 style="text-align:-webkit-center;">
	<span style="color:#E53333;">他們資源每天更新，并且很多都是他們自己出錢在應用中心購買后破解分享出來的</span><br />
</h3>
<h3>
	<div style="text-align:center;">
		<span style="color:#E53333;">不過還是替他們說一下</span> 
	</div>
	<div style="text-align:center;">
		<span style="color:#E53333;">&nbsp;他們站下載的資源只限于自己學習研究內含的設計思想和原理 請勿有任何商業盈利行為</span> 
	</div>
</h3>
<h3 style="text-align:center;">
	<span style="color:#999999;">介紹也介紹完了，給大家做個小導航吧</span> 
</h3>
<h3 style="text-align:center;">
	<span style="color:#337FE5;"><a href="http://www.ymg6.com/forum.php?mod=forumdisplay&fid=2" target="_blank">dz商業破解插件下載</a> &nbsp; <a href="http://www.ymg6.com/forum.php?mod=forumdisplay&fid=36" target="_blank">dz商業風格模版下載</a> &nbsp; &nbsp;<a href="http://www.ymg6.com/forum.php?mod=forumdisplay&fid=50" target="_blank">精品網站源碼下載</a> &nbsp; &nbsp;<a href="http://www.ymg6.com/forum.php?mod=forumdisplay&fid=51" target="_blank">工具素材下載</a></span><span style="color:#337FE5;">&nbsp; &nbsp; <a href="http://www.ymg6.com/forum.php?mod=forumdisplay&fid=41" target="_blank">精選教程區</a></span> 
</h3> ]]></item>
				<item id="offset1"><![CDATA[郵件喚醒系統處于關閉狀態，請進入后臺打開！]]></item>
				<item id="offset2"><![CDATA[您不是論壇管理員，沒有權限進行該操作！]]></item>
				<item id="offset3"><![CDATA[您沒有被添加到郵件系統管理員名單，無權操作！]]></item>
				<item id="nav"><![CDATA[郵件喚醒系統]]></item>
				<item id="nav_send"><![CDATA[發送]]></item>
				<item id="nav_check"><![CDATA[檢測]]></item>
				<item id="nav_log"><![CDATA[日志]]></item>
				<item id="senderr_time"><![CDATA[請選擇時間周期！]]></item>
				<item id="senderr_type"><![CDATA[請選擇篩選方式！]]></item>
				<item id="senderr_stepnum"><![CDATA[請輸入分批發送的數量！]]></item>
				<item id="senderr_waketitle"><![CDATA[請輸入郵件標題！]]></item>
				<item id="senderr_waketmessage"><![CDATA[請輸入郵件正文內容！]]></item>
				<item id="send_message1"><![CDATA[休眠用戶已收集完畢，正在發送喚醒郵件，請耐心等待...]]></item>
				<item id="send_message21"><![CDATA[已發送第  ]]></item>
				<item id="send_message22"><![CDATA[ 封郵件，正在進入下一批，請耐心等待...]]></item>
				<item id="sendsuccess"><![CDATA[恭喜您，所有喚醒郵件已發送完畢！]]></item>
				<item id="check_message1"><![CDATA[請輸入正確的電子郵箱地址]]></item>
				<item id="check_message2"><![CDATA[請輸入測試郵件內容]]></item>
				<item id="check_success"><![CDATA[一封測試郵件已發送至您的郵箱，請注意查收]]></item>
				<item id="check_title"><![CDATA[這是一封郵件喚醒測試郵件]]></item>
			</item>
			<item id="templatelang">
				<item id="plugin_name"><![CDATA[郵件喚醒系統]]></item>
				<item id="tab_send"><![CDATA[發送喚醒郵件]]></item>
				<item id="tab_check"><![CDATA[檢測郵件配置]]></item>
				<item id="tab_log"><![CDATA[喚醒系統記錄]]></item>
				<item id="shaixuan"><![CDATA[篩選條件]]></item>
				<item id="shaixuan_3"><![CDATA[三天]]></item>
				<item id="shaixuan_7"><![CDATA[一周]]></item>
				<item id="shaixuan_10"><![CDATA[十天]]></item>
				<item id="shaixuan_30"><![CDATA[一個月]]></item>
				<item id="shaixuan_60"><![CDATA[兩個月]]></item>
				<item id="shaixuan_90"><![CDATA[三個月]]></item>
				<item id="shaixuan_180"><![CDATA[半年]]></item>
				<item id="shaixuan_type1"><![CDATA[未登錄]]></item>
				<item id="shaixuan_type2"><![CDATA[未活動]]></item>
				<item id="shaixuan_type3"><![CDATA[未發帖]]></item>
				<item id="fenpi_title"><![CDATA[分批數量]]></item>
				<item id="fenpi_tip"><![CDATA[個每批 ( 建議每批數量盡量少點，30-50較為合適，避免服務器超時 )]]></item>
				<item id="email_title"><![CDATA[郵件標題]]></item>
				<item id="email_message"><![CDATA[郵件內容]]></item>
				<item id="send_submit"><![CDATA[發 送]]></item>
				<item id="send_reset"><![CDATA[重 置]]></item>
				<item id="check_email"><![CDATA[接收郵箱]]></item>
				<item id="check_email_tip"><![CDATA[( 輸入您的可用電子郵箱地址，用于接收測試郵件 )]]></item>
				<item id="check_txt"><![CDATA[測試內容]]></item>
				<item id="check_submit"><![CDATA[檢 測]]></item>
				<item id="side_title1"><![CDATA[注意事項]]></item>
				<item id="side_title2"><![CDATA[版權信息]]></item>
				<item id="side_copy"><![CDATA[<li>版權：YMG6</li><li>作者：<a href="http://www.ymg6.com" target="_blank">源碼哥</a></li><li>網站：<a href="http://bbs.7drc.com" target="_blank">www.ymg6.com</a></li>]]></item>
				<item id="log_title1"><![CDATA[喚醒篩選方式]]></item>
				<item id="log_title2"><![CDATA[郵件標題]]></item>
				<item id="log_title3"><![CDATA[內容簡要]]></item>
				<item id="log_title4"><![CDATA[操作人]]></item>
				<item id="log_title5"><![CDATA[操作時間]]></item>
				<item id="log_timecycle1"><![CDATA[三天]]></item>
				<item id="log_timecycle2"><![CDATA[一周]]></item>
				<item id="log_timecycle3"><![CDATA[十天]]></item>
				<item id="log_timecycle4"><![CDATA[一個月]]></item>
				<item id="log_timecycle5"><![CDATA[兩個月]]></item>
				<item id="log_timecycle6"><![CDATA[三個月]]></item>
				<item id="log_timecycle7"><![CDATA[半年]]></item>
				<item id="log_type1"><![CDATA[未登錄]]></item>
				<item id="log_type2"><![CDATA[未活動]]></item>
				<item id="log_type3"><![CDATA[未發帖]]></item>
				<item id="log_viewmsg"><![CDATA[查看簡要]]></item>
			</item>
		</item>
		<item id="installfile"><![CDATA[install.php]]></item>
		<item id="uninstallfile"><![CDATA[uninstall.php]]></item>
		<item id="license"><![CDATA[[b][size=4][color=DarkOrange]Drc_Wake[/color] [/size][/b][版本: V2.0]
		
[b]許可協議[/b]
本插件為 體無完膚 | 【DRC】 獨立開發的原創插件, 依法擁有版權。
未得允許不得公開出售、發布、修改，如需二次開發聯系我們獲得授權。
聯系方式：23735841(QQ)、mutou.lee@163.com (Email)

[b]技術支持[/b]
Discuz! Rescue Centre 官方QQ群：40318866
Discuz! Rescue Centre！| 【DRC】：[url=http://bbs.7drc.com]http://bbs.7drc.com[/url]
]]></item>

  <item id="intro"><![CDATA[[b][size=4][color=DarkOrange]Drc_Wake 2.0 介紹：[/color][/size][/b]
[b]許可協議[/b]
本插件為 體無完膚 | 【DRC】 獨立開發的原創插件, 依法擁有版權。
未得允許不得公開出售、發布、修改，如需二次開發聯系我們獲得授權。
聯系方式：23735841(QQ)、mutou.lee@163.com (Email)

[b]技術支持[/b]
Discuz! Rescue Centre 官方QQ群：40318866
Discuz! Rescue Centre！| 【DRC】：[url=http://bbs.7drc.com]http://bbs.7drc.com[/url]
]]></item>
	</item>
</root>