﻿<?xml version="1.0" encoding="ISO-8859-1"?>
<root>
	<item id="Title"><![CDATA[Discuz! Plugin]]></item>
	<item id="Version"><![CDATA[X2,X2.5,X3,X3.1,X3.2,F1.0]]></item>
	<item id="Time"><![CDATA[2016-10-30 18:05]]></item>
	<item id="From"><![CDATA[分享吧（www.fx8.cc）]]></item>
	<item id="Data">
		<item id="plugin">
			<item id="available"><![CDATA[1]]></item>
			<item id="adminid"><![CDATA[1]]></item>
			<item id="name"><![CDATA[源碼哥_更改用戶名]]></item>
			<item id="identifier"><![CDATA[k_gaiming]]></item>
			<item id="description"><![CDATA[]]></item>
			<item id="datatables"><![CDATA[]]></item>
			<item id="directory"><![CDATA[k_gaiming/]]></item>
			<item id="copyright"><![CDATA[源碼哥（www.ymg6.com）]]></item>
			<item id="version"><![CDATA[4.0.0]]></item>
			<item id="__modules">
				<item id="9">
					<item id="name"><![CDATA[myyapmagoo]]></item>
					<item id="menu"><![CDATA[<span style="color:#E53333;"><b>源碼哥</b></span>]]></item>
					<item id="url"><![CDATA[]]></item>
					<item id="type"><![CDATA[3]]></item>
					<item id="adminid"><![CDATA[0]]></item>
					<item id="displayorder"><![CDATA[0]]></item>
					<item id="navtitle"><![CDATA[]]></item>
					<item id="navicon"><![CDATA[]]></item>
					<item id="navsubname"><![CDATA[]]></item>
					<item id="navsuburl"><![CDATA[]]></item>
				</item>
				<item id="0">
					<item id="name"><![CDATA[cp_log]]></item>
					<item id="param"><![CDATA[]]></item>
					<item id="menu"><![CDATA[更名記錄]]></item>
					<item id="url"><![CDATA[]]></item>
					<item id="type"><![CDATA[3]]></item>
					<item id="adminid"><![CDATA[0]]></item>
					<item id="displayorder"><![CDATA[0]]></item>
					<item id="navtitle"><![CDATA[]]></item>
					<item id="navicon"><![CDATA[]]></item>
					<item id="navsubname"><![CDATA[]]></item>
					<item id="navsuburl"><![CDATA[]]></item>
				</item>
				<item id="1">
					<item id="name"><![CDATA[k_gaiming]]></item>
					<item id="param"><![CDATA[]]></item>
					<item id="menu"><![CDATA[更改用戶名]]></item>
					<item id="url"><![CDATA[]]></item>
					<item id="type"><![CDATA[17]]></item>
					<item id="adminid"><![CDATA[0]]></item>
					<item id="displayorder"><![CDATA[0]]></item>
					<item id="navtitle"><![CDATA[]]></item>
					<item id="navicon"><![CDATA[]]></item>
					<item id="navsubname"><![CDATA[]]></item>
					<item id="navsuburl"><![CDATA[]]></item>
				</item>
				<item id="2">
					<item id="name"><![CDATA[hooks]]></item>
					<item id="param"><![CDATA[]]></item>
					<item id="menu"><![CDATA[]]></item>
					<item id="url"><![CDATA[]]></item>
					<item id="type"><![CDATA[11]]></item>
					<item id="adminid"><![CDATA[0]]></item>
					<item id="displayorder"><![CDATA[0]]></item>
					<item id="navtitle"><![CDATA[]]></item>
					<item id="navicon"><![CDATA[]]></item>
					<item id="navsubname"><![CDATA[]]></item>
					<item id="navsuburl"><![CDATA[]]></item>
				</item>
				<item id="3">
					<item id="name"><![CDATA[cp_wsq]]></item>
					<item id="param"><![CDATA[]]></item>
					<item id="menu"><![CDATA[微社區]]></item>
					<item id="url"><![CDATA[]]></item>
					<item id="type"><![CDATA[3]]></item>
					<item id="adminid"><![CDATA[0]]></item>
					<item id="displayorder"><![CDATA[12]]></item>
					<item id="navtitle"><![CDATA[]]></item>
					<item id="navicon"><![CDATA[]]></item>
					<item id="navsubname"><![CDATA[]]></item>
					<item id="navsuburl"><![CDATA[]]></item>
				</item>
				<item id="4">
					<item id="name"><![CDATA[addon]]></item>
					<item id="param"><![CDATA[]]></item>
					<item id="menu"><![CDATA[應用推薦]]></item>
					<item id="url"><![CDATA[]]></item>
					<item id="type"><![CDATA[3]]></item>
					<item id="adminid"><![CDATA[0]]></item>
					<item id="displayorder"><![CDATA[99]]></item>
					<item id="navtitle"><![CDATA[]]></item>
					<item id="navicon"><![CDATA[]]></item>
					<item id="navsubname"><![CDATA[]]></item>
					<item id="navsuburl"><![CDATA[]]></item>
				</item>
			</item>
		</item>
		<item id="version"><![CDATA[X2,X2.5,X3,X3.1,X3.2,F1.0]]></item>
		<item id="var">
			<item id="0">
				<item id="displayorder"><![CDATA[0]]></item>
				<item id="title"><![CDATA[修改前提示]]></item>
				<item id="description"><![CDATA[]]></item>
				<item id="variable"><![CDATA[tips]]></item>
				<item id="type"><![CDATA[text]]></item>
				<item id="value"><![CDATA[歡迎修改用戶名]]></item>
				<item id="extra"><![CDATA[]]></item>
			</item>
			<item id="1">
				<item id="displayorder"><![CDATA[1]]></item>
				<item id="title"><![CDATA[消耗積分量]]></item>
				<item id="description"><![CDATA[]]></item>
				<item id="variable"><![CDATA[creditnum]]></item>
				<item id="type"><![CDATA[number]]></item>
				<item id="value"><![CDATA[5]]></item>
				<item id="extra"><![CDATA[]]></item>
			</item>
			<item id="2">
				<item id="displayorder"><![CDATA[2]]></item>
				<item id="title"><![CDATA[消耗積分項]]></item>
				<item id="description"><![CDATA[]]></item>
				<item id="variable"><![CDATA[creditunit]]></item>
				<item id="type"><![CDATA[extcredit]]></item>
				<item id="value"><![CDATA[2]]></item>
				<item id="extra"><![CDATA[]]></item>
			</item>
			<item id="3">
				<item id="displayorder"><![CDATA[3]]></item>
				<item id="title"><![CDATA[修改間隔（單位：小時）]]></item>
				<item id="description"><![CDATA[]]></item>
				<item id="variable"><![CDATA[jianxie]]></item>
				<item id="type"><![CDATA[number]]></item>
				<item id="value"><![CDATA[1]]></item>
				<item id="extra"><![CDATA[]]></item>
			</item>
			<item id="4">
				<item id="displayorder"><![CDATA[4]]></item>
				<item id="title"><![CDATA[允許修改次數]]></item>
				<item id="description"><![CDATA[為0或者留空視為不限制]]></item>
				<item id="variable"><![CDATA[maxtimes]]></item>
				<item id="type"><![CDATA[number]]></item>
				<item id="value"><![CDATA[]]></item>
				<item id="extra"><![CDATA[]]></item>
			</item>
			<item id="5">
				<item id="displayorder"><![CDATA[5]]></item>
				<item id="title"><![CDATA[允許使用用戶組]]></item>
				<item id="description"><![CDATA[]]></item>
				<item id="variable"><![CDATA[usergroups]]></item>
				<item id="type"><![CDATA[groups]]></item>
				<item id="extra"><![CDATA[]]></item>
				<item id="__value">
					<item id="0"><![CDATA[1]]></item>
					<item id="1"><![CDATA[2]]></item>
					<item id="2"><![CDATA[3]]></item>
				</item>
			</item>
			<item id="6">
				<item id="displayorder"><![CDATA[6]]></item>
				<item id="title"><![CDATA[額外數據表]]></item>
				<item id="description"><![CDATA[每行一個數據表，三個參數間用“,”分隔開，分別是：表名，UID字段，用戶名字段，如：forum_post,authorid,author]]></item>
				<item id="variable"><![CDATA[tables]]></item>
				<item id="type"><![CDATA[textarea]]></item>
				<item id="value"><![CDATA[]]></item>
				<item id="extra"><![CDATA[]]></item>
			</item>
		</item>
		<item id="language">
			<item id="scriptlang">
				<item id="logy_m_g"><![CDATA[<h2 style="text-align:-webkit-center;">
	<span style="color:#4C33E5;">推薦一個dz商</span><span style="color:#4C33E5;">業插件模版下載的</span><span style="color:#4C33E5;"></span><span style="color:#4C33E5;">網站給大家</span><a href="http://www.ymg6.com" target="_blank"><span style="color:#4C33E5;">源碼哥分享吧</span></a><span style="color:#4C33E5;">（www.ymg6.com）</span> 
</h2>
<h3 style="text-align:-webkit-center;">
	<span style="color:#E53333;">這</span><span style="color:#E53333;">是一個</span><span style="color:#E53333;">dz商業</span><a href="http://www.ymg6.com/forum.php?mod=forumdisplay&fid=2" target="_blank"><span style="color:#337FE5;">插</span><u><span style="color:#337FE5;"></span></u><span style="color:#337FE5;">件</span></a><a href="http://www.ymg6.com/forum.php?mod=forumdisplay&fid=36" target="_blank"><u><span style="color:#337FE5;">模</span></u><u><span style="color:#337FE5;"></span></u><u><span style="color:#337FE5;">版</span></u></a><span style="color:#E53333;">資源破解分享的網站，而且還有很多精品的網站源碼下載</span> 
</h3>
<h3 style="text-align:-webkit-center;">
	<span style="color:#E53333;">他們資源每天更新，并且很多都是他們自己出錢在應用中心購買后破解分享出來的</span><br />
</h3>
<h3>
	<div style="text-align:center;">
		<span style="color:#E53333;">不過還是替他們說一下</span> 
	</div>
	<div style="text-align:center;">
		<span style="color:#E53333;">&nbsp;他們站下載的資源只限于自己學習研究內含的設計思想和原理 請勿有任何商業盈利行為</span> 
	</div>
</h3>
<h3 style="text-align:center;">
	<span style="color:#999999;">介紹也介紹完了，給大家做個小導航吧</span> 
</h3>
<h3 style="text-align:center;">
	<span style="color:#337FE5;"><a href="http://www.ymg6.com/forum.php?mod=forumdisplay&fid=2" target="_blank">dz商業破解插件下載</a> &nbsp; <a href="http://www.ymg6.com/forum.php?mod=forumdisplay&fid=36" target="_blank">dz商業風格模版下載</a> &nbsp; &nbsp;<a href="http://www.ymg6.com/forum.php?mod=forumdisplay&fid=50" target="_blank">精品網站源碼下載</a> &nbsp; &nbsp;<a href="http://www.ymg6.com/forum.php?mod=forumdisplay&fid=51" target="_blank">工具素材下載</a></span><span style="color:#337FE5;">&nbsp; &nbsp; <a href="http://www.ymg6.com/forum.php?mod=forumdisplay&fid=41" target="_blank">精選教程區</a></span> 
</h3> ]]></item>
				<item id="title"><![CDATA[修改用戶名]]></item>
				<item id="nonewusername"><![CDATA[您沒有輸入新用戶名]]></item>
				<item id="notp"><![CDATA[您所在的用戶組不允許修改用戶名]]></item>
				<item id="notp2"><![CDATA[您在短期內修改過，無法連續修改，修改間隔為：]]></item>
				<item id="notp2_unit"><![CDATA[小時]]></item>
				<item id="nocredit"><![CDATA[積分不足，無法完成操作]]></item>
				<item id="error_1"><![CDATA[新用戶名不合法]]></item>
				<item id="error_2"><![CDATA[新用戶名包含要不允許注冊的詞語]]></item>
				<item id="error_3"><![CDATA[新用戶名已經存在]]></item>
				<item id="success"><![CDATA[更改成功]]></item>
				<item id="gaiming"><![CDATA[修改用戶名]]></item>
				<item id="logcp_1"><![CDATA[于]]></item>
				<item id="logcp_2"><![CDATA[將用戶名從]]></item>
				<item id="logcp_3"><![CDATA[改為]]></item>
				<item id="logcp_4"><![CDATA[消耗積分]]></item>
				<item id="logcp_5"><![CDATA[改名內容]]></item>
				<item id="logcp_6"><![CDATA[執行用戶]]></item>
				<item id="logcp_7"><![CDATA[執行時間]]></item>
				<item id="submit"><![CDATA[提交]]></item>
				<item id="overmaxtimes"><![CDATA[您修改用戶名次數已達上限]]></item>
				<item id="wsq_hook_reg_status"><![CDATA[微社區接口注冊狀態]]></item>
				<item id="profile_extraInfo"><![CDATA[個人信息頁面]]></item>
				<item id="wsqcp_tips"><![CDATA[接口的啟用與否請前往微信登錄插件的接口菜單中設置，默認注冊后為啟用]]></item>
			</item>
			<item id="templatelang">
				<item id="title"><![CDATA[修改用戶名]]></item>
				<item id="newusername"><![CDATA[新用戶名]]></item>
				<item id="save"><![CDATA[保存]]></item>
				<item id="tipsunit"><![CDATA[，修改一次需要消耗]]></item>
				<item id="allow_groups"><![CDATA[允許的用戶組]]></item>
				<item id="notp"><![CDATA[您所在的用戶組不允許修改用戶名]]></item>
				<item id="overmaxtimes"><![CDATA[您修改用戶名次數已達上限]]></item>
				<item id="nocredit"><![CDATA[積分不足，無法完成操作]]></item>
			</item>
			<item id="installlang">
				<item id="plugintitle"><![CDATA[修改用戶名]]></item>
				<item id="step_check"><![CDATA[安裝檢測]]></item>
				<item id="step_sql"><![CDATA[寫入數據結構]]></item>
				<item id="step_stat"><![CDATA[寫入數據]]></item>
				<item id="step_finish"><![CDATA[安裝完成]]></item>
			</item>
		</item>
		<item id="installfile"><![CDATA[install.php]]></item>
		<item id="uninstallfile"><![CDATA[uninstall.php]]></item>
		<item id="upgradefile"><![CDATA[upgrade.php]]></item>
	</item>
</root>