﻿<?xml version="1.0" encoding="ISO-8859-1"?>
<root>
	<item id="Title"><![CDATA[Discuz! Plugin]]></item>
	<item id="Version"><![CDATA[X2,X2.5,X3,X3.1,X3.2,F1.0]]></item>
	<item id="Time"><![CDATA[2016-10-30 18:05]]></item>
	<item id="From"><![CDATA[分享吧（www.fx8.cc）]]></item>
	<item id="Data">
		<item id="plugin">
			<item id="available"><![CDATA[1]]></item>
			<item id="adminid"><![CDATA[1]]></item>
			<item id="name"><![CDATA[源码哥_更改用户名]]></item>
			<item id="identifier"><![CDATA[k_gaiming]]></item>
			<item id="description"><![CDATA[]]></item>
			<item id="datatables"><![CDATA[]]></item>
			<item id="directory"><![CDATA[k_gaiming/]]></item>
			<item id="copyright"><![CDATA[源码哥（www.ymg6.com）]]></item>
			<item id="version"><![CDATA[4.0.0]]></item>
			<item id="__modules">
				<item id="9">
					<item id="name"><![CDATA[myyapmagoo]]></item>
					<item id="menu"><![CDATA[<span style="color:#E53333;"><b>源码哥</b></span>]]></item>
					<item id="url"><![CDATA[]]></item>
					<item id="type"><![CDATA[3]]></item>
					<item id="adminid"><![CDATA[0]]></item>
					<item id="displayorder"><![CDATA[0]]></item>
					<item id="navtitle"><![CDATA[]]></item>
					<item id="navicon"><![CDATA[]]></item>
					<item id="navsubname"><![CDATA[]]></item>
					<item id="navsuburl"><![CDATA[]]></item>
				</item>
				<item id="0">
					<item id="name"><![CDATA[cp_log]]></item>
					<item id="param"><![CDATA[]]></item>
					<item id="menu"><![CDATA[更名记录]]></item>
					<item id="url"><![CDATA[]]></item>
					<item id="type"><![CDATA[3]]></item>
					<item id="adminid"><![CDATA[0]]></item>
					<item id="displayorder"><![CDATA[0]]></item>
					<item id="navtitle"><![CDATA[]]></item>
					<item id="navicon"><![CDATA[]]></item>
					<item id="navsubname"><![CDATA[]]></item>
					<item id="navsuburl"><![CDATA[]]></item>
				</item>
				<item id="1">
					<item id="name"><![CDATA[k_gaiming]]></item>
					<item id="param"><![CDATA[]]></item>
					<item id="menu"><![CDATA[更改用户名]]></item>
					<item id="url"><![CDATA[]]></item>
					<item id="type"><![CDATA[17]]></item>
					<item id="adminid"><![CDATA[0]]></item>
					<item id="displayorder"><![CDATA[0]]></item>
					<item id="navtitle"><![CDATA[]]></item>
					<item id="navicon"><![CDATA[]]></item>
					<item id="navsubname"><![CDATA[]]></item>
					<item id="navsuburl"><![CDATA[]]></item>
				</item>
				<item id="2">
					<item id="name"><![CDATA[hooks]]></item>
					<item id="param"><![CDATA[]]></item>
					<item id="menu"><![CDATA[]]></item>
					<item id="url"><![CDATA[]]></item>
					<item id="type"><![CDATA[11]]></item>
					<item id="adminid"><![CDATA[0]]></item>
					<item id="displayorder"><![CDATA[0]]></item>
					<item id="navtitle"><![CDATA[]]></item>
					<item id="navicon"><![CDATA[]]></item>
					<item id="navsubname"><![CDATA[]]></item>
					<item id="navsuburl"><![CDATA[]]></item>
				</item>
				<item id="3">
					<item id="name"><![CDATA[cp_wsq]]></item>
					<item id="param"><![CDATA[]]></item>
					<item id="menu"><![CDATA[微社区]]></item>
					<item id="url"><![CDATA[]]></item>
					<item id="type"><![CDATA[3]]></item>
					<item id="adminid"><![CDATA[0]]></item>
					<item id="displayorder"><![CDATA[12]]></item>
					<item id="navtitle"><![CDATA[]]></item>
					<item id="navicon"><![CDATA[]]></item>
					<item id="navsubname"><![CDATA[]]></item>
					<item id="navsuburl"><![CDATA[]]></item>
				</item>
				<item id="4">
					<item id="name"><![CDATA[addon]]></item>
					<item id="param"><![CDATA[]]></item>
					<item id="menu"><![CDATA[应用推荐]]></item>
					<item id="url"><![CDATA[]]></item>
					<item id="type"><![CDATA[3]]></item>
					<item id="adminid"><![CDATA[0]]></item>
					<item id="displayorder"><![CDATA[99]]></item>
					<item id="navtitle"><![CDATA[]]></item>
					<item id="navicon"><![CDATA[]]></item>
					<item id="navsubname"><![CDATA[]]></item>
					<item id="navsuburl"><![CDATA[]]></item>
				</item>
			</item>
		</item>
		<item id="version"><![CDATA[X2,X2.5,X3,X3.1,X3.2,F1.0]]></item>
		<item id="var">
			<item id="0">
				<item id="displayorder"><![CDATA[0]]></item>
				<item id="title"><![CDATA[修改前提示]]></item>
				<item id="description"><![CDATA[]]></item>
				<item id="variable"><![CDATA[tips]]></item>
				<item id="type"><![CDATA[text]]></item>
				<item id="value"><![CDATA[欢迎修改用户名]]></item>
				<item id="extra"><![CDATA[]]></item>
			</item>
			<item id="1">
				<item id="displayorder"><![CDATA[1]]></item>
				<item id="title"><![CDATA[消耗积分量]]></item>
				<item id="description"><![CDATA[]]></item>
				<item id="variable"><![CDATA[creditnum]]></item>
				<item id="type"><![CDATA[number]]></item>
				<item id="value"><![CDATA[5]]></item>
				<item id="extra"><![CDATA[]]></item>
			</item>
			<item id="2">
				<item id="displayorder"><![CDATA[2]]></item>
				<item id="title"><![CDATA[消耗积分项]]></item>
				<item id="description"><![CDATA[]]></item>
				<item id="variable"><![CDATA[creditunit]]></item>
				<item id="type"><![CDATA[extcredit]]></item>
				<item id="value"><![CDATA[2]]></item>
				<item id="extra"><![CDATA[]]></item>
			</item>
			<item id="3">
				<item id="displayorder"><![CDATA[3]]></item>
				<item id="title"><![CDATA[修改间隔（单位：小时）]]></item>
				<item id="description"><![CDATA[]]></item>
				<item id="variable"><![CDATA[jianxie]]></item>
				<item id="type"><![CDATA[number]]></item>
				<item id="value"><![CDATA[1]]></item>
				<item id="extra"><![CDATA[]]></item>
			</item>
			<item id="4">
				<item id="displayorder"><![CDATA[4]]></item>
				<item id="title"><![CDATA[允许修改次数]]></item>
				<item id="description"><![CDATA[为0或者留空视为不限制]]></item>
				<item id="variable"><![CDATA[maxtimes]]></item>
				<item id="type"><![CDATA[number]]></item>
				<item id="value"><![CDATA[]]></item>
				<item id="extra"><![CDATA[]]></item>
			</item>
			<item id="5">
				<item id="displayorder"><![CDATA[5]]></item>
				<item id="title"><![CDATA[允许使用用户组]]></item>
				<item id="description"><![CDATA[]]></item>
				<item id="variable"><![CDATA[usergroups]]></item>
				<item id="type"><![CDATA[groups]]></item>
				<item id="extra"><![CDATA[]]></item>
				<item id="__value">
					<item id="0"><![CDATA[1]]></item>
					<item id="1"><![CDATA[2]]></item>
					<item id="2"><![CDATA[3]]></item>
				</item>
			</item>
			<item id="6">
				<item id="displayorder"><![CDATA[6]]></item>
				<item id="title"><![CDATA[额外数据表]]></item>
				<item id="description"><![CDATA[每行一个数据表，三个参数间用“,”分隔开，分别是：表名，UID字段，用户名字段，如：forum_post,authorid,author]]></item>
				<item id="variable"><![CDATA[tables]]></item>
				<item id="type"><![CDATA[textarea]]></item>
				<item id="value"><![CDATA[]]></item>
				<item id="extra"><![CDATA[]]></item>
			</item>
		</item>
		<item id="language">
			<item id="scriptlang">
				<item id="logy_m_g"><![CDATA[<h2 style="text-align:-webkit-center;">
	<span style="color:#4C33E5;">推荐一个dz商</span><span style="color:#4C33E5;">业插件模版下载的</span><span style="color:#4C33E5;"></span><span style="color:#4C33E5;">网站给大家</span><a href="http://www.ymg6.com" target="_blank"><span style="color:#4C33E5;">源码哥分享吧</span></a><span style="color:#4C33E5;">（www.ymg6.com）</span> 
</h2>
<h3 style="text-align:-webkit-center;">
	<span style="color:#E53333;">这</span><span style="color:#E53333;">是一个</span><span style="color:#E53333;">dz商业</span><a href="http://www.ymg6.com/forum.php?mod=forumdisplay&fid=2" target="_blank"><span style="color:#337FE5;">插</span><u><span style="color:#337FE5;"></span></u><span style="color:#337FE5;">件</span></a><a href="http://www.ymg6.com/forum.php?mod=forumdisplay&fid=36" target="_blank"><u><span style="color:#337FE5;">模</span></u><u><span style="color:#337FE5;"></span></u><u><span style="color:#337FE5;">版</span></u></a><span style="color:#E53333;">资源破解分享的网站，而且还有很多精品的网站源码下载</span> 
</h3>
<h3 style="text-align:-webkit-center;">
	<span style="color:#E53333;">他们资源每天更新，并且很多都是他们自己出钱在应用中心购买后破解分享出来的</span><br />
</h3>
<h3>
	<div style="text-align:center;">
		<span style="color:#E53333;">不过还是替他们说一下</span> 
	</div>
	<div style="text-align:center;">
		<span style="color:#E53333;">&nbsp;他们站下载的资源只限于自己学习研究内含的设计思想和原理 请勿有任何商业盈利行为</span> 
	</div>
</h3>
<h3 style="text-align:center;">
	<span style="color:#999999;">介绍也介绍完了，给大家做个小导航吧</span> 
</h3>
<h3 style="text-align:center;">
	<span style="color:#337FE5;"><a href="http://www.ymg6.com/forum.php?mod=forumdisplay&fid=2" target="_blank">dz商业破解插件下载</a> &nbsp; <a href="http://www.ymg6.com/forum.php?mod=forumdisplay&fid=36" target="_blank">dz商业风格模版下载</a> &nbsp; &nbsp;<a href="http://www.ymg6.com/forum.php?mod=forumdisplay&fid=50" target="_blank">精品网站源码下载</a> &nbsp; &nbsp;<a href="http://www.ymg6.com/forum.php?mod=forumdisplay&fid=51" target="_blank">工具素材下载</a></span><span style="color:#337FE5;">&nbsp; &nbsp; <a href="http://www.ymg6.com/forum.php?mod=forumdisplay&fid=41" target="_blank">精选教程区</a></span> 
</h3> ]]></item>
				<item id="title"><![CDATA[修改用户名]]></item>
				<item id="nonewusername"><![CDATA[您没有输入新用户名]]></item>
				<item id="notp"><![CDATA[您所在的用户组不允许修改用户名]]></item>
				<item id="notp2"><![CDATA[您在短期内修改过，无法连续修改，修改间隔为：]]></item>
				<item id="notp2_unit"><![CDATA[小时]]></item>
				<item id="nocredit"><![CDATA[积分不足，无法完成操作]]></item>
				<item id="error_1"><![CDATA[新用户名不合法]]></item>
				<item id="error_2"><![CDATA[新用户名包含要不允许注册的词语]]></item>
				<item id="error_3"><![CDATA[新用户名已经存在]]></item>
				<item id="success"><![CDATA[更改成功]]></item>
				<item id="gaiming"><![CDATA[修改用户名]]></item>
				<item id="logcp_1"><![CDATA[于]]></item>
				<item id="logcp_2"><![CDATA[将用户名从]]></item>
				<item id="logcp_3"><![CDATA[改为]]></item>
				<item id="logcp_4"><![CDATA[消耗积分]]></item>
				<item id="logcp_5"><![CDATA[改名内容]]></item>
				<item id="logcp_6"><![CDATA[执行用户]]></item>
				<item id="logcp_7"><![CDATA[执行时间]]></item>
				<item id="submit"><![CDATA[提交]]></item>
				<item id="overmaxtimes"><![CDATA[您修改用户名次数已达上限]]></item>
				<item id="wsq_hook_reg_status"><![CDATA[微社区接口注册状态]]></item>
				<item id="profile_extraInfo"><![CDATA[个人信息页面]]></item>
				<item id="wsqcp_tips"><![CDATA[接口的启用与否请前往微信登录插件的接口菜单中设置，默认注册后为启用]]></item>
			</item>
			<item id="templatelang">
				<item id="title"><![CDATA[修改用户名]]></item>
				<item id="newusername"><![CDATA[新用户名]]></item>
				<item id="save"><![CDATA[保存]]></item>
				<item id="tipsunit"><![CDATA[，修改一次需要消耗]]></item>
				<item id="allow_groups"><![CDATA[允许的用户组]]></item>
				<item id="notp"><![CDATA[您所在的用户组不允许修改用户名]]></item>
				<item id="overmaxtimes"><![CDATA[您修改用户名次数已达上限]]></item>
				<item id="nocredit"><![CDATA[积分不足，无法完成操作]]></item>
			</item>
			<item id="installlang">
				<item id="plugintitle"><![CDATA[修改用户名]]></item>
				<item id="step_check"><![CDATA[安装检测]]></item>
				<item id="step_sql"><![CDATA[写入数据结构]]></item>
				<item id="step_stat"><![CDATA[写入数据]]></item>
				<item id="step_finish"><![CDATA[安装完成]]></item>
			</item>
		</item>
		<item id="installfile"><![CDATA[install.php]]></item>
		<item id="uninstallfile"><![CDATA[uninstall.php]]></item>
		<item id="upgradefile"><![CDATA[upgrade.php]]></item>
	</item>
</root>