﻿<?xml version="1.0" encoding="ISO-8859-1"?>
<root>
	<item id="Title"><![CDATA[Discuz! Plugin]]></item>
	<item id="Version"><![CDATA[X2.5,X3,X3.1,X3.2]]></item>
	<item id="Time"><![CDATA[2015-05-06 03:10]]></item>
	<item id="From"><![CDATA[Discuz! Board (http://localhost/x31/)]]></item>
	<item id="Data">
		<item id="plugin">
			<item id="available"><![CDATA[1]]></item>
			<item id="adminid"><![CDATA[1]]></item>
			<item id="name"><![CDATA[【亮劍】精仿360問答]]></item>
			<item id="identifier"><![CDATA[ljww360]]></item>
			<item id="description"><![CDATA[打造Discuz最專業的問答系統]]></item>
			<item id="datatables"><![CDATA[]]></item>
			<item id="directory"><![CDATA[ljww360/]]></item>
			<item id="copyright"><![CDATA[亮劍SEO社區（http://www.anjuketg.com）]]></item>
			<item id="version"><![CDATA[3.9]]></item>
			<item id="__modules">
				<item id="0">
					<item id="name"><![CDATA[ljww360]]></item>
					<item id="param"><![CDATA[]]></item>
					<item id="menu"><![CDATA[問答系統]]></item>
					<item id="url"><![CDATA[plugin.php?id=ljww360]]></item>
					<item id="type"><![CDATA[1]]></item>
					<item id="adminid"><![CDATA[0]]></item>
					<item id="displayorder"><![CDATA[0]]></item>
					<item id="navtitle"><![CDATA[]]></item>
					<item id="navicon"><![CDATA[]]></item>
					<item id="navsubname"><![CDATA[]]></item>
					<item id="navsuburl"><![CDATA[]]></item>
				</item>
				<item id="1">
					<item id="name"><![CDATA[sj]]></item>
					<item id="param"><![CDATA[]]></item>
					<item id="menu"><![CDATA[]]></item>
					<item id="url"><![CDATA[]]></item>
					<item id="type"><![CDATA[28]]></item>
					<item id="adminid"><![CDATA[0]]></item>
					<item id="displayorder"><![CDATA[0]]></item>
					<item id="navtitle"><![CDATA[]]></item>
					<item id="navicon"><![CDATA[]]></item>
					<item id="navsubname"><![CDATA[]]></item>
					<item id="navsuburl"><![CDATA[]]></item>
				</item>
				<item id="2">
					<item id="name"><![CDATA[typeid]]></item>
					<item id="param"><![CDATA[]]></item>
					<item id="menu"><![CDATA[舊問題導入]]></item>
					<item id="url"><![CDATA[]]></item>
					<item id="type"><![CDATA[3]]></item>
					<item id="adminid"><![CDATA[0]]></item>
					<item id="displayorder"><![CDATA[0]]></item>
					<item id="navtitle"><![CDATA[]]></item>
					<item id="navicon"><![CDATA[]]></item>
					<item id="navsubname"><![CDATA[]]></item>
					<item id="navsuburl"><![CDATA[]]></item>
				</item>
				<item id="3">
					<item id="name"><![CDATA[wenwen]]></item>
					<item id="param"><![CDATA[]]></item>
					<item id="menu"><![CDATA[]]></item>
					<item id="url"><![CDATA[]]></item>
					<item id="type"><![CDATA[11]]></item>
					<item id="adminid"><![CDATA[0]]></item>
					<item id="displayorder"><![CDATA[0]]></item>
					<item id="navtitle"><![CDATA[]]></item>
					<item id="navicon"><![CDATA[]]></item>
					<item id="navsubname"><![CDATA[]]></item>
					<item id="navsuburl"><![CDATA[]]></item>
				</item>
				<item id="4">
					<item id="name"><![CDATA[wenwentype]]></item>
					<item id="param"><![CDATA[]]></item>
					<item id="menu"><![CDATA[問題分類]]></item>
					<item id="url"><![CDATA[]]></item>
					<item id="type"><![CDATA[3]]></item>
					<item id="adminid"><![CDATA[0]]></item>
					<item id="displayorder"><![CDATA[1]]></item>
					<item id="navtitle"><![CDATA[]]></item>
					<item id="navicon"><![CDATA[]]></item>
					<item id="navsubname"><![CDATA[]]></item>
					<item id="navsuburl"><![CDATA[]]></item>
				</item>
				<item id="5">
					<item id="name"><![CDATA[seo]]></item>
					<item id="param"><![CDATA[]]></item>
					<item id="menu"><![CDATA[SEO設置]]></item>
					<item id="url"><![CDATA[]]></item>
					<item id="type"><![CDATA[3]]></item>
					<item id="adminid"><![CDATA[0]]></item>
					<item id="displayorder"><![CDATA[1]]></item>
					<item id="navtitle"><![CDATA[]]></item>
					<item id="navicon"><![CDATA[]]></item>
					<item id="navsubname"><![CDATA[]]></item>
					<item id="navsuburl"><![CDATA[]]></item>
				</item>
				<item id="6">
					<item id="name"><![CDATA[admin_wwgl]]></item>
					<item id="param"><![CDATA[]]></item>
					<item id="menu"><![CDATA[問題管理]]></item>
					<item id="url"><![CDATA[]]></item>
					<item id="type"><![CDATA[3]]></item>
					<item id="adminid"><![CDATA[0]]></item>
					<item id="displayorder"><![CDATA[2]]></item>
					<item id="navtitle"><![CDATA[]]></item>
					<item id="navicon"><![CDATA[]]></item>
					<item id="navsubname"><![CDATA[]]></item>
					<item id="navsuburl"><![CDATA[]]></item>
				</item>
				<item id="7">
					<item id="name"><![CDATA[ts]]></item>
					<item id="param"><![CDATA[]]></item>
					<item id="menu"><![CDATA[推送管理]]></item>
					<item id="url"><![CDATA[]]></item>
					<item id="type"><![CDATA[3]]></item>
					<item id="adminid"><![CDATA[0]]></item>
					<item id="displayorder"><![CDATA[3]]></item>
					<item id="navtitle"><![CDATA[]]></item>
					<item id="navicon"><![CDATA[]]></item>
					<item id="navsubname"><![CDATA[]]></item>
					<item id="navsuburl"><![CDATA[]]></item>
				</item>
				<item id="8">
					<item id="name"><![CDATA[yijiejue]]></item>
					<item id="param"><![CDATA[]]></item>
					<item id="menu"><![CDATA[已解決分類]]></item>
					<item id="url"><![CDATA[]]></item>
					<item id="type"><![CDATA[3]]></item>
					<item id="adminid"><![CDATA[0]]></item>
					<item id="displayorder"><![CDATA[4]]></item>
					<item id="navtitle"><![CDATA[]]></item>
					<item id="navicon"><![CDATA[]]></item>
					<item id="navsubname"><![CDATA[]]></item>
					<item id="navsuburl"><![CDATA[]]></item>
				</item>
				<item id="9">
					<item id="name"><![CDATA[upgrade]]></item>
					<item id="param"><![CDATA[]]></item>
					<item id="menu"><![CDATA[修復插件]]></item>
					<item id="url"><![CDATA[]]></item>
					<item id="type"><![CDATA[3]]></item>
					<item id="adminid"><![CDATA[0]]></item>
					<item id="displayorder"><![CDATA[5]]></item>
					<item id="navtitle"><![CDATA[]]></item>
					<item id="navicon"><![CDATA[]]></item>
					<item id="navsubname"><![CDATA[]]></item>
					<item id="navsuburl"><![CDATA[]]></item>
				</item>
				<item id="10">
					<item id="name"><![CDATA[app]]></item>
					<item id="param"><![CDATA[]]></item>
					<item id="menu"><![CDATA[<span style="color:red">亮劍應用中心</span>]]></item>
					<item id="url"><![CDATA[]]></item>
					<item id="type"><![CDATA[3]]></item>
					<item id="adminid"><![CDATA[0]]></item>
					<item id="displayorder"><![CDATA[50]]></item>
					<item id="navtitle"><![CDATA[]]></item>
					<item id="navicon"><![CDATA[]]></item>
					<item id="navsubname"><![CDATA[]]></item>
					<item id="navsuburl"><![CDATA[]]></item>
				</item>
			</item>
		</item>
		<item id="version"><![CDATA[X2.5,X3,X3.1,X3.2]]></item>
		<item id="var">
			<item id="0">
				<item id="displayorder"><![CDATA[0]]></item>
				<item id="title"><![CDATA[是否開啟首頁0回答問題]]></item>
				<item id="description"><![CDATA[關閉後問答首頁將不顯示0回答問題]]></item>
				<item id="variable"><![CDATA[iszero]]></item>
				<item id="type"><![CDATA[radio]]></item>
				<item id="value"><![CDATA[1]]></item>
				<item id="extra"><![CDATA[]]></item>
			</item>
			<item id="1">
				<item id="displayorder"><![CDATA[0]]></item>
				<item id="title"><![CDATA[是否開啟首頁已解決問題]]></item>
				<item id="description"><![CDATA[關閉後問答首頁將不顯示已解決問題]]></item>
				<item id="variable"><![CDATA[isyjj]]></item>
				<item id="type"><![CDATA[radio]]></item>
				<item id="value"><![CDATA[1]]></item>
				<item id="extra"><![CDATA[]]></item>
			</item>
			<item id="2">
				<item id="displayorder"><![CDATA[0]]></item>
				<item id="title"><![CDATA[是否開啟首頁待解決問題]]></item>
				<item id="description"><![CDATA[關閉後問答首頁將不顯示待解決問題]]></item>
				<item id="variable"><![CDATA[isdj]]></item>
				<item id="type"><![CDATA[radio]]></item>
				<item id="value"><![CDATA[1]]></item>
				<item id="extra"><![CDATA[]]></item>
			</item>
			<item id="3">
				<item id="displayorder"><![CDATA[0]]></item>
				<item id="title"><![CDATA[是否開啟首頁推薦輪轉]]></item>
				<item id="description"><![CDATA[當推送主題沒有填寫的時候可以暫時關閉首頁推薦輪轉，以免留空。]]></item>
				<item id="variable"><![CDATA[istj]]></item>
				<item id="type"><![CDATA[radio]]></item>
				<item id="value"><![CDATA[1]]></item>
				<item id="extra"><![CDATA[]]></item>
			</item>
			<item id="4">
				<item id="displayorder"><![CDATA[0]]></item>
				<item id="title"><![CDATA[是否開啟首頁高懸賞問題]]></item>
				<item id="description"><![CDATA[關閉後問答首頁將不顯示高懸賞問題]]></item>
				<item id="variable"><![CDATA[isgxs]]></item>
				<item id="type"><![CDATA[radio]]></item>
				<item id="value"><![CDATA[1]]></item>
				<item id="extra"><![CDATA[]]></item>
			</item>
			<item id="5">
				<item id="displayorder"><![CDATA[0]]></item>
				<item id="title"><![CDATA[是否開啟首頁排行]]></item>
				<item id="description"><![CDATA[]]></item>
				<item id="variable"><![CDATA[ispaihang]]></item>
				<item id="type"><![CDATA[radio]]></item>
				<item id="value"><![CDATA[1]]></item>
				<item id="extra"><![CDATA[]]></item>
			</item>
			<item id="6">
				<item id="displayorder"><![CDATA[0]]></item>
				<item id="title"><![CDATA[是否開啟二維碼展示]]></item>
				<item id="description"><![CDATA[開啟後首頁跟問題展示頁會顯示帶鏈接的二維碼，手機直接掃描進入手機版]]></item>
				<item id="variable"><![CDATA[iserweima]]></item>
				<item id="type"><![CDATA[radio]]></item>
				<item id="value"><![CDATA[1]]></item>
				<item id="extra"><![CDATA[]]></item>
			</item>
			<item id="7">
				<item id="displayorder"><![CDATA[0]]></item>
				<item id="title"><![CDATA[手機二維碼顯示在分類下方]]></item>
				<item id="description"><![CDATA[默認顯示在世界之最上方
選是將顯示在問題分類下方]]></item>
				<item id="variable"><![CDATA[isqrcode]]></item>
				<item id="type"><![CDATA[radio]]></item>
				<item id="value"><![CDATA[0]]></item>
				<item id="extra"><![CDATA[]]></item>
			</item>
			<item id="8">
				<item id="displayorder"><![CDATA[0]]></item>
				<item id="title"><![CDATA[允許發布外鏈用戶組]]></item>
				<item id="description"><![CDATA[留空不限制
問答提問跟回答允許發布外鏈的用戶組]]></item>
				<item id="variable"><![CDATA[url_groups]]></item>
				<item id="type"><![CDATA[groups]]></item>
				<item id="value"><![CDATA[]]></item>
				<item id="extra"><![CDATA[]]></item>
			</item>
			<item id="9">
				<item id="displayorder"><![CDATA[1]]></item>
				<item id="title"><![CDATA[是否開啟問答推送論壇]]></item>
				<item id="description"><![CDATA[開啟問答推送論壇將會把問題同步到論壇中
****開啟後請到問題分類中綁定各分類對應的同步版塊]]></item>
				<item id="variable"><![CDATA[tuisong]]></item>
				<item id="type"><![CDATA[radio]]></item>
				<item id="value"><![CDATA[1]]></item>
				<item id="extra"><![CDATA[]]></item>
			</item>
			<item id="10">
				<item id="displayorder"><![CDATA[1]]></item>
				<item id="title"><![CDATA[論壇同步問答只同步懸賞帖]]></item>
				<item id="description"><![CDATA[開起開關論壇版塊下的帖子將只有懸賞帖才會同步到問答]]></item>
				<item id="variable"><![CDATA[isspecial]]></item>
				<item id="type"><![CDATA[radio]]></item>
				<item id="value"><![CDATA[0]]></item>
				<item id="extra"><![CDATA[]]></item>
			</item>
			<item id="11">
				<item id="displayorder"><![CDATA[1]]></item>
				<item id="title"><![CDATA[是否開啟論壇同步問答]]></item>
				<item id="description"><![CDATA[開啟論壇同步問答將會把綁定版塊下的發帖同步到問答中
***需要問答獨立請關閉此開關。]]></item>
				<item id="variable"><![CDATA[isforum]]></item>
				<item id="type"><![CDATA[radio]]></item>
				<item id="value"><![CDATA[1]]></item>
				<item id="extra"><![CDATA[]]></item>
			</item>
			<item id="12">
				<item id="displayorder"><![CDATA[2]]></item>
				<item id="title"><![CDATA[綁定關聯版塊]]></item>
				<item id="description"><![CDATA[綁定關聯版塊用于論壇帖子同步到問答、舊問題導入、分類綁定版塊（用于問答帖子同步到論壇）]]></item>
				<item id="variable"><![CDATA[wenwenbk]]></item>
				<item id="type"><![CDATA[forums]]></item>
				<item id="extra"><![CDATA[]]></item>
				<item id="__value">
					<item id="0"><![CDATA[2]]></item>
				</item>
			</item>
			<item id="13">
				<item id="displayorder"><![CDATA[3]]></item>
				<item id="title"><![CDATA[允許回答的用戶組]]></item>
				<item id="description"><![CDATA[留空不限制]]></item>
				<item id="variable"><![CDATA[reply_groups]]></item>
				<item id="type"><![CDATA[groups]]></item>
				<item id="extra"><![CDATA[]]></item>
				<item id="__value">
					<item id="0"><![CDATA[]]></item>
				</item>
			</item>
			<item id="14">
				<item id="displayorder"><![CDATA[3]]></item>
				<item id="title"><![CDATA[不允許回答的用戶組提示]]></item>
				<item id="description"><![CDATA[]]></item>
				<item id="variable"><![CDATA[prompt]]></item>
				<item id="type"><![CDATA[textarea]]></item>
				<item id="value"><![CDATA[你所在的用戶組暫未支持回答問題，請努力升級哦~。~]]></item>
				<item id="extra"><![CDATA[]]></item>
			</item>
			<item id="15">
				<item id="displayorder"><![CDATA[4]]></item>
				<item id="title"><![CDATA[普通問答帖消耗積分數]]></item>
				<item id="description"><![CDATA[發布普通問答帖消耗積分數，請填寫數字，填0不消耗積分]]></item>
				<item id="variable"><![CDATA[putong]]></item>
				<item id="type"><![CDATA[number]]></item>
				<item id="value"><![CDATA[0]]></item>
				<item id="extra"><![CDATA[]]></item>
			</item>
			<item id="16">
				<item id="displayorder"><![CDATA[4]]></item>
				<item id="title"><![CDATA[普通問答帖消耗積分說明]]></item>
				<item id="description"><![CDATA[普通問答帖消耗積分說明將會顯示在發表問題的標題框中。
最多顯示30個（含標點符號）
積分類型=｛jflx｝
消耗積分數=｛jfs｝]]></item>
				<item id="variable"><![CDATA[shuoming]]></item>
				<item id="type"><![CDATA[textarea]]></item>
				<item id="value"><![CDATA[發布普通問答帖需要消耗{jflx}{jfs}(懸賞不扣除！)]]></item>
				<item id="extra"><![CDATA[]]></item>
			</item>
			<item id="17">
				<item id="displayorder"><![CDATA[4]]></item>
				<item id="title"><![CDATA[普通問答帖消耗積分類型]]></item>
				<item id="description"><![CDATA[]]></item>
				<item id="variable"><![CDATA[putongjflx]]></item>
				<item id="type"><![CDATA[extcredit]]></item>
				<item id="value"><![CDATA[2]]></item>
				<item id="extra"><![CDATA[]]></item>
			</item>
			<item id="18">
				<item id="displayorder"><![CDATA[6]]></item>
				<item id="title"><![CDATA[最佳答案獎勵積分數]]></item>
				<item id="description"><![CDATA[普通問答帖中回答被采納獎勵積分數，懸賞帖回答被采納獎勵積分數+懸賞積分]]></item>
				<item id="variable"><![CDATA[zuijiadaan]]></item>
				<item id="type"><![CDATA[number]]></item>
				<item id="value"><![CDATA[10]]></item>
				<item id="extra"><![CDATA[]]></item>
			</item>
			<item id="19">
				<item id="displayorder"><![CDATA[6]]></item>
				<item id="title"><![CDATA[懸賞最佳答案積分類型]]></item>
				<item id="description"><![CDATA[請設置一個問答懸賞帖子、最佳答案獎勵積分項，如開啟懸賞帖請到（全局--積分設置--懸賞使用的積分）請保持論壇的懸賞積分跟問答的懸賞最佳答案積分類型一致
此積分也是排行積分]]></item>
				<item id="variable"><![CDATA[wendajf]]></item>
				<item id="type"><![CDATA[extcredit]]></item>
				<item id="value"><![CDATA[2]]></item>
				<item id="extra"><![CDATA[]]></item>
			</item>
			<item id="20">
				<item id="displayorder"><![CDATA[7]]></item>
				<item id="title"><![CDATA[緩存時間]]></item>
				<item id="description"><![CDATA[請填寫緩存時間（必須以分鐘為單位，填寫小時將不生效），小時必須轉化為分鐘。]]></item>
				<item id="variable"><![CDATA[cache]]></item>
				<item id="type"><![CDATA[number]]></item>
				<item id="value"><![CDATA[120]]></item>
				<item id="extra"><![CDATA[]]></item>
			</item>
			<item id="21">
				<item id="displayorder"><![CDATA[9]]></item>
				<item id="title"><![CDATA[推送主題圖片1]]></item>
				<item id="description"><![CDATA[不推送首頁不顯示,請填寫要推送的圖片地址，格式如source/plugin/wenwen/images/ac.jpg]]></item>
				<item id="variable"><![CDATA[tupian1]]></item>
				<item id="type"><![CDATA[text]]></item>
				<item id="value"><![CDATA[source/plugin/ljww360/images/ac.jpg]]></item>
				<item id="extra"><![CDATA[]]></item>
			</item>
			<item id="22">
				<item id="displayorder"><![CDATA[10]]></item>
				<item id="title"><![CDATA[推送主題圖片2]]></item>
				<item id="description"><![CDATA[不推送首頁不顯示,請填寫要推送的圖片地址，格式如source/plugin/wenwen/images/ac.jpg]]></item>
				<item id="variable"><![CDATA[tupian2]]></item>
				<item id="type"><![CDATA[text]]></item>
				<item id="value"><![CDATA[source/plugin/ljww360/images/a1.jpg]]></item>
				<item id="extra"><![CDATA[]]></item>
			</item>
			<item id="23">
				<item id="displayorder"><![CDATA[11]]></item>
				<item id="title"><![CDATA[推送主題圖片3]]></item>
				<item id="description"><![CDATA[不推送首頁不顯示,請填寫要推送的圖片地址，格式如source/plugin/wenwen/images/ac.jpg]]></item>
				<item id="variable"><![CDATA[tupian3]]></item>
				<item id="type"><![CDATA[text]]></item>
				<item id="value"><![CDATA[source/plugin/ljww360/images/a2.jpg]]></item>
				<item id="extra"><![CDATA[]]></item>
			</item>
			<item id="24">
				<item id="displayorder"><![CDATA[13]]></item>
				<item id="title"><![CDATA[SEO標題]]></item>
				<item id="description"><![CDATA[]]></item>
				<item id="variable"><![CDATA[title]]></item>
				<item id="type"><![CDATA[text]]></item>
				<item id="value"><![CDATA[SEO問答]]></item>
				<item id="extra"><![CDATA[]]></item>
			</item>
			<item id="25">
				<item id="displayorder"><![CDATA[14]]></item>
				<item id="title"><![CDATA[SEO關鍵字]]></item>
				<item id="description"><![CDATA[]]></item>
				<item id="variable"><![CDATA[keywords]]></item>
				<item id="type"><![CDATA[text]]></item>
				<item id="value"><![CDATA[SEO問答]]></item>
				<item id="extra"><![CDATA[]]></item>
			</item>
			<item id="26">
				<item id="displayorder"><![CDATA[15]]></item>
				<item id="title"><![CDATA[SEO描述]]></item>
				<item id="description"><![CDATA[]]></item>
				<item id="variable"><![CDATA[description]]></item>
				<item id="type"><![CDATA[textarea]]></item>
				<item id="value"><![CDATA[亮劍SEO問答是由亮劍SEO社區自主研發基于社區的互動式SEO知識問答分享平台]]></item>
				<item id="extra"><![CDATA[]]></item>
			</item>
			<item id="27">
				<item id="displayorder"><![CDATA[16]]></item>
				<item id="title"><![CDATA[版權信息]]></item>
				<item id="description"><![CDATA[]]></item>
				<item id="variable"><![CDATA[banquan]]></item>
				<item id="type"><![CDATA[textarea]]></item>
				<item id="value"><![CDATA[<div style="border: 1px solid #D5D5D5;margin-top:10px" class="mod-userlogin">
                    <div class="bd clearfix">
                       <p>版權信息
    </p>
  <p>精仿360問答 V3.6.3
  </p>
  <p><a href="http://www.dzx30.com" target="_blank">@亮劍Discuz!</a></p></div>
                    </div>
                </div>]]></item>
				<item id="extra"><![CDATA[]]></item>
			</item>
			<item id="28">
				<item id="displayorder"><![CDATA[17]]></item>
				<item id="title"><![CDATA[頂部顯示]]></item>
				<item id="description"><![CDATA[]]></item>
				<item id="variable"><![CDATA[dingbu]]></item>
				<item id="type"><![CDATA[text]]></item>
				<item id="value"><![CDATA[問答系統]]></item>
				<item id="extra"><![CDATA[]]></item>
			</item>
			<item id="29">
				<item id="displayorder"><![CDATA[18]]></item>
				<item id="title"><![CDATA[等級規則]]></item>
				<item id="description"><![CDATA[]]></item>
				<item id="variable"><![CDATA[grade]]></item>
				<item id="type"><![CDATA[textarea]]></item>
				<item id="value"><![CDATA[1=10
2=100
3=300
4=400
5=500
6=600
7=700
8=800
9=900
10=1000
11=1100
12=1200
13=1300
14=1400
15=2000
16=2200
17=2400
18=2600
19=2800
20=3000
21=3500
22=4000
23=4500
24=5000
25=5500
26=6000
27=6500
28=7000
29=7500
30=8000
31=8500
32=9000
33=9500
34=10000
35=15000
36=20000
37=25000
38=30000
39=35000
40=40000
41=60000
42=80000
43=100000
44=150000
45=200000
46=250000
46=300000
47=500000
48=800000
49=1000000]]></item>
				<item id="extra"><![CDATA[]]></item>
			</item>
			<item id="30">
				<item id="displayorder"><![CDATA[19]]></item>
				<item id="title"><![CDATA[是否開啟懸賞帖]]></item>
				<item id="description"><![CDATA[]]></item>
				<item id="variable"><![CDATA[isxst]]></item>
				<item id="type"><![CDATA[radio]]></item>
				<item id="value"><![CDATA[1]]></item>
				<item id="extra"><![CDATA[]]></item>
			</item>
			<item id="31">
				<item id="displayorder"><![CDATA[19]]></item>
				<item id="title"><![CDATA[懸賞帖稅率]]></item>
				<item id="description"><![CDATA[默認公式︰所支付積分總數=懸賞積分*0.2+懸賞積分]]></item>
				<item id="variable"><![CDATA[xsgs]]></item>
				<item id="type"><![CDATA[text]]></item>
				<item id="value"><![CDATA[0.2]]></item>
				<item id="extra"><![CDATA[0.1 = 0.1
0.2 = 0.2 
0.3 = 0.3
0.4 = 0.4
0.5 = 0.5]]></item>
			</item>
			<item id="32">
				<item id="displayorder"><![CDATA[19]]></item>
				<item id="title"><![CDATA[強制懸賞帖提示語]]></item>
				<item id="description"><![CDATA[開啟強制懸賞帖，如發的不是懸賞的提示語]]></item>
				<item id="variable"><![CDATA[tsy]]></item>
				<item id="type"><![CDATA[textarea]]></item>
				<item id="value"><![CDATA[懸賞積分必須選擇或填寫]]></item>
				<item id="extra"><![CDATA[]]></item>
			</item>
			<item id="33">
				<item id="displayorder"><![CDATA[19]]></item>
				<item id="title"><![CDATA[是否強制發懸賞帖子]]></item>
				<item id="description"><![CDATA[選是在問答中發帖必須懸賞積分才能發布問題，同時最好網站版塊中發帖也強制只發懸賞帖]]></item>
				<item id="variable"><![CDATA[isxs]]></item>
				<item id="type"><![CDATA[radio]]></item>
				<item id="value"><![CDATA[0]]></item>
				<item id="extra"><![CDATA[]]></item>
			</item>
			<item id="34">
				<item id="displayorder"><![CDATA[20]]></item>
				<item id="title"><![CDATA[最高懸賞值]]></item>
				<item id="description"><![CDATA[如超過此值將提示用戶懸賞積分不能高于最高懸賞值]]></item>
				<item id="variable"><![CDATA[zgxsz]]></item>
				<item id="type"><![CDATA[number]]></item>
				<item id="value"><![CDATA[500]]></item>
				<item id="extra"><![CDATA[]]></item>
			</item>
			<item id="35">
				<item id="displayorder"><![CDATA[22]]></item>
				<item id="title"><![CDATA[追加懸賞提示語]]></item>
				<item id="description"><![CDATA[]]></item>
				<item id="variable"><![CDATA[zjysy]]></item>
				<item id="type"><![CDATA[textarea]]></item>
				<item id="value"><![CDATA[<font color="red">當您對問題懸賞更多積分時，該問題將會出現在所屬分類的高懸賞問題列表上方，<br/>提高被回答者看到的幾率。<br/>您所需要支付積分總數為追加懸賞積分*{xssl}+追加懸賞積分</font>]]></item>
				<item id="extra"><![CDATA[]]></item>
			</item>
			<item id="36">
				<item id="displayorder"><![CDATA[23]]></item>
				<item id="title"><![CDATA[首頁問題顯示條數]]></item>
				<item id="description"><![CDATA[問答首頁未解決、已解決、高懸賞、零回答，問題顯示條數，默認7條]]></item>
				<item id="variable"><![CDATA[indexasknum]]></item>
				<item id="type"><![CDATA[number]]></item>
				<item id="value"><![CDATA[7]]></item>
				<item id="extra"><![CDATA[]]></item>
			</item>
			<item id="37">
				<item id="displayorder"><![CDATA[23]]></item>
				<item id="title"><![CDATA[分類列表頁問題顯示條數]]></item>
				<item id="description"><![CDATA[]]></item>
				<item id="variable"><![CDATA[flasknum]]></item>
				<item id="type"><![CDATA[number]]></item>
				<item id="value"><![CDATA[15]]></item>
				<item id="extra"><![CDATA[]]></item>
			</item>
			<item id="38">
				<item id="displayorder"><![CDATA[24]]></item>
				<item id="title"><![CDATA[每天獎勵積分類型]]></item>
				<item id="description"><![CDATA[]]></item>
				<item id="variable"><![CDATA[jljflx]]></item>
				<item id="type"><![CDATA[extcredit]]></item>
				<item id="value"><![CDATA[2]]></item>
				<item id="extra"><![CDATA[]]></item>
			</item>
			<item id="39">
				<item id="displayorder"><![CDATA[25]]></item>
				<item id="title"><![CDATA[每天前多少個回復有獎勵]]></item>
				<item id="description"><![CDATA[每天每人限制前多少個回答問題有積分獎勵]]></item>
				<item id="variable"><![CDATA[brjlnum]]></item>
				<item id="type"><![CDATA[number]]></item>
				<item id="value"><![CDATA[2]]></item>
				<item id="extra"><![CDATA[]]></item>
			</item>
			<item id="40">
				<item id="displayorder"><![CDATA[25]]></item>
				<item id="title"><![CDATA[每天回答問題積分獎勵數]]></item>
				<item id="description"><![CDATA[每天回復未超出限制時的獎勵積分數]]></item>
				<item id="variable"><![CDATA[brjl]]></item>
				<item id="type"><![CDATA[number]]></item>
				<item id="value"><![CDATA[2]]></item>
				<item id="extra"><![CDATA[]]></item>
			</item>
			<item id="41">
				<item id="displayorder"><![CDATA[26]]></item>
				<item id="title"><![CDATA[允許管理問答用戶組]]></item>
				<item id="description"><![CDATA[注︰允許管理問答用戶組權限︰代選最佳答案、設置問答帖子分類、編輯修改問答帖子
設置分類︰可以給沒有分類的問答版塊下的帖子選擇分類
代選最佳答案︰可以給一段時間後沒有選最佳答案的問答帖代選最佳答案]]></item>
				<item id="variable"><![CDATA[dxuser]]></item>
				<item id="type"><![CDATA[groups]]></item>
				<item id="extra"><![CDATA[]]></item>
				<item id="__value">
					<item id="0"><![CDATA[1]]></item>
				</item>
			</item>
			<item id="42">
				<item id="displayorder"><![CDATA[27]]></item>
				<item id="title"><![CDATA[問題分享代碼]]></item>
				<item id="description"><![CDATA[]]></item>
				<item id="variable"><![CDATA[fenxiang]]></item>
				<item id="type"><![CDATA[textarea]]></item>
				<item id="value"><![CDATA[<div class="jiathis_style">
	<span class="jiathis_txt">分享到︰</span>
	<a class="jiathis_button_tools_1"></a>
	<a class="jiathis_button_tools_2"></a>
	<a class="jiathis_button_tools_3"></a>
	<a class="jiathis_button_tools_4"></a>
	<a href="http://www.jiathis.com/share" class="jiathis jiathis_txt jiathis_separator jtico jtico_jiathis" target="_blank">更多</a>
	<a class="jiathis_counter_style"></a>
</div>]]></item>
				<item id="extra"><![CDATA[]]></item>
			</item>
			<item id="43">
				<item id="displayorder"><![CDATA[28]]></item>
				<item id="title"><![CDATA[開啟認證才能發布問題]]></item>
				<item id="description"><![CDATA[開啟開關將只有認證通過的用戶才能在問答發布問題
開啟開關請選擇一個認證選項]]></item>
				<item id="variable"><![CDATA[isverify]]></item>
				<item id="type"><![CDATA[radio]]></item>
				<item id="value"><![CDATA[0]]></item>
				<item id="extra"><![CDATA[]]></item>
			</item>
			<item id="44">
				<item id="displayorder"><![CDATA[29]]></item>
				<item id="title"><![CDATA[認證verify選項]]></item>
				<item id="description"><![CDATA[開啟後請選擇一個認證verify
DZ默認6為實名，7為視頻，12345為自定義認證]]></item>
				<item id="variable"><![CDATA[verify]]></item>
				<item id="type"><![CDATA[select]]></item>
				<item id="value"><![CDATA[6]]></item>
				<item id="extra"><![CDATA[1 = verify1
2 = verify2
3 = verify3
4 = verify4
5 = verify5
6 = verify6
7 = verify7]]></item>
			</item>
			<item id="45">
				<item id="displayorder"><![CDATA[30]]></item>
				<item id="title"><![CDATA[是否開啟偽靜態]]></item>
				<item id="description"><![CDATA[]]></item>
				<item id="variable"><![CDATA[isrewrite]]></item>
				<item id="type"><![CDATA[radio]]></item>
				<item id="value"><![CDATA[0]]></item>
				<item id="extra"><![CDATA[]]></item>
			</item>
			<item id="46">
				<item id="displayorder"><![CDATA[31]]></item>
				<item id="title"><![CDATA[是否開啟插件白背景]]></item>
				<item id="description"><![CDATA[]]></item>
				<item id="variable"><![CDATA[background]]></item>
				<item id="type"><![CDATA[radio]]></item>
				<item id="value"><![CDATA[1]]></item>
				<item id="extra"><![CDATA[]]></item>
			</item>
			<item id="47">
				<item id="displayorder"><![CDATA[32]]></item>
				<item id="title"><![CDATA[是否開啟輪轉標題]]></item>
				<item id="description"><![CDATA[]]></item>
				<item id="variable"><![CDATA[issubject]]></item>
				<item id="type"><![CDATA[radio]]></item>
				<item id="value"><![CDATA[1]]></item>
				<item id="extra"><![CDATA[]]></item>
			</item>
			<item id="48">
				<item id="displayorder"><![CDATA[33]]></item>
				<item id="title"><![CDATA[問題頁右側廣告1]]></item>
				<item id="description"><![CDATA[<div id="mod-userinfo"  style="width: 268px;float:left;border: 1px solid #E4E4E4;margin-top:5px;">
        <a href="http://www.ymg6.com/gg/addon.php?/?@liangjian"><img src="source/plugin/ljww360/images/meinv.jpg" style="width:268px;height:330px;"/></a>
</div>]]></item>
				<item id="variable"><![CDATA[gg1]]></item>
				<item id="type"><![CDATA[textarea]]></item>
				<item id="value"><![CDATA[]]></item>
				<item id="extra"><![CDATA[]]></item>
			</item>
			<item id="49">
				<item id="displayorder"><![CDATA[34]]></item>
				<item id="title"><![CDATA[問題頁右側廣告2]]></item>
				<item id="description"><![CDATA[<div id="mod-userinfo"  style="width: 268px;float:left;border: 1px solid #E4E4E4;margin-top:5px;">
        <a href="http://www.ymg6.com/gg/addon.php?/?@liangjian"><img src="source/plugin/ljww360/images/meinv.jpg" style="width:268px;height:330px;"/></a>
</div>]]></item>
				<item id="variable"><![CDATA[gg2]]></item>
				<item id="type"><![CDATA[textarea]]></item>
				<item id="value"><![CDATA[]]></item>
				<item id="extra"><![CDATA[]]></item>
			</item>
			<item id="50">
				<item id="displayorder"><![CDATA[35]]></item>
				<item id="title"><![CDATA[發帖編輯器開啟精簡版]]></item>
				<item id="description"><![CDATA[]]></item>
				<item id="variable"><![CDATA[iseditor]]></item>
				<item id="type"><![CDATA[radio]]></item>
				<item id="value"><![CDATA[0]]></item>
				<item id="extra"><![CDATA[]]></item>
			</item>
			<item id="51">
				<item id="displayorder"><![CDATA[36]]></item>
				<item id="title"><![CDATA[回帖編輯開啟精簡版]]></item>
				<item id="description"><![CDATA[]]></item>
				<item id="variable"><![CDATA[isheditor]]></item>
				<item id="type"><![CDATA[radio]]></item>
				<item id="value"><![CDATA[1]]></item>
				<item id="extra"><![CDATA[]]></item>
			</item>
			<item id="52">
				<item id="displayorder"><![CDATA[37]]></item>
				<item id="title"><![CDATA[搜索提示]]></item>
				<item id="description"><![CDATA[]]></item>
				<item id="variable"><![CDATA[ssts]]></item>
				<item id="type"><![CDATA[text]]></item>
				<item id="value"><![CDATA[ 請輸入搜索內容!]]></item>
				<item id="extra"><![CDATA[]]></item>
			</item>
			<item id="53">
				<item id="displayorder"><![CDATA[38]]></item>
				<item id="title"><![CDATA[搜索框顏色]]></item>
				<item id="description"><![CDATA[]]></item>
				<item id="variable"><![CDATA[sscolor]]></item>
				<item id="type"><![CDATA[color]]></item>
				<item id="value"><![CDATA[#3EAF0E]]></item>
				<item id="extra"><![CDATA[]]></item>
			</item>
			<item id="54">
				<item id="displayorder"><![CDATA[39]]></item>
				<item id="title"><![CDATA[搜索按鈕顏色]]></item>
				<item id="description"><![CDATA[]]></item>
				<item id="variable"><![CDATA[scolor]]></item>
				<item id="type"><![CDATA[color]]></item>
				<item id="value"><![CDATA[#3EAF0E]]></item>
				<item id="extra"><![CDATA[]]></item>
			</item>
			<item id="55">
				<item id="displayorder"><![CDATA[40]]></item>
				<item id="title"><![CDATA[提問按鈕顏色]]></item>
				<item id="description"><![CDATA[]]></item>
				<item id="variable"><![CDATA[tcolor]]></item>
				<item id="type"><![CDATA[color]]></item>
				<item id="value"><![CDATA[#3EAF0E]]></item>
				<item id="extra"><![CDATA[]]></item>
			</item>
			<item id="56">
				<item id="displayorder"><![CDATA[41]]></item>
				<item id="title"><![CDATA[顯示全部二級分類]]></item>
				<item id="description"><![CDATA[選是二級分類將不在彈窗中顯示，直接頁面上顯示全部二級分類]]></item>
				<item id="variable"><![CDATA[istwo]]></item>
				<item id="type"><![CDATA[radio]]></item>
				<item id="value"><![CDATA[0]]></item>
				<item id="extra"><![CDATA[]]></item>
			</item>
			<item id="57">
				<item id="displayorder"><![CDATA[41]]></item>
				<item id="title"><![CDATA[輪轉橫條顏色]]></item>
				<item id="description"><![CDATA[]]></item>
				<item id="variable"><![CDATA[lz_color]]></item>
				<item id="type"><![CDATA[color]]></item>
				<item id="value"><![CDATA[#68b2fc]]></item>
				<item id="extra"><![CDATA[]]></item>
			</item>
			<item id="58">
				<item id="displayorder"><![CDATA[42]]></item>
				<item id="title"><![CDATA[允許提問用戶組]]></item>
				<item id="description"><![CDATA[]]></item>
				<item id="variable"><![CDATA[lj_groups]]></item>
				<item id="type"><![CDATA[groups]]></item>
				<item id="extra"><![CDATA[]]></item>
				<item id="__value">
					<item id="0"><![CDATA[10]]></item>
					<item id="1"><![CDATA[11]]></item>
					<item id="2"><![CDATA[12]]></item>
					<item id="3"><![CDATA[13]]></item>
					<item id="4"><![CDATA[14]]></item>
					<item id="5"><![CDATA[15]]></item>
					<item id="6"><![CDATA[20]]></item>
					<item id="7"><![CDATA[16]]></item>
					<item id="8"><![CDATA[17]]></item>
					<item id="9"><![CDATA[18]]></item>
					<item id="10"><![CDATA[19]]></item>
					<item id="11"><![CDATA[1]]></item>
					<item id="12"><![CDATA[2]]></item>
					<item id="13"><![CDATA[3]]></item>
				</item>
			</item>
			<item id="59">
				<item id="displayorder"><![CDATA[43]]></item>
				<item id="title"><![CDATA[不允許提問提示語]]></item>
				<item id="description"><![CDATA[]]></item>
				<item id="variable"><![CDATA[lj_tsy]]></item>
				<item id="type"><![CDATA[textarea]]></item>
				<item id="value"><![CDATA[您所在的用戶組暫無權限發布問題，請努力升級︰）]]></item>
				<item id="extra"><![CDATA[]]></item>
			</item>
			<item id="60">
				<item id="displayorder"><![CDATA[44]]></item>
				<item id="title"><![CDATA[是否開啟名言]]></item>
				<item id="description"><![CDATA[]]></item>
				<item id="variable"><![CDATA[ismingren]]></item>
				<item id="type"><![CDATA[radio]]></item>
				<item id="value"><![CDATA[0]]></item>
				<item id="extra"><![CDATA[]]></item>
			</item>
			<item id="61">
				<item id="displayorder"><![CDATA[46]]></item>
				<item id="title"><![CDATA[問答管理員名言]]></item>
				<item id="description"><![CDATA[名言將顯示在問答看題頁
 格式︰名言|管理員名
 多個用回車分隔如︰
 名言1|管理員名1
名言2|管理員名2
雙擊輸入框可擴大/縮小]]></item>
				<item id="variable"><![CDATA[mingren]]></item>
				<item id="type"><![CDATA[textarea]]></item>
				<item id="value"><![CDATA[一個提問，一份期待；一條回答，一份回應。知識問與答，連接你和我！|-- 來自問答管理員 admin
一個提問，一份期待；一條回答，一份回應。知識問與答，連接你和我！！|-- 來自問答管理員 xxx]]></item>
				<item id="extra"><![CDATA[]]></item>
			</item>
			<item id="62">
				<item id="displayorder"><![CDATA[47]]></item>
				<item id="title"><![CDATA[問題頁顯示登錄人信息]]></item>
				<item id="description"><![CDATA[開啟開關將會在問題頁顯示登錄用戶的個人信息]]></item>
				<item id="variable"><![CDATA[isuid]]></item>
				<item id="type"><![CDATA[radio]]></item>
				<item id="value"><![CDATA[0]]></item>
				<item id="extra"><![CDATA[]]></item>
			</item>
			<item id="63">
				<item id="displayorder"><![CDATA[48]]></item>
				<item id="title"><![CDATA[是否允許用戶自己刪除問題]]></item>
				<item id="description"><![CDATA[]]></item>
				<item id="variable"><![CDATA[isdel]]></item>
				<item id="type"><![CDATA[radio]]></item>
				<item id="value"><![CDATA[0]]></item>
				<item id="extra"><![CDATA[]]></item>
			</item>
			<item id="64">
				<item id="displayorder"><![CDATA[49]]></item>
				<item id="title"><![CDATA[微社區鏈接1描述]]></item>
				<item id="description"><![CDATA[]]></item>
				<item id="variable"><![CDATA[wsq_1]]></item>
				<item id="type"><![CDATA[text]]></item>
				<item id="value"><![CDATA[訪問問答系統，幫助有需求的人]]></item>
				<item id="extra"><![CDATA[]]></item>
			</item>
			<item id="65">
				<item id="displayorder"><![CDATA[50]]></item>
				<item id="title"><![CDATA[微社區鏈接2描述]]></item>
				<item id="description"><![CDATA[]]></item>
				<item id="variable"><![CDATA[wsq_2]]></item>
				<item id="type"><![CDATA[text]]></item>
				<item id="value"><![CDATA[有不懂的問題？快來發帖求助吧]]></item>
				<item id="extra"><![CDATA[]]></item>
			</item>
			<item id="66">
				<item id="displayorder"><![CDATA[51]]></item>
				<item id="title"><![CDATA[手機版首頁輪轉圖片]]></item>
				<item id="description"><![CDATA[格式︰圖片路徑|鏈接
source/plugin/ljww360/images/ad_1.jpg|http://www.ymg6.com/gg/addon.php?/?@ljww360.plugin
source/plugin/ljww360/images/ad_2.jpg|http://www.ymg6.com/gg/addon.php?/?@ljww360.plugin]]></item>
				<item id="variable"><![CDATA[mobile_index_img]]></item>
				<item id="type"><![CDATA[textarea]]></item>
				<item id="value"><![CDATA[source/plugin/ljww360/images/ad_1.jpg|http://www.ymg6.com/gg/addon.php?/?@ljww360.plugin
source/plugin/ljww360/images/ad_2.jpg|http://www.ymg6.com/gg/addon.php?/?@ljww360.plugin]]></item>
				<item id="extra"><![CDATA[]]></item>
			</item>
			<item id="67">
				<item id="displayorder"><![CDATA[52]]></item>
				<item id="title"><![CDATA[手機版發布按鈕顏色]]></item>
				<item id="description"><![CDATA[]]></item>
				<item id="variable"><![CDATA[button_color]]></item>
				<item id="type"><![CDATA[color]]></item>
				<item id="value"><![CDATA[]]></item>
				<item id="extra"><![CDATA[]]></item>
			</item>
			<item id="68">
				<item id="displayorder"><![CDATA[53]]></item>
				<item id="title"><![CDATA[手機版頂部導航顏色]]></item>
				<item id="description"><![CDATA[]]></item>
				<item id="variable"><![CDATA[mobile_color]]></item>
				<item id="type"><![CDATA[color]]></item>
				<item id="value"><![CDATA[]]></item>
				<item id="extra"><![CDATA[]]></item>
			</item>
		</item>
		<item id="language">
			<item id="scriptlang">
				<item id="wwtype1"><![CDATA[刪除成功\]]></item>
				<item id="wwtype2"><![CDATA[您確定要刪除嗎]]></item>
				<item id="wwtype3"><![CDATA[排序]]></item>
				<item id="wwtype4"><![CDATA[分類]]></item>
				<item id="wwtype5"><![CDATA[操作]]></item>
				<item id="wwtype6"><![CDATA[刪除]]></item>
				<item id="wwtype7"><![CDATA[添加子分類]]></item>
				<item id="wwtype8"><![CDATA[添加分類]]></item>
				<item id="wwtype9"><![CDATA[更新成功\]]></item>
				<item id="wwtype10"><![CDATA[您確定要刪除嗎]]></item>
				<item id="typeid1"><![CDATA[配置成功\]]></item>
				<item id="wenwen33"><![CDATA[緩存更新成功\]]></item>
				<item id="wenwen34"><![CDATA[請選擇分類]]></item>
				<item id="wenwen1"><![CDATA[請先登錄！]]></item>
				<item id="wenwen2"><![CDATA[問題已提交]]></item>
				<item id="wenwen3"><![CDATA[不足]]></item>
				<item id="wenwen4"><![CDATA[搜索答案-]]></item>
				<item id="list1"><![CDATA[待解決-]]></item>
				<item id="list2"><![CDATA[待解決-全部-]]></item>
				<item id="list3"><![CDATA[已解決-]]></item>
				<item id="list4"><![CDATA[已解決-全部-]]></item>
				<item id="list5"><![CDATA[高懸賞-]]></item>
				<item id="list6"><![CDATA[高懸賞-全部-]]></item>
				<item id="list7"><![CDATA[零回答-]]></item>
				<item id="list8"><![CDATA[零回答-全部-]]></item>
				<item id="list9"><![CDATA[全部分類]]></item>
				<item id="mydj3"><![CDATA[我的提問-]]></item>
				<item id="mydj4"><![CDATA[我的回答-]]></item>
				<item id="mydj5"><![CDATA[我的等級-]]></item>
				<item id="myindex8"><![CDATA[個人中心-]]></item>
				<item id="search_1"><![CDATA[請到插件配置已解決主題分類！]]></item>
				<item id="wtw1"><![CDATA[最佳答案設置成功\]]></item>
				<item id="wtw2"><![CDATA[發表于]]></item>
				<item id="wtw3"><![CDATA[回復成功\]]></item>
				<item id="wtw4"><![CDATA[追加懸賞成功\]]></item>
				<item id="wtw5"><![CDATA[設置成功\]]></item>
				<item id="wtw6"><![CDATA[補充提問成功\]]></item>
				<item id="wtw7"><![CDATA[確定要刪除這個問題嗎?會把論壇帖子一起刪除哦！]]></item>
				<item id="wtw8"><![CDATA[您訪問的主題不存在!]]></item>
				<item id="wtw9"><![CDATA[已解決]]></item>
				<item id="wtw10"><![CDATA[待解決]]></item>
				<item id="wtw11"><![CDATA[我的回答]]></item>
				<item id="wtw12"><![CDATA[我的首頁]]></item>
				<item id="wtw13"><![CDATA[我的]]></item>
				<item id="wtw14"><![CDATA[我的等級]]></item>
				<item id="wtw15"><![CDATA[修改成功\]]></item>
				<item id="wtw16"><![CDATA[您的回復被問答懸賞帖]]></item>
				<item id="wtw17"><![CDATA[的作者]]></item>
				<item id="wtw18"><![CDATA[選為最佳答案]]></item>
				<item id="wtw19"><![CDATA[查看]]></item>
				<item id="wtw20"><![CDATA[回復了您在問答系統的帖子]]></item>
				<item id="wtw21"><![CDATA[請求來路不正確！]]></item>
				<item id="wtw22"><![CDATA[補充內容必須填寫！]]></item>
				<item id="wtw23"><![CDATA[追加懸賞不能為空!]]></item>
				<item id="wtw24"><![CDATA[大字體主題推送問題必須含圖！]]></item>
				<item id="wtw25"><![CDATA[推送成功\!]]></item>
				<item id="wtw26"><![CDATA[推送位置必須選擇！]]></item>
				<item id="wt_1"><![CDATA[標題不能為空]]></item>
				<item id="wt_2"><![CDATA[內容不能為空]]></item>
				<item id="wt_3"><![CDATA[分類必須選擇]]></item>
				<item id="wt_4"><![CDATA[請聯系管理員前往插件設置中的問題分類綁定發帖版塊]]></item>
				<item id="wt_5"><![CDATA[我要提問-]]></item>
				<item id="wt_6"><![CDATA[認證通過後才能發布問題哦！]]></item>
				<item id="type_1"><![CDATA[導入舊問題須知]]></item>
				<item id="type_2"><![CDATA[為了避免數據量太龐大導致導入舊問題速度過慢，我們采用自動刷新頁面分批導入方法]]></item>
				<item id="type_3"><![CDATA[導入版塊、分批數量必須填寫]]></item>
				<item id="type_4"><![CDATA[提交數據後程序會自動刷新頁面，請不要關閉瀏覽器或者關閉本頁面。]]></item>
				<item id="type_5"><![CDATA[請填寫必填參數]]></item>
				<item id="type_6"><![CDATA[開啟帖子推送綁定版塊須知]]></item>
				<item id="type_7"><![CDATA[綁定版塊]]></item>
				<item id="type_8"><![CDATA[請選擇綁定版塊]]></item>
				<item id="type_9"><![CDATA[如開啟帖子推送請自行綁定所有分類發帖所對應的版塊！]]></item>
				<item id="type_10"><![CDATA[一級分類綁定版塊調一級分類綁定的版塊，二級分類綁定後就調二級分類的版塊]]></item>
				<item id="type_11"><![CDATA[未綁定版塊的分類將不能發帖！]]></item>
				<item id="admin_wwgl_1"><![CDATA[問答管理說明]]></item>
				<item id="admin_wwgl_2"><![CDATA[問題管理提供了搜索跟批量移動分類跟批量刪除功\能]]></item>
				<item id="admin_wwgl_3"><![CDATA[問題管理需要點擊選中你要操作的問題前面的復選框才會顯示出操作按鈕]]></item>
				<item id="admin_wwgl_4"><![CDATA[問題管理點擊全選框可以選中本頁面的所有問題]]></item>
				<item id="admin_wwgl_5"><![CDATA[搜索]]></item>
				<item id="admin_wwgl_6"><![CDATA[標題]]></item>
				<item id="admin_wwgl_7"><![CDATA[作者]]></item>
				<item id="admin_wwgl_8"><![CDATA[分類]]></item>
				<item id="admin_wwgl_9"><![CDATA[懸賞]]></item>
				<item id="admin_wwgl_10"><![CDATA[回答]]></item>
				<item id="admin_wwgl_11"><![CDATA[提問時間]]></item>
				<item id="admin_wwgl_12"><![CDATA[修改成功\]]></item>
				<item id="admin_wwgl_13"><![CDATA[回復管理提供了批量刪除]]></item>
				<item id="admin_wwgl_14"><![CDATA[回復內容]]></item>
				<item id="admin_wwgl_15"><![CDATA[回復人]]></item>
				<item id="admin_wwgl_16"><![CDATA[回復時間]]></item>
				<item id="admin_wwgl_17"><![CDATA[(清空問答表)]]></item>
				<item id="ts_1"><![CDATA[標題]]></item>
				<item id="ts_2"><![CDATA[輪轉位置]]></item>
				<item id="ts_3"><![CDATA[字體大小]]></item>
				<item id="ts_4"><![CDATA[推送時間]]></item>
				<item id="ts_5"><![CDATA[大（推薦）]]></item>
				<item id="ts_6"><![CDATA[小]]></item>
				<item id="ts_7"><![CDATA[刪除成功\]]></item>
				<item id="sj_1"><![CDATA[上一頁]]></item>
				<item id="sj_2"><![CDATA[下一頁]]></item>
				<item id="yijiejue_1"><![CDATA[已解決分類技巧提示]]></item>
				<item id="yijiejue_2"><![CDATA[已解決主題分類︰設置後選擇最佳答案時將會把主題分類歸到已解決主題分類，不選將不執行本操作]]></item>
				<item id="yijiejue_3"><![CDATA[只同步主題分類︰設置後論壇同步到問答將只同步該主題分類下的問題，未設置主題分類的版塊將只同步沒有選擇分類的帖子到問答]]></item>
				<item id="yijiejue_4"><![CDATA[開啟只同步懸賞帖後只同步主題分類設置只對懸賞帖有效，普通主題將不同步]]></item>
				<item id="yijiejue_5"><![CDATA[配置成功\]]></item>
				<item id="block_1"><![CDATA[亮劍問答類]]></item>
				<item id="block_2"><![CDATA[亮劍問答]]></item>
				<item id="block_3"><![CDATA[問題標題]]></item>
				<item id="block_4"><![CDATA[已解決標識]]></item>
				<item id="block_5"><![CDATA[帖子tid]]></item>
				<item id="block_6"><![CDATA[問題id]]></item>
				<item id="block_7"><![CDATA[問題鏈接]]></item>
				<item id="block_8"><![CDATA[全部版塊]]></item>
				<item id="block_9"><![CDATA[選擇版塊]]></item>
				<item id="block_10"><![CDATA[調用問題類型]]></item>
				<item id="block_11"><![CDATA[未解決]]></item>
				<item id="block_12"><![CDATA[已解決]]></item>
				<item id="block_13"><![CDATA[高懸賞]]></item>
				<item id="block_14"><![CDATA[零回答]]></item>
				<item id="block_15"><![CDATA[主題排序方式]]></item>
				<item id="block_16"><![CDATA[按最後回復時間倒序排序]]></item>
				<item id="block_17"><![CDATA[按發布時間倒序排序]]></item>
				<item id="block_18"><![CDATA[按回復數倒序排序]]></item>
				<item id="block_19"><![CDATA[按瀏覽次數倒序排序]]></item>
				<item id="typeid_14"><![CDATA[如發現導入數據不全，請重新選擇導入，每批次數寫小點]]></item>
				<item id="typeid_15"><![CDATA[如發現BUG請聯系]]></item>
				<item id="typeid_16"><![CDATA[在線客服]]></item>
				<item id="wsq_1"><![CDATA[訪問問答系統，幫助有需求的人]]></item>
				<item id="wsq_2"><![CDATA[有不懂的問題？快來發帖求助吧]]></item>
				<item id="biggest_reward"><![CDATA[您超過了最大懸賞]]></item>
				<item id="bbname"><![CDATA[站點名稱]]></item>
				<item id="code"><![CDATA[可用代碼，點擊插入: ]]></item>
				<item id="cat"><![CDATA[分類]]></item>
				<item id="problem_state"><![CDATA[問題狀態]]></item>
				<item id="page_index"><![CDATA[首頁]]></item>
				<item id="page_list"><![CDATA[列表頁]]></item>
				<item id="page_view"><![CDATA[詳情頁]]></item>
				<item id="region"><![CDATA[地區]]></item>
				<item id="seotitle"><![CDATA[標題(title)]]></item>
				<item id="seokeywords"><![CDATA[關鍵詞(keywords)]]></item>
				<item id="seodescription"><![CDATA[描述(description)]]></item>
				<item id="seo_update_succeed"><![CDATA[SEO設置成功\更新]]></item>
				<item id="The_successful_introduction"><![CDATA[成功\導入]]></item>
				<item id="A_update"><![CDATA[個，更新]]></item>
				<item id="ge"><![CDATA[個]]></item>
			</item>
			<item id="templatelang">
				<item id="wenwen1"><![CDATA[首頁]]></item>
				<item id="wenwen2"><![CDATA[亮劍問答系統]]></item>
				<item id="wenwen3"><![CDATA[更新緩存數據]]></item>
				<item id="wenwen4"><![CDATA[待解決問題]]></item>
				<item id="wenwen5"><![CDATA[更多]]></item>
				<item id="wenwen6"><![CDATA[回答]]></item>
				<item id="wenwen7"><![CDATA[已解決問題]]></item>
				<item id="wenwen8"><![CDATA[所有問題分類]]></item>
				<item id="wenwen9"><![CDATA[歡迎您︰]]></item>
				<item id="wenwen10"><![CDATA[提問數]]></item>
				<item id="wenwen11"><![CDATA[回答數]]></item>
				<item id="wenwen12"><![CDATA[采納率]]></item>
				<item id="wenwen13"><![CDATA[總有一個人知道你問題的答案]]></item>
				<item id="wenwen14"><![CDATA[我要提問]]></item>
				<item id="wenwen15"><![CDATA[問答之星]]></item>
				<item id="wenwen16"><![CDATA[等級︰]]></item>
				<item id="wenwen17"><![CDATA[精選回答]]></item>
				<item id="wenwen18"><![CDATA[積分排行榜]]></item>
				<item id="wenwen19"><![CDATA[版權信息]]></item>
				<item id="wenwen20"><![CDATA[亮劍SEO社區]]></item>
				<item id="wenwen21"><![CDATA[版本︰]]></item>
				<item id="wenwen22"><![CDATA[按分類查找]]></item>
				<item id="wenwen23"><![CDATA[按關鍵詞查找]]></item>
				<item id="wenwen24"><![CDATA[搜索]]></item>
				<item id="wenwen25"><![CDATA[請先登錄！]]></item>
				<item id="wenwen26"><![CDATA[高懸賞]]></item>
				<item id="wenwen27"><![CDATA[零回答]]></item>
				<item id="wenwen28"><![CDATA[標題]]></item>
				<item id="wenwen29"><![CDATA[時間]]></item>
				<item id="wenwen30"><![CDATA[我來回答]]></item>
				<item id="wenwen31"><![CDATA[問題分類]]></item>
				<item id="wenwen32"><![CDATA[提問]]></item>
				<item id="wenwen33"><![CDATA[緩存更新成功\]]></item>
				<item id="wenwen34"><![CDATA[請選擇分類]]></item>
				<item id="wenwen35"><![CDATA[問題描述]]></item>
				<item id="wenwen36"><![CDATA[我的]]></item>
				<item id="wenwen37"><![CDATA[懸賞]]></item>
				<item id="wenwen38"><![CDATA[提交問題]]></item>
				<item id="wenwen39"><![CDATA[搜索答案]]></item>
				<item id="wenwen40"><![CDATA[?提問]]></item>
				<item id="wenwen41"><![CDATA[高懸賞問題]]></item>
				<item id="wenwen42"><![CDATA[排行榜]]></item>
				<item id="wenwen43"><![CDATA[零回答問題]]></item>
				<item id="wenwen44"><![CDATA[我要回答]]></item>
				<item id="wenwen45"><![CDATA[提問結果]]></item>
				<item id="wenwen46"><![CDATA[回答結果]]></item>
				<item id="wenwen47"><![CDATA[全部分類]]></item>
				<item id="wenwen48"><![CDATA[提交]]></item>
				<item id="wenwen49"><![CDATA[問答吉尼斯世界之最]]></item>
				<item id="wenwen50"><![CDATA[24小時產生回答最多的人]]></item>
				<item id="wenwen51"><![CDATA[24小時內共回答:]]></item>
				<item id="wenwen52"><![CDATA[條]]></item>
				<item id="wenwen53"><![CDATA[挑戰他]]></item>
				<item id="wenwen54"><![CDATA[回答總數最多的人]]></item>
				<item id="wenwen55"><![CDATA[回答總數︰]]></item>
				<item id="wenwen56"><![CDATA[本周問答之星]]></item>
				<item id="mydj1"><![CDATA[點擊修改頭像]]></item>
				<item id="mydj2"><![CDATA[我的首頁]]></item>
				<item id="mydj3"><![CDATA[我的提問]]></item>
				<item id="mydj4"><![CDATA[我的回答]]></item>
				<item id="mydj5"><![CDATA[我的等級]]></item>
				<item id="mydj6"><![CDATA[恭喜您，已經升到]]></item>
				<item id="mydj7"><![CDATA[級啦，]]></item>
				<item id="mydj8"><![CDATA[距下一級還需]]></item>
				<item id="mydj9"><![CDATA[等級規則]]></item>
				<item id="mydj10"><![CDATA[等級]]></item>
				<item id="myindex1"><![CDATA[回答數:]]></item>
				<item id="myindex2"><![CDATA[采納率:]]></item>
				<item id="myindex3"><![CDATA[提問數:]]></item>
				<item id="myindex4"><![CDATA[我的提問]]></item>
				<item id="myindex5"><![CDATA[(共]]></item>
				<item id="myindex6"><![CDATA[條)]]></item>
				<item id="myindex7"><![CDATA[提問時間]]></item>
				<item id="whd1"><![CDATA[全部回答]]></item>
				<item id="whd2"><![CDATA[被采納的回答]]></item>
				<item id="wtw1"><![CDATA[待解決的問題]]></item>
				<item id="wtw2"><![CDATA[已解決的問題]]></item>
				<item id="wt1"><![CDATA[我來回答]]></item>
				<item id="wt2"><![CDATA[文字加粗]]></item>
				<item id="wt3"><![CDATA[設置文字顏色]]></item>
				<item id="wt4"><![CDATA[圖片]]></item>
				<item id="wt5"><![CDATA[添加鏈接]]></item>
				<item id="wt6"><![CDATA[提交回答]]></item>
				<item id="wt7"><![CDATA[滿意回答]]></item>
				<item id="wt8"><![CDATA[采納率︰]]></item>
				<item id="wt9"><![CDATA[回答速度]]></item>
				<item id="wt10"><![CDATA[追問]]></item>
				<item id="wt11"><![CDATA[相關問題]]></item>
				<item id="wt12"><![CDATA[修改分類]]></item>
				<item id="wt13"><![CDATA[刪除]]></item>
				<item id="wt14"><![CDATA[問題補充︰]]></item>
				<item id="wt15"><![CDATA[補充提問]]></item>
				<item id="wt16"><![CDATA[追加懸賞]]></item>
				<item id="wt17"><![CDATA[管理組代選最佳答案]]></item>
				<item id="wt18"><![CDATA[您還可以]]></item>
				<item id="wt19"><![CDATA[宋體]]></item>
				<item id="wt20"><![CDATA[問題編輯]]></item>
				<item id="wt21"><![CDATA[問題標題︰]]></item>
				<item id="wt22"><![CDATA[問題內容︰]]></item>
				<item id="wt23"><![CDATA[修改]]></item>
				<item id="wt24"><![CDATA[編輯]]></item>
				<item id="wt25"><![CDATA[被瀏覽]]></item>
				<item id="wt26"><![CDATA[次]]></item>
				<item id="wt27"><![CDATA[采納滿意答案]]></item>
				<item id="wt28"><![CDATA[點此補充您的追問]]></item>
				<item id="wt29"><![CDATA[相關知識]]></item>
				<item id="wt30"><![CDATA[個回答]]></item>
				<item id="wt31"><![CDATA[更多關于 "]]></item>
				<item id="wt32"><![CDATA[" 的相關知識]]></item>
				<item id="wt33"><![CDATA[今日網友熱議]]></item>
				<item id="search1"><![CDATA[已解決]]></item>
				<item id="search2"><![CDATA[待解決]]></item>
				<item id="search3"><![CDATA[個回答 - 提問時間: ]]></item>
				<item id="search4"><![CDATA[搜索歷史]]></item>
				<item id="search5"><![CDATA[清除]]></item>
				<item id="search6"><![CDATA[暫無搜索歷史]]></item>
				<item id="typeid_1"><![CDATA[為問答關聯版塊設置已解決主題分類]]></item>
				<item id="typeid_2"><![CDATA[設定的版塊]]></item>
				<item id="typeid_3"><![CDATA[對應的主題分類]]></item>
				<item id="typeid_4"><![CDATA[提交操作]]></item>
				<item id="typeid_5"><![CDATA[按 Enter 鍵可隨時提交您的修改]]></item>
				<item id="myjf_1"><![CDATA[我的]]></item>
				<item id="myjf_2"><![CDATA[恭喜您，目前有 ]]></item>
				<item id="myjf_3"><![CDATA[啦!]]></item>
				<item id="myjf_4"><![CDATA[您還沒有]]></item>
				<item id="myjf_5"><![CDATA[，要努力哦!]]></item>
				<item id="myjf_6"><![CDATA[獲得]]></item>
				<item id="myjf_7"><![CDATA[值規則]]></item>
				<item id="myjf_8"><![CDATA[操作]]></item>
				<item id="myjf_9"><![CDATA[獲得]]></item>
				<item id="myjf_10"><![CDATA[周期上限]]></item>
				<item id="myjf_11"><![CDATA[回答]]></item>
				<item id="myjf_12"><![CDATA[/日]]></item>
				<item id="myjf_13"><![CDATA[普通帖回答被采納]]></item>
				<item id="myjf_14"><![CDATA[懸賞帖回答被采納]]></item>
				<item id="myjf_15"><![CDATA[懸賞]]></item>
				<item id="zjxsmsg1"><![CDATA[追加懸賞]]></item>
				<item id="zjxsmsg2"><![CDATA[當前懸賞值︰]]></item>
				<item id="zjxsmsg3"><![CDATA[追加懸賞︰]]></item>
				<item id="zjxsmsg4"><![CDATA[注︰（總懸賞值=追加懸賞值+當前懸賞值）]]></item>
				<item id="zjxsmsg5"><![CDATA[提交]]></item>
				<item id="bc1"><![CDATA[補充提問]]></item>
				<item id="bc2"><![CDATA[補充提問︰]]></item>
				<item id="twmsg_1"><![CDATA[最多輸入30個字]]></item>
				<item id="twmsg_2"><![CDATA[懸賞價格:]]></item>
				<item id="twmsg_3"><![CDATA[, 稅後支付 ]]></item>
				<item id="twmsg_4"><![CDATA[ 金錢]]></item>
				<item id="twmsg_5"><![CDATA[價格不能低于 1 , 您有]]></item>
				<item id="twmsg_6"><![CDATA[30 天後如果您仍未設置最佳答案，管理組有權代為您選擇]]></item>
				<item id="twmsg_7"><![CDATA[售價不能高于]]></item>
				<item id="twmsg_8"><![CDATA[售價超出範圍]]></item>
				<item id="twmsg_9"><![CDATA[填寫無效]]></item>
				<item id="twmsg_10"><![CDATA[抱歉，請輸入懸賞價格]]></item>
				<item id="daoru_1"><![CDATA[主題表成功\導入問題]]></item>
				<item id="daoru_2"><![CDATA[個，更新]]></item>
				<item id="daoru_3"><![CDATA[個]]></item>
				<item id="daoru_4"><![CDATA[主題表導入結束︰]]></item>
				<item id="daoru_5"><![CDATA[成功\導入問題]]></item>
				<item id="daoru_6"><![CDATA[帖子表成功\導入問題]]></item>
				<item id="daoru_7"><![CDATA[帖子表導入結束︰]]></item>
				<item id="daoru_8"><![CDATA[返回]]></item>
				<item id="list_1"><![CDATA[快速回答]]></item>
				<item id="list_2"><![CDATA[關閉]]></item>
				<item id="list_3"><![CDATA[如需插入圖片，請點擊標題到問題詳情頁]]></item>
				<item id="list_4"><![CDATA[提交回答]]></item>
				<item id="list_5"><![CDATA[沒有相關問題哦！]]></item>
				<item id="msgpl_1"><![CDATA[設置分類]]></item>
				<item id="msgpl_2"><![CDATA[請選擇分類]]></item>
				<item id="msgpl_3"><![CDATA[提交]]></item>
				<item id="typeid_6"><![CDATA[要導入的版塊]]></item>
				<item id="typeid_7"><![CDATA[請選擇要導入的版塊]]></item>
				<item id="typeid_8"><![CDATA[每批導入數量]]></item>
				<item id="typeid_9"><![CDATA[帖子表每批導入數量]]></item>
				<item id="typeid_10"><![CDATA[導入到問題分類︰]]></item>
				<item id="typeid_11"><![CDATA[導入發帖時間段內的帖子]]></item>
				<item id="typeid_12"><![CDATA[選擇開始和結束時間]]></item>
				<item id="typeid_13"><![CDATA[每批次小于50中最佳]]></item>
				<item id="typeid_14"><![CDATA[是否只導入懸賞帖]]></item>
				<item id="typeid_15"><![CDATA[是]]></item>
				<item id="typeid_16"><![CDATA[否]]></item>
				<item id="admin_keyword_1"><![CDATA[用戶名]]></item>
				<item id="admin_keyword_2"><![CDATA[時間段︰]]></item>
				<item id="admin_keyword_3"><![CDATA[搜索]]></item>
				<item id="admin_tc_1"><![CDATA[暫無分類]]></item>
				<item id="admin_tc_2"><![CDATA[全選]]></item>
				<item id="admin_tc_3"><![CDATA[操作]]></item>
				<item id="admin_tc_4"><![CDATA[選項]]></item>
				<item id="admin_tc_5"><![CDATA[批量移動到分類]]></item>
				<item id="admin_tc_6"><![CDATA[批量刪除問答帖]]></item>
				<item id="admin_tc_7"><![CDATA[按 Enter 鍵可隨時提交您的修改]]></item>
				<item id="admin_tc_8"><![CDATA[提交]]></item>
				<item id="admin_tc_9"><![CDATA[批量刪除論壇帖]]></item>
				<item id="admin_tc_10"><![CDATA[(<font color="red">同時刪除問答跟論壇請兩個都選擇</font>)]]></item>
				<item id="tsmsg_1"><![CDATA[問題推送]]></item>
				<item id="tsmsg_2"><![CDATA[推送到首頁幻燈︰]]></item>
				<item id="tsmsg_3"><![CDATA[輪轉1大字體（含圖）]]></item>
				<item id="tsmsg_4"><![CDATA[輪轉2大字體（含圖）]]></item>
				<item id="tsmsg_5"><![CDATA[輪轉3大字體（含圖）]]></item>
				<item id="tsmsg_6"><![CDATA[輪轉1小字體]]></item>
				<item id="tsmsg_7"><![CDATA[輪轉2小字體]]></item>
				<item id="tsmsg_8"><![CDATA[輪轉3小字體]]></item>
				<item id="tsmsg_9"><![CDATA[推送]]></item>
				<item id="tsmsg_10"><![CDATA[關閉]]></item>
				<item id="sj_1"><![CDATA[問答]]></item>
				<item id="sj_2"><![CDATA[論壇]]></item>
				<item id="sj_3"><![CDATA[暫無最佳答案]]></item>
				<item id="sj_4"><![CDATA[回答]]></item>
				<item id="sj_5"><![CDATA[輕觸返回頂部]]></item>
				<item id="sj_6"><![CDATA[其他回答]]></item>
				<item id="sj_7"><![CDATA[相關搜索]]></item>
				<item id="sj_8"><![CDATA[問答]]></item>
				<item id="nav_1"><![CDATA[問題管理]]></item>
				<item id="nav_2"><![CDATA[回復管理]]></item>
				<item id="sjtw_1"><![CDATA[返回]]></item>
				<item id="yijiejue_1"><![CDATA[目標版塊]]></item>
				<item id="yijiejue_2"><![CDATA[已解決主題分類]]></item>
				<item id="yijiejue_3"><![CDATA[只同步主題分類]]></item>
				<item id="yijiejue_4"><![CDATA[請選擇]]></item>
				<item id="yijiejue_5"><![CDATA[全部]]></item>
				<item id="yijiejue_6"><![CDATA[提交]]></item>
				<item id="sj_9"><![CDATA[請輸入您的回答...]]></item>
				<item id="daima"><![CDATA[代碼]]></item>
				<item id="sj_10"><![CDATA[待解決]]></item>
				<item id="sj_11"><![CDATA[零回答]]></item>
				<item id="sj_12"><![CDATA[高懸賞]]></item>
				<item id="sj_13"><![CDATA[已解決]]></item>
				<item id="qrcode_1"><![CDATA[手機二維碼]]></item>
				<item id="qrcode_2"><![CDATA[掃描二維碼進入手機版]]></item>
				<item id="Details"><![CDATA[詳情]]></item>
				<item id="Release"><![CDATA[發布]]></item>
				<item id="Multi_section_import"><![CDATA[多版塊導入]]></item>
				<item id="tid_import"><![CDATA[tid導入]]></item>
				<item id="One_line"><![CDATA[一行一個TID！]]></item>
				<item id="Import_question_classification"><![CDATA[把問題導入問答的哪個分類下]]></item>
			</item>
			<item id="installlang">
				<item id="install1"><![CDATA[電腦/網絡]]></item>
				<item id="install2"><![CDATA[手機/數碼]]></item>
				<item id="install3"><![CDATA[生活]]></item>
				<item id="install4"><![CDATA[游戲]]></item>
				<item id="install5"><![CDATA[體育/運動]]></item>
				<item id="install6"><![CDATA[娛樂明星]]></item>
				<item id="install7"><![CDATA[休閑愛好]]></item>
				<item id="install8"><![CDATA[文化/藝術]]></item>
				<item id="install9"><![CDATA[社會民生]]></item>
				<item id="install10"><![CDATA[教育/科學]]></item>
				<item id="install11"><![CDATA[健康/醫療]]></item>
				<item id="install12"><![CDATA[商業/理財]]></item>
				<item id="install13"><![CDATA[情感/家庭]]></item>
				<item id="install14"><![CDATA[地區問題]]></item>
			</item>
		</item>
		<item id="installfile"><![CDATA[install.php]]></item>
		<item id="uninstallfile"><![CDATA[uninstall.php]]></item>
		<item id="upgradefile"><![CDATA[upgrade.php]]></item>
	</item>
</root>