﻿<?xml version="1.0" encoding="ISO-8859-1"?>
<root>
	<item id="Title"><![CDATA[Discuz! Plugin]]></item>
	<item id="Version"><![CDATA[X2,X2.5,X3,X3.1,X3.2,F1.0]]></item>
	<item id="Time"><![CDATA[2016-10-25 10:20]]></item>
	<item id="From"><![CDATA[分享吧（www.fx8.cc）]]></item>
	<item id="Data">
		<item id="plugin">
			<item id="available"><![CDATA[1]]></item>
			<item id="adminid"><![CDATA[1]]></item>
			<item id="name"><![CDATA[源碼哥_反惡意灌水重復發帖]]></item>
			<item id="identifier"><![CDATA[nds_antirrepeatpost]]></item>
			<item id="description"><![CDATA[防止用戶連續在不同的版面或同一版面發布重復的內容。可以阻止機器人發布非中文內容的垃圾帖]]></item>
			<item id="datatables"><![CDATA[]]></item>
			<item id="directory"><![CDATA[nds_antirrepeatpost/]]></item>
			<item id="copyright"><![CDATA[源碼哥（www.ymg6.com）]]></item>
			<item id="version"><![CDATA[3.25]]></item>
			<item id="__modules">
				<item id="30">
					<item id="name"><![CDATA[myyapmagoo]]></item>
					<item id="menu"><![CDATA[<span style="color:#E53333;"><b>源碼哥</b></span>]]></item>
					<item id="url"><![CDATA[]]></item>
					<item id="type"><![CDATA[3]]></item>
					<item id="adminid"><![CDATA[0]]></item>
					<item id="displayorder"><![CDATA[0]]></item>
					<item id="navtitle"><![CDATA[]]></item>
					<item id="navicon"><![CDATA[]]></item>
					<item id="navsubname"><![CDATA[]]></item>
					<item id="navsuburl"><![CDATA[]]></item>
				</item>
				<item id="0">
					<item id="name"><![CDATA[nds_antirrepeatpost_m]]></item>
					<item id="param"><![CDATA[]]></item>
					<item id="menu"><![CDATA[]]></item>
					<item id="url"><![CDATA[]]></item>
					<item id="type"><![CDATA[28]]></item>
					<item id="adminid"><![CDATA[0]]></item>
					<item id="displayorder"><![CDATA[0]]></item>
					<item id="navtitle"><![CDATA[]]></item>
					<item id="navicon"><![CDATA[]]></item>
					<item id="navsubname"><![CDATA[]]></item>
					<item id="navsuburl"><![CDATA[]]></item>
				</item>
				<item id="1">
					<item id="name"><![CDATA[nds_antirrepeatpost]]></item>
					<item id="param"><![CDATA[]]></item>
					<item id="menu"><![CDATA[]]></item>
					<item id="url"><![CDATA[]]></item>
					<item id="type"><![CDATA[11]]></item>
					<item id="adminid"><![CDATA[0]]></item>
					<item id="displayorder"><![CDATA[0]]></item>
					<item id="navtitle"><![CDATA[]]></item>
					<item id="navicon"><![CDATA[]]></item>
					<item id="navsubname"><![CDATA[]]></item>
					<item id="navsuburl"><![CDATA[]]></item>
				</item>
			</item>
		</item>
				<item id="version"><![CDATA[X2,X2.5,X3,X3.1,X3.2,F1.0]]></item>
<item id="license"><![CDATA[[list]感謝你選擇使用NDS.西域數碼工作室插件。安裝本插件之前，請仔細閱讀以下所有內容

[b]安裝注意事項[/b]
[1]本插件為Discuz! X3 新架構插件，綠色安裝及綠色使用，僅適用于Discuz!X2.5版本以上站點
[2]是否更改Discuz!原有數據庫：否
[3]是否新增和使用獨立的數據表：否 
[4]是否需要修改Discuz!原有文件：否
[5]安裝完畢后請在插件后臺啟用本插件，然后進行必要的設置。關于插件的詳細使用說明和常見問題請閱讀DISCUZ應用平臺內的插件使用文檔。
[6]本軟件版權隨產品發布而自然產生，受國內外版權法律保護，任何人未經作者許可不得進行二次開發、進行出租/出售/抵押或發放許可證。
[7]本軟件使用權通過DISCUZ應用中心隨軟件同步發放，任何人不得將已獲得的軟件代碼和使用權分享給第三方用戶。
[8]NDS.西域數碼工作室從2009開始進行DISCUZ插件開發，是非常專業和高效的開發者，我們的產品無論是代碼質量和功能都是非常優秀的，歡迎選用。
[9]更多插件請瀏覽：http://www.fx8.cc
[/list]]]></item> 
		<item id="var">
			<item id="0">
				<item id="displayorder"><![CDATA[0]]></item>
				<item id="title"><![CDATA[字符串相似度百分比]]></item>
				<item id="description"><![CDATA[請設置1-100的整數，值越高誤判越少，但截獲率也會減低，值過低可能會引起誤判，建議設置65-85的整數。]]></item>
				<item id="variable"><![CDATA[ndsaccuracy]]></item>
				<item id="type"><![CDATA[number]]></item>
				<item id="value"><![CDATA[70]]></item>
				<item id="extra"><![CDATA[]]></item>
			</item>
			<item id="1">
				<item id="displayorder"><![CDATA[1]]></item>
				<item id="title"><![CDATA[不做檢查的用戶組]]></item>
				<item id="description"><![CDATA[選中的用戶組將擁有豁免權，發帖時不進行重復檢查。]]></item>
				<item id="variable"><![CDATA[exemptgroups]]></item>
				<item id="type"><![CDATA[groups]]></item>
				<item id="extra"><![CDATA[]]></item>
				<item id="__value">
					<item id="0"><![CDATA[1]]></item>
					<item id="1"><![CDATA[2]]></item>
					<item id="2"><![CDATA[3]]></item>
				</item>
			</item>
			<item id="2">
				<item id="displayorder"><![CDATA[2]]></item>
				<item id="title"><![CDATA[不做檢查的板塊]]></item>
				<item id="description"><![CDATA[選中的板塊發帖時將不進行重復帖子檢查。]]></item>
				<item id="variable"><![CDATA[exemptforums]]></item>
				<item id="type"><![CDATA[forums]]></item>
				<item id="value"><![CDATA[]]></item>
				<item id="extra"><![CDATA[]]></item>
			</item>
			<item id="3">
				<item id="displayorder"><![CDATA[3]]></item>
				<item id="title"><![CDATA[標題豁免關鍵詞(|號隔開)]]></item>
				<item id="description"><![CDATA[如果發布的帖子標題中包含這些關鍵詞，將被自動豁免不做處理,多個關鍵詞之間請用|符號隔開，不要用回車鍵換行。]]></item>
				<item id="variable"><![CDATA[exemptwords]]></item>
				<item id="type"><![CDATA[textarea]]></item>
				<item id="value"><![CDATA[簽到記錄貼|每日簽到]]></item>
				<item id="extra"><![CDATA[]]></item>
			</item>
			<item id="4">
				<item id="displayorder"><![CDATA[5]]></item>
				<item id="title"><![CDATA[字符串相似度匹配算法]]></item>
				<item id="description"><![CDATA[字符串相似度匹配算法，1  快速簡單匹配算法效率高，適合對標題進行匹配  2  經典編輯記錄算法適合對帖子內容進行匹配，效率低，算法比較合理。
3  權重精確匹配算法準確度高（待改進）]]></item>
				<item id="variable"><![CDATA[checkmode]]></item>
				<item id="type"><![CDATA[select]]></item>
				<item id="value"><![CDATA[2]]></item>
				<item id="extra"><![CDATA[1 = 快速簡單匹配(高效)
2 = 經典編輯距離算法(精確)]]></item>
			</item>
			<item id="5">
				<item id="displayorder"><![CDATA[7]]></item>
				<item id="title"><![CDATA[發帖相似度檢查對象]]></item>
				<item id="description"><![CDATA[選中發帖時的檢查重復的目標對象，檢查速度由高到低排列。]]></item>
				<item id="variable"><![CDATA[checkobject]]></item>
				<item id="type"><![CDATA[select]]></item>
				<item id="value"><![CDATA[1]]></item>
				<item id="extra"><![CDATA[1 = 發布者的最近帖子的標題(默認5個)
2 = 發布者的最近帖子的內容(默認5個)
3 = 全站最新發布的帖子標題(默認5個)]]></item>
			</item>
			<item id="6">
				<item id="displayorder"><![CDATA[8]]></item>
				<item id="title"><![CDATA[檢查目標字符串最大截取長度 ...]]></item>
				<item id="description"><![CDATA[默認檢查帖子內容前300個字符，為了提高檢查效率，可以適當調整這個值，但不要低于200或高于1000.]]></item>
				<item id="variable"><![CDATA[objectlength]]></item>
				<item id="type"><![CDATA[number]]></item>
				<item id="value"><![CDATA[300]]></item>
				<item id="extra"><![CDATA[]]></item>
			</item>
			<item id="7">
				<item id="displayorder"><![CDATA[10]]></item>
				<item id="title"><![CDATA[最多檢查帖子數量]]></item>
				<item id="description"><![CDATA[默認是發布者最近發布的5個帖子，數值增大效率減低。]]></item>
				<item id="variable"><![CDATA[objectmaxthread]]></item>
				<item id="type"><![CDATA[number]]></item>
				<item id="value"><![CDATA[5]]></item>
				<item id="extra"><![CDATA[]]></item>
			</item>
			<item id="8">
				<item id="displayorder"><![CDATA[11]]></item>
				<item id="title"><![CDATA[重復帖子處理方式]]></item>
				<item id="description"><![CDATA[判斷為重復帖子時，對該帖子和發布者的處理方式。]]></item>
				<item id="variable"><![CDATA[operatemode]]></item>
				<item id="type"><![CDATA[select]]></item>
				<item id="value"><![CDATA[1]]></item>
				<item id="extra"><![CDATA[1 = 帖子審核
2 = 帖子移到回收站
3 = 向用戶發出警告(配合警告N次禁言)
4 = 帖子審核并ID禁言
5 = 帖子移到回收站并ID禁言
6 = 只通知不做處理]]></item>
			</item>
			<item id="9">
				<item id="displayorder"><![CDATA[12]]></item>
				<item id="title"><![CDATA[禁言時限]]></item>
				<item id="description"><![CDATA[上一項處理設置包含禁言時，該項有效。可以設置該選項確定禁言時限。]]></item>
				<item id="variable"><![CDATA[bantime]]></item>
				<item id="type"><![CDATA[select]]></item>
				<item id="value"><![CDATA[7]]></item>
				<item id="extra"><![CDATA[1 = 一天
3 = 三天
7 = 一周
30 = 一個月
0 = 永久]]></item>
			</item>
			<item id="10">
				<item id="displayorder"><![CDATA[13]]></item>
				<item id="title"><![CDATA[宵禁時間段]]></item>
				<item id="description"><![CDATA[選擇一個你認為廣告垃圾發布者活動比活躍的時間段，在這個時間段內可以采取比較嚴厲的獨立處置策略。]]></item>
				<item id="variable"><![CDATA[ndssptime]]></item>
				<item id="type"><![CDATA[select]]></item>
				<item id="value"><![CDATA[6]]></item>
				<item id="extra"><![CDATA[1 = 凌晨0點-凌晨7點
2 = 凌晨0點-凌晨6點
3 = 凌晨0點-凌晨5點
4 = 凌晨1點-凌晨7點
5 = 凌晨1點-凌晨6點
6 = 凌晨1點-凌晨5點
7 = 凌晨2點-凌晨6點
8 = 凌晨2點-凌晨5點
24 = 沒有宵禁時間]]></item>
			</item>
			<item id="11">
				<item id="displayorder"><![CDATA[14]]></item>
				<item id="title"><![CDATA[宵禁時間內重復發帖處理方式 ...]]></item>
				<item id="description"><![CDATA[只有選擇了宵禁時間段才有效。]]></item>
				<item id="variable"><![CDATA[ndssptimeom]]></item>
				<item id="type"><![CDATA[select]]></item>
				<item id="value"><![CDATA[5]]></item>
				<item id="extra"><![CDATA[1 = 帖子審核
2 = 帖子移到回收站
3 = 向用戶發出警告(配合警告N次禁言)
4 = 帖子審核并ID禁言
5 = 帖子移到回收站并ID禁言
6 = 只通知不做處理]]></item>
			</item>
			<item id="12">
				<item id="displayorder"><![CDATA[15]]></item>
				<item id="title"><![CDATA[宵禁時間內重復發帖禁言時限 ...]]></item>
				<item id="description"><![CDATA[]]></item>
				<item id="variable"><![CDATA[ndssptimebt]]></item>
				<item id="type"><![CDATA[select]]></item>
				<item id="value"><![CDATA[0]]></item>
				<item id="extra"><![CDATA[1 = 一天
3 = 三天
7 = 一周
30 = 一個月
0 = 永久]]></item>
			</item>
			<item id="13">
				<item id="displayorder"><![CDATA[16]]></item>
				<item id="title"><![CDATA[處理后是否通知管理員]]></item>
				<item id="description"><![CDATA[對帖子進行處理后是否通知到管理員]]></item>
				<item id="variable"><![CDATA[mistoadmin]]></item>
				<item id="type"><![CDATA[radio]]></item>
				<item id="value"><![CDATA[1]]></item>
				<item id="extra"><![CDATA[]]></item>
			</item>
			<item id="14">
				<item id="displayorder"><![CDATA[17]]></item>
				<item id="title"><![CDATA[管理員UID(多個用|符號隔開 ...]]></item>
				<item id="description"><![CDATA[不填寫任何UID默認只通知網站創始人一個人，你可以在這里設置其它你想要通知到的所有管理員UID,多個UID用|符號隔開，如 5|7|88|97 （包括創始人）]]></item>
				<item id="variable"><![CDATA[ndsadminuids]]></item>
				<item id="type"><![CDATA[text]]></item>
				<item id="value"><![CDATA[]]></item>
				<item id="extra"><![CDATA[]]></item>
			</item>
			<item id="15">
				<item id="displayorder"><![CDATA[18]]></item>
				<item id="title"><![CDATA[處理后是否通知版主]]></item>
				<item id="description"><![CDATA[]]></item>
				<item id="variable"><![CDATA[mistomoderators]]></item>
				<item id="type"><![CDATA[radio]]></item>
				<item id="value"><![CDATA[1]]></item>
				<item id="extra"><![CDATA[]]></item>
			</item>
			<item id="16">
				<item id="displayorder"><![CDATA[19]]></item>
				<item id="title"><![CDATA[處理后是否通知發布者]]></item>
				<item id="description"><![CDATA[將每次對重復貼的處理，提醒給帖子發布者。]]></item>
				<item id="variable"><![CDATA[misrpuser]]></item>
				<item id="type"><![CDATA[radio]]></item>
				<item id="value"><![CDATA[1]]></item>
				<item id="extra"><![CDATA[]]></item>
			</item>
			<item id="17">
				<item id="displayorder"><![CDATA[20]]></item>
				<item id="title"><![CDATA[回貼反重復檢查功能開啟]]></item>
				<item id="description"><![CDATA[關閉后 此項下面的所有設置自動失效。]]></item>
				<item id="variable"><![CDATA[checkreply]]></item>
				<item id="type"><![CDATA[radio]]></item>
				<item id="value"><![CDATA[1]]></item>
				<item id="extra"><![CDATA[]]></item>
			</item>
			<item id="18">
				<item id="displayorder"><![CDATA[21]]></item>
				<item id="title"><![CDATA[回帖超過該字符數的進行檢查 ...]]></item>
				<item id="description"><![CDATA[通常廣告貼長度在300個字符以上，建議設置200-500 之間的值。]]></item>
				<item id="variable"><![CDATA[replystrlen]]></item>
				<item id="type"><![CDATA[number]]></item>
				<item id="value"><![CDATA[2]]></item>
				<item id="extra"><![CDATA[]]></item>
			</item>
			<item id="19">
				<item id="displayorder"><![CDATA[22]]></item>
				<item id="title"><![CDATA[回帖最多檢查數量]]></item>
				<item id="description"><![CDATA[發布新的回帖時 與之前該發布者發布的N個帖子（回帖）進行相似度匹配。]]></item>
				<item id="variable"><![CDATA[maxreply]]></item>
				<item id="type"><![CDATA[number]]></item>
				<item id="value"><![CDATA[5]]></item>
				<item id="extra"><![CDATA[]]></item>
			</item>
			<item id="20">
				<item id="displayorder"><![CDATA[23]]></item>
				<item id="title"><![CDATA[回帖重復時是否給發布者提示 ...]]></item>
				<item id="description"><![CDATA[但發布者發布的信息被判定為重復信息時，進行必要的警告。]]></item>
				<item id="variable"><![CDATA[misrpuserreply]]></item>
				<item id="type"><![CDATA[radio]]></item>
				<item id="value"><![CDATA[1]]></item>
				<item id="extra"><![CDATA[]]></item>
			</item>
			<item id="21">
				<item id="displayorder"><![CDATA[24]]></item>
				<item id="title"><![CDATA[回帖重復時的提示內容]]></item>
				<item id="description"><![CDATA[]]></item>
				<item id="variable"><![CDATA[wrmessage]]></item>
				<item id="type"><![CDATA[textarea]]></item>
				<item id="value"><![CDATA[請不要在本站重復發布信息。]]></item>
				<item id="extra"><![CDATA[]]></item>
			</item>
			<item id="22">
				<item id="displayorder"><![CDATA[25]]></item>
				<item id="title"><![CDATA[宵禁時間內重復回帖處理方式 ...]]></item>
				<item id="description"><![CDATA[]]></item>
				<item id="variable"><![CDATA[ndssptimerpom]]></item>
				<item id="type"><![CDATA[select]]></item>
				<item id="value"><![CDATA[0]]></item>
				<item id="extra"><![CDATA[1 = ID禁言一天
3 = ID禁言三天
7 = ID禁言一周
30 = ID禁言 一個月
0 = ID禁言永久]]></item>
			</item>
			<item id="23">
				<item id="displayorder"><![CDATA[26]]></item>
				<item id="title"><![CDATA[回帖禁言通知管理員和版主]]></item>
				<item id="description"><![CDATA[建議開啟，通過此功能管理員和版主可及時發現處理誤判情況。]]></item>
				<item id="variable"><![CDATA[rpmistoadmin]]></item>
				<item id="type"><![CDATA[radio]]></item>
				<item id="value"><![CDATA[1]]></item>
				<item id="extra"><![CDATA[]]></item>
			</item>
			<item id="24">
				<item id="displayorder"><![CDATA[30]]></item>
				<item id="title"><![CDATA[非中文帖子檢查開啟]]></item>
				<item id="description"><![CDATA[檢查帖子內容是否為非中文內容的帖子。]]></item>
				<item id="variable"><![CDATA[checkchines]]></item>
				<item id="type"><![CDATA[radio]]></item>
				<item id="value"><![CDATA[0]]></item>
				<item id="extra"><![CDATA[]]></item>
			</item>
			<item id="25">
				<item id="displayorder"><![CDATA[31]]></item>
				<item id="title"><![CDATA[低于此長度的帖子不檢查]]></item>
				<item id="description"><![CDATA[建議設置長度為30-60，低于此長度的帖子不進行檢查，通常英文垃圾帖都比較長，合理設置可以提交檢查效率避免誤判。]]></item>
				<item id="variable"><![CDATA[nds_ccncn]]></item>
				<item id="type"><![CDATA[number]]></item>
				<item id="value"><![CDATA[30]]></item>
				<item id="extra"><![CDATA[]]></item>
			</item>
			<item id="26">
				<item id="displayorder"><![CDATA[32]]></item>
				<item id="title"><![CDATA[非中文帖內容取樣截取長度]]></item>
				<item id="description"><![CDATA[建議值 100-300，合理設置值可以提高檢查效率。]]></item>
				<item id="variable"><![CDATA[nds_ccln]]></item>
				<item id="type"><![CDATA[number]]></item>
				<item id="value"><![CDATA[150]]></item>
				<item id="extra"><![CDATA[]]></item>
			</item>
			<item id="27">
				<item id="displayorder"><![CDATA[33]]></item>
				<item id="title"><![CDATA[中文字符最低百分比]]></item>
				<item id="description"><![CDATA[設置帖子內容截取部分中文字符的占比，如設置20表示中文的占比不得低于20%。建議設置10-20。大于20有可能會導致用戶發布HTML內容時誤報。]]></item>
				<item id="variable"><![CDATA[nds_set_chinese]]></item>
				<item id="type"><![CDATA[number]]></item>
				<item id="value"><![CDATA[18]]></item>
				<item id="extra"><![CDATA[]]></item>
			</item>
			<item id="28">
				<item id="displayorder"><![CDATA[34]]></item>
				<item id="title"><![CDATA[非中文貼處理方式]]></item>
				<item id="description"><![CDATA[如處理方式包含禁言，禁言時限同重復發布處理時限。]]></item>
				<item id="variable"><![CDATA[nds_ccop]]></item>
				<item id="type"><![CDATA[select]]></item>
				<item id="value"><![CDATA[1]]></item>
				<item id="extra"><![CDATA[1 = 帖子審核
2 = 帖子移到回收站
3 = 向用戶發出警告(配合警告N次禁言)
4 = 帖子審核并ID禁言
5 = 帖子移到回收站并ID禁言
6 = 只通知不做處理]]></item>
			</item>
			<item id="29">
				<item id="displayorder"><![CDATA[35]]></item>
				<item id="title"><![CDATA[允許的非中文字符集]]></item>
				<item id="description"><![CDATA[選擇你要允許發布帖子的非中文字符集。選中的文字類型將不會被阻止。]]></item>
				<item id="variable"><![CDATA[any_lan]]></item>
				<item id="type"><![CDATA[selects]]></item>
				<item id="extra"><![CDATA[no = 全部禁止
en = 英文
kr = 韓文
jp = 日文]]></item>
			</item>
		</item>
		<item id="language">
			<item id="scriptlang">
				<item id="logy_m_g"><![CDATA[<h2 style="text-align:-webkit-center;">
	<span style="color:#4C33E5;">推薦一個dz商</span><span style="color:#4C33E5;">業插件模版下載的</span><span style="color:#4C33E5;"></span><span style="color:#4C33E5;">網站給大家</span><a href="http://www.ymg6.com" target="_blank"><span style="color:#4C33E5;">源碼哥分享吧</span></a><span style="color:#4C33E5;">（www.ymg6.com）</span> 
</h2>
<h3 style="text-align:-webkit-center;">
	<span style="color:#E53333;">這</span><span style="color:#E53333;">是一個</span><span style="color:#E53333;">dz商業</span><a href="http://www.ymg6.com/forum.php?mod=forumdisplay&fid=2" target="_blank"><span style="color:#337FE5;">插</span><u><span style="color:#337FE5;"></span></u><span style="color:#337FE5;">件</span></a><a href="http://www.ymg6.com/forum.php?mod=forumdisplay&fid=36" target="_blank"><u><span style="color:#337FE5;">模</span></u><u><span style="color:#337FE5;"></span></u><u><span style="color:#337FE5;">版</span></u></a><span style="color:#E53333;">資源破解分享的網站，而且還有很多精品的網站源碼下載</span> 
</h3>
<h3 style="text-align:-webkit-center;">
	<span style="color:#E53333;">他們資源每天更新，并且很多都是他們自己出錢在應用中心購買后破解分享出來的</span><br />
</h3>
<h3>
	<div style="text-align:center;">
		<span style="color:#E53333;">不過還是替他們說一下</span> 
	</div>
	<div style="text-align:center;">
		<span style="color:#E53333;">&nbsp;他們站下載的資源只限于自己學習研究內含的設計思想和原理 請勿有任何商業盈利行為</span> 
	</div>
</h3>
<h3 style="text-align:center;">
	<span style="color:#999999;">介紹也介紹完了，給大家做個小導航吧</span> 
</h3>
<h3 style="text-align:center;">
	<span style="color:#337FE5;"><a href="http://www.ymg6.com/forum.php?mod=forumdisplay&fid=2" target="_blank">dz商業破解插件下載</a> &nbsp; <a href="http://www.ymg6.com/forum.php?mod=forumdisplay&fid=36" target="_blank">dz商業風格模版下載</a> &nbsp; &nbsp;<a href="http://www.ymg6.com/forum.php?mod=forumdisplay&fid=50" target="_blank">精品網站源碼下載</a> &nbsp; &nbsp;<a href="http://www.ymg6.com/forum.php?mod=forumdisplay&fid=51" target="_blank">工具素材下載</a></span><span style="color:#337FE5;">&nbsp; &nbsp; <a href="http://www.ymg6.com/forum.php?mod=forumdisplay&fid=41" target="_blank">精選教程區</a></span> 
</h3> ]]></item>
				<item id="lopck1"><![CDATA[帖子進入審核狀態]]></item>
				<item id="lopck2"><![CDATA[帖子移入回收站]]></item>
				<item id="lopck3"><![CDATA[對帖子進行警告,多次警告后將鎖定賬號]]></item>
				<item id="lopck4"><![CDATA[帖子進入審核狀態,用戶ID被禁止發言]]></item>
				<item id="lopck5"><![CDATA[帖子移入回收站,用戶ID被禁止發言]]></item>
                                <item id="lopck6"><![CDATA[只通知，未做任何處置]]></item>
                                <item id="rlopck1"><![CDATA[用戶ID禁言一天]]></item>
                                <item id="rlopck2"><![CDATA[用戶ID禁言三天]]></item>
                                <item id="rlopck3"><![CDATA[用戶ID禁言一周]]></item>
                                <item id="rlopck4"><![CDATA[用戶ID禁言一個月]]></item>
                                <item id="rlopck5"><![CDATA[用戶ID禁言永久]]></item>
                                <item id="rlopck6"><![CDATA[只對用戶進行提醒，未作處置]]></item>
				<item id="lreason"><![CDATA[發布重復的帖子]]></item>
				<item id="lanrpsystem"><![CDATA[反垃圾重復發帖系統]]></item>
				<item id="isenotice"><![CDATA[該信息由反垃圾重復發帖插件自動發送，截獲用戶{rpuser}發布的標題為：<a href="{url1}" target="_blank">{subject1}</a>的帖子，系統判斷這是一個非中文或純數字內容的帖子，已對該貼進行處理，處理方式為：{opmod}]]></item>
				<item id="isenotice2"><![CDATA[該信息由反垃圾重復發帖插件自動發送，你發布的帖子：<a href="{url1}" target="_blank">{subject1}</a>被系統判斷為非中文或數字內容的帖子，由于本站禁止發布此類內容，系統已對該貼進行處理，處理方式為：{opmod},如有問題請聯系網站管理員或版主！]]></item>
				<item id="notice1"><![CDATA[該信息由反垃圾重復發帖插件自動發送，截獲用戶{rpuser}發布的標題為：<a href="{url1}" target="_blank">{subject1}</a>的帖子可能與另一個帖子<a href="{url2}" target="_blank">{subject2}</a>存在重復,重復度為{continuous}%，系統已對該貼進行處理，處理方式為：{opmod}]]></item>
				<item id="notice2"><![CDATA[該信息由本站反垃圾重復發帖系統自動發送，你發布的標題為：<a href="{url1}" target="_blank">{subject1}</a>的帖子可能與另一個帖子<a href="{url2}" target="_blank">{subject2}</a>存在重復,重復度為{continuous}%，系統已對該貼進行處理，處理方式為：{opmod},如有問題請及時與網站管理員或版主聯系！]]></item>
                                <item id="notice3"><![CDATA[該信息由反垃圾重復發帖插件自動發送，截獲用戶{rpuser}在標題為：<a href="{url1}" target="_blank">{subject1}</a>的帖子中發布的回復信息可能與其在另外一個帖子中發布的內容<a href="{url2}" target="_blank">{subject2}</a>存在重復,重復度為{continuous}%，系統已阻止該信息的發布，并對用戶進行處置，處理方式為：{opmod}]]></item>
			</item>
		</item>
	</item>
</root>