﻿<?xml version="1.0" encoding="ISO-8859-1"?>
<root>
	<item id="Title"><![CDATA[Discuz! Plugin]]></item>
	<item id="Version"><![CDATA[X2,X2.5,X3,X3.1,X3.2,F1.0]]></item>
	<item id="Time"><![CDATA[2016-10-25 10:20]]></item>
	<item id="From"><![CDATA[分享吧（www.fx8.cc）]]></item>
	<item id="Data">
		<item id="plugin">
			<item id="available"><![CDATA[1]]></item>
			<item id="adminid"><![CDATA[1]]></item>
			<item id="name"><![CDATA[源码哥_反恶意灌水重复发帖]]></item>
			<item id="identifier"><![CDATA[nds_antirrepeatpost]]></item>
			<item id="description"><![CDATA[防止用户连续在不同的版面或同一版面发布重复的内容。可以阻止机器人发布非中文内容的垃圾帖]]></item>
			<item id="datatables"><![CDATA[]]></item>
			<item id="directory"><![CDATA[nds_antirrepeatpost/]]></item>
			<item id="copyright"><![CDATA[源码哥（www.ymg6.com）]]></item>
			<item id="version"><![CDATA[3.25]]></item>
			<item id="__modules">
				<item id="30">
					<item id="name"><![CDATA[myyapmagoo]]></item>
					<item id="menu"><![CDATA[<span style="color:#E53333;"><b>源码哥</b></span>]]></item>
					<item id="url"><![CDATA[]]></item>
					<item id="type"><![CDATA[3]]></item>
					<item id="adminid"><![CDATA[0]]></item>
					<item id="displayorder"><![CDATA[0]]></item>
					<item id="navtitle"><![CDATA[]]></item>
					<item id="navicon"><![CDATA[]]></item>
					<item id="navsubname"><![CDATA[]]></item>
					<item id="navsuburl"><![CDATA[]]></item>
				</item>
				<item id="0">
					<item id="name"><![CDATA[nds_antirrepeatpost_m]]></item>
					<item id="param"><![CDATA[]]></item>
					<item id="menu"><![CDATA[]]></item>
					<item id="url"><![CDATA[]]></item>
					<item id="type"><![CDATA[28]]></item>
					<item id="adminid"><![CDATA[0]]></item>
					<item id="displayorder"><![CDATA[0]]></item>
					<item id="navtitle"><![CDATA[]]></item>
					<item id="navicon"><![CDATA[]]></item>
					<item id="navsubname"><![CDATA[]]></item>
					<item id="navsuburl"><![CDATA[]]></item>
				</item>
				<item id="1">
					<item id="name"><![CDATA[nds_antirrepeatpost]]></item>
					<item id="param"><![CDATA[]]></item>
					<item id="menu"><![CDATA[]]></item>
					<item id="url"><![CDATA[]]></item>
					<item id="type"><![CDATA[11]]></item>
					<item id="adminid"><![CDATA[0]]></item>
					<item id="displayorder"><![CDATA[0]]></item>
					<item id="navtitle"><![CDATA[]]></item>
					<item id="navicon"><![CDATA[]]></item>
					<item id="navsubname"><![CDATA[]]></item>
					<item id="navsuburl"><![CDATA[]]></item>
				</item>
			</item>
		</item>
				<item id="version"><![CDATA[X2,X2.5,X3,X3.1,X3.2,F1.0]]></item>
<item id="license"><![CDATA[[list]感谢你选择使用NDS.西域数码工作室插件。安装本插件之前，请仔细阅读以下所有内容

[b]安装注意事项[/b]
[1]本插件为Discuz! X3 新架构插件，绿色安装及绿色使用，仅适用于Discuz!X2.5版本以上站点
[2]是否更改Discuz!原有数据库：否
[3]是否新增和使用独立的数据表：否 
[4]是否需要修改Discuz!原有文件：否
[5]安装完毕后请在插件后台启用本插件，然后进行必要的设置。关于插件的详细使用说明和常见问题请阅读DISCUZ应用平台内的插件使用文档。
[6]本软件版权随产品发布而自然产生，受国内外版权法律保护，任何人未经作者许可不得进行二次开发、进行出租/出售/抵押或发放许可证。
[7]本软件使用权通过DISCUZ应用中心随软件同步发放，任何人不得将已获得的软件代码和使用权分享给第三方用户。
[8]NDS.西域数码工作室从2009开始进行DISCUZ插件开发，是非常专业和高效的开发者，我们的产品无论是代码质量和功能都是非常优秀的，欢迎选用。
[9]更多插件请浏览：http://www.fx8.cc
[/list]]]></item> 
		<item id="var">
			<item id="0">
				<item id="displayorder"><![CDATA[0]]></item>
				<item id="title"><![CDATA[字符串相似度百分比]]></item>
				<item id="description"><![CDATA[请设置1-100的整数，值越高误判越少，但截获率也会减低，值过低可能会引起误判，建议设置65-85的整数。]]></item>
				<item id="variable"><![CDATA[ndsaccuracy]]></item>
				<item id="type"><![CDATA[number]]></item>
				<item id="value"><![CDATA[70]]></item>
				<item id="extra"><![CDATA[]]></item>
			</item>
			<item id="1">
				<item id="displayorder"><![CDATA[1]]></item>
				<item id="title"><![CDATA[不做检查的用户组]]></item>
				<item id="description"><![CDATA[选中的用户组将拥有豁免权，发帖时不进行重复检查。]]></item>
				<item id="variable"><![CDATA[exemptgroups]]></item>
				<item id="type"><![CDATA[groups]]></item>
				<item id="extra"><![CDATA[]]></item>
				<item id="__value">
					<item id="0"><![CDATA[1]]></item>
					<item id="1"><![CDATA[2]]></item>
					<item id="2"><![CDATA[3]]></item>
				</item>
			</item>
			<item id="2">
				<item id="displayorder"><![CDATA[2]]></item>
				<item id="title"><![CDATA[不做检查的板块]]></item>
				<item id="description"><![CDATA[选中的板块发帖时将不进行重复帖子检查。]]></item>
				<item id="variable"><![CDATA[exemptforums]]></item>
				<item id="type"><![CDATA[forums]]></item>
				<item id="value"><![CDATA[]]></item>
				<item id="extra"><![CDATA[]]></item>
			</item>
			<item id="3">
				<item id="displayorder"><![CDATA[3]]></item>
				<item id="title"><![CDATA[标题豁免关键词(|号隔开)]]></item>
				<item id="description"><![CDATA[如果发布的帖子标题中包含这些关键词，将被自动豁免不做处理,多个关键词之间请用|符号隔开，不要用回车键换行。]]></item>
				<item id="variable"><![CDATA[exemptwords]]></item>
				<item id="type"><![CDATA[textarea]]></item>
				<item id="value"><![CDATA[签到记录贴|每日签到]]></item>
				<item id="extra"><![CDATA[]]></item>
			</item>
			<item id="4">
				<item id="displayorder"><![CDATA[5]]></item>
				<item id="title"><![CDATA[字符串相似度匹配算法]]></item>
				<item id="description"><![CDATA[字符串相似度匹配算法，1  快速简单匹配算法效率高，适合对标题进行匹配  2  经典编辑记录算法适合对帖子内容进行匹配，效率低，算法比较合理。
3  权重精确匹配算法准确度高（待改进）]]></item>
				<item id="variable"><![CDATA[checkmode]]></item>
				<item id="type"><![CDATA[select]]></item>
				<item id="value"><![CDATA[2]]></item>
				<item id="extra"><![CDATA[1 = 快速简单匹配(高效)
2 = 经典编辑距离算法(精确)]]></item>
			</item>
			<item id="5">
				<item id="displayorder"><![CDATA[7]]></item>
				<item id="title"><![CDATA[发帖相似度检查对象]]></item>
				<item id="description"><![CDATA[选中发帖时的检查重复的目标对象，检查速度由高到低排列。]]></item>
				<item id="variable"><![CDATA[checkobject]]></item>
				<item id="type"><![CDATA[select]]></item>
				<item id="value"><![CDATA[1]]></item>
				<item id="extra"><![CDATA[1 = 发布者的最近帖子的标题(默认5个)
2 = 发布者的最近帖子的内容(默认5个)
3 = 全站最新发布的帖子标题(默认5个)]]></item>
			</item>
			<item id="6">
				<item id="displayorder"><![CDATA[8]]></item>
				<item id="title"><![CDATA[检查目标字符串最大截取长度 ...]]></item>
				<item id="description"><![CDATA[默认检查帖子内容前300个字符，为了提高检查效率，可以适当调整这个值，但不要低于200或高于1000.]]></item>
				<item id="variable"><![CDATA[objectlength]]></item>
				<item id="type"><![CDATA[number]]></item>
				<item id="value"><![CDATA[300]]></item>
				<item id="extra"><![CDATA[]]></item>
			</item>
			<item id="7">
				<item id="displayorder"><![CDATA[10]]></item>
				<item id="title"><![CDATA[最多检查帖子数量]]></item>
				<item id="description"><![CDATA[默认是发布者最近发布的5个帖子，数值增大效率减低。]]></item>
				<item id="variable"><![CDATA[objectmaxthread]]></item>
				<item id="type"><![CDATA[number]]></item>
				<item id="value"><![CDATA[5]]></item>
				<item id="extra"><![CDATA[]]></item>
			</item>
			<item id="8">
				<item id="displayorder"><![CDATA[11]]></item>
				<item id="title"><![CDATA[重复帖子处理方式]]></item>
				<item id="description"><![CDATA[判断为重复帖子时，对该帖子和发布者的处理方式。]]></item>
				<item id="variable"><![CDATA[operatemode]]></item>
				<item id="type"><![CDATA[select]]></item>
				<item id="value"><![CDATA[1]]></item>
				<item id="extra"><![CDATA[1 = 帖子审核
2 = 帖子移到回收站
3 = 向用户发出警告(配合警告N次禁言)
4 = 帖子审核并ID禁言
5 = 帖子移到回收站并ID禁言
6 = 只通知不做处理]]></item>
			</item>
			<item id="9">
				<item id="displayorder"><![CDATA[12]]></item>
				<item id="title"><![CDATA[禁言时限]]></item>
				<item id="description"><![CDATA[上一项处理设置包含禁言时，该项有效。可以设置该选项确定禁言时限。]]></item>
				<item id="variable"><![CDATA[bantime]]></item>
				<item id="type"><![CDATA[select]]></item>
				<item id="value"><![CDATA[7]]></item>
				<item id="extra"><![CDATA[1 = 一天
3 = 三天
7 = 一周
30 = 一个月
0 = 永久]]></item>
			</item>
			<item id="10">
				<item id="displayorder"><![CDATA[13]]></item>
				<item id="title"><![CDATA[宵禁时间段]]></item>
				<item id="description"><![CDATA[选择一个你认为广告垃圾发布者活动比活跃的时间段，在这个时间段内可以采取比较严厉的独立处置策略。]]></item>
				<item id="variable"><![CDATA[ndssptime]]></item>
				<item id="type"><![CDATA[select]]></item>
				<item id="value"><![CDATA[6]]></item>
				<item id="extra"><![CDATA[1 = 凌晨0点-凌晨7点
2 = 凌晨0点-凌晨6点
3 = 凌晨0点-凌晨5点
4 = 凌晨1点-凌晨7点
5 = 凌晨1点-凌晨6点
6 = 凌晨1点-凌晨5点
7 = 凌晨2点-凌晨6点
8 = 凌晨2点-凌晨5点
24 = 没有宵禁时间]]></item>
			</item>
			<item id="11">
				<item id="displayorder"><![CDATA[14]]></item>
				<item id="title"><![CDATA[宵禁时间内重复发帖处理方式 ...]]></item>
				<item id="description"><![CDATA[只有选择了宵禁时间段才有效。]]></item>
				<item id="variable"><![CDATA[ndssptimeom]]></item>
				<item id="type"><![CDATA[select]]></item>
				<item id="value"><![CDATA[5]]></item>
				<item id="extra"><![CDATA[1 = 帖子审核
2 = 帖子移到回收站
3 = 向用户发出警告(配合警告N次禁言)
4 = 帖子审核并ID禁言
5 = 帖子移到回收站并ID禁言
6 = 只通知不做处理]]></item>
			</item>
			<item id="12">
				<item id="displayorder"><![CDATA[15]]></item>
				<item id="title"><![CDATA[宵禁时间内重复发帖禁言时限 ...]]></item>
				<item id="description"><![CDATA[]]></item>
				<item id="variable"><![CDATA[ndssptimebt]]></item>
				<item id="type"><![CDATA[select]]></item>
				<item id="value"><![CDATA[0]]></item>
				<item id="extra"><![CDATA[1 = 一天
3 = 三天
7 = 一周
30 = 一个月
0 = 永久]]></item>
			</item>
			<item id="13">
				<item id="displayorder"><![CDATA[16]]></item>
				<item id="title"><![CDATA[处理后是否通知管理员]]></item>
				<item id="description"><![CDATA[对帖子进行处理后是否通知到管理员]]></item>
				<item id="variable"><![CDATA[mistoadmin]]></item>
				<item id="type"><![CDATA[radio]]></item>
				<item id="value"><![CDATA[1]]></item>
				<item id="extra"><![CDATA[]]></item>
			</item>
			<item id="14">
				<item id="displayorder"><![CDATA[17]]></item>
				<item id="title"><![CDATA[管理员UID(多个用|符号隔开 ...]]></item>
				<item id="description"><![CDATA[不填写任何UID默认只通知网站创始人一个人，你可以在这里设置其它你想要通知到的所有管理员UID,多个UID用|符号隔开，如 5|7|88|97 （包括创始人）]]></item>
				<item id="variable"><![CDATA[ndsadminuids]]></item>
				<item id="type"><![CDATA[text]]></item>
				<item id="value"><![CDATA[]]></item>
				<item id="extra"><![CDATA[]]></item>
			</item>
			<item id="15">
				<item id="displayorder"><![CDATA[18]]></item>
				<item id="title"><![CDATA[处理后是否通知版主]]></item>
				<item id="description"><![CDATA[]]></item>
				<item id="variable"><![CDATA[mistomoderators]]></item>
				<item id="type"><![CDATA[radio]]></item>
				<item id="value"><![CDATA[1]]></item>
				<item id="extra"><![CDATA[]]></item>
			</item>
			<item id="16">
				<item id="displayorder"><![CDATA[19]]></item>
				<item id="title"><![CDATA[处理后是否通知发布者]]></item>
				<item id="description"><![CDATA[将每次对重复贴的处理，提醒给帖子发布者。]]></item>
				<item id="variable"><![CDATA[misrpuser]]></item>
				<item id="type"><![CDATA[radio]]></item>
				<item id="value"><![CDATA[1]]></item>
				<item id="extra"><![CDATA[]]></item>
			</item>
			<item id="17">
				<item id="displayorder"><![CDATA[20]]></item>
				<item id="title"><![CDATA[回贴反重复检查功能开启]]></item>
				<item id="description"><![CDATA[关闭后 此项下面的所有设置自动失效。]]></item>
				<item id="variable"><![CDATA[checkreply]]></item>
				<item id="type"><![CDATA[radio]]></item>
				<item id="value"><![CDATA[1]]></item>
				<item id="extra"><![CDATA[]]></item>
			</item>
			<item id="18">
				<item id="displayorder"><![CDATA[21]]></item>
				<item id="title"><![CDATA[回帖超过该字符数的进行检查 ...]]></item>
				<item id="description"><![CDATA[通常广告贴长度在300个字符以上，建议设置200-500 之间的值。]]></item>
				<item id="variable"><![CDATA[replystrlen]]></item>
				<item id="type"><![CDATA[number]]></item>
				<item id="value"><![CDATA[2]]></item>
				<item id="extra"><![CDATA[]]></item>
			</item>
			<item id="19">
				<item id="displayorder"><![CDATA[22]]></item>
				<item id="title"><![CDATA[回帖最多检查数量]]></item>
				<item id="description"><![CDATA[发布新的回帖时 与之前该发布者发布的N个帖子（回帖）进行相似度匹配。]]></item>
				<item id="variable"><![CDATA[maxreply]]></item>
				<item id="type"><![CDATA[number]]></item>
				<item id="value"><![CDATA[5]]></item>
				<item id="extra"><![CDATA[]]></item>
			</item>
			<item id="20">
				<item id="displayorder"><![CDATA[23]]></item>
				<item id="title"><![CDATA[回帖重复时是否给发布者提示 ...]]></item>
				<item id="description"><![CDATA[但发布者发布的信息被判定为重复信息时，进行必要的警告。]]></item>
				<item id="variable"><![CDATA[misrpuserreply]]></item>
				<item id="type"><![CDATA[radio]]></item>
				<item id="value"><![CDATA[1]]></item>
				<item id="extra"><![CDATA[]]></item>
			</item>
			<item id="21">
				<item id="displayorder"><![CDATA[24]]></item>
				<item id="title"><![CDATA[回帖重复时的提示内容]]></item>
				<item id="description"><![CDATA[]]></item>
				<item id="variable"><![CDATA[wrmessage]]></item>
				<item id="type"><![CDATA[textarea]]></item>
				<item id="value"><![CDATA[请不要在本站重复发布信息。]]></item>
				<item id="extra"><![CDATA[]]></item>
			</item>
			<item id="22">
				<item id="displayorder"><![CDATA[25]]></item>
				<item id="title"><![CDATA[宵禁时间内重复回帖处理方式 ...]]></item>
				<item id="description"><![CDATA[]]></item>
				<item id="variable"><![CDATA[ndssptimerpom]]></item>
				<item id="type"><![CDATA[select]]></item>
				<item id="value"><![CDATA[0]]></item>
				<item id="extra"><![CDATA[1 = ID禁言一天
3 = ID禁言三天
7 = ID禁言一周
30 = ID禁言 一个月
0 = ID禁言永久]]></item>
			</item>
			<item id="23">
				<item id="displayorder"><![CDATA[26]]></item>
				<item id="title"><![CDATA[回帖禁言通知管理员和版主]]></item>
				<item id="description"><![CDATA[建议开启，通过此功能管理员和版主可及时发现处理误判情况。]]></item>
				<item id="variable"><![CDATA[rpmistoadmin]]></item>
				<item id="type"><![CDATA[radio]]></item>
				<item id="value"><![CDATA[1]]></item>
				<item id="extra"><![CDATA[]]></item>
			</item>
			<item id="24">
				<item id="displayorder"><![CDATA[30]]></item>
				<item id="title"><![CDATA[非中文帖子检查开启]]></item>
				<item id="description"><![CDATA[检查帖子内容是否为非中文内容的帖子。]]></item>
				<item id="variable"><![CDATA[checkchines]]></item>
				<item id="type"><![CDATA[radio]]></item>
				<item id="value"><![CDATA[0]]></item>
				<item id="extra"><![CDATA[]]></item>
			</item>
			<item id="25">
				<item id="displayorder"><![CDATA[31]]></item>
				<item id="title"><![CDATA[低于此长度的帖子不检查]]></item>
				<item id="description"><![CDATA[建议设置长度为30-60，低于此长度的帖子不进行检查，通常英文垃圾帖都比较长，合理设置可以提交检查效率避免误判。]]></item>
				<item id="variable"><![CDATA[nds_ccncn]]></item>
				<item id="type"><![CDATA[number]]></item>
				<item id="value"><![CDATA[30]]></item>
				<item id="extra"><![CDATA[]]></item>
			</item>
			<item id="26">
				<item id="displayorder"><![CDATA[32]]></item>
				<item id="title"><![CDATA[非中文帖内容取样截取长度]]></item>
				<item id="description"><![CDATA[建议值 100-300，合理设置值可以提高检查效率。]]></item>
				<item id="variable"><![CDATA[nds_ccln]]></item>
				<item id="type"><![CDATA[number]]></item>
				<item id="value"><![CDATA[150]]></item>
				<item id="extra"><![CDATA[]]></item>
			</item>
			<item id="27">
				<item id="displayorder"><![CDATA[33]]></item>
				<item id="title"><![CDATA[中文字符最低百分比]]></item>
				<item id="description"><![CDATA[设置帖子内容截取部分中文字符的占比，如设置20表示中文的占比不得低于20%。建议设置10-20。大于20有可能会导致用户发布HTML内容时误报。]]></item>
				<item id="variable"><![CDATA[nds_set_chinese]]></item>
				<item id="type"><![CDATA[number]]></item>
				<item id="value"><![CDATA[18]]></item>
				<item id="extra"><![CDATA[]]></item>
			</item>
			<item id="28">
				<item id="displayorder"><![CDATA[34]]></item>
				<item id="title"><![CDATA[非中文贴处理方式]]></item>
				<item id="description"><![CDATA[如处理方式包含禁言，禁言时限同重复发布处理时限。]]></item>
				<item id="variable"><![CDATA[nds_ccop]]></item>
				<item id="type"><![CDATA[select]]></item>
				<item id="value"><![CDATA[1]]></item>
				<item id="extra"><![CDATA[1 = 帖子审核
2 = 帖子移到回收站
3 = 向用户发出警告(配合警告N次禁言)
4 = 帖子审核并ID禁言
5 = 帖子移到回收站并ID禁言
6 = 只通知不做处理]]></item>
			</item>
			<item id="29">
				<item id="displayorder"><![CDATA[35]]></item>
				<item id="title"><![CDATA[允许的非中文字符集]]></item>
				<item id="description"><![CDATA[选择你要允许发布帖子的非中文字符集。选中的文字类型将不会被阻止。]]></item>
				<item id="variable"><![CDATA[any_lan]]></item>
				<item id="type"><![CDATA[selects]]></item>
				<item id="extra"><![CDATA[no = 全部禁止
en = 英文
kr = 韩文
jp = 日文]]></item>
			</item>
		</item>
		<item id="language">
			<item id="scriptlang">
				<item id="logy_m_g"><![CDATA[<h2 style="text-align:-webkit-center;">
	<span style="color:#4C33E5;">推荐一个dz商</span><span style="color:#4C33E5;">业插件模版下载的</span><span style="color:#4C33E5;"></span><span style="color:#4C33E5;">网站给大家</span><a href="http://www.ymg6.com" target="_blank"><span style="color:#4C33E5;">源码哥分享吧</span></a><span style="color:#4C33E5;">（www.ymg6.com）</span> 
</h2>
<h3 style="text-align:-webkit-center;">
	<span style="color:#E53333;">这</span><span style="color:#E53333;">是一个</span><span style="color:#E53333;">dz商业</span><a href="http://www.ymg6.com/forum.php?mod=forumdisplay&fid=2" target="_blank"><span style="color:#337FE5;">插</span><u><span style="color:#337FE5;"></span></u><span style="color:#337FE5;">件</span></a><a href="http://www.ymg6.com/forum.php?mod=forumdisplay&fid=36" target="_blank"><u><span style="color:#337FE5;">模</span></u><u><span style="color:#337FE5;"></span></u><u><span style="color:#337FE5;">版</span></u></a><span style="color:#E53333;">资源破解分享的网站，而且还有很多精品的网站源码下载</span> 
</h3>
<h3 style="text-align:-webkit-center;">
	<span style="color:#E53333;">他们资源每天更新，并且很多都是他们自己出钱在应用中心购买后破解分享出来的</span><br />
</h3>
<h3>
	<div style="text-align:center;">
		<span style="color:#E53333;">不过还是替他们说一下</span> 
	</div>
	<div style="text-align:center;">
		<span style="color:#E53333;">&nbsp;他们站下载的资源只限于自己学习研究内含的设计思想和原理 请勿有任何商业盈利行为</span> 
	</div>
</h3>
<h3 style="text-align:center;">
	<span style="color:#999999;">介绍也介绍完了，给大家做个小导航吧</span> 
</h3>
<h3 style="text-align:center;">
	<span style="color:#337FE5;"><a href="http://www.ymg6.com/forum.php?mod=forumdisplay&fid=2" target="_blank">dz商业破解插件下载</a> &nbsp; <a href="http://www.ymg6.com/forum.php?mod=forumdisplay&fid=36" target="_blank">dz商业风格模版下载</a> &nbsp; &nbsp;<a href="http://www.ymg6.com/forum.php?mod=forumdisplay&fid=50" target="_blank">精品网站源码下载</a> &nbsp; &nbsp;<a href="http://www.ymg6.com/forum.php?mod=forumdisplay&fid=51" target="_blank">工具素材下载</a></span><span style="color:#337FE5;">&nbsp; &nbsp; <a href="http://www.ymg6.com/forum.php?mod=forumdisplay&fid=41" target="_blank">精选教程区</a></span> 
</h3> ]]></item>
				<item id="lopck1"><![CDATA[帖子进入审核状态]]></item>
				<item id="lopck2"><![CDATA[帖子移入回收站]]></item>
				<item id="lopck3"><![CDATA[对帖子进行警告,多次警告后将锁定账号]]></item>
				<item id="lopck4"><![CDATA[帖子进入审核状态,用户ID被禁止发言]]></item>
				<item id="lopck5"><![CDATA[帖子移入回收站,用户ID被禁止发言]]></item>
                                <item id="lopck6"><![CDATA[只通知，未做任何处置]]></item>
                                <item id="rlopck1"><![CDATA[用户ID禁言一天]]></item>
                                <item id="rlopck2"><![CDATA[用户ID禁言三天]]></item>
                                <item id="rlopck3"><![CDATA[用户ID禁言一周]]></item>
                                <item id="rlopck4"><![CDATA[用户ID禁言一个月]]></item>
                                <item id="rlopck5"><![CDATA[用户ID禁言永久]]></item>
                                <item id="rlopck6"><![CDATA[只对用户进行提醒，未作处置]]></item>
				<item id="lreason"><![CDATA[发布重复的帖子]]></item>
				<item id="lanrpsystem"><![CDATA[反垃圾重复发帖系统]]></item>
				<item id="isenotice"><![CDATA[该信息由反垃圾重复发帖插件自动发送，截获用户{rpuser}发布的标题为：<a href="{url1}" target="_blank">{subject1}</a>的帖子，系统判断这是一个非中文或纯数字内容的帖子，已对该贴进行处理，处理方式为：{opmod}]]></item>
				<item id="isenotice2"><![CDATA[该信息由反垃圾重复发帖插件自动发送，你发布的帖子：<a href="{url1}" target="_blank">{subject1}</a>被系统判断为非中文或数字内容的帖子，由于本站禁止发布此类内容，系统已对该贴进行处理，处理方式为：{opmod},如有问题请联系网站管理员或版主！]]></item>
				<item id="notice1"><![CDATA[该信息由反垃圾重复发帖插件自动发送，截获用户{rpuser}发布的标题为：<a href="{url1}" target="_blank">{subject1}</a>的帖子可能与另一个帖子<a href="{url2}" target="_blank">{subject2}</a>存在重复,重复度为{continuous}%，系统已对该贴进行处理，处理方式为：{opmod}]]></item>
				<item id="notice2"><![CDATA[该信息由本站反垃圾重复发帖系统自动发送，你发布的标题为：<a href="{url1}" target="_blank">{subject1}</a>的帖子可能与另一个帖子<a href="{url2}" target="_blank">{subject2}</a>存在重复,重复度为{continuous}%，系统已对该贴进行处理，处理方式为：{opmod},如有问题请及时与网站管理员或版主联系！]]></item>
                                <item id="notice3"><![CDATA[该信息由反垃圾重复发帖插件自动发送，截获用户{rpuser}在标题为：<a href="{url1}" target="_blank">{subject1}</a>的帖子中发布的回复信息可能与其在另外一个帖子中发布的内容<a href="{url2}" target="_blank">{subject2}</a>存在重复,重复度为{continuous}%，系统已阻止该信息的发布，并对用户进行处置，处理方式为：{opmod}]]></item>
			</item>
		</item>
	</item>
</root>