﻿<?xml version="1.0" encoding="ISO-8859-1"?>
<root>
	<item id="Title"><![CDATA[Discuz! Plugin]]></item>
	<item id="Version"><![CDATA[X2,X2.5,X3,X3.1,X3.2,F1.0]]></item>
	<item id="Time"><![CDATA[2016-11-07 15:44]]></item>
	<item id="From"><![CDATA[分享吧（www.fx8.cc）]]></item>
	<item id="Data">
		<item id="plugin">
			<item id="available"><![CDATA[1]]></item>
			<item id="adminid"><![CDATA[1]]></item>
			<item id="name"><![CDATA[源码哥_软件资源下载专题]]></item>
			<item id="identifier"><![CDATA[micxp_down]]></item>
			<item id="description"><![CDATA[]]></item>
			<item id="datatables"><![CDATA[]]></item>
			<item id="directory"><![CDATA[micxp_down/]]></item>
			<item id="copyright"><![CDATA[源码哥（www.ymg6.com）]]></item>
			<item id="version"><![CDATA[1.5.0]]></item>
			<item id="__modules">
				<item id="10">
					<item id="name"><![CDATA[myyapmagoo]]></item>
					<item id="menu"><![CDATA[<span style="color:#E53333;"><b>源码哥</b></span>]]></item>
					<item id="url"><![CDATA[]]></item>
					<item id="type"><![CDATA[3]]></item>
					<item id="adminid"><![CDATA[0]]></item>
					<item id="displayorder"><![CDATA[0]]></item>
					<item id="navtitle"><![CDATA[]]></item>
					<item id="navicon"><![CDATA[]]></item>
					<item id="navsubname"><![CDATA[]]></item>
					<item id="navsuburl"><![CDATA[]]></item>
				</item>
				<item id="0">
					<item id="name"><![CDATA[huandeng]]></item>
					<item id="param"><![CDATA[]]></item>
					<item id="menu"><![CDATA[幻灯设置]]></item>
					<item id="url"><![CDATA[]]></item>
					<item id="type"><![CDATA[3]]></item>
					<item id="adminid"><![CDATA[0]]></item>
					<item id="displayorder"><![CDATA[0]]></item>
					<item id="navtitle"><![CDATA[]]></item>
					<item id="navicon"><![CDATA[]]></item>
					<item id="navsubname"><![CDATA[]]></item>
					<item id="navsuburl"><![CDATA[]]></item>
				</item>
				<item id="1">
					<item id="name"><![CDATA[downthread]]></item>
					<item id="param"><![CDATA[]]></item>
					<item id="menu"><![CDATA[]]></item>
					<item id="url"><![CDATA[]]></item>
					<item id="type"><![CDATA[12]]></item>
					<item id="adminid"><![CDATA[0]]></item>
					<item id="displayorder"><![CDATA[0]]></item>
					<item id="navtitle"><![CDATA[]]></item>
					<item id="navicon"><![CDATA[]]></item>
					<item id="navsubname"><![CDATA[]]></item>
					<item id="navsuburl"><![CDATA[]]></item>
				</item>
				<item id="2">
					<item id="name"><![CDATA[hj]]></item>
					<item id="param"><![CDATA[]]></item>
					<item id="menu"><![CDATA[运行环境]]></item>
					<item id="url"><![CDATA[]]></item>
					<item id="type"><![CDATA[3]]></item>
					<item id="adminid"><![CDATA[0]]></item>
					<item id="displayorder"><![CDATA[0]]></item>
					<item id="navtitle"><![CDATA[]]></item>
					<item id="navicon"><![CDATA[]]></item>
					<item id="navsubname"><![CDATA[]]></item>
					<item id="navsuburl"><![CDATA[]]></item>
				</item>
				<item id="3">
					<item id="name"><![CDATA[postad]]></item>
					<item id="param"><![CDATA[]]></item>
					<item id="menu"><![CDATA[帖内广告]]></item>
					<item id="url"><![CDATA[]]></item>
					<item id="type"><![CDATA[3]]></item>
					<item id="adminid"><![CDATA[0]]></item>
					<item id="displayorder"><![CDATA[0]]></item>
					<item id="navtitle"><![CDATA[]]></item>
					<item id="navicon"><![CDATA[]]></item>
					<item id="navsubname"><![CDATA[]]></item>
					<item id="navsuburl"><![CDATA[]]></item>
				</item>
				<item id="4">
					<item id="name"><![CDATA[language]]></item>
					<item id="param"><![CDATA[]]></item>
					<item id="menu"><![CDATA[语言界面]]></item>
					<item id="url"><![CDATA[]]></item>
					<item id="type"><![CDATA[3]]></item>
					<item id="adminid"><![CDATA[0]]></item>
					<item id="displayorder"><![CDATA[0]]></item>
					<item id="navtitle"><![CDATA[]]></item>
					<item id="navicon"><![CDATA[]]></item>
					<item id="navsubname"><![CDATA[]]></item>
					<item id="navsuburl"><![CDATA[]]></item>
				</item>
				<item id="5">
					<item id="name"><![CDATA[sq]]></item>
					<item id="param"><![CDATA[]]></item>
					<item id="menu"><![CDATA[软件受权]]></item>
					<item id="url"><![CDATA[]]></item>
					<item id="type"><![CDATA[3]]></item>
					<item id="adminid"><![CDATA[0]]></item>
					<item id="displayorder"><![CDATA[0]]></item>
					<item id="navtitle"><![CDATA[]]></item>
					<item id="navicon"><![CDATA[]]></item>
					<item id="navsubname"><![CDATA[]]></item>
					<item id="navsuburl"><![CDATA[]]></item>
				</item>
				<item id="6">
					<item id="name"><![CDATA[softtype]]></item>
					<item id="param"><![CDATA[]]></item>
					<item id="menu"><![CDATA[软件类型]]></item>
					<item id="url"><![CDATA[]]></item>
					<item id="type"><![CDATA[3]]></item>
					<item id="adminid"><![CDATA[0]]></item>
					<item id="displayorder"><![CDATA[0]]></item>
					<item id="navtitle"><![CDATA[]]></item>
					<item id="navicon"><![CDATA[]]></item>
					<item id="navsubname"><![CDATA[]]></item>
					<item id="navsuburl"><![CDATA[]]></item>
				</item>
				<item id="7">
					<item id="name"><![CDATA[softcp]]></item>
					<item id="param"><![CDATA[]]></item>
					<item id="menu"><![CDATA[软件管理]]></item>
					<item id="url"><![CDATA[]]></item>
					<item id="type"><![CDATA[3]]></item>
					<item id="adminid"><![CDATA[0]]></item>
					<item id="displayorder"><![CDATA[0]]></item>
					<item id="navtitle"><![CDATA[]]></item>
					<item id="navicon"><![CDATA[]]></item>
					<item id="navsubname"><![CDATA[]]></item>
					<item id="navsuburl"><![CDATA[]]></item>
				</item>
				<item id="8">
					<item id="name"><![CDATA[micxp_down]]></item>
					<item id="param"><![CDATA[]]></item>
					<item id="menu"><![CDATA[软件下载]]></item>
					<item id="url"><![CDATA[]]></item>
					<item id="type"><![CDATA[1]]></item>
					<item id="adminid"><![CDATA[0]]></item>
					<item id="displayorder"><![CDATA[0]]></item>
					<item id="navtitle"><![CDATA[]]></item>
					<item id="navicon"><![CDATA[]]></item>
					<item id="navsubname"><![CDATA[]]></item>
					<item id="navsuburl"><![CDATA[]]></item>
				</item>
				<item id="9">
					<item id="name"><![CDATA[category]]></item>
					<item id="param"><![CDATA[]]></item>
					<item id="menu"><![CDATA[分类管理]]></item>
					<item id="url"><![CDATA[]]></item>
					<item id="type"><![CDATA[3]]></item>
					<item id="adminid"><![CDATA[0]]></item>
					<item id="displayorder"><![CDATA[0]]></item>
					<item id="navtitle"><![CDATA[]]></item>
					<item id="navicon"><![CDATA[]]></item>
					<item id="navsubname"><![CDATA[]]></item>
					<item id="navsuburl"><![CDATA[]]></item>
				</item>
			</item>
		</item>
		<item id="version"><![CDATA[X2,X2.5,X3,X3.1,X3.2,F1.0]]></item>
		<item id="var">
			<item id="0">
				<item id="displayorder"><![CDATA[0]]></item>
				<item id="title"><![CDATA[讯雷联盟ID]]></item>
				<item id="description"><![CDATA[]]></item>
				<item id="variable"><![CDATA[M_thunder_pid]]></item>
				<item id="type"><![CDATA[number]]></item>
				<item id="value"><![CDATA[130116]]></item>
				<item id="extra"><![CDATA[]]></item>
			</item>
			<item id="1">
				<item id="displayorder"><![CDATA[0]]></item>
				<item id="title"><![CDATA[首页下载排行个数]]></item>
				<item id="description"><![CDATA[]]></item>
				<item id="variable"><![CDATA[M_downnum]]></item>
				<item id="type"><![CDATA[number]]></item>
				<item id="value"><![CDATA[13]]></item>
				<item id="extra"><![CDATA[]]></item>
			</item>
			<item id="2">
				<item id="displayorder"><![CDATA[0]]></item>
				<item id="title"><![CDATA[seokeywords]]></item>
				<item id="description"><![CDATA[]]></item>
				<item id="variable"><![CDATA[M_seokeywords]]></item>
				<item id="type"><![CDATA[text]]></item>
				<item id="value"><![CDATA[软件下载,插件下载,软件资源下载]]></item>
				<item id="extra"><![CDATA[]]></item>
			</item>
			<item id="3">
				<item id="displayorder"><![CDATA[0]]></item>
				<item id="title"><![CDATA[首页常用软件类别ID]]></item>
				<item id="description"><![CDATA[请填写首页"常用软件"处需要调用的类别ID,ID间用英文逗号隔开如  1,2,3, 4   类别ID请到软件分类里查看，如到分件分类处把鼠标移到"管理"按钮上，查看左下角的链接地址出现xxxx&catid=xxx 最后面的xxx数字就是当前类别的分类ID]]></item>
				<item id="variable"><![CDATA[M_cateids]]></item>
				<item id="type"><![CDATA[text]]></item>
				<item id="value"><![CDATA[2,3,4]]></item>
				<item id="extra"><![CDATA[]]></item>
			</item>
			<item id="4">
				<item id="displayorder"><![CDATA[0]]></item>
				<item id="title"><![CDATA[首页最新推荐软件数]]></item>
				<item id="description"><![CDATA[]]></item>
				<item id="variable"><![CDATA[M_zxtjnum]]></item>
				<item id="type"><![CDATA[number]]></item>
				<item id="value"><![CDATA[20]]></item>
				<item id="extra"><![CDATA[]]></item>
			</item>
			<item id="5">
				<item id="displayorder"><![CDATA[0]]></item>
				<item id="title"><![CDATA[首页装机必备显示软件数]]></item>
				<item id="description"><![CDATA[]]></item>
				<item id="variable"><![CDATA[M_zjbbnum]]></item>
				<item id="type"><![CDATA[number]]></item>
				<item id="value"><![CDATA[24]]></item>
				<item id="extra"><![CDATA[]]></item>
			</item>
			<item id="6">
				<item id="displayorder"><![CDATA[0]]></item>
				<item id="title"><![CDATA[seodescription]]></item>
				<item id="description"><![CDATA[]]></item>
				<item id="variable"><![CDATA[M_seodescription]]></item>
				<item id="type"><![CDATA[text]]></item>
				<item id="value"><![CDATA[MicXP程序爱好者软件下载插件是一款极好的软件开载插件很好整合了论坛功能]]></item>
				<item id="extra"><![CDATA[]]></item>
			</item>
			<item id="7">
				<item id="displayorder"><![CDATA[0]]></item>
				<item id="title"><![CDATA[seotitle]]></item>
				<item id="description"><![CDATA[]]></item>
				<item id="variable"><![CDATA[M_seotitle]]></item>
				<item id="type"><![CDATA[text]]></item>
				<item id="value"><![CDATA[MicXP程序爱好者软件下载插件]]></item>
				<item id="extra"><![CDATA[]]></item>
			</item>
			<item id="8">
				<item id="displayorder"><![CDATA[0]]></item>
				<item id="title"><![CDATA[首页常用类别每个分类显示数量]]></item>
				<item id="description"><![CDATA[]]></item>
				<item id="variable"><![CDATA[M_cynum]]></item>
				<item id="type"><![CDATA[number]]></item>
				<item id="value"><![CDATA[4]]></item>
				<item id="extra"><![CDATA[]]></item>
			</item>
		</item>
		<item id="language">
			<item id="scriptlang">
				<item id="logy_m_g"><![CDATA[<h2 style="text-align:-webkit-center;">
	<span style="color:#4C33E5;">推荐一个dz商</span><span style="color:#4C33E5;">业插件模版下载的</span><span style="color:#4C33E5;"></span><span style="color:#4C33E5;">网站给大家</span><a href="http://www.ymg6.com" target="_blank"><span style="color:#4C33E5;">源码哥分享吧</span></a><span style="color:#4C33E5;">（www.ymg6.com）</span> 
</h2>
<h3 style="text-align:-webkit-center;">
	<span style="color:#E53333;">这</span><span style="color:#E53333;">是一个</span><span style="color:#E53333;">dz商业</span><a href="http://www.ymg6.com/forum.php?mod=forumdisplay&fid=2" target="_blank"><span style="color:#337FE5;">插</span><u><span style="color:#337FE5;"></span></u><span style="color:#337FE5;">件</span></a><a href="http://www.ymg6.com/forum.php?mod=forumdisplay&fid=36" target="_blank"><u><span style="color:#337FE5;">模</span></u><u><span style="color:#337FE5;"></span></u><u><span style="color:#337FE5;">版</span></u></a><span style="color:#E53333;">资源破解分享的网站，而且还有很多精品的网站源码下载</span> 
</h3>
<h3 style="text-align:-webkit-center;">
	<span style="color:#E53333;">他们资源每天更新，并且很多都是他们自己出钱在应用中心购买后破解分享出来的</span><br />
</h3>
<h3>
	<div style="text-align:center;">
		<span style="color:#E53333;">不过还是替他们说一下</span> 
	</div>
	<div style="text-align:center;">
		<span style="color:#E53333;">&nbsp;他们站下载的资源只限于自己学习研究内含的设计思想和原理 请勿有任何商业盈利行为</span> 
	</div>
</h3>
<h3 style="text-align:center;">
	<span style="color:#999999;">介绍也介绍完了，给大家做个小导航吧</span> 
</h3>
<h3 style="text-align:center;">
	<span style="color:#337FE5;"><a href="http://www.ymg6.com/forum.php?mod=forumdisplay&fid=2" target="_blank">dz商业破解插件下载</a> &nbsp; <a href="http://www.ymg6.com/forum.php?mod=forumdisplay&fid=36" target="_blank">dz商业风格模版下载</a> &nbsp; &nbsp;<a href="http://www.ymg6.com/forum.php?mod=forumdisplay&fid=50" target="_blank">精品网站源码下载</a> &nbsp; &nbsp;<a href="http://www.ymg6.com/forum.php?mod=forumdisplay&fid=51" target="_blank">工具素材下载</a></span><span style="color:#337FE5;">&nbsp; &nbsp; <a href="http://www.ymg6.com/forum.php?mod=forumdisplay&fid=41" target="_blank">精选教程区</a></span> 
</h3> ]]></item>
				<item id="name"><![CDATA[资源下载]]></item>
				<item id="buttontext"><![CDATA[发布资源]]></item>
				<item id="menu_root"><![CDATA[MicXP软件资源下载]]></item>
				<item id="menu_shuxing"><![CDATA[下载属性设置]]></item>
				<item id="menu_shuxing_language"><![CDATA[软件语言管理]]></item>
				<item id="menu_shuxing_softtype"><![CDATA[软件类型管理]]></item>
				<item id="menu_shuxing_sq"><![CDATA[软件受权管理]]></item>
				<item id="menu_shuxing_hj"><![CDATA[软件环境管理]]></item>
				<item id="menu_category"><![CDATA[分类管理]]></item>
				<item id="menu_huandeng"><![CDATA[幻灯设置]]></item>
				<item id="menu_postad"><![CDATA[帖内广告]]></item>
				<item id="huandeng_add_menu"><![CDATA[添加幻灯]]></item>
				<item id="huandeng_add_succeed"><![CDATA[幻灯更新成功]]></item>
				<item id="huandeng_not_found"><![CDATA[幻灯不存在]]></item>
				<item id="huandeng_name"><![CDATA[幻灯标题]]></item>
				<item id="huandeng_url"><![CDATA[幻灯URL地址]]></item>
				<item id="huandeng_url_open"><![CDATA[幻灯打开方式]]></item>
				<item id="url_open_default"><![CDATA[默认打开方式]]></item>
				<item id="url_open_blank"><![CDATA[新窗口开打]]></item>
				<item id="huandeng_logo"><![CDATA[幻灯图片]]></item>
				<item id="menu_softcp"><![CDATA[软件管理]]></item>
				<item id="illegal"><![CDATA[参数错误]]></item>
				<item id="noselect"><![CDATA[请选择需要操作的软件]]></item>
				<item id="soft_deleted"><![CDATA[软件删除成功]]></item>
				<item id="soft_move_select_cat"><![CDATA[请选择需要移动到的分类]]></item>
				<item id="soft_move_succeed"><![CDATA[软件移动分类成功]]></item>
				<item id="softcp_perpage"><![CDATA[每页]]></item>
				<item id="unit"><![CDATA[个]]></item>
				<item id="search"><![CDATA[搜索]]></item>
				<item id="keyword"><![CDATA[关键词]]></item>
				<item id="soft_name"><![CDATA[软件名称]]></item>
				<item id="exists"><![CDATA[己存在]]></item>
				<item id="language_name"><![CDATA[语言名称]]></item>
				<item id="softtype_name"><![CDATA[类型名称]]></item>
				<item id="sq_name"><![CDATA[受权名称]]></item>
				<item id="hj_name"><![CDATA[环境名称]]></item>
				<item id="isdefault"><![CDATA[是否默认]]></item>
				<item id="opration"><![CDATA[操作]]></item>
				<item id="lencord"><![CDATA[每页条数]]></item>
				<item id="istuijian"><![CDATA[是否推荐]]></item>
				<item id="tuijian"><![CDATA[推荐]]></item>
				<item id="distuijian"><![CDATA[取消推荐]]></item>
				<item id="bb"><![CDATA[装机必备]]></item>
				<item id="disbb"><![CDATA[取消必备]]></item>
				<item id="zjbb"><![CDATA[装机必备]]></item>
				<item id="operation"><![CDATA[操作]]></item>
				<item id="soft_tuijian_succeed"><![CDATA[推荐状态设置成功]]></item>
				<item id="soft_zjbb_succeed"><![CDATA[装机必备设置成功]]></item>
				<item id="none"><![CDATA[不限]]></item>
				<item id="category_name"><![CDATA[分类名称]]></item>
				<item id="category_softs"><![CDATA[软件]]></item>
				<item id="category_allowpublish"><![CDATA[发布]]></item>
				<item id="category_is_closed"><![CDATA[启用]]></item>
				<item id="soft_op"><![CDATA[软件操作]]></item>
				<item id="category_addcategory"><![CDATA[添加一级分类]]></item>
				<item id="category_addsubcategory"><![CDATA[添加二级分类]]></item>
				<item id="category_update_succeed"><![CDATA[分类更新成功]]></item>
				<item id="catgory_not_found"><![CDATA[分类不存在]]></item>
				<item id="category_username"><![CDATA[创建者]]></item>
				<item id="category_dateline"><![CDATA[创建时间]]></item>
				<item id="category_upname"><![CDATA[上级分类]]></item>
				<item id="display_order"><![CDATA[显示顺序]]></item>
				<item id="category_foldername"><![CDATA[目录名称]]></item>
				<item id="category_url"><![CDATA[自定义链接地址]]></item>
				<item id="category_perpage"><![CDATA[列表每页显示软件数]]></item>
				<item id="category_maxpages"><![CDATA[列表最大分页数]]></item>
				<item id="category_tplname"><![CDATA[列表模板名称]]></item>
				<item id="category_editallowpublish"><![CDATA[是否允许提交软件]]></item>
				<item id="category_editis_closed"><![CDATA[是否启用]]></item>
				<item id="setseotips"><![CDATA[SEO优化设置]]></item>
				<item id="down_seotips"><![CDATA[<li>站点名称&nbsp;<font class="highlight">{bbname}</font>（应用范围：所有位置）</li>
		 <li>当前分类名称&nbsp;<font class="highlight">{curcat}</font>（应用范围：除首页以外）</li> 
		 <li>一级分类名称&nbsp;<font class="highlight">{firstcat}</font>（应用范围：除首页以外）</li> 
		 <li>二级分类名称&nbsp;<font class="highlight">{secondcat}</font>（应用范围：除首页以外）</li> 
		 <li>分页数&nbsp;<font class="highlight">{page}</font>（应用范围：列表页）</li>]]></item>
				<item id="down_seotitle"><![CDATA[SEO标题]]></item>
				<item id="down_keyword"><![CDATA[SEO关键词]]></item>
				<item id="down_summary"><![CDATA[SEO描述]]></item>
				<item id="category_foldername_rename_error"><![CDATA[目录重命名出错]]></item>
				<item id="return"><![CDATA[返回]]></item>
				<item id="category_parentfoldername_empty"><![CDATA[父级目录不能为空]]></item>
				<item id="category_foldername_duplicate"><![CDATA[目录名称己存在]]></item>
				<item id="category_edit_succeed"><![CDATA[分类更新成功]]></item>
				<item id="category_filewrite_error"><![CDATA[写入文件出错]]></item>
				<item id="select_category"><![CDATA[选择分类]]></item>
				<item id="category_delete_succeed"><![CDATA[分类删除成功]]></item>
				<item id="category_subcategory_moveto"><![CDATA[该分类下的子分类]]></item>
				<item id="category_soft"><![CDATA[该分类下的软件]]></item>
				<item id="category_soft_moveto"><![CDATA[该分类下的软件移动到]]></item>
				<item id="category_delete"><![CDATA[提交]]></item>
				<item id="dh_delete_confirm"><![CDATA[本操作不可恢复，您确定要删除该分类下的软件吗？]]></item>
				<item id="dhcategory_move_category_failed"><![CDATA[无法移动到所选分类]]></item>
				<item id="downcategory_delete_succeed"><![CDATA[软件分类删除成功]]></item>
				<item id="dhcategory_move_empty_error"><![CDATA[该分类下没有任何软件]]></item>
				<item id="dhcategory_move"><![CDATA[转移]]></item>
				<item id="dhcategory_move_succeed"><![CDATA[软件移动完成]]></item>
				<item id="yes"><![CDATA[是]]></item>
				<item id="no"><![CDATA[否]]></item>
				<item id="add"><![CDATA[添加]]></item>
				<item id="update"><![CDATA[更新]]></item>
				<item id="delete"><![CDATA[删除]]></item>
				<item id="setdefault"><![CDATA[设为默认]]></item>
				<item id="select_yy"><![CDATA[运行语言]]></item>
				<item id="select_lx"><![CDATA[软件类型]]></item>
				<item id="select_sq"><![CDATA[受权形式]]></item>
				<item id="select_dj"><![CDATA[软件等级]]></item>
				<item id="start_1"><![CDATA[一星]]></item>
				<item id="start_2"><![CDATA[二星]]></item>
				<item id="start_3"><![CDATA[三星]]></item>
				<item id="start_4"><![CDATA[四星]]></item>
				<item id="start_5"><![CDATA[五星]]></item>
				<item id="m_catid_invalide"><![CDATA[分类选择错误，请返回重新选择]]></item>
				<item id="m_name_invalide"><![CDATA[软件名称未填写，请返回]]></item>
				<item id="m_updatetime_invalide"><![CDATA[软件更新时间未填写，请返回]]></item>
				<item id="m_softhj_invalide"><![CDATA[软件运行环境未填写，请返回]]></item>
				<item id="m_language_invalide"><![CDATA[软件界面语言未选择，请返回重新选择]]></item>
				<item id="m_softtype_invalide"><![CDATA[软件类型未选择，请返回重新选择]]></item>
				<item id="m_sq_invalide"><![CDATA[软件受权未选择，请返回重新选择]]></item>
				<item id="m_dj_invalide"><![CDATA[软件等级未选择，请返回重新选择]]></item>
				<item id="m_softsize_invalide"><![CDATA[软件文件大小未填写，请返回]]></item>
				<item id="m_softurl_invalide"><![CDATA[软件下载地址未填写，请返回]]></item>
				<item id="m_no_pic"><![CDATA[必须提交软件截图]]></item>
				<item id="soft_not_find"><![CDATA[你要下载的软件不存在,或己被删除]]></item>
				<item id="list_choose_category"><![CDATA[请选择分类]]></item>
				<item id="list_category_noexist"><![CDATA[查看的分类不存在]]></item>
				<item id="list_category_is_closed"><![CDATA[当前分类己关闭]]></item>
				<item id="ad_cate"><![CDATA[选择帖内广告分类]]></item>
				<item id="postad_logo"><![CDATA[帖内广告图片]]></item>
				<item id="postad_url"><![CDATA[广告URL地址]]></item>
				<item id="poatad_save"><![CDATA[帖内广告更新成功]]></item>
				<item id="hjtips"><![CDATA[请先到后台设置运行环境]]></item>
				<item id="noprivileges"><![CDATA[你没有权限操作]]></item>
				<item id="downcategory_catgory_not_found"><![CDATA[分类不存在]]></item>
				<item id="soft_not_exist"><![CDATA[软件不存在或己被删除]]></item>
				<item id="soft_category_disallowpublish"><![CDATA[当前分类不允许添加软件]]></item>
				<item id="soft_has_not_category"><![CDATA[抱歉，您尚未创建任何软件分类，请先创建软件分类]]></item>
				<item id="title_not_too_little"><![CDATA[软件长标题长度(1~80字符)不符合要求]]></item>
				<item id="soft_validate_name"><![CDATA[软件名称长度(1~80字符)不符合要求]]></item>
				<item id="add_soft"><![CDATA[添加软件]]></item>
			</item>
			<item id="templatelang">
				<item id="soft_logo"><![CDATA[软件LOGO]]></item>
				<item id="soft_summary"><![CDATA[软件简介]]></item>
				<item id="softname"><![CDATA[软件名称]]></item>
				<item id="softcate"><![CDATA[所属分类]]></item>
				<item id="updatetime"><![CDATA[更新时间]]></item>
				<item id="softhj"><![CDATA[运行环境]]></item>
				<item id="softsx"><![CDATA[软件属性]]></item>
				<item id="softsize"><![CDATA[软件大小]]></item>
				<item id="softurl"><![CDATA[下载地址]]></item>
				<item id="soft_cover"><![CDATA[软件截图]]></item>
				<item id="down_post_error_name"><![CDATA[软件名称不能为空]]></item>
				<item id="down_post_error_catid"><![CDATA[请选择软件分类]]></item>
				<item id="down_post_error_updatetime"><![CDATA[请选择更新时间]]></item>
				<item id="down_post_error_hj"><![CDATA[请选择软件运行环境]]></item>
				<item id="down_post_error_yy"><![CDATA[请选择界面语言]]></item>
				<item id="down_post_error_lx"><![CDATA[请选择软件类型]]></item>
				<item id="down_post_error_sq"><![CDATA[请选择受权形式]]></item>
				<item id="down_post_error_dj"><![CDATA[请选择软件等级]]></item>
				<item id="down_post_error_size"><![CDATA[请填写软件大小]]></item>
				<item id="down_post_error_url"><![CDATA[请填写软件下载地址]]></item>
				<item id="show_yy"><![CDATA[界面语言]]></item>
				<item id="show_lx"><![CDATA[软件类型]]></item>
				<item id="show_sq"><![CDATA[受权形式]]></item>
				<item id="show_dj"><![CDATA[软件等级]]></item>
				<item id="start_1"><![CDATA[一星]]></item>
				<item id="start_2"><![CDATA[二星]]></item>
				<item id="start_3"><![CDATA[三星]]></item>
				<item id="start_4"><![CDATA[四星]]></item>
				<item id="start_5"><![CDATA[五星]]></item>
				<item id="none"><![CDATA[无]]></item>
				<item id="download"><![CDATA[立即下载]]></item>
				<item id="downloadph"><![CDATA[下载排行]]></item>
				<item id="softphb"><![CDATA[软件排行榜]]></item>
				<item id="zjbbphb"><![CDATA[装机必备排行榜]]></item>
				<item id="zjbb"><![CDATA[装机必备]]></item>
				<item id="more"><![CDATA[查看更多]]></item>
				<item id="clickuint"><![CDATA[次]]></item>
				<item id="click"><![CDATA[点击]]></item>
				<item id="speeddown"><![CDATA[高速下载]]></item>
				<item id="detail"><![CDATA[详情]]></item>
				<item id="cytj"><![CDATA[常用推荐]]></item>
				<item id="newtj"><![CDATA[最新推荐软件]]></item>
				<item id="allcate"><![CDATA[所有分类]]></item>
				<item id="softdown"><![CDATA[软件下载]]></item>
				<item id="soft_edit"><![CDATA[编辑软件]]></item>
				<item id="soft_add"><![CDATA[添加下载]]></item>
				<item id="soft_intro"><![CDATA[软件介绍]]></item>
				<item id="soft_validate_title"><![CDATA[软件长标题长度(1~80字符)不符合要求]]></item>
				<item id="soft_validate_name"><![CDATA[软件名称长度(1~80字符)不符合要求]]></item>
				<item id="upload_selectfile"><![CDATA[浏览]]></item>
				<item id="attachment_allow_exts"><![CDATA[可用扩展名]]></item>
				<item id="soft_validate_updatetim"><![CDATA[请选择软件更新时间]]></item>
				<item id="view_soft"><![CDATA[查看软件]]></item>
				<item id="soft_send_continue"><![CDATA[继续添加]]></item>
				<item id="soft_hot"><![CDATA[热门软件]]></item>
				<item id="soft_down_num"><![CDATA[下载量]]></item>
				<item id="short_name"><![CDATA[名称]]></item>
				<item id="soft_qs"><![CDATA[趋势]]></item>
				<item id="soft_new_add"><![CDATA[最新收录]]></item>
			</item>
		</item>
		<item id="installfile"><![CDATA[install.php]]></item>
		<item id="uninstallfile"><![CDATA[uninstall.php]]></item>
	</item>
</root>