﻿<?xml version="1.0" encoding="ISO-8859-1"?>
<root>
	<item id="Title"><![CDATA[Discuz! Plugin]]></item>
	<item id="Version"><![CDATA[X2,X2.5,X3,X3.1,X3.2,F1.0]]></item>
	<item id="Time"><![CDATA[2016-11-07 15:44]]></item>
	<item id="From"><![CDATA[分享吧（www.fx8.cc）]]></item>
	<item id="Data">
		<item id="plugin">
			<item id="available"><![CDATA[1]]></item>
			<item id="adminid"><![CDATA[1]]></item>
			<item id="name"><![CDATA[源碼哥_軟件資源下載專題]]></item>
			<item id="identifier"><![CDATA[micxp_down]]></item>
			<item id="description"><![CDATA[]]></item>
			<item id="datatables"><![CDATA[]]></item>
			<item id="directory"><![CDATA[micxp_down/]]></item>
			<item id="copyright"><![CDATA[源碼哥（www.ymg6.com）]]></item>
			<item id="version"><![CDATA[1.5.0]]></item>
			<item id="__modules">
				<item id="10">
					<item id="name"><![CDATA[myyapmagoo]]></item>
					<item id="menu"><![CDATA[<span style="color:#E53333;"><b>源碼哥</b></span>]]></item>
					<item id="url"><![CDATA[]]></item>
					<item id="type"><![CDATA[3]]></item>
					<item id="adminid"><![CDATA[0]]></item>
					<item id="displayorder"><![CDATA[0]]></item>
					<item id="navtitle"><![CDATA[]]></item>
					<item id="navicon"><![CDATA[]]></item>
					<item id="navsubname"><![CDATA[]]></item>
					<item id="navsuburl"><![CDATA[]]></item>
				</item>
				<item id="0">
					<item id="name"><![CDATA[huandeng]]></item>
					<item id="param"><![CDATA[]]></item>
					<item id="menu"><![CDATA[幻燈設置]]></item>
					<item id="url"><![CDATA[]]></item>
					<item id="type"><![CDATA[3]]></item>
					<item id="adminid"><![CDATA[0]]></item>
					<item id="displayorder"><![CDATA[0]]></item>
					<item id="navtitle"><![CDATA[]]></item>
					<item id="navicon"><![CDATA[]]></item>
					<item id="navsubname"><![CDATA[]]></item>
					<item id="navsuburl"><![CDATA[]]></item>
				</item>
				<item id="1">
					<item id="name"><![CDATA[downthread]]></item>
					<item id="param"><![CDATA[]]></item>
					<item id="menu"><![CDATA[]]></item>
					<item id="url"><![CDATA[]]></item>
					<item id="type"><![CDATA[12]]></item>
					<item id="adminid"><![CDATA[0]]></item>
					<item id="displayorder"><![CDATA[0]]></item>
					<item id="navtitle"><![CDATA[]]></item>
					<item id="navicon"><![CDATA[]]></item>
					<item id="navsubname"><![CDATA[]]></item>
					<item id="navsuburl"><![CDATA[]]></item>
				</item>
				<item id="2">
					<item id="name"><![CDATA[hj]]></item>
					<item id="param"><![CDATA[]]></item>
					<item id="menu"><![CDATA[運行環境]]></item>
					<item id="url"><![CDATA[]]></item>
					<item id="type"><![CDATA[3]]></item>
					<item id="adminid"><![CDATA[0]]></item>
					<item id="displayorder"><![CDATA[0]]></item>
					<item id="navtitle"><![CDATA[]]></item>
					<item id="navicon"><![CDATA[]]></item>
					<item id="navsubname"><![CDATA[]]></item>
					<item id="navsuburl"><![CDATA[]]></item>
				</item>
				<item id="3">
					<item id="name"><![CDATA[postad]]></item>
					<item id="param"><![CDATA[]]></item>
					<item id="menu"><![CDATA[帖內廣告]]></item>
					<item id="url"><![CDATA[]]></item>
					<item id="type"><![CDATA[3]]></item>
					<item id="adminid"><![CDATA[0]]></item>
					<item id="displayorder"><![CDATA[0]]></item>
					<item id="navtitle"><![CDATA[]]></item>
					<item id="navicon"><![CDATA[]]></item>
					<item id="navsubname"><![CDATA[]]></item>
					<item id="navsuburl"><![CDATA[]]></item>
				</item>
				<item id="4">
					<item id="name"><![CDATA[language]]></item>
					<item id="param"><![CDATA[]]></item>
					<item id="menu"><![CDATA[語言界面]]></item>
					<item id="url"><![CDATA[]]></item>
					<item id="type"><![CDATA[3]]></item>
					<item id="adminid"><![CDATA[0]]></item>
					<item id="displayorder"><![CDATA[0]]></item>
					<item id="navtitle"><![CDATA[]]></item>
					<item id="navicon"><![CDATA[]]></item>
					<item id="navsubname"><![CDATA[]]></item>
					<item id="navsuburl"><![CDATA[]]></item>
				</item>
				<item id="5">
					<item id="name"><![CDATA[sq]]></item>
					<item id="param"><![CDATA[]]></item>
					<item id="menu"><![CDATA[軟件受權]]></item>
					<item id="url"><![CDATA[]]></item>
					<item id="type"><![CDATA[3]]></item>
					<item id="adminid"><![CDATA[0]]></item>
					<item id="displayorder"><![CDATA[0]]></item>
					<item id="navtitle"><![CDATA[]]></item>
					<item id="navicon"><![CDATA[]]></item>
					<item id="navsubname"><![CDATA[]]></item>
					<item id="navsuburl"><![CDATA[]]></item>
				</item>
				<item id="6">
					<item id="name"><![CDATA[softtype]]></item>
					<item id="param"><![CDATA[]]></item>
					<item id="menu"><![CDATA[軟件類型]]></item>
					<item id="url"><![CDATA[]]></item>
					<item id="type"><![CDATA[3]]></item>
					<item id="adminid"><![CDATA[0]]></item>
					<item id="displayorder"><![CDATA[0]]></item>
					<item id="navtitle"><![CDATA[]]></item>
					<item id="navicon"><![CDATA[]]></item>
					<item id="navsubname"><![CDATA[]]></item>
					<item id="navsuburl"><![CDATA[]]></item>
				</item>
				<item id="7">
					<item id="name"><![CDATA[softcp]]></item>
					<item id="param"><![CDATA[]]></item>
					<item id="menu"><![CDATA[軟件管理]]></item>
					<item id="url"><![CDATA[]]></item>
					<item id="type"><![CDATA[3]]></item>
					<item id="adminid"><![CDATA[0]]></item>
					<item id="displayorder"><![CDATA[0]]></item>
					<item id="navtitle"><![CDATA[]]></item>
					<item id="navicon"><![CDATA[]]></item>
					<item id="navsubname"><![CDATA[]]></item>
					<item id="navsuburl"><![CDATA[]]></item>
				</item>
				<item id="8">
					<item id="name"><![CDATA[micxp_down]]></item>
					<item id="param"><![CDATA[]]></item>
					<item id="menu"><![CDATA[軟件下載]]></item>
					<item id="url"><![CDATA[]]></item>
					<item id="type"><![CDATA[1]]></item>
					<item id="adminid"><![CDATA[0]]></item>
					<item id="displayorder"><![CDATA[0]]></item>
					<item id="navtitle"><![CDATA[]]></item>
					<item id="navicon"><![CDATA[]]></item>
					<item id="navsubname"><![CDATA[]]></item>
					<item id="navsuburl"><![CDATA[]]></item>
				</item>
				<item id="9">
					<item id="name"><![CDATA[category]]></item>
					<item id="param"><![CDATA[]]></item>
					<item id="menu"><![CDATA[分類管理]]></item>
					<item id="url"><![CDATA[]]></item>
					<item id="type"><![CDATA[3]]></item>
					<item id="adminid"><![CDATA[0]]></item>
					<item id="displayorder"><![CDATA[0]]></item>
					<item id="navtitle"><![CDATA[]]></item>
					<item id="navicon"><![CDATA[]]></item>
					<item id="navsubname"><![CDATA[]]></item>
					<item id="navsuburl"><![CDATA[]]></item>
				</item>
			</item>
		</item>
		<item id="version"><![CDATA[X2,X2.5,X3,X3.1,X3.2,F1.0]]></item>
		<item id="var">
			<item id="0">
				<item id="displayorder"><![CDATA[0]]></item>
				<item id="title"><![CDATA[訊雷聯盟ID]]></item>
				<item id="description"><![CDATA[]]></item>
				<item id="variable"><![CDATA[M_thunder_pid]]></item>
				<item id="type"><![CDATA[number]]></item>
				<item id="value"><![CDATA[130116]]></item>
				<item id="extra"><![CDATA[]]></item>
			</item>
			<item id="1">
				<item id="displayorder"><![CDATA[0]]></item>
				<item id="title"><![CDATA[首頁下載排行個數]]></item>
				<item id="description"><![CDATA[]]></item>
				<item id="variable"><![CDATA[M_downnum]]></item>
				<item id="type"><![CDATA[number]]></item>
				<item id="value"><![CDATA[13]]></item>
				<item id="extra"><![CDATA[]]></item>
			</item>
			<item id="2">
				<item id="displayorder"><![CDATA[0]]></item>
				<item id="title"><![CDATA[seokeywords]]></item>
				<item id="description"><![CDATA[]]></item>
				<item id="variable"><![CDATA[M_seokeywords]]></item>
				<item id="type"><![CDATA[text]]></item>
				<item id="value"><![CDATA[軟件下載,插件下載,軟件資源下載]]></item>
				<item id="extra"><![CDATA[]]></item>
			</item>
			<item id="3">
				<item id="displayorder"><![CDATA[0]]></item>
				<item id="title"><![CDATA[首頁常用軟件類別ID]]></item>
				<item id="description"><![CDATA[請填寫首頁"常用軟件"處需要調用的類別ID,ID間用英文逗號隔開如  1,2,3, 4   類別ID請到軟件分類里查看，如到分件分類處把鼠標移到"管理"按鈕上，查看左下角的鏈接地址出現xxxx&catid=xxx 最后面的xxx數字就是當前類別的分類ID]]></item>
				<item id="variable"><![CDATA[M_cateids]]></item>
				<item id="type"><![CDATA[text]]></item>
				<item id="value"><![CDATA[2,3,4]]></item>
				<item id="extra"><![CDATA[]]></item>
			</item>
			<item id="4">
				<item id="displayorder"><![CDATA[0]]></item>
				<item id="title"><![CDATA[首頁最新推薦軟件數]]></item>
				<item id="description"><![CDATA[]]></item>
				<item id="variable"><![CDATA[M_zxtjnum]]></item>
				<item id="type"><![CDATA[number]]></item>
				<item id="value"><![CDATA[20]]></item>
				<item id="extra"><![CDATA[]]></item>
			</item>
			<item id="5">
				<item id="displayorder"><![CDATA[0]]></item>
				<item id="title"><![CDATA[首頁裝機必備顯示軟件數]]></item>
				<item id="description"><![CDATA[]]></item>
				<item id="variable"><![CDATA[M_zjbbnum]]></item>
				<item id="type"><![CDATA[number]]></item>
				<item id="value"><![CDATA[24]]></item>
				<item id="extra"><![CDATA[]]></item>
			</item>
			<item id="6">
				<item id="displayorder"><![CDATA[0]]></item>
				<item id="title"><![CDATA[seodescription]]></item>
				<item id="description"><![CDATA[]]></item>
				<item id="variable"><![CDATA[M_seodescription]]></item>
				<item id="type"><![CDATA[text]]></item>
				<item id="value"><![CDATA[MicXP程序愛好者軟件下載插件是一款極好的軟件開載插件很好整合了論壇功能]]></item>
				<item id="extra"><![CDATA[]]></item>
			</item>
			<item id="7">
				<item id="displayorder"><![CDATA[0]]></item>
				<item id="title"><![CDATA[seotitle]]></item>
				<item id="description"><![CDATA[]]></item>
				<item id="variable"><![CDATA[M_seotitle]]></item>
				<item id="type"><![CDATA[text]]></item>
				<item id="value"><![CDATA[MicXP程序愛好者軟件下載插件]]></item>
				<item id="extra"><![CDATA[]]></item>
			</item>
			<item id="8">
				<item id="displayorder"><![CDATA[0]]></item>
				<item id="title"><![CDATA[首頁常用類別每個分類顯示數量]]></item>
				<item id="description"><![CDATA[]]></item>
				<item id="variable"><![CDATA[M_cynum]]></item>
				<item id="type"><![CDATA[number]]></item>
				<item id="value"><![CDATA[4]]></item>
				<item id="extra"><![CDATA[]]></item>
			</item>
		</item>
		<item id="language">
			<item id="scriptlang">
				<item id="logy_m_g"><![CDATA[<h2 style="text-align:-webkit-center;">
	<span style="color:#4C33E5;">推薦一個dz商</span><span style="color:#4C33E5;">業插件模版下載的</span><span style="color:#4C33E5;"></span><span style="color:#4C33E5;">網站給大家</span><a href="http://www.ymg6.com" target="_blank"><span style="color:#4C33E5;">源碼哥分享吧</span></a><span style="color:#4C33E5;">（www.ymg6.com）</span> 
</h2>
<h3 style="text-align:-webkit-center;">
	<span style="color:#E53333;">這</span><span style="color:#E53333;">是一個</span><span style="color:#E53333;">dz商業</span><a href="http://www.ymg6.com/forum.php?mod=forumdisplay&fid=2" target="_blank"><span style="color:#337FE5;">插</span><u><span style="color:#337FE5;"></span></u><span style="color:#337FE5;">件</span></a><a href="http://www.ymg6.com/forum.php?mod=forumdisplay&fid=36" target="_blank"><u><span style="color:#337FE5;">模</span></u><u><span style="color:#337FE5;"></span></u><u><span style="color:#337FE5;">版</span></u></a><span style="color:#E53333;">資源破解分享的網站，而且還有很多精品的網站源碼下載</span> 
</h3>
<h3 style="text-align:-webkit-center;">
	<span style="color:#E53333;">他們資源每天更新，并且很多都是他們自己出錢在應用中心購買后破解分享出來的</span><br />
</h3>
<h3>
	<div style="text-align:center;">
		<span style="color:#E53333;">不過還是替他們說一下</span> 
	</div>
	<div style="text-align:center;">
		<span style="color:#E53333;">&nbsp;他們站下載的資源只限于自己學習研究內含的設計思想和原理 請勿有任何商業盈利行為</span> 
	</div>
</h3>
<h3 style="text-align:center;">
	<span style="color:#999999;">介紹也介紹完了，給大家做個小導航吧</span> 
</h3>
<h3 style="text-align:center;">
	<span style="color:#337FE5;"><a href="http://www.ymg6.com/forum.php?mod=forumdisplay&fid=2" target="_blank">dz商業破解插件下載</a> &nbsp; <a href="http://www.ymg6.com/forum.php?mod=forumdisplay&fid=36" target="_blank">dz商業風格模版下載</a> &nbsp; &nbsp;<a href="http://www.ymg6.com/forum.php?mod=forumdisplay&fid=50" target="_blank">精品網站源碼下載</a> &nbsp; &nbsp;<a href="http://www.ymg6.com/forum.php?mod=forumdisplay&fid=51" target="_blank">工具素材下載</a></span><span style="color:#337FE5;">&nbsp; &nbsp; <a href="http://www.ymg6.com/forum.php?mod=forumdisplay&fid=41" target="_blank">精選教程區</a></span> 
</h3> ]]></item>
				<item id="name"><![CDATA[資源下載]]></item>
				<item id="buttontext"><![CDATA[發布資源]]></item>
				<item id="menu_root"><![CDATA[MicXP軟件資源下載]]></item>
				<item id="menu_shuxing"><![CDATA[下載屬性設置]]></item>
				<item id="menu_shuxing_language"><![CDATA[軟件語言管理]]></item>
				<item id="menu_shuxing_softtype"><![CDATA[軟件類型管理]]></item>
				<item id="menu_shuxing_sq"><![CDATA[軟件受權管理]]></item>
				<item id="menu_shuxing_hj"><![CDATA[軟件環境管理]]></item>
				<item id="menu_category"><![CDATA[分類管理]]></item>
				<item id="menu_huandeng"><![CDATA[幻燈設置]]></item>
				<item id="menu_postad"><![CDATA[帖內廣告]]></item>
				<item id="huandeng_add_menu"><![CDATA[添加幻燈]]></item>
				<item id="huandeng_add_succeed"><![CDATA[幻燈更新成功]]></item>
				<item id="huandeng_not_found"><![CDATA[幻燈不存在]]></item>
				<item id="huandeng_name"><![CDATA[幻燈標題]]></item>
				<item id="huandeng_url"><![CDATA[幻燈URL地址]]></item>
				<item id="huandeng_url_open"><![CDATA[幻燈打開方式]]></item>
				<item id="url_open_default"><![CDATA[默認打開方式]]></item>
				<item id="url_open_blank"><![CDATA[新窗口開打]]></item>
				<item id="huandeng_logo"><![CDATA[幻燈圖片]]></item>
				<item id="menu_softcp"><![CDATA[軟件管理]]></item>
				<item id="illegal"><![CDATA[參數錯誤]]></item>
				<item id="noselect"><![CDATA[請選擇需要操作的軟件]]></item>
				<item id="soft_deleted"><![CDATA[軟件刪除成功]]></item>
				<item id="soft_move_select_cat"><![CDATA[請選擇需要移動到的分類]]></item>
				<item id="soft_move_succeed"><![CDATA[軟件移動分類成功]]></item>
				<item id="softcp_perpage"><![CDATA[每頁]]></item>
				<item id="unit"><![CDATA[個]]></item>
				<item id="search"><![CDATA[搜索]]></item>
				<item id="keyword"><![CDATA[關鍵詞]]></item>
				<item id="soft_name"><![CDATA[軟件名稱]]></item>
				<item id="exists"><![CDATA[己存在]]></item>
				<item id="language_name"><![CDATA[語言名稱]]></item>
				<item id="softtype_name"><![CDATA[類型名稱]]></item>
				<item id="sq_name"><![CDATA[受權名稱]]></item>
				<item id="hj_name"><![CDATA[環境名稱]]></item>
				<item id="isdefault"><![CDATA[是否默認]]></item>
				<item id="opration"><![CDATA[操作]]></item>
				<item id="lencord"><![CDATA[每頁條數]]></item>
				<item id="istuijian"><![CDATA[是否推薦]]></item>
				<item id="tuijian"><![CDATA[推薦]]></item>
				<item id="distuijian"><![CDATA[取消推薦]]></item>
				<item id="bb"><![CDATA[裝機必備]]></item>
				<item id="disbb"><![CDATA[取消必備]]></item>
				<item id="zjbb"><![CDATA[裝機必備]]></item>
				<item id="operation"><![CDATA[操作]]></item>
				<item id="soft_tuijian_succeed"><![CDATA[推薦狀態設置成功]]></item>
				<item id="soft_zjbb_succeed"><![CDATA[裝機必備設置成功]]></item>
				<item id="none"><![CDATA[不限]]></item>
				<item id="category_name"><![CDATA[分類名稱]]></item>
				<item id="category_softs"><![CDATA[軟件]]></item>
				<item id="category_allowpublish"><![CDATA[發布]]></item>
				<item id="category_is_closed"><![CDATA[啟用]]></item>
				<item id="soft_op"><![CDATA[軟件操作]]></item>
				<item id="category_addcategory"><![CDATA[添加一級分類]]></item>
				<item id="category_addsubcategory"><![CDATA[添加二級分類]]></item>
				<item id="category_update_succeed"><![CDATA[分類更新成功]]></item>
				<item id="catgory_not_found"><![CDATA[分類不存在]]></item>
				<item id="category_username"><![CDATA[創建者]]></item>
				<item id="category_dateline"><![CDATA[創建時間]]></item>
				<item id="category_upname"><![CDATA[上級分類]]></item>
				<item id="display_order"><![CDATA[顯示順序]]></item>
				<item id="category_foldername"><![CDATA[目錄名稱]]></item>
				<item id="category_url"><![CDATA[自定義鏈接地址]]></item>
				<item id="category_perpage"><![CDATA[列表每頁顯示軟件數]]></item>
				<item id="category_maxpages"><![CDATA[列表最大分頁數]]></item>
				<item id="category_tplname"><![CDATA[列表模板名稱]]></item>
				<item id="category_editallowpublish"><![CDATA[是否允許提交軟件]]></item>
				<item id="category_editis_closed"><![CDATA[是否啟用]]></item>
				<item id="setseotips"><![CDATA[SEO優化設置]]></item>
				<item id="down_seotips"><![CDATA[<li>站點名稱&nbsp;<font class="highlight">{bbname}</font>（應用范圍：所有位置）</li>
		 <li>當前分類名稱&nbsp;<font class="highlight">{curcat}</font>（應用范圍：除首頁以外）</li> 
		 <li>一級分類名稱&nbsp;<font class="highlight">{firstcat}</font>（應用范圍：除首頁以外）</li> 
		 <li>二級分類名稱&nbsp;<font class="highlight">{secondcat}</font>（應用范圍：除首頁以外）</li> 
		 <li>分頁數&nbsp;<font class="highlight">{page}</font>（應用范圍：列表頁）</li>]]></item>
				<item id="down_seotitle"><![CDATA[SEO標題]]></item>
				<item id="down_keyword"><![CDATA[SEO關鍵詞]]></item>
				<item id="down_summary"><![CDATA[SEO描述]]></item>
				<item id="category_foldername_rename_error"><![CDATA[目錄重命名出錯]]></item>
				<item id="return"><![CDATA[返回]]></item>
				<item id="category_parentfoldername_empty"><![CDATA[父級目錄不能為空]]></item>
				<item id="category_foldername_duplicate"><![CDATA[目錄名稱己存在]]></item>
				<item id="category_edit_succeed"><![CDATA[分類更新成功]]></item>
				<item id="category_filewrite_error"><![CDATA[寫入文件出錯]]></item>
				<item id="select_category"><![CDATA[選擇分類]]></item>
				<item id="category_delete_succeed"><![CDATA[分類刪除成功]]></item>
				<item id="category_subcategory_moveto"><![CDATA[該分類下的子分類]]></item>
				<item id="category_soft"><![CDATA[該分類下的軟件]]></item>
				<item id="category_soft_moveto"><![CDATA[該分類下的軟件移動到]]></item>
				<item id="category_delete"><![CDATA[提交]]></item>
				<item id="dh_delete_confirm"><![CDATA[本操作不可恢復，您確定要刪除該分類下的軟件嗎？]]></item>
				<item id="dhcategory_move_category_failed"><![CDATA[無法移動到所選分類]]></item>
				<item id="downcategory_delete_succeed"><![CDATA[軟件分類刪除成功]]></item>
				<item id="dhcategory_move_empty_error"><![CDATA[該分類下沒有任何軟件]]></item>
				<item id="dhcategory_move"><![CDATA[轉移]]></item>
				<item id="dhcategory_move_succeed"><![CDATA[軟件移動完成]]></item>
				<item id="yes"><![CDATA[是]]></item>
				<item id="no"><![CDATA[否]]></item>
				<item id="add"><![CDATA[添加]]></item>
				<item id="update"><![CDATA[更新]]></item>
				<item id="delete"><![CDATA[刪除]]></item>
				<item id="setdefault"><![CDATA[設為默認]]></item>
				<item id="select_yy"><![CDATA[運行語言]]></item>
				<item id="select_lx"><![CDATA[軟件類型]]></item>
				<item id="select_sq"><![CDATA[受權形式]]></item>
				<item id="select_dj"><![CDATA[軟件等級]]></item>
				<item id="start_1"><![CDATA[一星]]></item>
				<item id="start_2"><![CDATA[二星]]></item>
				<item id="start_3"><![CDATA[三星]]></item>
				<item id="start_4"><![CDATA[四星]]></item>
				<item id="start_5"><![CDATA[五星]]></item>
				<item id="m_catid_invalide"><![CDATA[分類選擇錯誤，請返回重新選擇]]></item>
				<item id="m_name_invalide"><![CDATA[軟件名稱未填寫，請返回]]></item>
				<item id="m_updatetime_invalide"><![CDATA[軟件更新時間未填寫，請返回]]></item>
				<item id="m_softhj_invalide"><![CDATA[軟件運行環境未填寫，請返回]]></item>
				<item id="m_language_invalide"><![CDATA[軟件界面語言未選擇，請返回重新選擇]]></item>
				<item id="m_softtype_invalide"><![CDATA[軟件類型未選擇，請返回重新選擇]]></item>
				<item id="m_sq_invalide"><![CDATA[軟件受權未選擇，請返回重新選擇]]></item>
				<item id="m_dj_invalide"><![CDATA[軟件等級未選擇，請返回重新選擇]]></item>
				<item id="m_softsize_invalide"><![CDATA[軟件文件大小未填寫，請返回]]></item>
				<item id="m_softurl_invalide"><![CDATA[軟件下載地址未填寫，請返回]]></item>
				<item id="m_no_pic"><![CDATA[必須提交軟件截圖]]></item>
				<item id="soft_not_find"><![CDATA[你要下載的軟件不存在,或己被刪除]]></item>
				<item id="list_choose_category"><![CDATA[請選擇分類]]></item>
				<item id="list_category_noexist"><![CDATA[查看的分類不存在]]></item>
				<item id="list_category_is_closed"><![CDATA[當前分類己關閉]]></item>
				<item id="ad_cate"><![CDATA[選擇帖內廣告分類]]></item>
				<item id="postad_logo"><![CDATA[帖內廣告圖片]]></item>
				<item id="postad_url"><![CDATA[廣告URL地址]]></item>
				<item id="poatad_save"><![CDATA[帖內廣告更新成功]]></item>
				<item id="hjtips"><![CDATA[請先到后臺設置運行環境]]></item>
				<item id="noprivileges"><![CDATA[你沒有權限操作]]></item>
				<item id="downcategory_catgory_not_found"><![CDATA[分類不存在]]></item>
				<item id="soft_not_exist"><![CDATA[軟件不存在或己被刪除]]></item>
				<item id="soft_category_disallowpublish"><![CDATA[當前分類不允許添加軟件]]></item>
				<item id="soft_has_not_category"><![CDATA[抱歉，您尚未創建任何軟件分類，請先創建軟件分類]]></item>
				<item id="title_not_too_little"><![CDATA[軟件長標題長度(1~80字符)不符合要求]]></item>
				<item id="soft_validate_name"><![CDATA[軟件名稱長度(1~80字符)不符合要求]]></item>
				<item id="add_soft"><![CDATA[添加軟件]]></item>
			</item>
			<item id="templatelang">
				<item id="soft_logo"><![CDATA[軟件LOGO]]></item>
				<item id="soft_summary"><![CDATA[軟件簡介]]></item>
				<item id="softname"><![CDATA[軟件名稱]]></item>
				<item id="softcate"><![CDATA[所屬分類]]></item>
				<item id="updatetime"><![CDATA[更新時間]]></item>
				<item id="softhj"><![CDATA[運行環境]]></item>
				<item id="softsx"><![CDATA[軟件屬性]]></item>
				<item id="softsize"><![CDATA[軟件大小]]></item>
				<item id="softurl"><![CDATA[下載地址]]></item>
				<item id="soft_cover"><![CDATA[軟件截圖]]></item>
				<item id="down_post_error_name"><![CDATA[軟件名稱不能為空]]></item>
				<item id="down_post_error_catid"><![CDATA[請選擇軟件分類]]></item>
				<item id="down_post_error_updatetime"><![CDATA[請選擇更新時間]]></item>
				<item id="down_post_error_hj"><![CDATA[請選擇軟件運行環境]]></item>
				<item id="down_post_error_yy"><![CDATA[請選擇界面語言]]></item>
				<item id="down_post_error_lx"><![CDATA[請選擇軟件類型]]></item>
				<item id="down_post_error_sq"><![CDATA[請選擇受權形式]]></item>
				<item id="down_post_error_dj"><![CDATA[請選擇軟件等級]]></item>
				<item id="down_post_error_size"><![CDATA[請填寫軟件大小]]></item>
				<item id="down_post_error_url"><![CDATA[請填寫軟件下載地址]]></item>
				<item id="show_yy"><![CDATA[界面語言]]></item>
				<item id="show_lx"><![CDATA[軟件類型]]></item>
				<item id="show_sq"><![CDATA[受權形式]]></item>
				<item id="show_dj"><![CDATA[軟件等級]]></item>
				<item id="start_1"><![CDATA[一星]]></item>
				<item id="start_2"><![CDATA[二星]]></item>
				<item id="start_3"><![CDATA[三星]]></item>
				<item id="start_4"><![CDATA[四星]]></item>
				<item id="start_5"><![CDATA[五星]]></item>
				<item id="none"><![CDATA[無]]></item>
				<item id="download"><![CDATA[立即下載]]></item>
				<item id="downloadph"><![CDATA[下載排行]]></item>
				<item id="softphb"><![CDATA[軟件排行榜]]></item>
				<item id="zjbbphb"><![CDATA[裝機必備排行榜]]></item>
				<item id="zjbb"><![CDATA[裝機必備]]></item>
				<item id="more"><![CDATA[查看更多]]></item>
				<item id="clickuint"><![CDATA[次]]></item>
				<item id="click"><![CDATA[點擊]]></item>
				<item id="speeddown"><![CDATA[高速下載]]></item>
				<item id="detail"><![CDATA[詳情]]></item>
				<item id="cytj"><![CDATA[常用推薦]]></item>
				<item id="newtj"><![CDATA[最新推薦軟件]]></item>
				<item id="allcate"><![CDATA[所有分類]]></item>
				<item id="softdown"><![CDATA[軟件下載]]></item>
				<item id="soft_edit"><![CDATA[編輯軟件]]></item>
				<item id="soft_add"><![CDATA[添加下載]]></item>
				<item id="soft_intro"><![CDATA[軟件介紹]]></item>
				<item id="soft_validate_title"><![CDATA[軟件長標題長度(1~80字符)不符合要求]]></item>
				<item id="soft_validate_name"><![CDATA[軟件名稱長度(1~80字符)不符合要求]]></item>
				<item id="upload_selectfile"><![CDATA[瀏覽]]></item>
				<item id="attachment_allow_exts"><![CDATA[可用擴展名]]></item>
				<item id="soft_validate_updatetim"><![CDATA[請選擇軟件更新時間]]></item>
				<item id="view_soft"><![CDATA[查看軟件]]></item>
				<item id="soft_send_continue"><![CDATA[繼續添加]]></item>
				<item id="soft_hot"><![CDATA[熱門軟件]]></item>
				<item id="soft_down_num"><![CDATA[下載量]]></item>
				<item id="short_name"><![CDATA[名稱]]></item>
				<item id="soft_qs"><![CDATA[趨勢]]></item>
				<item id="soft_new_add"><![CDATA[最新收錄]]></item>
			</item>
		</item>
		<item id="installfile"><![CDATA[install.php]]></item>
		<item id="uninstallfile"><![CDATA[uninstall.php]]></item>
	</item>
</root>