﻿<?xml version="1.0" encoding="ISO-8859-1"?>
<root>
	<item id="Title"><![CDATA[Discuz! Plugin]]></item>
	<item id="Version"><![CDATA[X2,X2.5,X3,X3.1,X3.2,F1.0]]></item>
	<item id="Time"><![CDATA[2016-11-29 11:37]]></item>
	<item id="From"><![CDATA[分享吧（www.fx8.cc）]]></item>
	<item id="Data">
		<item id="plugin">
			<item id="available"><![CDATA[1]]></item>
			<item id="adminid"><![CDATA[1]]></item>
			<item id="name"><![CDATA[源码哥_[DC]帖子付费可见]]></item>
			<item id="identifier"><![CDATA[dc_sell]]></item>
			<item id="description"><![CDATA[]]></item>
			<item id="datatables"><![CDATA[]]></item>
			<item id="directory"><![CDATA[dc_sell/]]></item>
			<item id="copyright"><![CDATA[源码哥（www.ymg6.com）]]></item>
			<item id="version"><![CDATA[v1.1.8]]></item>
			<item id="__modules">
				<item id="11">
					<item id="name"><![CDATA[myyapmagoo]]></item>
					<item id="menu"><![CDATA[<span style="color:#E53333;"><b>源码哥</b></span>]]></item>
					<item id="url"><![CDATA[]]></item>
					<item id="type"><![CDATA[3]]></item>
					<item id="adminid"><![CDATA[0]]></item>
					<item id="displayorder"><![CDATA[0]]></item>
					<item id="navtitle"><![CDATA[]]></item>
					<item id="navicon"><![CDATA[]]></item>
					<item id="navsubname"><![CDATA[]]></item>
					<item id="navsuburl"><![CDATA[]]></item>
				</item>
				<item id="0">
					<item id="name"><![CDATA[log]]></item>
					<item id="param"><![CDATA[]]></item>
					<item id="menu"><![CDATA[记录]]></item>
					<item id="url"><![CDATA[]]></item>
					<item id="type"><![CDATA[3]]></item>
					<item id="adminid"><![CDATA[0]]></item>
					<item id="displayorder"><![CDATA[0]]></item>
					<item id="navtitle"><![CDATA[]]></item>
					<item id="navicon"><![CDATA[]]></item>
					<item id="navsubname"><![CDATA[]]></item>
					<item id="navsuburl"><![CDATA[]]></item>
				</item>
				<item id="1">
					<item id="name"><![CDATA[hook]]></item>
					<item id="param"><![CDATA[]]></item>
					<item id="menu"><![CDATA[]]></item>
					<item id="url"><![CDATA[]]></item>
					<item id="type"><![CDATA[11]]></item>
					<item id="adminid"><![CDATA[0]]></item>
					<item id="displayorder"><![CDATA[0]]></item>
					<item id="navtitle"><![CDATA[]]></item>
					<item id="navicon"><![CDATA[]]></item>
					<item id="navsubname"><![CDATA[]]></item>
					<item id="navsuburl"><![CDATA[]]></item>
				</item>
				<item id="2">
					<item id="name"><![CDATA[hook]]></item>
					<item id="param"><![CDATA[]]></item>
					<item id="menu"><![CDATA[]]></item>
					<item id="url"><![CDATA[]]></item>
					<item id="type"><![CDATA[28]]></item>
					<item id="adminid"><![CDATA[0]]></item>
					<item id="displayorder"><![CDATA[0]]></item>
					<item id="navtitle"><![CDATA[]]></item>
					<item id="navicon"><![CDATA[]]></item>
					<item id="navsubname"><![CDATA[]]></item>
					<item id="navsuburl"><![CDATA[]]></item>
				</item>
				<item id="3">
					<item id="name"><![CDATA[lang]]></item>
					<item id="param"><![CDATA[]]></item>
					<item id="menu"><![CDATA[语言]]></item>
					<item id="url"><![CDATA[]]></item>
					<item id="type"><![CDATA[3]]></item>
					<item id="adminid"><![CDATA[0]]></item>
					<item id="displayorder"><![CDATA[1]]></item>
					<item id="navtitle"><![CDATA[]]></item>
					<item id="navicon"><![CDATA[]]></item>
					<item id="navsubname"><![CDATA[]]></item>
					<item id="navsuburl"><![CDATA[]]></item>
				</item>
			</item>
		</item>
		<item id="version"><![CDATA[X2,X2.5,X3,X3.1,X3.2,F1.0]]></item>
		<item id="var">
			<item id="0">
				<item id="displayorder"><![CDATA[0]]></item>
				<item id="title"><![CDATA[是否启用]]></item>
				<item id="description"><![CDATA[可与[DC]VIP中心 插件配合使用，实现VIP用户免积分查看付费内容]]></item>
				<item id="variable"><![CDATA[open]]></item>
				<item id="type"><![CDATA[radio]]></item>
				<item id="value"><![CDATA[1]]></item>
				<item id="extra"><![CDATA[]]></item>
			</item>
			<item id="1">
				<item id="displayorder"><![CDATA[1]]></item>
				<item id="title"><![CDATA[启用板块]]></item>
				<item id="description"><![CDATA[可以发布付费内容的版块]]></item>
				<item id="variable"><![CDATA[fids]]></item>
				<item id="type"><![CDATA[forums]]></item>
				<item id="extra"><![CDATA[]]></item>
				<item id="__value">
					<item id="0"><![CDATA[2]]></item>
				</item>
			</item>
			<item id="2">
				<item id="displayorder"><![CDATA[2]]></item>
				<item id="title"><![CDATA[允许发布用户组]]></item>
				<item id="description"><![CDATA[允许在帖子中加入付费内容的用户组]]></item>
				<item id="variable"><![CDATA[allow]]></item>
				<item id="type"><![CDATA[groups]]></item>
				<item id="extra"><![CDATA[]]></item>
				<item id="__value">
					<item id="0"><![CDATA[12]]></item>
					<item id="1"><![CDATA[13]]></item>
					<item id="2"><![CDATA[14]]></item>
					<item id="3"><![CDATA[15]]></item>
					<item id="4"><![CDATA[16]]></item>
					<item id="5"><![CDATA[17]]></item>
					<item id="6"><![CDATA[18]]></item>
					<item id="7"><![CDATA[19]]></item>
					<item id="8"><![CDATA[1]]></item>
					<item id="9"><![CDATA[2]]></item>
					<item id="10"><![CDATA[3]]></item>
				</item>
			</item>
			<item id="3">
				<item id="displayorder"><![CDATA[3]]></item>
				<item id="title"><![CDATA[免付款用户组]]></item>
				<item id="description"><![CDATA[无需支付,即可查看付费内容的用户组]]></item>
				<item id="variable"><![CDATA[free]]></item>
				<item id="type"><![CDATA[groups]]></item>
				<item id="extra"><![CDATA[]]></item>
				<item id="__value">
					<item id="0"><![CDATA[1]]></item>
					<item id="1"><![CDATA[2]]></item>
					<item id="2"><![CDATA[3]]></item>
				</item>
			</item>
			<item id="4">
				<item id="displayorder"><![CDATA[4]]></item>
				<item id="title"><![CDATA[默认积分]]></item>
				<item id="description"><![CDATA[]]></item>
				<item id="variable"><![CDATA[credit]]></item>
				<item id="type"><![CDATA[extcredit]]></item>
				<item id="value"><![CDATA[2]]></item>
				<item id="extra"><![CDATA[]]></item>
			</item>
			<item id="5">
				<item id="displayorder"><![CDATA[5]]></item>
				<item id="title"><![CDATA[默认售价]]></item>
				<item id="description"><![CDATA[]]></item>
				<item id="variable"><![CDATA[price]]></item>
				<item id="type"><![CDATA[number]]></item>
				<item id="value"><![CDATA[2]]></item>
				<item id="extra"><![CDATA[]]></item>
			</item>
			<item id="6">
				<item id="displayorder"><![CDATA[6]]></item>
				<item id="title"><![CDATA[最高售价]]></item>
				<item id="description"><![CDATA[最高出售的价格,当帖子内容的售价超过此设置值,即会使用此值]]></item>
				<item id="variable"><![CDATA[maxprice]]></item>
				<item id="type"><![CDATA[number]]></item>
				<item id="value"><![CDATA[10]]></item>
				<item id="extra"><![CDATA[]]></item>
			</item>
			<item id="7">
				<item id="displayorder"><![CDATA[7]]></item>
				<item id="title"><![CDATA[交易税]]></item>
				<item id="description"><![CDATA[出售中的显示价格是含税价,按此设置值的百分比收取]]></item>
				<item id="variable"><![CDATA[salestax]]></item>
				<item id="type"><![CDATA[number]]></item>
				<item id="value"><![CDATA[0]]></item>
				<item id="extra"><![CDATA[]]></item>
			</item>
			<item id="8">
				<item id="displayorder"><![CDATA[8]]></item>
				<item id="title"><![CDATA[前台购买记录]]></item>
				<item id="description"><![CDATA[前台显示购买记录]]></item>
				<item id="variable"><![CDATA[islog]]></item>
				<item id="type"><![CDATA[radio]]></item>
				<item id="value"><![CDATA[1]]></item>
				<item id="extra"><![CDATA[]]></item>
			</item>
		</item>
		<item id="language">
			<item id="scriptlang">
				<item id="logy_m_g"><![CDATA[<h2 style="text-align:-webkit-center;">
	<span style="color:#4C33E5;">推荐一个dz商</span><span style="color:#4C33E5;">业插件模版下载的</span><span style="color:#4C33E5;"></span><span style="color:#4C33E5;">网站给大家</span><a href="http://www.ymg6.com" target="_blank"><span style="color:#4C33E5;">源码哥分享吧</span></a><span style="color:#4C33E5;">（www.ymg6.com）</span> 
</h2>
<h3 style="text-align:-webkit-center;">
	<span style="color:#E53333;">这</span><span style="color:#E53333;">是一个</span><span style="color:#E53333;">dz商业</span><a href="http://www.ymg6.com/forum.php?mod=forumdisplay&fid=2" target="_blank"><span style="color:#337FE5;">插</span><u><span style="color:#337FE5;"></span></u><span style="color:#337FE5;">件</span></a><a href="http://www.ymg6.com/forum.php?mod=forumdisplay&fid=36" target="_blank"><u><span style="color:#337FE5;">模</span></u><u><span style="color:#337FE5;"></span></u><u><span style="color:#337FE5;">版</span></u></a><span style="color:#E53333;">资源破解分享的网站，而且还有很多精品的网站源码下载</span> 
</h3>
<h3 style="text-align:-webkit-center;">
	<span style="color:#E53333;">他们资源每天更新，并且很多都是他们自己出钱在应用中心购买后破解分享出来的</span><br />
</h3>
<h3>
	<div style="text-align:center;">
		<span style="color:#E53333;">不过还是替他们说一下</span> 
	</div>
	<div style="text-align:center;">
		<span style="color:#E53333;">&nbsp;他们站下载的资源只限于自己学习研究内含的设计思想和原理 请勿有任何商业盈利行为</span> 
	</div>
</h3>
<h3 style="text-align:center;">
	<span style="color:#999999;">介绍也介绍完了，给大家做个小导航吧</span> 
</h3>
<h3 style="text-align:center;">
	<span style="color:#337FE5;"><a href="http://www.ymg6.com/forum.php?mod=forumdisplay&fid=2" target="_blank">dz商业破解插件下载</a> &nbsp; <a href="http://www.ymg6.com/forum.php?mod=forumdisplay&fid=36" target="_blank">dz商业风格模版下载</a> &nbsp; &nbsp;<a href="http://www.ymg6.com/forum.php?mod=forumdisplay&fid=50" target="_blank">精品网站源码下载</a> &nbsp; &nbsp;<a href="http://www.ymg6.com/forum.php?mod=forumdisplay&fid=51" target="_blank">工具素材下载</a></span><span style="color:#337FE5;">&nbsp; &nbsp; <a href="http://www.ymg6.com/forum.php?mod=forumdisplay&fid=41" target="_blank">精选教程区</a></span> 
</h3> ]]></item>
				<item id="sellinsert"><![CDATA[插入付费内容]]></item>
				<item id="sellinmsg"><![CDATA[请输入要付费的信息内容]]></item>
				<item id="sellprice"><![CDATA[售价]]></item>
				<item id="sell"><![CDATA[付费]]></item>
				<item id="close"><![CDATA[关闭]]></item>
				<item id="confirms"><![CDATA[提交]]></item>
				<item id="nowritesellmsg"><![CDATA[不填写按默认售价]]></item>
				<item id="maxwriteprice"><![CDATA[最大出售价格为]]></item>
				<item id="pricetoomuch"><![CDATA[对不起,您的售价大于系统允许的最大值]]></item>
				<item id="guest"><![CDATA[游客]]></item>
				<item id="error"><![CDATA[当前字串验证不通过,出现错误]]></item>
				<item id="langtips"><![CDATA[<li>此处可编辑前台显示的语言信息</li><li>如要恢复默认的语言信息,请设置空并提交即可</li><li><font color="#FF0000">请注意动态变量,大括号的</font></li>]]></item>
				<item id="cphide"><![CDATA[隐藏提示]]></item>
				<item id="cppay"><![CDATA[支付弹出]]></item>
				<item id="cpnocredit"><![CDATA[积分不足]]></item>
				<item id="cppayfor"><![CDATA[支付文本]]></item>
				<item id="cppaysucceed"><![CDATA[支付成功]]></item>
				<item id="cpselltext"><![CDATA[付费内容]]></item>
				<item id="cperror"><![CDATA[提交失败,出现错误]]></item>
				<item id="cpsucceed"><![CDATA[设置成功]]></item>
				<item id="cppayer"><![CDATA[购买者]]></item>
				<item id="cphuafei"><![CDATA[花费]]></item>
				<item id="cppost"><![CDATA[帖子ID/cid]]></item>
				<item id="cptime"><![CDATA[时间]]></item>
				<item id="cpauthorid"><![CDATA[帖主UID]]></item>
				<item id="cpincome"><![CDATA[帖主入账]]></item>
				<item id="cplog"><![CDATA[交易记录]]></item>
				<item id="cpdeletesucceed"><![CDATA[删除成功]]></item>
				<item id="cpdeletemsg"><![CDATA[删除会导致用户重新购买才可看付费内容,是否确认删除?]]></item>
				<item id="cpcheckall"><![CDATA[全选]]></item>
				<item id="cpdelete"><![CDATA[删除]]></item>
				<item id="cpserch"><![CDATA[搜索]]></item>
				<item id="cpserchmsg"><![CDATA[请输入用户名称或者UID]]></item>
				<item id="cpcarticle"><![CDATA[生成文章]]></item>
				<item id="ispayfor"><![CDATA[对不起,您已购买过,无需再支付]]></item>
				<item id="isauthorid"><![CDATA[自己发布的内容无需购买]]></item>
				<item id="selltext"><![CDATA[付费内容]]></item>
				<item id="sellinfo"><![CDATA[购买此内容,需要支付<font color="red">{price}</font>]]></item>
				<item id="hidetext"><![CDATA[{username},本付费内容需要支付 <strong>{price}</strong> 才能浏览]]></item>
				<item id="paytext"><![CDATA[内容购买]]></item>
				<item id="payfor"><![CDATA[支付]]></item>
				<item id="paysucceed"><![CDATA[支付成功]]></item>
				<item id="nocredit"><![CDATA[对不起,您的{credit}不足]]></item>
				<item id="nopayhide"><![CDATA[**** 本内容需购买 ****]]></item>
				<item id="notictextsell"><![CDATA[内容出售]]></item>
				<item id="notictextpay"><![CDATA[内容购买]]></item>
				<item id="notictextsellmsg"><![CDATA[,购买你的帖子内容,<a href="forum.php?mod=redirect&goto=findpost&pid={pid}" target="_blank">点击查看帖子</a>]]></item>
				<item id="notictextpaymsg"><![CDATA[购买帖子内容,<a href="forum.php?mod=redirect&goto=findpost&pid={pid}" target="_blank">点击查看帖子</a>]]></item>
				<item id="carticle"><![CDATA[**** 本内容需要购买可见,<a href="forum.php?mod=viewthread&tid={tid}">点击进入帖子购买</a> ****]]></item>
				<item id="selllog"><![CDATA[购买记录]]></item>
				<item id="vip_hook_allow"><![CDATA[直接查看付费内容]]></item>
				<item id="vip_hook_allow_msg"><![CDATA[不需要购买，即可查看]]></item>
				<item id="mhidetext"><![CDATA[本内容需要支付 <strong>{price}</strong> 才能浏览]]></item>
			</item>
			<item id="templatelang">
				<item id="datetime"><![CDATA[时间]]></item>
				<item id="sellext"><![CDATA[消耗积分]]></item>
				<item id="selllog"><![CDATA[购买记录]]></item>
				<item id="nosell"><![CDATA[无购买记录]]></item>
			</item>
		</item>
		<item id="installfile"><![CDATA[install.php]]></item>
		<item id="uninstallfile"><![CDATA[uninstall.php]]></item>
	</item>
</root>