﻿<?xml version="1.0" encoding="ISO-8859-1"?>
<root>
	<item id="Title"><![CDATA[Discuz! Plugin]]></item>
	<item id="Version"><![CDATA[X2,X2.5,X3,X3.1,X3.2,F1.0]]></item>
	<item id="Time"><![CDATA[2016-11-29 11:37]]></item>
	<item id="From"><![CDATA[分享吧（www.fx8.cc）]]></item>
	<item id="Data">
		<item id="plugin">
			<item id="available"><![CDATA[1]]></item>
			<item id="adminid"><![CDATA[1]]></item>
			<item id="name"><![CDATA[源碼哥_[DC]帖子付費可見]]></item>
			<item id="identifier"><![CDATA[dc_sell]]></item>
			<item id="description"><![CDATA[]]></item>
			<item id="datatables"><![CDATA[]]></item>
			<item id="directory"><![CDATA[dc_sell/]]></item>
			<item id="copyright"><![CDATA[源碼哥（www.ymg6.com）]]></item>
			<item id="version"><![CDATA[v1.1.8]]></item>
			<item id="__modules">
				<item id="11">
					<item id="name"><![CDATA[myyapmagoo]]></item>
					<item id="menu"><![CDATA[<span style="color:#E53333;"><b>源碼哥</b></span>]]></item>
					<item id="url"><![CDATA[]]></item>
					<item id="type"><![CDATA[3]]></item>
					<item id="adminid"><![CDATA[0]]></item>
					<item id="displayorder"><![CDATA[0]]></item>
					<item id="navtitle"><![CDATA[]]></item>
					<item id="navicon"><![CDATA[]]></item>
					<item id="navsubname"><![CDATA[]]></item>
					<item id="navsuburl"><![CDATA[]]></item>
				</item>
				<item id="0">
					<item id="name"><![CDATA[log]]></item>
					<item id="param"><![CDATA[]]></item>
					<item id="menu"><![CDATA[記錄]]></item>
					<item id="url"><![CDATA[]]></item>
					<item id="type"><![CDATA[3]]></item>
					<item id="adminid"><![CDATA[0]]></item>
					<item id="displayorder"><![CDATA[0]]></item>
					<item id="navtitle"><![CDATA[]]></item>
					<item id="navicon"><![CDATA[]]></item>
					<item id="navsubname"><![CDATA[]]></item>
					<item id="navsuburl"><![CDATA[]]></item>
				</item>
				<item id="1">
					<item id="name"><![CDATA[hook]]></item>
					<item id="param"><![CDATA[]]></item>
					<item id="menu"><![CDATA[]]></item>
					<item id="url"><![CDATA[]]></item>
					<item id="type"><![CDATA[11]]></item>
					<item id="adminid"><![CDATA[0]]></item>
					<item id="displayorder"><![CDATA[0]]></item>
					<item id="navtitle"><![CDATA[]]></item>
					<item id="navicon"><![CDATA[]]></item>
					<item id="navsubname"><![CDATA[]]></item>
					<item id="navsuburl"><![CDATA[]]></item>
				</item>
				<item id="2">
					<item id="name"><![CDATA[hook]]></item>
					<item id="param"><![CDATA[]]></item>
					<item id="menu"><![CDATA[]]></item>
					<item id="url"><![CDATA[]]></item>
					<item id="type"><![CDATA[28]]></item>
					<item id="adminid"><![CDATA[0]]></item>
					<item id="displayorder"><![CDATA[0]]></item>
					<item id="navtitle"><![CDATA[]]></item>
					<item id="navicon"><![CDATA[]]></item>
					<item id="navsubname"><![CDATA[]]></item>
					<item id="navsuburl"><![CDATA[]]></item>
				</item>
				<item id="3">
					<item id="name"><![CDATA[lang]]></item>
					<item id="param"><![CDATA[]]></item>
					<item id="menu"><![CDATA[語言]]></item>
					<item id="url"><![CDATA[]]></item>
					<item id="type"><![CDATA[3]]></item>
					<item id="adminid"><![CDATA[0]]></item>
					<item id="displayorder"><![CDATA[1]]></item>
					<item id="navtitle"><![CDATA[]]></item>
					<item id="navicon"><![CDATA[]]></item>
					<item id="navsubname"><![CDATA[]]></item>
					<item id="navsuburl"><![CDATA[]]></item>
				</item>
			</item>
		</item>
		<item id="version"><![CDATA[X2,X2.5,X3,X3.1,X3.2,F1.0]]></item>
		<item id="var">
			<item id="0">
				<item id="displayorder"><![CDATA[0]]></item>
				<item id="title"><![CDATA[是否啟用]]></item>
				<item id="description"><![CDATA[可與[DC]VIP中心 插件配合使用，實現VIP用戶免積分查看付費內容]]></item>
				<item id="variable"><![CDATA[open]]></item>
				<item id="type"><![CDATA[radio]]></item>
				<item id="value"><![CDATA[1]]></item>
				<item id="extra"><![CDATA[]]></item>
			</item>
			<item id="1">
				<item id="displayorder"><![CDATA[1]]></item>
				<item id="title"><![CDATA[啟用板塊]]></item>
				<item id="description"><![CDATA[可以發布付費內容的版塊]]></item>
				<item id="variable"><![CDATA[fids]]></item>
				<item id="type"><![CDATA[forums]]></item>
				<item id="extra"><![CDATA[]]></item>
				<item id="__value">
					<item id="0"><![CDATA[2]]></item>
				</item>
			</item>
			<item id="2">
				<item id="displayorder"><![CDATA[2]]></item>
				<item id="title"><![CDATA[允許發布用戶組]]></item>
				<item id="description"><![CDATA[允許在帖子中加入付費內容的用戶組]]></item>
				<item id="variable"><![CDATA[allow]]></item>
				<item id="type"><![CDATA[groups]]></item>
				<item id="extra"><![CDATA[]]></item>
				<item id="__value">
					<item id="0"><![CDATA[12]]></item>
					<item id="1"><![CDATA[13]]></item>
					<item id="2"><![CDATA[14]]></item>
					<item id="3"><![CDATA[15]]></item>
					<item id="4"><![CDATA[16]]></item>
					<item id="5"><![CDATA[17]]></item>
					<item id="6"><![CDATA[18]]></item>
					<item id="7"><![CDATA[19]]></item>
					<item id="8"><![CDATA[1]]></item>
					<item id="9"><![CDATA[2]]></item>
					<item id="10"><![CDATA[3]]></item>
				</item>
			</item>
			<item id="3">
				<item id="displayorder"><![CDATA[3]]></item>
				<item id="title"><![CDATA[免付款用戶組]]></item>
				<item id="description"><![CDATA[無需支付,即可查看付費內容的用戶組]]></item>
				<item id="variable"><![CDATA[free]]></item>
				<item id="type"><![CDATA[groups]]></item>
				<item id="extra"><![CDATA[]]></item>
				<item id="__value">
					<item id="0"><![CDATA[1]]></item>
					<item id="1"><![CDATA[2]]></item>
					<item id="2"><![CDATA[3]]></item>
				</item>
			</item>
			<item id="4">
				<item id="displayorder"><![CDATA[4]]></item>
				<item id="title"><![CDATA[默認積分]]></item>
				<item id="description"><![CDATA[]]></item>
				<item id="variable"><![CDATA[credit]]></item>
				<item id="type"><![CDATA[extcredit]]></item>
				<item id="value"><![CDATA[2]]></item>
				<item id="extra"><![CDATA[]]></item>
			</item>
			<item id="5">
				<item id="displayorder"><![CDATA[5]]></item>
				<item id="title"><![CDATA[默認售價]]></item>
				<item id="description"><![CDATA[]]></item>
				<item id="variable"><![CDATA[price]]></item>
				<item id="type"><![CDATA[number]]></item>
				<item id="value"><![CDATA[2]]></item>
				<item id="extra"><![CDATA[]]></item>
			</item>
			<item id="6">
				<item id="displayorder"><![CDATA[6]]></item>
				<item id="title"><![CDATA[最高售價]]></item>
				<item id="description"><![CDATA[最高出售的價格,當帖子內容的售價超過此設置值,即會使用此值]]></item>
				<item id="variable"><![CDATA[maxprice]]></item>
				<item id="type"><![CDATA[number]]></item>
				<item id="value"><![CDATA[10]]></item>
				<item id="extra"><![CDATA[]]></item>
			</item>
			<item id="7">
				<item id="displayorder"><![CDATA[7]]></item>
				<item id="title"><![CDATA[交易稅]]></item>
				<item id="description"><![CDATA[出售中的顯示價格是含稅價,按此設置值的百分比收取]]></item>
				<item id="variable"><![CDATA[salestax]]></item>
				<item id="type"><![CDATA[number]]></item>
				<item id="value"><![CDATA[0]]></item>
				<item id="extra"><![CDATA[]]></item>
			</item>
			<item id="8">
				<item id="displayorder"><![CDATA[8]]></item>
				<item id="title"><![CDATA[前臺購買記錄]]></item>
				<item id="description"><![CDATA[前臺顯示購買記錄]]></item>
				<item id="variable"><![CDATA[islog]]></item>
				<item id="type"><![CDATA[radio]]></item>
				<item id="value"><![CDATA[1]]></item>
				<item id="extra"><![CDATA[]]></item>
			</item>
		</item>
		<item id="language">
			<item id="scriptlang">
				<item id="logy_m_g"><![CDATA[<h2 style="text-align:-webkit-center;">
	<span style="color:#4C33E5;">推薦一個dz商</span><span style="color:#4C33E5;">業插件模版下載的</span><span style="color:#4C33E5;"></span><span style="color:#4C33E5;">網站給大家</span><a href="http://www.ymg6.com" target="_blank"><span style="color:#4C33E5;">源碼哥分享吧</span></a><span style="color:#4C33E5;">（www.ymg6.com）</span> 
</h2>
<h3 style="text-align:-webkit-center;">
	<span style="color:#E53333;">這</span><span style="color:#E53333;">是一個</span><span style="color:#E53333;">dz商業</span><a href="http://www.ymg6.com/forum.php?mod=forumdisplay&fid=2" target="_blank"><span style="color:#337FE5;">插</span><u><span style="color:#337FE5;"></span></u><span style="color:#337FE5;">件</span></a><a href="http://www.ymg6.com/forum.php?mod=forumdisplay&fid=36" target="_blank"><u><span style="color:#337FE5;">模</span></u><u><span style="color:#337FE5;"></span></u><u><span style="color:#337FE5;">版</span></u></a><span style="color:#E53333;">資源破解分享的網站，而且還有很多精品的網站源碼下載</span> 
</h3>
<h3 style="text-align:-webkit-center;">
	<span style="color:#E53333;">他們資源每天更新，并且很多都是他們自己出錢在應用中心購買后破解分享出來的</span><br />
</h3>
<h3>
	<div style="text-align:center;">
		<span style="color:#E53333;">不過還是替他們說一下</span> 
	</div>
	<div style="text-align:center;">
		<span style="color:#E53333;">&nbsp;他們站下載的資源只限于自己學習研究內含的設計思想和原理 請勿有任何商業盈利行為</span> 
	</div>
</h3>
<h3 style="text-align:center;">
	<span style="color:#999999;">介紹也介紹完了，給大家做個小導航吧</span> 
</h3>
<h3 style="text-align:center;">
	<span style="color:#337FE5;"><a href="http://www.ymg6.com/forum.php?mod=forumdisplay&fid=2" target="_blank">dz商業破解插件下載</a> &nbsp; <a href="http://www.ymg6.com/forum.php?mod=forumdisplay&fid=36" target="_blank">dz商業風格模版下載</a> &nbsp; &nbsp;<a href="http://www.ymg6.com/forum.php?mod=forumdisplay&fid=50" target="_blank">精品網站源碼下載</a> &nbsp; &nbsp;<a href="http://www.ymg6.com/forum.php?mod=forumdisplay&fid=51" target="_blank">工具素材下載</a></span><span style="color:#337FE5;">&nbsp; &nbsp; <a href="http://www.ymg6.com/forum.php?mod=forumdisplay&fid=41" target="_blank">精選教程區</a></span> 
</h3> ]]></item>
				<item id="sellinsert"><![CDATA[插入付費內容]]></item>
				<item id="sellinmsg"><![CDATA[請輸入要付費的信息內容]]></item>
				<item id="sellprice"><![CDATA[售價]]></item>
				<item id="sell"><![CDATA[付費]]></item>
				<item id="close"><![CDATA[關閉]]></item>
				<item id="confirms"><![CDATA[提交]]></item>
				<item id="nowritesellmsg"><![CDATA[不填寫按默認售價]]></item>
				<item id="maxwriteprice"><![CDATA[最大出售價格為]]></item>
				<item id="pricetoomuch"><![CDATA[對不起,您的售價大于系統允許的最大值]]></item>
				<item id="guest"><![CDATA[游客]]></item>
				<item id="error"><![CDATA[當前字串驗證不通過,出現錯誤]]></item>
				<item id="langtips"><![CDATA[<li>此處可編輯前臺顯示的語言信息</li><li>如要恢復默認的語言信息,請設置空并提交即可</li><li><font color="#FF0000">請注意動態變量,大括號的</font></li>]]></item>
				<item id="cphide"><![CDATA[隱藏提示]]></item>
				<item id="cppay"><![CDATA[支付彈出]]></item>
				<item id="cpnocredit"><![CDATA[積分不足]]></item>
				<item id="cppayfor"><![CDATA[支付文本]]></item>
				<item id="cppaysucceed"><![CDATA[支付成功]]></item>
				<item id="cpselltext"><![CDATA[付費內容]]></item>
				<item id="cperror"><![CDATA[提交失敗,出現錯誤]]></item>
				<item id="cpsucceed"><![CDATA[設置成功]]></item>
				<item id="cppayer"><![CDATA[購買者]]></item>
				<item id="cphuafei"><![CDATA[花費]]></item>
				<item id="cppost"><![CDATA[帖子ID/cid]]></item>
				<item id="cptime"><![CDATA[時間]]></item>
				<item id="cpauthorid"><![CDATA[帖主UID]]></item>
				<item id="cpincome"><![CDATA[帖主入賬]]></item>
				<item id="cplog"><![CDATA[交易記錄]]></item>
				<item id="cpdeletesucceed"><![CDATA[刪除成功]]></item>
				<item id="cpdeletemsg"><![CDATA[刪除會導致用戶重新購買才可看付費內容,是否確認刪除?]]></item>
				<item id="cpcheckall"><![CDATA[全選]]></item>
				<item id="cpdelete"><![CDATA[刪除]]></item>
				<item id="cpserch"><![CDATA[搜索]]></item>
				<item id="cpserchmsg"><![CDATA[請輸入用戶名稱或者UID]]></item>
				<item id="cpcarticle"><![CDATA[生成文章]]></item>
				<item id="ispayfor"><![CDATA[對不起,您已購買過,無需再支付]]></item>
				<item id="isauthorid"><![CDATA[自己發布的內容無需購買]]></item>
				<item id="selltext"><![CDATA[付費內容]]></item>
				<item id="sellinfo"><![CDATA[購買此內容,需要支付<font color="red">{price}</font>]]></item>
				<item id="hidetext"><![CDATA[{username},本付費內容需要支付 <strong>{price}</strong> 才能瀏覽]]></item>
				<item id="paytext"><![CDATA[內容購買]]></item>
				<item id="payfor"><![CDATA[支付]]></item>
				<item id="paysucceed"><![CDATA[支付成功]]></item>
				<item id="nocredit"><![CDATA[對不起,您的{credit}不足]]></item>
				<item id="nopayhide"><![CDATA[**** 本內容需購買 ****]]></item>
				<item id="notictextsell"><![CDATA[內容出售]]></item>
				<item id="notictextpay"><![CDATA[內容購買]]></item>
				<item id="notictextsellmsg"><![CDATA[,購買你的帖子內容,<a href="forum.php?mod=redirect&goto=findpost&pid={pid}" target="_blank">點擊查看帖子</a>]]></item>
				<item id="notictextpaymsg"><![CDATA[購買帖子內容,<a href="forum.php?mod=redirect&goto=findpost&pid={pid}" target="_blank">點擊查看帖子</a>]]></item>
				<item id="carticle"><![CDATA[**** 本內容需要購買可見,<a href="forum.php?mod=viewthread&tid={tid}">點擊進入帖子購買</a> ****]]></item>
				<item id="selllog"><![CDATA[購買記錄]]></item>
				<item id="vip_hook_allow"><![CDATA[直接查看付費內容]]></item>
				<item id="vip_hook_allow_msg"><![CDATA[不需要購買，即可查看]]></item>
				<item id="mhidetext"><![CDATA[本內容需要支付 <strong>{price}</strong> 才能瀏覽]]></item>
			</item>
			<item id="templatelang">
				<item id="datetime"><![CDATA[時間]]></item>
				<item id="sellext"><![CDATA[消耗積分]]></item>
				<item id="selllog"><![CDATA[購買記錄]]></item>
				<item id="nosell"><![CDATA[無購買記錄]]></item>
			</item>
		</item>
		<item id="installfile"><![CDATA[install.php]]></item>
		<item id="uninstallfile"><![CDATA[uninstall.php]]></item>
	</item>
</root>