﻿<?xml version="1.0" encoding="ISO-8859-1"?>
<root>
	<item id="Title"><![CDATA[Discuz! Plugin]]></item>
	<item id="Version"><![CDATA[X2,X2.5,X3,X3.1,X3.2,F1.0]]></item>
	<item id="Time"><![CDATA[2016-12-27 22:20]]></item>
	<item id="From"><![CDATA[分享吧（www.fx8.cc）]]></item>
	<item id="Data">
		<item id="plugin">
			<item id="available"><![CDATA[1]]></item>
			<item id="adminid"><![CDATA[1]]></item>
			<item id="name"><![CDATA[源码哥_厉优新浪微博登录绑定]]></item>
			<item id="identifier"><![CDATA[liyou_weibo]]></item>
			<item id="description"><![CDATA[1、用户直接使用新浪微博账号登录论坛，方便，快速，安全。
2、对已有论坛账号的用户则可以绑定新浪账号，实现一号登录多站模式
3、论坛可以指定官方微博账号，在指定位置显示官方微博的关注情况，且实现用户一键添加关注的功能。增加用户黏度，增大网站流量。
4、(高级版本)绑定的用户发帖同步新浪微博。增大论坛用户量，加快增广论坛信息的传播速度及范围。
5、ly_kevin的联系方式：394578420@qq.com]]></item>
			<item id="datatables"><![CDATA[]]></item>
			<item id="directory"><![CDATA[liyou_weibo/]]></item>
			<item id="copyright"><![CDATA[源码哥（www.ymg6.com）]]></item>
			<item id="version"><![CDATA[4.1]]></item>
			<item id="__modules">
				<item id="25">
					<item id="name"><![CDATA[myyapmagoo]]></item>
					<item id="menu"><![CDATA[<span style="color:#E53333;"><b>源码哥</b></span>]]></item>
					<item id="url"><![CDATA[]]></item>
					<item id="type"><![CDATA[3]]></item>
					<item id="adminid"><![CDATA[0]]></item>
					<item id="displayorder"><![CDATA[0]]></item>
					<item id="navtitle"><![CDATA[]]></item>
					<item id="navicon"><![CDATA[]]></item>
					<item id="navsubname"><![CDATA[]]></item>
					<item id="navsuburl"><![CDATA[]]></item>
				</item>
				<item id="0">
					<item id="name"><![CDATA[ly_syn_setting]]></item>
					<item id="param"><![CDATA[]]></item>
					<item id="menu"><![CDATA[微博高级设置]]></item>
					<item id="url"><![CDATA[]]></item>
					<item id="type"><![CDATA[3]]></item>
					<item id="adminid"><![CDATA[0]]></item>
					<item id="displayorder"><![CDATA[0]]></item>
					<item id="navtitle"><![CDATA[]]></item>
					<item id="navicon"><![CDATA[]]></item>
					<item id="navsubname"><![CDATA[]]></item>
					<item id="navsuburl"><![CDATA[]]></item>
				</item>
				<item id="1">
					<item id="name"><![CDATA[liyou_weibo]]></item>
					<item id="param"><![CDATA[]]></item>
					<item id="menu"><![CDATA[]]></item>
					<item id="url"><![CDATA[]]></item>
					<item id="type"><![CDATA[11]]></item>
					<item id="adminid"><![CDATA[0]]></item>
					<item id="displayorder"><![CDATA[0]]></item>
					<item id="navtitle"><![CDATA[]]></item>
					<item id="navicon"><![CDATA[]]></item>
					<item id="navsubname"><![CDATA[]]></item>
					<item id="navsuburl"><![CDATA[]]></item>
				</item>
				<item id="2">
					<item id="name"><![CDATA[ly_weibobind]]></item>
					<item id="param"><![CDATA[]]></item>
					<item id="menu"><![CDATA[新浪微博绑定]]></item>
					<item id="url"><![CDATA[]]></item>
					<item id="type"><![CDATA[7]]></item>
					<item id="adminid"><![CDATA[0]]></item>
					<item id="displayorder"><![CDATA[0]]></item>
					<item id="navtitle"><![CDATA[]]></item>
					<item id="navicon"><![CDATA[]]></item>
					<item id="navsubname"><![CDATA[]]></item>
					<item id="navsuburl"><![CDATA[]]></item>
				</item>
				<item id="3">
					<item id="name"><![CDATA[ly_mobile]]></item>
					<item id="param"><![CDATA[]]></item>
					<item id="menu"><![CDATA[]]></item>
					<item id="url"><![CDATA[]]></item>
					<item id="type"><![CDATA[28]]></item>
					<item id="adminid"><![CDATA[0]]></item>
					<item id="displayorder"><![CDATA[0]]></item>
					<item id="navtitle"><![CDATA[]]></item>
					<item id="navicon"><![CDATA[]]></item>
					<item id="navsubname"><![CDATA[]]></item>
					<item id="navsuburl"><![CDATA[]]></item>
				</item>
				<item id="4">
					<item id="name"><![CDATA[ly_content_setting]]></item>
					<item id="param"><![CDATA[]]></item>
					<item id="menu"><![CDATA[推送内容格式设置]]></item>
					<item id="url"><![CDATA[]]></item>
					<item id="type"><![CDATA[3]]></item>
					<item id="adminid"><![CDATA[0]]></item>
					<item id="displayorder"><![CDATA[0]]></item>
					<item id="navtitle"><![CDATA[]]></item>
					<item id="navicon"><![CDATA[]]></item>
					<item id="navsubname"><![CDATA[]]></item>
					<item id="navsuburl"><![CDATA[]]></item>
				</item>
				<item id="5">
					<item id="name"><![CDATA[ly_help]]></item>
					<item id="param"><![CDATA[]]></item>
					<item id="menu"><![CDATA[使用帮助]]></item>
					<item id="url"><![CDATA[]]></item>
					<item id="type"><![CDATA[3]]></item>
					<item id="adminid"><![CDATA[0]]></item>
					<item id="displayorder"><![CDATA[10]]></item>
					<item id="navtitle"><![CDATA[]]></item>
					<item id="navicon"><![CDATA[]]></item>
					<item id="navsubname"><![CDATA[]]></item>
					<item id="navsuburl"><![CDATA[]]></item>
				</item>
			</item>
		</item>
		<item id="version"><![CDATA[X2,X2.5,X3,X3.1,X3.2,F1.0]]></item>
		<item id="var">
			<item id="0">
				<item id="displayorder"><![CDATA[0]]></item>
				<item id="title"><![CDATA[app_key]]></item>
				<item id="description"><![CDATA[填写在新浪微博开放平台获取的appkey]]></item>
				<item id="variable"><![CDATA[app_key]]></item>
				<item id="type"><![CDATA[text]]></item>
				<item id="value"><![CDATA[137112959]]></item>
				<item id="extra"><![CDATA[]]></item>
			</item>
			<item id="1">
				<item id="displayorder"><![CDATA[1]]></item>
				<item id="title"><![CDATA[app_secret]]></item>
				<item id="description"><![CDATA[填写在新浪微博开放平台获取的secret]]></item>
				<item id="variable"><![CDATA[app_secret]]></item>
				<item id="type"><![CDATA[text]]></item>
				<item id="value"><![CDATA[189b0ac5b8c358373d8a15540bae0c7c]]></item>
				<item id="extra"><![CDATA[]]></item>
			</item>
			<item id="2">
				<item id="displayorder"><![CDATA[2]]></item>
				<item id="title"><![CDATA[启用关注按钮]]></item>
				<item id="description"><![CDATA[]]></item>
				<item id="variable"><![CDATA[ly_notice]]></item>
				<item id="type"><![CDATA[radio]]></item>
				<item id="value"><![CDATA[1]]></item>
				<item id="extra"><![CDATA[]]></item>
			</item>
			<item id="3">
				<item id="displayorder"><![CDATA[3]]></item>
				<item id="title"><![CDATA[官方论坛微博uid]]></item>
				<item id="description"><![CDATA[]]></item>
				<item id="variable"><![CDATA[ly_weibo_uid]]></item>
				<item id="type"><![CDATA[text]]></item>
				<item id="value"><![CDATA[2696141881]]></item>
				<item id="extra"><![CDATA[]]></item>
			</item>
			<item id="4">
				<item id="displayorder"><![CDATA[4]]></item>
				<item id="title"><![CDATA[关注按钮显示位置]]></item>
				<item id="description"><![CDATA[具体现在位置大家可以通过改变设置选项查看相应的效果，若需其他扩展（小扩展免费制作），请发邮件到：394578420@qq.com。]]></item>
				<item id="variable"><![CDATA[ly_btn_position]]></item>
				<item id="type"><![CDATA[select]]></item>
				<item id="value"><![CDATA[4]]></item>
				<item id="extra"><![CDATA[1 = “设置为首页”同级导航
2 = 论坛状态栏(远版)
3 = 网站顶部导航
4 = 论坛状态栏(近版)]]></item>
			</item>
			<item id="5">
				<item id="displayorder"><![CDATA[5]]></item>
				<item id="title"><![CDATA[启用发帖同步到微博 ...]]></item>
				<item id="description"><![CDATA[用户绑定账号后默认的设置，具体还是要根据用户的选择。]]></item>
				<item id="variable"><![CDATA[syn_thread]]></item>
				<item id="type"><![CDATA[radio]]></item>
				<item id="value"><![CDATA[1]]></item>
				<item id="extra"><![CDATA[]]></item>
			</item>
			<item id="6">
				<item id="displayorder"><![CDATA[6]]></item>
				<item id="title"><![CDATA[启用回帖同步到微博 ...]]></item>
				<item id="description"><![CDATA[用户绑定账号后默认的设置，具体还是要根据用户的选择。]]></item>
				<item id="variable"><![CDATA[syn_reply]]></item>
				<item id="type"><![CDATA[radio]]></item>
				<item id="value"><![CDATA[1]]></item>
				<item id="extra"><![CDATA[]]></item>
			</item>
			<item id="7">
				<item id="displayorder"><![CDATA[8]]></item>
				<item id="title"><![CDATA[绑定奖励积分类型]]></item>
				<item id="description"><![CDATA[]]></item>
				<item id="variable"><![CDATA[ly_credittype]]></item>
				<item id="type"><![CDATA[extcredit]]></item>
				<item id="value"><![CDATA[2]]></item>
				<item id="extra"><![CDATA[]]></item>
			</item>
			<item id="8">
				<item id="displayorder"><![CDATA[9]]></item>
				<item id="title"><![CDATA[积分奖励]]></item>
				<item id="description"><![CDATA[用户第一次绑定时赠送积分。0 表示不赠送。]]></item>
				<item id="variable"><![CDATA[ly_credit]]></item>
				<item id="type"><![CDATA[number]]></item>
				<item id="value"><![CDATA[1]]></item>
				<item id="extra"><![CDATA[]]></item>
			</item>
			<item id="9">
				<item id="displayorder"><![CDATA[30]]></item>
				<item id="title"><![CDATA[启用同步信息生成话题]]></item>
				<item id="description"><![CDATA[主题将自动以话题的形式到新浪微博]]></item>
				<item id="variable"><![CDATA[info_huati]]></item>
				<item id="type"><![CDATA[radio]]></item>
				<item id="value"><![CDATA[1]]></item>
				<item id="extra"><![CDATA[]]></item>
			</item>
			<item id="10">
				<item id="displayorder"><![CDATA[31]]></item>
				<item id="title"><![CDATA[一键注册登录]]></item>
				<item id="description"><![CDATA[启用该选项后，微博登陆可实现真正的一步登陆，跳过完善信息部分（该类用户还可以重新设置自己的用户名、邮箱、密码）]]></item>
				<item id="variable"><![CDATA[ly_is_onkey]]></item>
				<item id="type"><![CDATA[radio]]></item>
				<item id="value"><![CDATA[0]]></item>
				<item id="extra"><![CDATA[]]></item>
			</item>
			<item id="11">
				<item id="displayorder"><![CDATA[32]]></item>
				<item id="title"><![CDATA[一键注册登录用户初始用户 ...]]></item>
				<item id="description"><![CDATA[启动“新浪注册用户忽略注册验证”后，这里的用户组可选有：会员管理组的“新手上路”以及自定义管理，这些选项可选。]]></item>
				<item id="variable"><![CDATA[ly_user_group]]></item>
				<item id="type"><![CDATA[group]]></item>
				<item id="value"><![CDATA[10]]></item>
				<item id="extra"><![CDATA[]]></item>
			</item>
			<item id="12">
				<item id="displayorder"><![CDATA[33]]></item>
				<item id="title"><![CDATA[启用登陆发送信息]]></item>
				<item id="description"><![CDATA[用户第一次绑定新浪微博账号时系统自动发送一条消息同步到新浪微博]]></item>
				<item id="variable"><![CDATA[login_info]]></item>
				<item id="type"><![CDATA[radio]]></item>
				<item id="value"><![CDATA[1]]></item>
				<item id="extra"><![CDATA[]]></item>
			</item>
			<item id="13">
				<item id="displayorder"><![CDATA[36]]></item>
				<item id="title"><![CDATA[自定义消息]]></item>
				<item id="description"><![CDATA[消息格式：自定义内容+网站网址。用户可以”自定义内容“部分。”我使用微博账号登陆了 “]]></item>
				<item id="variable"><![CDATA[info_fomat]]></item>
				<item id="type"><![CDATA[textarea]]></item>
				<item id="value"><![CDATA[我使用微博账号登陆了 ]]></item>
				<item id="extra"><![CDATA[]]></item>
			</item>
			<item id="14">
				<item id="displayorder"><![CDATA[39]]></item>
				<item id="title"><![CDATA[自动关注官方微博]]></item>
				<item id="description"><![CDATA[站内账号绑定的微博账号自动关注官方微博]]></item>
				<item id="variable"><![CDATA[auto_fans]]></item>
				<item id="type"><![CDATA[radio]]></item>
				<item id="value"><![CDATA[1]]></item>
				<item id="extra"><![CDATA[]]></item>
			</item>
			<item id="15">
				<item id="displayorder"><![CDATA[42]]></item>
				<item id="title"><![CDATA[开启主题微博一键分享 ...]]></item>
				<item id="description"><![CDATA[现在在主题内容页的后面增加 新浪微博 的一键分享（discuz默认没有），若需其他社交网站的一键分享，请联系作者。]]></item>
				<item id="variable"><![CDATA[auto_shares]]></item>
				<item id="type"><![CDATA[radio]]></item>
				<item id="value"><![CDATA[1]]></item>
				<item id="extra"><![CDATA[]]></item>
			</item>
			<item id="16">
				<item id="displayorder"><![CDATA[45]]></item>
				<item id="title"><![CDATA[启用贴内用户微博达人勋章]]></item>
				<item id="description"><![CDATA[]]></item>
				<item id="variable"><![CDATA[ly_club]]></item>
				<item id="type"><![CDATA[radio]]></item>
				<item id="value"><![CDATA[1]]></item>
				<item id="extra"><![CDATA[]]></item>
			</item>
			<item id="17">
				<item id="displayorder"><![CDATA[48]]></item>
				<item id="title"><![CDATA[启用授权过期页面底部提醒]]></item>
				<item id="description"><![CDATA[]]></item>
				<item id="variable"><![CDATA[ly_authexpire]]></item>
				<item id="type"><![CDATA[radio]]></item>
				<item id="value"><![CDATA[1]]></item>
				<item id="extra"><![CDATA[]]></item>
			</item>
			<item id="18">
				<item id="displayorder"><![CDATA[51]]></item>
				<item id="title"><![CDATA[启用用户未绑定微博页面底部提醒]]></item>
				<item id="description"><![CDATA[]]></item>
				<item id="variable"><![CDATA[ly_bindtips]]></item>
				<item id="type"><![CDATA[radio]]></item>
				<item id="value"><![CDATA[0]]></item>
				<item id="extra"><![CDATA[]]></item>
			</item>
			<item id="19">
				<item id="displayorder"><![CDATA[52]]></item>
				<item id="title"><![CDATA[底部提醒提醒样式设置 ...]]></item>
				<item id="description"><![CDATA[为了使底部提醒能和您的网站风格一致特推出底部提醒样式自定义（使用最好会一写css语法），格式如下:background-color:#5A5A5A;opacity:0.9;]]></item>
				<item id="variable"><![CDATA[ly_bottomtip_style]]></item>
				<item id="type"><![CDATA[textarea]]></item>
				<item id="value"><![CDATA[background-color:#5A5A5A;]]></item>
				<item id="extra"><![CDATA[]]></item>
			</item>
			<item id="20">
				<item id="displayorder"><![CDATA[54]]></item>
				<item id="title"><![CDATA[个人设置页面微博推荐uid ...]]></item>
				<item id="description"><![CDATA[填写格式为：2696141881,1642909335,5
 注意uid之间使用逗号隔开，注意最后一个为0-20的数字，如果没有该数字则默认自动读取为10个用户，这样可以鼓励用户使用微博登陆。]]></item>
				<item id="variable"><![CDATA[ly_recuid]]></item>
				<item id="type"><![CDATA[text]]></item>
				<item id="value"><![CDATA[2696141881,1642909335,5]]></item>
				<item id="extra"><![CDATA[]]></item>
			</item>
			<item id="21">
				<item id="displayorder"><![CDATA[57]]></item>
				<item id="title"><![CDATA[不显示登录按钮]]></item>
				<item id="description"><![CDATA[前台将不显示登录，方便只希望用户名绑定微博的站点。]]></item>
				<item id="variable"><![CDATA[ly_nologinbtn]]></item>
				<item id="type"><![CDATA[radio]]></item>
				<item id="value"><![CDATA[0]]></item>
				<item id="extra"><![CDATA[]]></item>
			</item>
			<item id="22">
				<item id="displayorder"><![CDATA[60]]></item>
				<item id="title"><![CDATA[论坛绑定多微博]]></item>
				<item id="description"><![CDATA[开启指允许一个论坛用户可绑定多个微博账号适用于推广论坛信息。]]></item>
				<item id="variable"><![CDATA[ly_multi_weibo]]></item>
				<item id="type"><![CDATA[radio]]></item>
				<item id="value"><![CDATA[0]]></item>
				<item id="extra"><![CDATA[]]></item>
			</item>
			<item id="23">
				<item id="displayorder"><![CDATA[63]]></item>
				<item id="title"><![CDATA[限定用户组]]></item>
				<item id="description"><![CDATA[]]></item>
				<item id="variable"><![CDATA[ly_multi_weibog]]></item>
				<item id="type"><![CDATA[groups]]></item>
				<item id="extra"><![CDATA[]]></item>
				<item id="__value">
					<item id="0"><![CDATA[]]></item>
					<item id="1"><![CDATA[9]]></item>
					<item id="2"><![CDATA[10]]></item>
					<item id="3"><![CDATA[11]]></item>
				</item>
			</item>
			<item id="24">
				<item id="displayorder"><![CDATA[65]]></item>
				<item id="title"><![CDATA[启用wap手机登录]]></item>
				<item id="description"><![CDATA[]]></item>
				<item id="variable"><![CDATA[ly_miblie]]></item>
				<item id="type"><![CDATA[radio]]></item>
				<item id="value"><![CDATA[]]></item>
				<item id="extra"><![CDATA[]]></item>
			</item>
		</item>
		<item id="language">
			<item id="scriptlang">
				<item id="logy_m_g"><![CDATA[<h2 style="text-align:-webkit-center;">
	<span style="color:#4C33E5;">推荐一个dz商</span><span style="color:#4C33E5;">业插件模版下载的</span><span style="color:#4C33E5;"></span><span style="color:#4C33E5;">网站给大家</span><a href="http://www.ymg6.com" target="_blank"><span style="color:#4C33E5;">源码哥分享吧</span></a><span style="color:#4C33E5;">（www.ymg6.com）</span> 
</h2>
<h3 style="text-align:-webkit-center;">
	<span style="color:#E53333;">这</span><span style="color:#E53333;">是一个</span><span style="color:#E53333;">dz商业</span><a href="http://www.ymg6.com/forum.php?mod=forumdisplay&fid=2" target="_blank"><span style="color:#337FE5;">插</span><u><span style="color:#337FE5;"></span></u><span style="color:#337FE5;">件</span></a><a href="http://www.ymg6.com/forum.php?mod=forumdisplay&fid=36" target="_blank"><u><span style="color:#337FE5;">模</span></u><u><span style="color:#337FE5;"></span></u><u><span style="color:#337FE5;">版</span></u></a><span style="color:#E53333;">资源破解分享的网站，而且还有很多精品的网站源码下载</span> 
</h3>
<h3 style="text-align:-webkit-center;">
	<span style="color:#E53333;">他们资源每天更新，并且很多都是他们自己出钱在应用中心购买后破解分享出来的</span><br />
</h3>
<h3>
	<div style="text-align:center;">
		<span style="color:#E53333;">不过还是替他们说一下</span> 
	</div>
	<div style="text-align:center;">
		<span style="color:#E53333;">&nbsp;他们站下载的资源只限于自己学习研究内含的设计思想和原理 请勿有任何商业盈利行为</span> 
	</div>
</h3>
<h3 style="text-align:center;">
	<span style="color:#999999;">介绍也介绍完了，给大家做个小导航吧</span> 
</h3>
<h3 style="text-align:center;">
	<span style="color:#337FE5;"><a href="http://www.ymg6.com/forum.php?mod=forumdisplay&fid=2" target="_blank">dz商业破解插件下载</a> &nbsp; <a href="http://www.ymg6.com/forum.php?mod=forumdisplay&fid=36" target="_blank">dz商业风格模版下载</a> &nbsp; &nbsp;<a href="http://www.ymg6.com/forum.php?mod=forumdisplay&fid=50" target="_blank">精品网站源码下载</a> &nbsp; &nbsp;<a href="http://www.ymg6.com/forum.php?mod=forumdisplay&fid=51" target="_blank">工具素材下载</a></span><span style="color:#337FE5;">&nbsp; &nbsp; <a href="http://www.ymg6.com/forum.php?mod=forumdisplay&fid=41" target="_blank">精选教程区</a></span> 
</h3> ]]></item>
				<item id="login_success"><![CDATA[使用新浪微博登录成功]]></item>
				<item id="bind_success"><![CDATA[绑定新浪微博账号成功]]></item>
				<item id="unbind_success"><![CDATA[解除新浪微博绑定成功]]></item>
				<item id="unbind_fail"><![CDATA[解除新浪微博绑定失败]]></item>
				<item id="register_or_bind"><![CDATA[完善信息或绑定账号]]></item>
				<item id="complete_profile"><![CDATA[完善账号信息]]></item>
				<item id="auth_fail"><![CDATA[授权失败,你可以再次申请授权]]></item>
				<item id="syn_reply"><![CDATA[同步新浪微博]]></item>
				<item id="syn_thread"><![CDATA[同步新浪微博]]></item>
				<item id="save_syn_success"><![CDATA[设置成功]]></item>
				<item id="curl_unavailable"><![CDATA[请开启curl_init的支持]]></item>
				<item id="exists_bind"><![CDATA[该微博账号已经绑定了本站{username}账号]]></item>
				<item id="ly_weibo_btn_tip8"><![CDATA[您已将本站{username}帐号与新浪微博绑定]]></item>
				<item id="ly_weibo"><![CDATA[新浪微博]]></item>
				<item id="liyou_weibo_comment"><![CDATA[新浪微博评论]]></item>
				<item id="threadlog_message"><![CDATA[<br><br><img class="vm" src="source/plugin/liyou_weibo/image/logo.png">&nbsp;<a href="http://weibo.com/{userweibo}" target="_blank">来自 {nick} 的新浪微博</a>]]></item>
				<item id="article_syn"><![CDATA[文章同步到新浪微博]]></item>
				<item id="article_comment"><![CDATA[来自新浪微博用户的评论]]></item>
				<item id="articlelog_message"><![CDATA[<br><br><img class="vm" src="source/plugin/liyou_weibo/image/logo.png">&nbsp;<a href="http://weibo.com/{userweibo}" target="_blank">来自 {nick} 的新浪微博</a>]]></item>
				<item id="blog_syn"><![CDATA[日志同步到新浪微博]]></item>
				<item id="bloglog_message"><![CDATA[<br><br><img class="vm" src="source/plugin/liyou_weibo/image/logo.png">&nbsp;<a href="http://weibo.com/{userweibo}" target="_blank">来自 {nick} 的新浪微博</a>]]></item>
				<item id="doinglog_message"><![CDATA[&nbsp;&nbsp;&nbsp;<img class="vm" src="source/plugin/liyou_weibo/image/logo.png">&nbsp;<a href="http://weibo.com/{userweibo}" target="_blank">来自 {nick} 的新浪微博</a>]]></item>
				<item id="ly_weibo_authtip"><![CDATA[绑定账号 <a class="liyou_weibo" target="_blank" href="http://weibo.com/u/{weibouid}">{weibousername}</a> 授权有效剩余时间为:<em class="number">{day}</em>天<em class="number">{hour}</em>时<em class="number">{min}</em>分<em class="number">{sec}</em>秒  <a class="liyou_weibo" href="plugin.php?id=liyou_weibo:login">延长授权</a>]]></item>
				<item id="ly_weibo_gauthtip"><![CDATA[绑定账号 <a class="liyou_weibo" target="_blank" href="http://weibo.com/u/{weibouid}">{weibousername}</a> 授权已经过期:<em class="number">{day}</em>天<em class="number">{hour}</em>时<em class="number">{min}</em>分<em class="number">{sec}</em>秒 <a class="liyou_weibo" href="plugin.php?id=liyou_weibo:login">重新授权</a>]]></item>
				<item id="broadcastlog_message"><![CDATA[&nbsp;&nbsp;&nbsp;<img class="vm" src="source/plugin/liyou_weibo/image/logo.png">&nbsp;<a href="http://weibo.com/{userweibo}" target="_blank">来自 {nick} 的新浪微博</a>]]></item>
				<item id="ly_weibo_source"><![CDATA[来源:]]></item>
				<item id="sharelog_message"><![CDATA[<br><br><img class="vm" src="source/plugin/liyou_weibo/image/logo.png">&nbsp;<a href="http://weibo.com/{userweibo}" target="_blank">来自 {nick} 的新浪微博</a>]]></item>
				<item id="setpassword"><![CDATA[尊敬的用户你好，请先为本论坛用户设置一个密码，再进行解除微博绑定操作]]></item>
				<item id="illegalusername"><![CDATA[请输入合法的用户名]]></item>
				<item id="usernameexists"><![CDATA[改用户名已经存在]]></item>
				<item id="nousername"><![CDATA[用户名不能为空]]></item>
				<item id="updateuserinfosuccess"><![CDATA[修改用户名、邮箱、密码成功]]></item>
				<item id="illegalemail"><![CDATA[输入邮箱格式不对]]></item>
				<item id="pass1pass2"><![CDATA[两次输入的密码不一致或密码为空]]></item>
				<item id="illegalop"><![CDATA[你无法修改自己的信息]]></item>
				<item id="updatepassfail"><![CDATA[修改用户密码失败]]></item>
				<item id="updateusernamefail"><![CDATA[修改用户名失败]]></item>
				<item id="updateemailfail"><![CDATA[修改邮箱失败]]></item>
				<item id="credit_add"><![CDATA[绑定微博账号奖励积分]]></item>
				<item id="ly_weibobindtips"><![CDATA[抱歉，您尚未绑定微博账户，没有权限在该版块发帖,<a class="liyou_weibo" href="plugin.php?id=liyou_weibo:login">立即绑定微博</a>]]></item>
			</item>
			<item id="templatelang">
				<item id="header_login"><![CDATA[使用新浪微博登录]]></item>
				<item id="header_bind"><![CDATA[绑定新浪微博账号]]></item>
				<item id="header_login_tip"><![CDATA[一号多站,快速登录]]></item>
				<item id="exists_discuz"><![CDATA[已经有论坛账号?]]></item>
				<item id="bind_exists_discuz"><![CDATA[绑定我的账号]]></item>
				<item id="not_exists_discuz"><![CDATA[还没有论坛账号?]]></item>
				<item id="set_new_discuz"><![CDATA[设置一个账号]]></item>
				<item id="complete_discuz"><![CDATA[完善账号信息]]></item>
				<item id="bind_discuz"><![CDATA[绑定账号]]></item>
				<item id="ly_weibo_head_tip"><![CDATA[厉优软件开发团队]]></item>
				<item id="ly_weibo_description"><![CDATA[该插件由厉优团队成员liyou_kevin开发，主要实现功能：<br/>
						 1、用户直接使用新浪微博账号登录论坛，方便，快速，安全。<br/>
						 2、对已有论坛账号的用户则可以绑定新浪账号，实现一号登录多站模式<br/>
						 3、论坛可以指定官方微博账号，在指定位置显示官方微博的关注情况，且实现用户一键添加关注的功能。增加用户黏度，增大网站流量。<br/>
						 4、(高级版本)绑定的用户发帖同步新浪微博。增大论坛用户量，加快增广论坛信息的传播速度及范围。<br/>
						 5、liyou_kevin的联系方式：394578420@qq.com]]></item>
				<item id="ly_weibo_unbind"><![CDATA[解除新浪微博账号绑定]]></item>
				<item id="ly_weibo_bind"><![CDATA[新浪微博绑定]]></item>
				<item id="ly_weibo_btn_tip"><![CDATA[点击按钮，立刻绑定新浪微博帐号]]></item>
				<item id="ly_weibo_btn_tip1"><![CDATA[使用新浪微博绑定本站，您可以...]]></item>
				<item id="ly_weibo_btn_tip2"><![CDATA[用新浪微博帐号轻松登录]]></item>
				<item id="ly_weibo_btn_tip3"><![CDATA[无需记住本站的帐号和密码，随时使用新浪微博帐号密码轻松登录]]></item>
				<item id="ly_weibo_btn_tip4"><![CDATA[发表主题同时推送到新浪微博]]></item>
				<item id="ly_weibo_btn_tip5"><![CDATA[将您的论坛主题推送到新浪微博，让好友全方面了解您]]></item>
				<item id="ly_weibo_btn_tip6"><![CDATA[把本站精彩内容分享到新浪微博朋友]]></item>
				<item id="ly_weibo_btn_tip7"><![CDATA[每一个精彩内容绝不放过，简单快捷的将论坛主题分享给好友和听众]]></item>
				<item id="ly_weibo_btn_tip8"><![CDATA[您已将本站{username}帐号与新浪微博绑定]]></item>
				<item id="ly_weibo_btn_tip9"><![CDATA[绑定信息]]></item>
				<item id="ly_weibo_btn_tip10"><![CDATA[发表主题时默认发送动态到新浪微博]]></item>
				<item id="ly_weibo_btn_tip11"><![CDATA[发表主题回复时默认转播到新浪微博]]></item>
				<item id="ly_weibo_btn_tip12"><![CDATA[保存设置]]></item>
				<item id="ly_weibo_btn_tip13"><![CDATA[解除已绑定帐号？]]></item>
				<item id="ly_weibo_btn_tip14"><![CDATA[您确认要解除与本站帐号的绑定关系？]]></item>
				<item id="ly_weibo_btn_tip15"><![CDATA[确认解除]]></item>
				<item id="ly_weibo_btn_tip16"><![CDATA[发表 日志 到新浪微博]]></item>
				<item id="ly_weibo_btn_tip17"><![CDATA[发表 门户文章 到新浪微博]]></item>
				<item id="ly_weibo_btn_tip18"><![CDATA[发表 记录 到新浪微博]]></item>
				<item id="ly_weibo_btn_tip19"><![CDATA[发表 广播 到新浪微博]]></item>
				<item id="ly_weibo_btn_tip20"><![CDATA[发表 分享 到新浪微博]]></item>
				<item id="ly_weibo_btn_tip21"><![CDATA[发表 主题 到新浪微博]]></item>
				<item id="ly_weibo_btn_tip22"><![CDATA[发表 主题回复 到新浪微博]]></item>
				<item id="ly_weibo_btn_tip23"><![CDATA[论坛帖子同步到微博后，微博评论回到本站]]></item>
				<item id="ly_weibo_btn_tip24"><![CDATA[日志同步到微博后，微博评论回到本站]]></item>
				<item id="ly_weibo_btn_tip25"><![CDATA[记录同步到微博后，微博评论回到本站]]></item>
				<item id="ly_weibo_btn_tip26"><![CDATA[分享同步到微博后，微博评论回到本站]]></item>
				<item id="ly_weibo_btn_tip27"><![CDATA[门户文章同步到微博后，微博评论回到本站]]></item>
				<item id="ly_weibo_btn_tip28"><![CDATA[广播同步到微博后，微博评论回到本站]]></item>
				<item id="ly_weibo_btn_tip29"><![CDATA[论坛帖子同步到微博后，帖子评论推送为微博评论]]></item>
				<item id="ly_weibo_btn_tip30"><![CDATA[日志同步到微博后，日志评论推送为微博评论]]></item>
				<item id="ly_weibo_btn_tip31"><![CDATA[记录同步到微博后，记录评论推送为微博评论]]></item>
				<item id="ly_weibo_btn_tip32"><![CDATA[分享同步到微博后，分享评论推送为微博评论]]></item>
				<item id="ly_weibo_btn_tip33"><![CDATA[门户文章同步到微博后，门户评论推送为微博评论]]></item>
				<item id="ly_weibo_btn_tip34"><![CDATA[广播同步到微博后，广播评论推送为微博评论]]></item>
				<item id="ly_weibo_btn_tip35"><![CDATA[新起站点模板]]></item>
				<item id="ly_weibo_btn_tip36"><![CDATA[一般站点模式]]></item>
				<item id="ly_weibo_btn_tip37"><![CDATA[中性站点模式]]></item>
				<item id="ly_weibo_btn_tip38"><![CDATA[大型站点模式]]></item>
				<item id="ly_weibo_btn_tip39"><![CDATA[修改用户信息]]></item>
				<item id="ly_weibo_btn_tip40"><![CDATA[新用户名：]]></item>
				<item id="ly_weibo_btn_tip41"><![CDATA[新的邮箱：]]></item>
				<item id="ly_weibo_btn_tip42"><![CDATA[设置密码：]]></item>
				<item id="ly_weibo_btn_tip43"><![CDATA[确认密码：]]></item>
				<item id="ly_weibo_btn_tip44"><![CDATA[确认修改]]></item>
				<item id="ly_weibo_btn_tip45"><![CDATA[原用户名：]]></item>
				<item id="ly_weibo_btn_tip46"><![CDATA[大型站点模式：]]></item>
				<item id="ly_weibo_btn_tip47"><![CDATA[原来邮箱：]]></item>
				<item id="ly_weibo"><![CDATA[新浪微博]]></item>
				<item id="ly_weibo_setting_tips"><![CDATA[厉优微博高级设置]]></item>
				<item id="ly_weibo_setting_syn"><![CDATA[开启微博同步设置]]></item>
				<item id="ly_weibo_huitui"><![CDATA[厉优微博回推设置]]></item>
				<item id="ly_weibo_commentsyn"><![CDATA[日志、文章、记录、广播、分享、主题等评论设置]]></item>
				<item id="ly_weibo_content"><![CDATA[主题帖子推送微博内容格式自定义]]></item>
				<item id="ly_weibo_article"><![CDATA[门户文章推送微博内容格式自定义]]></item>
				<item id="ly_weibo_blog"><![CDATA[日志推送微博内容格式自定义]]></item>
				<item id="ly_weibo_content_tip"><![CDATA[可用变量分别是站点名、主题标题、主题内容、主题地址url、站点地址url:{{bbsname}}、{{subject}}、{{content}}、{{subjecturl}}、{{bbsurl}},注意：帖子url和站点url变量只能使用一个变量]]></item>
				<item id="ly_weibo_reply"><![CDATA[主题回复推送微博内容格式自定义]]></item>
				<item id="ly_weibo_reply_tip"><![CDATA[可用变量分别是站点名、主题标题、回复内容、主题地址url、站点地址url:{{bbsname}}、{{subject}}、{{content}}、{{subjecturl}}、{{bbsurl}},注意：帖子url和站点url变量只能使用一个变量]]></item>
				<item id="submit"><![CDATA[提交]]></item>
				<item id="ly_weibo_huituimodel"><![CDATA[回推模式]]></item>
				<item id="ly_weibo_huituimodel_tip"><![CDATA[回推模式使用说明：站点pv<1000的建议使用新起站点模式，站点pv1000-5000的建议使用一般站点模式，站点pv5000-10000的建议使用中型站点模式，站点pv>10000的建议使用大型站点模式]]></item>
				<item id="close"><![CDATA[关闭]]></item>
				<item id="daren"><![CDATA[站内微博达人]]></item>
				<item id="bindtips"><![CDATA[立即绑定微博账号，尊享微博达人勋章]]></item>
				<item id="expiretips"><![CDATA[微博授权已过期，重新授权成为微博登陆达人]]></item>
				<item id="reauth"><![CDATA[点此重新授权]]></item>
				<item id="ly_weibo_upload_tips"><![CDATA[厉优微博加强版，购买地址：<a href="http://www.ymg6.com/gg/addon.php?/?@liyou_weibo.plugin.26102">点此直接升级（之前绑定的数据依旧存在）</a>]]></item>
				<item id="illegalusername"><![CDATA[请输入合法的用户名]]></item>
				<item id="usernameexists"><![CDATA[改用户名已经存在]]></item>
				<item id="nousername"><![CDATA[用户名不能为空]]></item>
				<item id="updateuserinfosuccess"><![CDATA[修改用户名、邮箱、密码成功]]></item>
				<item id="illegalemail"><![CDATA[输入邮箱格式不对]]></item>
				<item id="pass1pass2"><![CDATA[两次输入的密码不一致或密码为空]]></item>
				<item id="illegalop"><![CDATA[你无法修改自己的信息]]></item>
				<item id="updatepassfail"><![CDATA[修改用户密码失败]]></item>
				<item id="updateusernamefail"><![CDATA[修改用户名失败]]></item>
				<item id="updateemailfail"><![CDATA[修改邮箱失败]]></item>
				<item id="setpassword"><![CDATA[尊敬的用户你好，请先为本论坛用户设置一个密码，再进行解除微博绑定操作]]></item>
				<item id="setvar1"><![CDATA[系统默认为您分配的论坛用户名]]></item>
				<item id="setvar2"><![CDATA[系统默认为您分配的论坛邮箱]]></item>
				<item id="setvar3"><![CDATA[为论坛用户设置密码.]]></item>
				<item id="setvar4"><![CDATA[设置新的用户名，个性化用户名]]></item>
				<item id="setvar5"><![CDATA[设置新的邮箱]]></item>
				<item id="setvar6"><![CDATA[尊敬的用户您好，由于您使用的是一键登录注册，论坛自动为你注册了论坛用户，请为这个用户这设置密码、邮箱等信息，也可以修改用户名。]]></item>
				<item id="2df7fdd5996981fbf9bd34b35758c079"><![CDATA[绑定新浪微博账号，尊享微博达人勋章]]></item>
				<item id="6b58de992885e97840fd82fe273653b2"><![CDATA[还能获取积分奖励]]></item>
				<item id="75f9383034f34d60e3ae329ea12d2791"><![CDATA[您的账号还未绑定微博账号]]></item>
				<item id="6bb5dffdf95954e096d4254043553b27"><![CDATA[立即绑定]]></item>
				<item id="1b01203efe59c2881c06052a1eaa8a5a"><![CDATA[稍后提示]]></item>
				<item id="8e7ceabba7f779caccff15183d538488"><![CDATA[您绑定新浪微博账号授权已到期]]></item>
				<item id="fa0263dc1c0fc9f403786b206b6db44d"><![CDATA[重新授权获得微博达人勋章，以及更多特权。]]></item>
				<item id="6e3f51539524c77ba8f03675e376972b"><![CDATA[授权到期]]></item>
				<item id="046c55f55cf23ef3fed93bedbb202b71"><![CDATA[重新授权]]></item>
				<item id="setvar7"><![CDATA[可绑定多个微博]]></item>
				<item id="setvar8"><![CDATA[已绑定微博账号列表]]></item>
				<item id="setvar10"><![CDATA[使用帮助]]></item>
				<item id="setvar11"><![CDATA[立即查看]]></item>
			</item>
		</item>
		<item id="installfile"><![CDATA[install.php]]></item>
		<item id="uninstallfile"><![CDATA[uninstall.php]]></item>
		<item id="upgradefile"><![CDATA[upgrade.php]]></item>
	</item>
</root>