﻿<?xml version="1.0" encoding="ISO-8859-1"?>
<root>
	<item id="Title"><![CDATA[Discuz! Plugin]]></item>
	<item id="Version"><![CDATA[X2,X2.5,X3,X3.1,X3.2,F1.0]]></item>
	<item id="Time"><![CDATA[2016-12-27 22:20]]></item>
	<item id="From"><![CDATA[分享吧（www.fx8.cc）]]></item>
	<item id="Data">
		<item id="plugin">
			<item id="available"><![CDATA[1]]></item>
			<item id="adminid"><![CDATA[1]]></item>
			<item id="name"><![CDATA[源碼哥_厲優新浪微博登錄綁定]]></item>
			<item id="identifier"><![CDATA[liyou_weibo]]></item>
			<item id="description"><![CDATA[1、用戶直接使用新浪微博賬號登錄論壇，方便，快速，安全。
2、對已有論壇賬號的用戶則可以綁定新浪賬號，實現一號登錄多站模式
3、論壇可以指定官方微博賬號，在指定位置顯示官方微博的關注情況，且實現用戶一鍵添加關注的功能。增加用戶黏度，增大網站流量。
4、(高級版本)綁定的用戶發帖同步新浪微博。增大論壇用戶量，加快增廣論壇信息的傳播速度及范圍。
5、ly_kevin的聯系方式：394578420@qq.com]]></item>
			<item id="datatables"><![CDATA[]]></item>
			<item id="directory"><![CDATA[liyou_weibo/]]></item>
			<item id="copyright"><![CDATA[源碼哥（www.ymg6.com）]]></item>
			<item id="version"><![CDATA[4.1]]></item>
			<item id="__modules">
				<item id="25">
					<item id="name"><![CDATA[myyapmagoo]]></item>
					<item id="menu"><![CDATA[<span style="color:#E53333;"><b>源碼哥</b></span>]]></item>
					<item id="url"><![CDATA[]]></item>
					<item id="type"><![CDATA[3]]></item>
					<item id="adminid"><![CDATA[0]]></item>
					<item id="displayorder"><![CDATA[0]]></item>
					<item id="navtitle"><![CDATA[]]></item>
					<item id="navicon"><![CDATA[]]></item>
					<item id="navsubname"><![CDATA[]]></item>
					<item id="navsuburl"><![CDATA[]]></item>
				</item>
				<item id="0">
					<item id="name"><![CDATA[ly_syn_setting]]></item>
					<item id="param"><![CDATA[]]></item>
					<item id="menu"><![CDATA[微博高級設置]]></item>
					<item id="url"><![CDATA[]]></item>
					<item id="type"><![CDATA[3]]></item>
					<item id="adminid"><![CDATA[0]]></item>
					<item id="displayorder"><![CDATA[0]]></item>
					<item id="navtitle"><![CDATA[]]></item>
					<item id="navicon"><![CDATA[]]></item>
					<item id="navsubname"><![CDATA[]]></item>
					<item id="navsuburl"><![CDATA[]]></item>
				</item>
				<item id="1">
					<item id="name"><![CDATA[liyou_weibo]]></item>
					<item id="param"><![CDATA[]]></item>
					<item id="menu"><![CDATA[]]></item>
					<item id="url"><![CDATA[]]></item>
					<item id="type"><![CDATA[11]]></item>
					<item id="adminid"><![CDATA[0]]></item>
					<item id="displayorder"><![CDATA[0]]></item>
					<item id="navtitle"><![CDATA[]]></item>
					<item id="navicon"><![CDATA[]]></item>
					<item id="navsubname"><![CDATA[]]></item>
					<item id="navsuburl"><![CDATA[]]></item>
				</item>
				<item id="2">
					<item id="name"><![CDATA[ly_weibobind]]></item>
					<item id="param"><![CDATA[]]></item>
					<item id="menu"><![CDATA[新浪微博綁定]]></item>
					<item id="url"><![CDATA[]]></item>
					<item id="type"><![CDATA[7]]></item>
					<item id="adminid"><![CDATA[0]]></item>
					<item id="displayorder"><![CDATA[0]]></item>
					<item id="navtitle"><![CDATA[]]></item>
					<item id="navicon"><![CDATA[]]></item>
					<item id="navsubname"><![CDATA[]]></item>
					<item id="navsuburl"><![CDATA[]]></item>
				</item>
				<item id="3">
					<item id="name"><![CDATA[ly_mobile]]></item>
					<item id="param"><![CDATA[]]></item>
					<item id="menu"><![CDATA[]]></item>
					<item id="url"><![CDATA[]]></item>
					<item id="type"><![CDATA[28]]></item>
					<item id="adminid"><![CDATA[0]]></item>
					<item id="displayorder"><![CDATA[0]]></item>
					<item id="navtitle"><![CDATA[]]></item>
					<item id="navicon"><![CDATA[]]></item>
					<item id="navsubname"><![CDATA[]]></item>
					<item id="navsuburl"><![CDATA[]]></item>
				</item>
				<item id="4">
					<item id="name"><![CDATA[ly_content_setting]]></item>
					<item id="param"><![CDATA[]]></item>
					<item id="menu"><![CDATA[推送內容格式設置]]></item>
					<item id="url"><![CDATA[]]></item>
					<item id="type"><![CDATA[3]]></item>
					<item id="adminid"><![CDATA[0]]></item>
					<item id="displayorder"><![CDATA[0]]></item>
					<item id="navtitle"><![CDATA[]]></item>
					<item id="navicon"><![CDATA[]]></item>
					<item id="navsubname"><![CDATA[]]></item>
					<item id="navsuburl"><![CDATA[]]></item>
				</item>
				<item id="5">
					<item id="name"><![CDATA[ly_help]]></item>
					<item id="param"><![CDATA[]]></item>
					<item id="menu"><![CDATA[使用幫助]]></item>
					<item id="url"><![CDATA[]]></item>
					<item id="type"><![CDATA[3]]></item>
					<item id="adminid"><![CDATA[0]]></item>
					<item id="displayorder"><![CDATA[10]]></item>
					<item id="navtitle"><![CDATA[]]></item>
					<item id="navicon"><![CDATA[]]></item>
					<item id="navsubname"><![CDATA[]]></item>
					<item id="navsuburl"><![CDATA[]]></item>
				</item>
			</item>
		</item>
		<item id="version"><![CDATA[X2,X2.5,X3,X3.1,X3.2,F1.0]]></item>
		<item id="var">
			<item id="0">
				<item id="displayorder"><![CDATA[0]]></item>
				<item id="title"><![CDATA[app_key]]></item>
				<item id="description"><![CDATA[填寫在新浪微博開放平臺獲取的appkey]]></item>
				<item id="variable"><![CDATA[app_key]]></item>
				<item id="type"><![CDATA[text]]></item>
				<item id="value"><![CDATA[137112959]]></item>
				<item id="extra"><![CDATA[]]></item>
			</item>
			<item id="1">
				<item id="displayorder"><![CDATA[1]]></item>
				<item id="title"><![CDATA[app_secret]]></item>
				<item id="description"><![CDATA[填寫在新浪微博開放平臺獲取的secret]]></item>
				<item id="variable"><![CDATA[app_secret]]></item>
				<item id="type"><![CDATA[text]]></item>
				<item id="value"><![CDATA[189b0ac5b8c358373d8a15540bae0c7c]]></item>
				<item id="extra"><![CDATA[]]></item>
			</item>
			<item id="2">
				<item id="displayorder"><![CDATA[2]]></item>
				<item id="title"><![CDATA[啟用關注按鈕]]></item>
				<item id="description"><![CDATA[]]></item>
				<item id="variable"><![CDATA[ly_notice]]></item>
				<item id="type"><![CDATA[radio]]></item>
				<item id="value"><![CDATA[1]]></item>
				<item id="extra"><![CDATA[]]></item>
			</item>
			<item id="3">
				<item id="displayorder"><![CDATA[3]]></item>
				<item id="title"><![CDATA[官方論壇微博uid]]></item>
				<item id="description"><![CDATA[]]></item>
				<item id="variable"><![CDATA[ly_weibo_uid]]></item>
				<item id="type"><![CDATA[text]]></item>
				<item id="value"><![CDATA[2696141881]]></item>
				<item id="extra"><![CDATA[]]></item>
			</item>
			<item id="4">
				<item id="displayorder"><![CDATA[4]]></item>
				<item id="title"><![CDATA[關注按鈕顯示位置]]></item>
				<item id="description"><![CDATA[具體現在位置大家可以通過改變設置選項查看相應的效果，若需其他擴展（小擴展免費制作），請發郵件到：394578420@qq.com。]]></item>
				<item id="variable"><![CDATA[ly_btn_position]]></item>
				<item id="type"><![CDATA[select]]></item>
				<item id="value"><![CDATA[4]]></item>
				<item id="extra"><![CDATA[1 = “設置為首頁”同級導航
2 = 論壇狀態欄(遠版)
3 = 網站頂部導航
4 = 論壇狀態欄(近版)]]></item>
			</item>
			<item id="5">
				<item id="displayorder"><![CDATA[5]]></item>
				<item id="title"><![CDATA[啟用發帖同步到微博 ...]]></item>
				<item id="description"><![CDATA[用戶綁定賬號后默認的設置，具體還是要根據用戶的選擇。]]></item>
				<item id="variable"><![CDATA[syn_thread]]></item>
				<item id="type"><![CDATA[radio]]></item>
				<item id="value"><![CDATA[1]]></item>
				<item id="extra"><![CDATA[]]></item>
			</item>
			<item id="6">
				<item id="displayorder"><![CDATA[6]]></item>
				<item id="title"><![CDATA[啟用回帖同步到微博 ...]]></item>
				<item id="description"><![CDATA[用戶綁定賬號后默認的設置，具體還是要根據用戶的選擇。]]></item>
				<item id="variable"><![CDATA[syn_reply]]></item>
				<item id="type"><![CDATA[radio]]></item>
				<item id="value"><![CDATA[1]]></item>
				<item id="extra"><![CDATA[]]></item>
			</item>
			<item id="7">
				<item id="displayorder"><![CDATA[8]]></item>
				<item id="title"><![CDATA[綁定獎勵積分類型]]></item>
				<item id="description"><![CDATA[]]></item>
				<item id="variable"><![CDATA[ly_credittype]]></item>
				<item id="type"><![CDATA[extcredit]]></item>
				<item id="value"><![CDATA[2]]></item>
				<item id="extra"><![CDATA[]]></item>
			</item>
			<item id="8">
				<item id="displayorder"><![CDATA[9]]></item>
				<item id="title"><![CDATA[積分獎勵]]></item>
				<item id="description"><![CDATA[用戶第一次綁定時贈送積分。0 表示不贈送。]]></item>
				<item id="variable"><![CDATA[ly_credit]]></item>
				<item id="type"><![CDATA[number]]></item>
				<item id="value"><![CDATA[1]]></item>
				<item id="extra"><![CDATA[]]></item>
			</item>
			<item id="9">
				<item id="displayorder"><![CDATA[30]]></item>
				<item id="title"><![CDATA[啟用同步信息生成話題]]></item>
				<item id="description"><![CDATA[主題將自動以話題的形式到新浪微博]]></item>
				<item id="variable"><![CDATA[info_huati]]></item>
				<item id="type"><![CDATA[radio]]></item>
				<item id="value"><![CDATA[1]]></item>
				<item id="extra"><![CDATA[]]></item>
			</item>
			<item id="10">
				<item id="displayorder"><![CDATA[31]]></item>
				<item id="title"><![CDATA[一鍵注冊登錄]]></item>
				<item id="description"><![CDATA[啟用該選項后，微博登陸可實現真正的一步登陸，跳過完善信息部分（該類用戶還可以重新設置自己的用戶名、郵箱、密碼）]]></item>
				<item id="variable"><![CDATA[ly_is_onkey]]></item>
				<item id="type"><![CDATA[radio]]></item>
				<item id="value"><![CDATA[0]]></item>
				<item id="extra"><![CDATA[]]></item>
			</item>
			<item id="11">
				<item id="displayorder"><![CDATA[32]]></item>
				<item id="title"><![CDATA[一鍵注冊登錄用戶初始用戶 ...]]></item>
				<item id="description"><![CDATA[啟動“新浪注冊用戶忽略注冊驗證”后，這里的用戶組可選有：會員管理組的“新手上路”以及自定義管理，這些選項可選。]]></item>
				<item id="variable"><![CDATA[ly_user_group]]></item>
				<item id="type"><![CDATA[group]]></item>
				<item id="value"><![CDATA[10]]></item>
				<item id="extra"><![CDATA[]]></item>
			</item>
			<item id="12">
				<item id="displayorder"><![CDATA[33]]></item>
				<item id="title"><![CDATA[啟用登陸發送信息]]></item>
				<item id="description"><![CDATA[用戶第一次綁定新浪微博賬號時系統自動發送一條消息同步到新浪微博]]></item>
				<item id="variable"><![CDATA[login_info]]></item>
				<item id="type"><![CDATA[radio]]></item>
				<item id="value"><![CDATA[1]]></item>
				<item id="extra"><![CDATA[]]></item>
			</item>
			<item id="13">
				<item id="displayorder"><![CDATA[36]]></item>
				<item id="title"><![CDATA[自定義消息]]></item>
				<item id="description"><![CDATA[消息格式：自定義內容+網站網址。用戶可以”自定義內容“部分。”我使用微博賬號登陸了 “]]></item>
				<item id="variable"><![CDATA[info_fomat]]></item>
				<item id="type"><![CDATA[textarea]]></item>
				<item id="value"><![CDATA[我使用微博賬號登陸了 ]]></item>
				<item id="extra"><![CDATA[]]></item>
			</item>
			<item id="14">
				<item id="displayorder"><![CDATA[39]]></item>
				<item id="title"><![CDATA[自動關注官方微博]]></item>
				<item id="description"><![CDATA[站內賬號綁定的微博賬號自動關注官方微博]]></item>
				<item id="variable"><![CDATA[auto_fans]]></item>
				<item id="type"><![CDATA[radio]]></item>
				<item id="value"><![CDATA[1]]></item>
				<item id="extra"><![CDATA[]]></item>
			</item>
			<item id="15">
				<item id="displayorder"><![CDATA[42]]></item>
				<item id="title"><![CDATA[開啟主題微博一鍵分享 ...]]></item>
				<item id="description"><![CDATA[現在在主題內容頁的后面增加 新浪微博 的一鍵分享（discuz默認沒有），若需其他社交網站的一鍵分享，請聯系作者。]]></item>
				<item id="variable"><![CDATA[auto_shares]]></item>
				<item id="type"><![CDATA[radio]]></item>
				<item id="value"><![CDATA[1]]></item>
				<item id="extra"><![CDATA[]]></item>
			</item>
			<item id="16">
				<item id="displayorder"><![CDATA[45]]></item>
				<item id="title"><![CDATA[啟用貼內用戶微博達人勛章]]></item>
				<item id="description"><![CDATA[]]></item>
				<item id="variable"><![CDATA[ly_club]]></item>
				<item id="type"><![CDATA[radio]]></item>
				<item id="value"><![CDATA[1]]></item>
				<item id="extra"><![CDATA[]]></item>
			</item>
			<item id="17">
				<item id="displayorder"><![CDATA[48]]></item>
				<item id="title"><![CDATA[啟用授權過期頁面底部提醒]]></item>
				<item id="description"><![CDATA[]]></item>
				<item id="variable"><![CDATA[ly_authexpire]]></item>
				<item id="type"><![CDATA[radio]]></item>
				<item id="value"><![CDATA[1]]></item>
				<item id="extra"><![CDATA[]]></item>
			</item>
			<item id="18">
				<item id="displayorder"><![CDATA[51]]></item>
				<item id="title"><![CDATA[啟用用戶未綁定微博頁面底部提醒]]></item>
				<item id="description"><![CDATA[]]></item>
				<item id="variable"><![CDATA[ly_bindtips]]></item>
				<item id="type"><![CDATA[radio]]></item>
				<item id="value"><![CDATA[0]]></item>
				<item id="extra"><![CDATA[]]></item>
			</item>
			<item id="19">
				<item id="displayorder"><![CDATA[52]]></item>
				<item id="title"><![CDATA[底部提醒提醒樣式設置 ...]]></item>
				<item id="description"><![CDATA[為了使底部提醒能和您的網站風格一致特推出底部提醒樣式自定義（使用最好會一寫css語法），格式如下:background-color:#5A5A5A;opacity:0.9;]]></item>
				<item id="variable"><![CDATA[ly_bottomtip_style]]></item>
				<item id="type"><![CDATA[textarea]]></item>
				<item id="value"><![CDATA[background-color:#5A5A5A;]]></item>
				<item id="extra"><![CDATA[]]></item>
			</item>
			<item id="20">
				<item id="displayorder"><![CDATA[54]]></item>
				<item id="title"><![CDATA[個人設置頁面微博推薦uid ...]]></item>
				<item id="description"><![CDATA[填寫格式為：2696141881,1642909335,5
 注意uid之間使用逗號隔開，注意最后一個為0-20的數字，如果沒有該數字則默認自動讀取為10個用戶，這樣可以鼓勵用戶使用微博登陸。]]></item>
				<item id="variable"><![CDATA[ly_recuid]]></item>
				<item id="type"><![CDATA[text]]></item>
				<item id="value"><![CDATA[2696141881,1642909335,5]]></item>
				<item id="extra"><![CDATA[]]></item>
			</item>
			<item id="21">
				<item id="displayorder"><![CDATA[57]]></item>
				<item id="title"><![CDATA[不顯示登錄按鈕]]></item>
				<item id="description"><![CDATA[前臺將不顯示登錄，方便只希望用戶名綁定微博的站點。]]></item>
				<item id="variable"><![CDATA[ly_nologinbtn]]></item>
				<item id="type"><![CDATA[radio]]></item>
				<item id="value"><![CDATA[0]]></item>
				<item id="extra"><![CDATA[]]></item>
			</item>
			<item id="22">
				<item id="displayorder"><![CDATA[60]]></item>
				<item id="title"><![CDATA[論壇綁定多微博]]></item>
				<item id="description"><![CDATA[開啟指允許一個論壇用戶可綁定多個微博賬號適用于推廣論壇信息。]]></item>
				<item id="variable"><![CDATA[ly_multi_weibo]]></item>
				<item id="type"><![CDATA[radio]]></item>
				<item id="value"><![CDATA[0]]></item>
				<item id="extra"><![CDATA[]]></item>
			</item>
			<item id="23">
				<item id="displayorder"><![CDATA[63]]></item>
				<item id="title"><![CDATA[限定用戶組]]></item>
				<item id="description"><![CDATA[]]></item>
				<item id="variable"><![CDATA[ly_multi_weibog]]></item>
				<item id="type"><![CDATA[groups]]></item>
				<item id="extra"><![CDATA[]]></item>
				<item id="__value">
					<item id="0"><![CDATA[]]></item>
					<item id="1"><![CDATA[9]]></item>
					<item id="2"><![CDATA[10]]></item>
					<item id="3"><![CDATA[11]]></item>
				</item>
			</item>
			<item id="24">
				<item id="displayorder"><![CDATA[65]]></item>
				<item id="title"><![CDATA[啟用wap手機登錄]]></item>
				<item id="description"><![CDATA[]]></item>
				<item id="variable"><![CDATA[ly_miblie]]></item>
				<item id="type"><![CDATA[radio]]></item>
				<item id="value"><![CDATA[]]></item>
				<item id="extra"><![CDATA[]]></item>
			</item>
		</item>
		<item id="language">
			<item id="scriptlang">
				<item id="logy_m_g"><![CDATA[<h2 style="text-align:-webkit-center;">
	<span style="color:#4C33E5;">推薦一個dz商</span><span style="color:#4C33E5;">業插件模版下載的</span><span style="color:#4C33E5;"></span><span style="color:#4C33E5;">網站給大家</span><a href="http://www.ymg6.com" target="_blank"><span style="color:#4C33E5;">源碼哥分享吧</span></a><span style="color:#4C33E5;">（www.ymg6.com）</span> 
</h2>
<h3 style="text-align:-webkit-center;">
	<span style="color:#E53333;">這</span><span style="color:#E53333;">是一個</span><span style="color:#E53333;">dz商業</span><a href="http://www.ymg6.com/forum.php?mod=forumdisplay&fid=2" target="_blank"><span style="color:#337FE5;">插</span><u><span style="color:#337FE5;"></span></u><span style="color:#337FE5;">件</span></a><a href="http://www.ymg6.com/forum.php?mod=forumdisplay&fid=36" target="_blank"><u><span style="color:#337FE5;">模</span></u><u><span style="color:#337FE5;"></span></u><u><span style="color:#337FE5;">版</span></u></a><span style="color:#E53333;">資源破解分享的網站，而且還有很多精品的網站源碼下載</span> 
</h3>
<h3 style="text-align:-webkit-center;">
	<span style="color:#E53333;">他們資源每天更新，并且很多都是他們自己出錢在應用中心購買后破解分享出來的</span><br />
</h3>
<h3>
	<div style="text-align:center;">
		<span style="color:#E53333;">不過還是替他們說一下</span> 
	</div>
	<div style="text-align:center;">
		<span style="color:#E53333;">&nbsp;他們站下載的資源只限于自己學習研究內含的設計思想和原理 請勿有任何商業盈利行為</span> 
	</div>
</h3>
<h3 style="text-align:center;">
	<span style="color:#999999;">介紹也介紹完了，給大家做個小導航吧</span> 
</h3>
<h3 style="text-align:center;">
	<span style="color:#337FE5;"><a href="http://www.ymg6.com/forum.php?mod=forumdisplay&fid=2" target="_blank">dz商業破解插件下載</a> &nbsp; <a href="http://www.ymg6.com/forum.php?mod=forumdisplay&fid=36" target="_blank">dz商業風格模版下載</a> &nbsp; &nbsp;<a href="http://www.ymg6.com/forum.php?mod=forumdisplay&fid=50" target="_blank">精品網站源碼下載</a> &nbsp; &nbsp;<a href="http://www.ymg6.com/forum.php?mod=forumdisplay&fid=51" target="_blank">工具素材下載</a></span><span style="color:#337FE5;">&nbsp; &nbsp; <a href="http://www.ymg6.com/forum.php?mod=forumdisplay&fid=41" target="_blank">精選教程區</a></span> 
</h3> ]]></item>
				<item id="login_success"><![CDATA[使用新浪微博登錄成功]]></item>
				<item id="bind_success"><![CDATA[綁定新浪微博賬號成功]]></item>
				<item id="unbind_success"><![CDATA[解除新浪微博綁定成功]]></item>
				<item id="unbind_fail"><![CDATA[解除新浪微博綁定失敗]]></item>
				<item id="register_or_bind"><![CDATA[完善信息或綁定賬號]]></item>
				<item id="complete_profile"><![CDATA[完善賬號信息]]></item>
				<item id="auth_fail"><![CDATA[授權失敗,你可以再次申請授權]]></item>
				<item id="syn_reply"><![CDATA[同步新浪微博]]></item>
				<item id="syn_thread"><![CDATA[同步新浪微博]]></item>
				<item id="save_syn_success"><![CDATA[設置成功]]></item>
				<item id="curl_unavailable"><![CDATA[請開啟curl_init的支持]]></item>
				<item id="exists_bind"><![CDATA[該微博賬號已經綁定了本站{username}賬號]]></item>
				<item id="ly_weibo_btn_tip8"><![CDATA[您已將本站{username}帳號與新浪微博綁定]]></item>
				<item id="ly_weibo"><![CDATA[新浪微博]]></item>
				<item id="liyou_weibo_comment"><![CDATA[新浪微博評論]]></item>
				<item id="threadlog_message"><![CDATA[<br><br><img class="vm" src="source/plugin/liyou_weibo/image/logo.png">&nbsp;<a href="http://weibo.com/{userweibo}" target="_blank">來自 {nick} 的新浪微博</a>]]></item>
				<item id="article_syn"><![CDATA[文章同步到新浪微博]]></item>
				<item id="article_comment"><![CDATA[來自新浪微博用戶的評論]]></item>
				<item id="articlelog_message"><![CDATA[<br><br><img class="vm" src="source/plugin/liyou_weibo/image/logo.png">&nbsp;<a href="http://weibo.com/{userweibo}" target="_blank">來自 {nick} 的新浪微博</a>]]></item>
				<item id="blog_syn"><![CDATA[日志同步到新浪微博]]></item>
				<item id="bloglog_message"><![CDATA[<br><br><img class="vm" src="source/plugin/liyou_weibo/image/logo.png">&nbsp;<a href="http://weibo.com/{userweibo}" target="_blank">來自 {nick} 的新浪微博</a>]]></item>
				<item id="doinglog_message"><![CDATA[&nbsp;&nbsp;&nbsp;<img class="vm" src="source/plugin/liyou_weibo/image/logo.png">&nbsp;<a href="http://weibo.com/{userweibo}" target="_blank">來自 {nick} 的新浪微博</a>]]></item>
				<item id="ly_weibo_authtip"><![CDATA[綁定賬號 <a class="liyou_weibo" target="_blank" href="http://weibo.com/u/{weibouid}">{weibousername}</a> 授權有效剩余時間為:<em class="number">{day}</em>天<em class="number">{hour}</em>時<em class="number">{min}</em>分<em class="number">{sec}</em>秒  <a class="liyou_weibo" href="plugin.php?id=liyou_weibo:login">延長授權</a>]]></item>
				<item id="ly_weibo_gauthtip"><![CDATA[綁定賬號 <a class="liyou_weibo" target="_blank" href="http://weibo.com/u/{weibouid}">{weibousername}</a> 授權已經過期:<em class="number">{day}</em>天<em class="number">{hour}</em>時<em class="number">{min}</em>分<em class="number">{sec}</em>秒 <a class="liyou_weibo" href="plugin.php?id=liyou_weibo:login">重新授權</a>]]></item>
				<item id="broadcastlog_message"><![CDATA[&nbsp;&nbsp;&nbsp;<img class="vm" src="source/plugin/liyou_weibo/image/logo.png">&nbsp;<a href="http://weibo.com/{userweibo}" target="_blank">來自 {nick} 的新浪微博</a>]]></item>
				<item id="ly_weibo_source"><![CDATA[來源:]]></item>
				<item id="sharelog_message"><![CDATA[<br><br><img class="vm" src="source/plugin/liyou_weibo/image/logo.png">&nbsp;<a href="http://weibo.com/{userweibo}" target="_blank">來自 {nick} 的新浪微博</a>]]></item>
				<item id="setpassword"><![CDATA[尊敬的用戶你好，請先為本論壇用戶設置一個密碼，再進行解除微博綁定操作]]></item>
				<item id="illegalusername"><![CDATA[請輸入合法的用戶名]]></item>
				<item id="usernameexists"><![CDATA[改用戶名已經存在]]></item>
				<item id="nousername"><![CDATA[用戶名不能為空]]></item>
				<item id="updateuserinfosuccess"><![CDATA[修改用戶名、郵箱、密碼成功]]></item>
				<item id="illegalemail"><![CDATA[輸入郵箱格式不對]]></item>
				<item id="pass1pass2"><![CDATA[兩次輸入的密碼不一致或密碼為空]]></item>
				<item id="illegalop"><![CDATA[你無法修改自己的信息]]></item>
				<item id="updatepassfail"><![CDATA[修改用戶密碼失敗]]></item>
				<item id="updateusernamefail"><![CDATA[修改用戶名失敗]]></item>
				<item id="updateemailfail"><![CDATA[修改郵箱失敗]]></item>
				<item id="credit_add"><![CDATA[綁定微博賬號獎勵積分]]></item>
				<item id="ly_weibobindtips"><![CDATA[抱歉，您尚未綁定微博賬戶，沒有權限在該版塊發帖,<a class="liyou_weibo" href="plugin.php?id=liyou_weibo:login">立即綁定微博</a>]]></item>
			</item>
			<item id="templatelang">
				<item id="header_login"><![CDATA[使用新浪微博登錄]]></item>
				<item id="header_bind"><![CDATA[綁定新浪微博賬號]]></item>
				<item id="header_login_tip"><![CDATA[一號多站,快速登錄]]></item>
				<item id="exists_discuz"><![CDATA[已經有論壇賬號?]]></item>
				<item id="bind_exists_discuz"><![CDATA[綁定我的賬號]]></item>
				<item id="not_exists_discuz"><![CDATA[還沒有論壇賬號?]]></item>
				<item id="set_new_discuz"><![CDATA[設置一個賬號]]></item>
				<item id="complete_discuz"><![CDATA[完善賬號信息]]></item>
				<item id="bind_discuz"><![CDATA[綁定賬號]]></item>
				<item id="ly_weibo_head_tip"><![CDATA[厲優軟件開發團隊]]></item>
				<item id="ly_weibo_description"><![CDATA[該插件由厲優團隊成員liyou_kevin開發，主要實現功能：<br/>
						 1、用戶直接使用新浪微博賬號登錄論壇，方便，快速，安全。<br/>
						 2、對已有論壇賬號的用戶則可以綁定新浪賬號，實現一號登錄多站模式<br/>
						 3、論壇可以指定官方微博賬號，在指定位置顯示官方微博的關注情況，且實現用戶一鍵添加關注的功能。增加用戶黏度，增大網站流量。<br/>
						 4、(高級版本)綁定的用戶發帖同步新浪微博。增大論壇用戶量，加快增廣論壇信息的傳播速度及范圍。<br/>
						 5、liyou_kevin的聯系方式：394578420@qq.com]]></item>
				<item id="ly_weibo_unbind"><![CDATA[解除新浪微博賬號綁定]]></item>
				<item id="ly_weibo_bind"><![CDATA[新浪微博綁定]]></item>
				<item id="ly_weibo_btn_tip"><![CDATA[點擊按鈕，立刻綁定新浪微博帳號]]></item>
				<item id="ly_weibo_btn_tip1"><![CDATA[使用新浪微博綁定本站，您可以...]]></item>
				<item id="ly_weibo_btn_tip2"><![CDATA[用新浪微博帳號輕松登錄]]></item>
				<item id="ly_weibo_btn_tip3"><![CDATA[無需記住本站的帳號和密碼，隨時使用新浪微博帳號密碼輕松登錄]]></item>
				<item id="ly_weibo_btn_tip4"><![CDATA[發表主題同時推送到新浪微博]]></item>
				<item id="ly_weibo_btn_tip5"><![CDATA[將您的論壇主題推送到新浪微博，讓好友全方面了解您]]></item>
				<item id="ly_weibo_btn_tip6"><![CDATA[把本站精彩內容分享到新浪微博朋友]]></item>
				<item id="ly_weibo_btn_tip7"><![CDATA[每一個精彩內容絕不放過，簡單快捷的將論壇主題分享給好友和聽眾]]></item>
				<item id="ly_weibo_btn_tip8"><![CDATA[您已將本站{username}帳號與新浪微博綁定]]></item>
				<item id="ly_weibo_btn_tip9"><![CDATA[綁定信息]]></item>
				<item id="ly_weibo_btn_tip10"><![CDATA[發表主題時默認發送動態到新浪微博]]></item>
				<item id="ly_weibo_btn_tip11"><![CDATA[發表主題回復時默認轉播到新浪微博]]></item>
				<item id="ly_weibo_btn_tip12"><![CDATA[保存設置]]></item>
				<item id="ly_weibo_btn_tip13"><![CDATA[解除已綁定帳號？]]></item>
				<item id="ly_weibo_btn_tip14"><![CDATA[您確認要解除與本站帳號的綁定關系？]]></item>
				<item id="ly_weibo_btn_tip15"><![CDATA[確認解除]]></item>
				<item id="ly_weibo_btn_tip16"><![CDATA[發表 日志 到新浪微博]]></item>
				<item id="ly_weibo_btn_tip17"><![CDATA[發表 門戶文章 到新浪微博]]></item>
				<item id="ly_weibo_btn_tip18"><![CDATA[發表 記錄 到新浪微博]]></item>
				<item id="ly_weibo_btn_tip19"><![CDATA[發表 廣播 到新浪微博]]></item>
				<item id="ly_weibo_btn_tip20"><![CDATA[發表 分享 到新浪微博]]></item>
				<item id="ly_weibo_btn_tip21"><![CDATA[發表 主題 到新浪微博]]></item>
				<item id="ly_weibo_btn_tip22"><![CDATA[發表 主題回復 到新浪微博]]></item>
				<item id="ly_weibo_btn_tip23"><![CDATA[論壇帖子同步到微博后，微博評論回到本站]]></item>
				<item id="ly_weibo_btn_tip24"><![CDATA[日志同步到微博后，微博評論回到本站]]></item>
				<item id="ly_weibo_btn_tip25"><![CDATA[記錄同步到微博后，微博評論回到本站]]></item>
				<item id="ly_weibo_btn_tip26"><![CDATA[分享同步到微博后，微博評論回到本站]]></item>
				<item id="ly_weibo_btn_tip27"><![CDATA[門戶文章同步到微博后，微博評論回到本站]]></item>
				<item id="ly_weibo_btn_tip28"><![CDATA[廣播同步到微博后，微博評論回到本站]]></item>
				<item id="ly_weibo_btn_tip29"><![CDATA[論壇帖子同步到微博后，帖子評論推送為微博評論]]></item>
				<item id="ly_weibo_btn_tip30"><![CDATA[日志同步到微博后，日志評論推送為微博評論]]></item>
				<item id="ly_weibo_btn_tip31"><![CDATA[記錄同步到微博后，記錄評論推送為微博評論]]></item>
				<item id="ly_weibo_btn_tip32"><![CDATA[分享同步到微博后，分享評論推送為微博評論]]></item>
				<item id="ly_weibo_btn_tip33"><![CDATA[門戶文章同步到微博后，門戶評論推送為微博評論]]></item>
				<item id="ly_weibo_btn_tip34"><![CDATA[廣播同步到微博后，廣播評論推送為微博評論]]></item>
				<item id="ly_weibo_btn_tip35"><![CDATA[新起站點模板]]></item>
				<item id="ly_weibo_btn_tip36"><![CDATA[一般站點模式]]></item>
				<item id="ly_weibo_btn_tip37"><![CDATA[中性站點模式]]></item>
				<item id="ly_weibo_btn_tip38"><![CDATA[大型站點模式]]></item>
				<item id="ly_weibo_btn_tip39"><![CDATA[修改用戶信息]]></item>
				<item id="ly_weibo_btn_tip40"><![CDATA[新用戶名：]]></item>
				<item id="ly_weibo_btn_tip41"><![CDATA[新的郵箱：]]></item>
				<item id="ly_weibo_btn_tip42"><![CDATA[設置密碼：]]></item>
				<item id="ly_weibo_btn_tip43"><![CDATA[確認密碼：]]></item>
				<item id="ly_weibo_btn_tip44"><![CDATA[確認修改]]></item>
				<item id="ly_weibo_btn_tip45"><![CDATA[原用戶名：]]></item>
				<item id="ly_weibo_btn_tip46"><![CDATA[大型站點模式：]]></item>
				<item id="ly_weibo_btn_tip47"><![CDATA[原來郵箱：]]></item>
				<item id="ly_weibo"><![CDATA[新浪微博]]></item>
				<item id="ly_weibo_setting_tips"><![CDATA[厲優微博高級設置]]></item>
				<item id="ly_weibo_setting_syn"><![CDATA[開啟微博同步設置]]></item>
				<item id="ly_weibo_huitui"><![CDATA[厲優微博回推設置]]></item>
				<item id="ly_weibo_commentsyn"><![CDATA[日志、文章、記錄、廣播、分享、主題等評論設置]]></item>
				<item id="ly_weibo_content"><![CDATA[主題帖子推送微博內容格式自定義]]></item>
				<item id="ly_weibo_article"><![CDATA[門戶文章推送微博內容格式自定義]]></item>
				<item id="ly_weibo_blog"><![CDATA[日志推送微博內容格式自定義]]></item>
				<item id="ly_weibo_content_tip"><![CDATA[可用變量分別是站點名、主題標題、主題內容、主題地址url、站點地址url:{{bbsname}}、{{subject}}、{{content}}、{{subjecturl}}、{{bbsurl}},注意：帖子url和站點url變量只能使用一個變量]]></item>
				<item id="ly_weibo_reply"><![CDATA[主題回復推送微博內容格式自定義]]></item>
				<item id="ly_weibo_reply_tip"><![CDATA[可用變量分別是站點名、主題標題、回復內容、主題地址url、站點地址url:{{bbsname}}、{{subject}}、{{content}}、{{subjecturl}}、{{bbsurl}},注意：帖子url和站點url變量只能使用一個變量]]></item>
				<item id="submit"><![CDATA[提交]]></item>
				<item id="ly_weibo_huituimodel"><![CDATA[回推模式]]></item>
				<item id="ly_weibo_huituimodel_tip"><![CDATA[回推模式使用說明：站點pv<1000的建議使用新起站點模式，站點pv1000-5000的建議使用一般站點模式，站點pv5000-10000的建議使用中型站點模式，站點pv>10000的建議使用大型站點模式]]></item>
				<item id="close"><![CDATA[關閉]]></item>
				<item id="daren"><![CDATA[站內微博達人]]></item>
				<item id="bindtips"><![CDATA[立即綁定微博賬號，尊享微博達人勛章]]></item>
				<item id="expiretips"><![CDATA[微博授權已過期，重新授權成為微博登陸達人]]></item>
				<item id="reauth"><![CDATA[點此重新授權]]></item>
				<item id="ly_weibo_upload_tips"><![CDATA[厲優微博加強版，購買地址：<a href="http://www.ymg6.com/gg/addon.php?/?@liyou_weibo.plugin.26102">點此直接升級（之前綁定的數據依舊存在）</a>]]></item>
				<item id="illegalusername"><![CDATA[請輸入合法的用戶名]]></item>
				<item id="usernameexists"><![CDATA[改用戶名已經存在]]></item>
				<item id="nousername"><![CDATA[用戶名不能為空]]></item>
				<item id="updateuserinfosuccess"><![CDATA[修改用戶名、郵箱、密碼成功]]></item>
				<item id="illegalemail"><![CDATA[輸入郵箱格式不對]]></item>
				<item id="pass1pass2"><![CDATA[兩次輸入的密碼不一致或密碼為空]]></item>
				<item id="illegalop"><![CDATA[你無法修改自己的信息]]></item>
				<item id="updatepassfail"><![CDATA[修改用戶密碼失敗]]></item>
				<item id="updateusernamefail"><![CDATA[修改用戶名失敗]]></item>
				<item id="updateemailfail"><![CDATA[修改郵箱失敗]]></item>
				<item id="setpassword"><![CDATA[尊敬的用戶你好，請先為本論壇用戶設置一個密碼，再進行解除微博綁定操作]]></item>
				<item id="setvar1"><![CDATA[系統默認為您分配的論壇用戶名]]></item>
				<item id="setvar2"><![CDATA[系統默認為您分配的論壇郵箱]]></item>
				<item id="setvar3"><![CDATA[為論壇用戶設置密碼.]]></item>
				<item id="setvar4"><![CDATA[設置新的用戶名，個性化用戶名]]></item>
				<item id="setvar5"><![CDATA[設置新的郵箱]]></item>
				<item id="setvar6"><![CDATA[尊敬的用戶您好，由于您使用的是一鍵登錄注冊，論壇自動為你注冊了論壇用戶，請為這個用戶這設置密碼、郵箱等信息，也可以修改用戶名。]]></item>
				<item id="2df7fdd5996981fbf9bd34b35758c079"><![CDATA[綁定新浪微博賬號，尊享微博達人勛章]]></item>
				<item id="6b58de992885e97840fd82fe273653b2"><![CDATA[還能獲取積分獎勵]]></item>
				<item id="75f9383034f34d60e3ae329ea12d2791"><![CDATA[您的賬號還未綁定微博賬號]]></item>
				<item id="6bb5dffdf95954e096d4254043553b27"><![CDATA[立即綁定]]></item>
				<item id="1b01203efe59c2881c06052a1eaa8a5a"><![CDATA[稍后提示]]></item>
				<item id="8e7ceabba7f779caccff15183d538488"><![CDATA[您綁定新浪微博賬號授權已到期]]></item>
				<item id="fa0263dc1c0fc9f403786b206b6db44d"><![CDATA[重新授權獲得微博達人勛章，以及更多特權。]]></item>
				<item id="6e3f51539524c77ba8f03675e376972b"><![CDATA[授權到期]]></item>
				<item id="046c55f55cf23ef3fed93bedbb202b71"><![CDATA[重新授權]]></item>
				<item id="setvar7"><![CDATA[可綁定多個微博]]></item>
				<item id="setvar8"><![CDATA[已綁定微博賬號列表]]></item>
				<item id="setvar10"><![CDATA[使用幫助]]></item>
				<item id="setvar11"><![CDATA[立即查看]]></item>
			</item>
		</item>
		<item id="installfile"><![CDATA[install.php]]></item>
		<item id="uninstallfile"><![CDATA[uninstall.php]]></item>
		<item id="upgradefile"><![CDATA[upgrade.php]]></item>
	</item>
</root>