﻿<?xml version="1.0" encoding="ISO-8859-1"?>
<root>
	<item id="Title"><![CDATA[Discuz! Plugin]]></item>
	<item id="Version"><![CDATA[X2,X2.5,X3,X3.1,X3.2,F1.0]]></item>
	<item id="Time"><![CDATA[2016-12-25 15:22]]></item>
	<item id="From"><![CDATA[讯幻网（www.xhkj5.com）]]></item>
	<item id="Data">
		<item id="plugin">
			<item id="available"><![CDATA[1]]></item>
			<item id="adminid"><![CDATA[1]]></item>
			<item id="name"><![CDATA[讯幻网_『凹凸曼』申請版主]]></item>
			<item id="identifier"><![CDATA[apoyl_moderator]]></item>
			<item id="description"><![CDATA[會員自助申請論壇版主權限，站長通過在線時間，發帖數，精華貼是否通過審核，方便站長集中管理版主]]></item>
			<item id="datatables"><![CDATA[]]></item>
			<item id="directory"><![CDATA[apoyl_moderator/]]></item>
			<item id="copyright"><![CDATA[讯幻网（www.xhkj5.com）]]></item>
			<item id="version"><![CDATA[1.1.1]]></item>
			<item id="__modules">
				<item id="13">
					<item id="name"><![CDATA[xhsiteadkj]]></item>
					<item id="menu"><![CDATA[<span style="color:#E53333;"><b>讯幻网</b></span>]]></item>
					<item id="url"><![CDATA[]]></item>
					<item id="type"><![CDATA[3]]></item>
					<item id="adminid"><![CDATA[0]]></item>
					<item id="displayorder"><![CDATA[0]]></item>
					<item id="navtitle"><![CDATA[]]></item>
					<item id="navicon"><![CDATA[]]></item>
					<item id="navsubname"><![CDATA[]]></item>
					<item id="navsuburl"><![CDATA[]]></item>
				</item>
				<item id="0">
					<item id="name"><![CDATA[moderator]]></item>
					<item id="param"><![CDATA[]]></item>
					<item id="menu"><![CDATA[]]></item>
					<item id="url"><![CDATA[]]></item>
					<item id="type"><![CDATA[11]]></item>
					<item id="adminid"><![CDATA[0]]></item>
					<item id="displayorder"><![CDATA[0]]></item>
					<item id="navtitle"><![CDATA[]]></item>
					<item id="navicon"><![CDATA[]]></item>
					<item id="navsubname"><![CDATA[]]></item>
					<item id="navsuburl"><![CDATA[]]></item>
				</item>
				<item id="1">
					<item id="name"><![CDATA[admin]]></item>
					<item id="param"><![CDATA[]]></item>
					<item id="menu"><![CDATA[審核版主]]></item>
					<item id="url"><![CDATA[]]></item>
					<item id="type"><![CDATA[3]]></item>
					<item id="adminid"><![CDATA[0]]></item>
					<item id="displayorder"><![CDATA[1]]></item>
					<item id="navtitle"><![CDATA[]]></item>
					<item id="navicon"><![CDATA[]]></item>
					<item id="navsubname"><![CDATA[]]></item>
					<item id="navsuburl"><![CDATA[]]></item>
				</item>
				<item id="2">
					<item id="name"><![CDATA[adminpass]]></item>
					<item id="param"><![CDATA[]]></item>
					<item id="menu"><![CDATA[版主信息]]></item>
					<item id="url"><![CDATA[]]></item>
					<item id="type"><![CDATA[3]]></item>
					<item id="adminid"><![CDATA[0]]></item>
					<item id="displayorder"><![CDATA[2]]></item>
					<item id="navtitle"><![CDATA[]]></item>
					<item id="navicon"><![CDATA[]]></item>
					<item id="navsubname"><![CDATA[]]></item>
					<item id="navsuburl"><![CDATA[]]></item>
				</item>
				<item id="3">
					<item id="name"><![CDATA[adminhelp]]></item>
					<item id="param"><![CDATA[]]></item>
					<item id="menu"><![CDATA[更多插件]]></item>
					<item id="url"><![CDATA[]]></item>
					<item id="type"><![CDATA[3]]></item>
					<item id="adminid"><![CDATA[0]]></item>
					<item id="displayorder"><![CDATA[3]]></item>
					<item id="navtitle"><![CDATA[]]></item>
					<item id="navicon"><![CDATA[]]></item>
					<item id="navsubname"><![CDATA[]]></item>
					<item id="navsuburl"><![CDATA[]]></item>
				</item>
			</item>
		</item>
		<item id="version"><![CDATA[X2,X2.5,X3,X3.1,X3.2,F1.0]]></item>
		<item id="var">
			<item id="0">
				<item id="displayorder"><![CDATA[1]]></item>
				<item id="title"><![CDATA[申請理由]]></item>
				<item id="description"><![CDATA[申請版主時候，是否顯示此項
如需幫助請留言 地址：http://www.apoyl.com/?page_id=9]]></item>
				<item id="variable"><![CDATA[reasons]]></item>
				<item id="type"><![CDATA[radio]]></item>
				<item id="value"><![CDATA[1]]></item>
				<item id="extra"><![CDATA[]]></item>
			</item>
			<item id="1">
				<item id="displayorder"><![CDATA[2]]></item>
				<item id="title"><![CDATA[姓名]]></item>
				<item id="description"><![CDATA[申請版主時候，是否顯示此項]]></item>
				<item id="variable"><![CDATA[realname]]></item>
				<item id="type"><![CDATA[radio]]></item>
				<item id="value"><![CDATA[1]]></item>
				<item id="extra"><![CDATA[]]></item>
			</item>
			<item id="2">
				<item id="displayorder"><![CDATA[3]]></item>
				<item id="title"><![CDATA[電話]]></item>
				<item id="description"><![CDATA[申請版主時候，是否顯示此項]]></item>
				<item id="variable"><![CDATA[tel]]></item>
				<item id="type"><![CDATA[radio]]></item>
				<item id="value"><![CDATA[1]]></item>
				<item id="extra"><![CDATA[]]></item>
			</item>
			<item id="3">
				<item id="displayorder"><![CDATA[4]]></item>
				<item id="title"><![CDATA[性別]]></item>
				<item id="description"><![CDATA[申請版主時候，是否顯示此項]]></item>
				<item id="variable"><![CDATA[sex]]></item>
				<item id="type"><![CDATA[radio]]></item>
				<item id="value"><![CDATA[0]]></item>
				<item id="extra"><![CDATA[]]></item>
			</item>
			<item id="4">
				<item id="displayorder"><![CDATA[5]]></item>
				<item id="title"><![CDATA[手持身份證正面]]></item>
				<item id="description"><![CDATA[申請版主時候，是否顯示此項]]></item>
				<item id="variable"><![CDATA[handcard]]></item>
				<item id="type"><![CDATA[radio]]></item>
				<item id="value"><![CDATA[1]]></item>
				<item id="extra"><![CDATA[]]></item>
			</item>
			<item id="5">
				<item id="displayorder"><![CDATA[6]]></item>
				<item id="title"><![CDATA[身份證正面]]></item>
				<item id="description"><![CDATA[申請版主時候，是否顯示此項]]></item>
				<item id="variable"><![CDATA[frontcard]]></item>
				<item id="type"><![CDATA[radio]]></item>
				<item id="value"><![CDATA[0]]></item>
				<item id="extra"><![CDATA[]]></item>
			</item>
			<item id="6">
				<item id="displayorder"><![CDATA[7]]></item>
				<item id="title"><![CDATA[身份證反面]]></item>
				<item id="description"><![CDATA[申請版主時候，是否顯示此項]]></item>
				<item id="variable"><![CDATA[concard]]></item>
				<item id="type"><![CDATA[radio]]></item>
				<item id="value"><![CDATA[1]]></item>
				<item id="extra"><![CDATA[]]></item>
			</item>
			<item id="7">
				<item id="displayorder"><![CDATA[8]]></item>
				<item id="title"><![CDATA[QQ]]></item>
				<item id="description"><![CDATA[申請版主時候，是否顯示此項]]></item>
				<item id="variable"><![CDATA[qq]]></item>
				<item id="type"><![CDATA[radio]]></item>
				<item id="value"><![CDATA[1]]></item>
				<item id="extra"><![CDATA[]]></item>
			</item>
			<item id="8">
				<item id="displayorder"><![CDATA[9]]></item>
				<item id="title"><![CDATA[啟用主版塊]]></item>
				<item id="description"><![CDATA[顯示論壇首頁哪些版塊可以申請版主]]></item>
				<item id="variable"><![CDATA[forum]]></item>
				<item id="type"><![CDATA[forums]]></item>
				<item id="extra"><![CDATA[]]></item>
				<item id="__value">
					<item id="0"><![CDATA[]]></item>
				</item>
			</item>
			<item id="9">
				<item id="displayorder"><![CDATA[10]]></item>
				<item id="title"><![CDATA[啟用子版塊]]></item>
				<item id="description"><![CDATA[顯示子版塊哪些可以申請版主]]></item>
				<item id="variable"><![CDATA[subforum]]></item>
				<item id="type"><![CDATA[forums]]></item>
				<item id="extra"><![CDATA[]]></item>
				<item id="__value">
					<item id="0"><![CDATA[]]></item>
				</item>
			</item>
			<item id="10">
				<item id="displayorder"><![CDATA[11]]></item>
				<item id="title"><![CDATA[啟用自身版塊]]></item>
				<item id="description"><![CDATA[顯示自己版塊頁面可以申請版主]]></item>
				<item id="variable"><![CDATA[myforum]]></item>
				<item id="type"><![CDATA[forums]]></item>
				<item id="extra"><![CDATA[]]></item>
				<item id="__value">
					<item id="0"><![CDATA[]]></item>
				</item>
			</item>
			<item id="11">
				<item id="displayorder"><![CDATA[12]]></item>
				<item id="title"><![CDATA[啟用用戶組]]></item>
				<item id="description"><![CDATA[]]></item>
				<item id="variable"><![CDATA[group]]></item>
				<item id="type"><![CDATA[groups]]></item>
				<item id="extra"><![CDATA[]]></item>
				<item id="__value">
					<item id="0"><![CDATA[10]]></item>
					<item id="1"><![CDATA[11]]></item>
					<item id="2"><![CDATA[12]]></item>
					<item id="3"><![CDATA[13]]></item>
					<item id="4"><![CDATA[14]]></item>
					<item id="5"><![CDATA[15]]></item>
					<item id="6"><![CDATA[1]]></item>
				</item>
			</item>
			<item id="12">
				<item id="displayorder"><![CDATA[13]]></item>
				<item id="title"><![CDATA[提交天數]]></item>
				<item id="description"><![CDATA[未通過審核的會員，距多少天后可再次提交]]></item>
				<item id="variable"><![CDATA[days]]></item>
				<item id="type"><![CDATA[number]]></item>
				<item id="value"><![CDATA[3]]></item>
				<item id="extra"><![CDATA[]]></item>
			</item>
		</item>
		<item id="language">
			<item id="scriptlang">
				<item id="logx_h_k_j_5"><![CDATA[<h2 style="text-align:-webkit-center;">
	<span style="color:#4C33E5;">推薦一個dz商</span><span style="color:#4C33E5;">業插件模版下載的</span><span style="color:#4C33E5;"></span><span style="color:#4C33E5;">網站給大家</span><a href="http://www.xhkj5.com" target="_blank"><span style="color:#4C33E5;">訊幻網</span></a><span style="color:#4C33E5;">（www.xhkj5.com）</span> 
</h2>
<h3 style="text-align:-webkit-center;">
	<span style="color:#E53333;">這</span><span style="color:#E53333;">是一個</span><span style="color:#E53333;">dz商業</span><a href="http://www.xhkj5.com/forum.php?mod=forumdisplay&fid=90" target="_blank"><span style="color:#337FE5;">插</span><u><span style="color:#337FE5;"></span></u><span style="color:#337FE5;">件</span></a><a href="http://www.xhkj5.com/forum.php?mod=forumdisplay&fid=93" target="_blank"><u><span style="color:#337FE5;">模</span></u><u><span style="color:#337FE5;"></span></u><u><span style="color:#337FE5;">版</span></u></a><span style="color:#E53333;">資源破解分享的網站，而且還有很多精品的網站源碼下載</span> 
</h3>
<h3 style="text-align:-webkit-center;">
	<span style="color:#E53333;">他們資源每天更新，并且很多都是他們自己出錢在應用中心購買后破解分享出來的</span><br />
</h3>
<h3>
	<div style="text-align:center;">
		<span style="color:#E53333;">不過還是替他們說一下</span> 
	</div>
	<div style="text-align:center;">
		<span style="color:#E53333;">&nbsp;他們站下載的資源只限于自己學習研究內含的設計思想和原理 請勿有任何商業盈利行為</span> 
	</div>
</h3>
<h3 style="text-align:center;">
	<span style="color:#999999;">介紹也介紹完了，給大家做個小導航吧</span> 
</h3>
<h3 style="text-align:center;">
	<span style="color:#337FE5;"><a href="http://www.xhkj5.com/forum.php?mod=forumdisplay&fid=90" target="_blank">dz商業破解插件下載</a> &nbsp; <a href="http://www.xhkj5.com/forum.php?mod=forumdisplay&fid=93" target="_blank">dz商業風格模版下載</a> &nbsp; &nbsp;<a href="http://www.xhkj5.com/forum.php?mod=forumdisplay&fid=72" target="_blank">精品網站源碼下載</a> &nbsp; &nbsp;<a href="http://www.xhkj5.com/forum.php?mod=forumdisplay&fid=104" target="_blank">工具素材下載</a></span><span style="color:#337FE5;">&nbsp; &nbsp; <a href="http://www.xhkj5.com/forum.php?mod=forumdisplay&fid=94" target="_blank">精選教程區</a></span> 
</h3> ]]></item>
				<item id="english"><![CDATA[chinese]]></item>
				<item id="apoyl_gif"><![CDATA[『凹凸曼』播放gif：貼內可手動播放、停止gif圖片，支持手機版，PC播放，讓你網站看上去更美。<a href="http://www.xhkj5.com/gg/addon.php?/?@apoyl_gif.plugin" target="_blank">點擊具體了解</a>]]></item>
				<item id="apoyl_hidesection"><![CDATA[『凹凸曼』隱藏版塊：為適應不同手機端及PC端運營，可自定義隱藏版塊及隱藏后禁止直接通過URL訪問。<a href="http://www.xhkj5.com/gg/addon.php?/?@apoyl_hidesection.plugin" target="_blank">點擊具體了解</a>]]></item>
				<item id="apoyl_money"><![CDATA[『凹凸曼』發紅包了：過年，過節給壇友發點紅包，愛戀的她或他，發送一句心里話，訪問任意頁面自動彈出紅包。<a href="http://www.xhkj5.com/gg/addon.php?/?@apoyl_money.plugin" target="_blank">點擊具體了解</a>]]></item>
				<item id="apoyl_telbigimg"><![CDATA[『凹凸曼』手機大圖：使原來的模糊圖片變非常清晰，縮圖片裁剪改變，圖片自適應手機屏幕，讓手機版（標準版和觸屏版）的圖片更加清晰和美觀。<a href="http://www.xhkj5.com/gg/addon.php?/?@apoyl_telbigimg.plugin" target="_blank">點擊具體了解</a>]]></item>
				<item id="apoyl_teladv"><![CDATA[『凹凸曼』手機廣告：支持手機版系統所有的嵌入點廣告位，讓站長不在擔心手機廣告位的問題，文字、圖片、代碼、flash形式的展現及代碼方式手機廣告聯盟。<a href="http://www.xhkj5.com/gg/addon.php?/?@apoyl_teladv.plugin" target="_blank">點擊具體了解</a>]]></item>
				<item id="apoyl_salary"><![CDATA[『凹凸曼』發工資了：對網站做貢獻的版主、特定的會員以及一般會員進行獎勵，根據業績考核系統自動發放工資，為熱愛這個平臺的朋友們提供一個最直接的獎勵機制。<a href="http://www.xhkj5.com/gg/addon.php?/?@apoyl_salary.plugin" target="_blank">點擊具體了解</a>]]></item>
				<item id="apoyl_mtime"><![CDATA[『凹凸曼』修改時間：商業版支持用戶，帖子回帖，日志評論，文章評論，相冊批量修改。<a href="http://www.xhkj5.com/gg/addon.php?/?@apoyl_mtime.plugin.59962" target="_blank">點擊具體了解</a>]]></item>
				<item id="apoyl_picessence"><![CDATA[『凹凸曼』圖片精華：可選一個樓層的精華圖片到當前版塊頂部展示，也可瀑布流展示你推薦的所有精華圖片。<a href="http://www.xhkj5.com/gg/addon.php?/?@apoyl_picessence.plugin" target="_blank">點擊具體了解</a>]]></item>
				<item id="apoyl_picdivision"><![CDATA[『凹凸曼』圖片分樓：全稱圖片自動分樓，用戶發帖上傳多張圖片或通過網絡云圖庫插入圖片，上傳的圖片無需插入帖子，就可以實現圖片自動分樓。<a href="http://www.xhkj5.com/gg/addon.php?/?@apoyl_picdivision.plugin" target="_blank">點擊具體了解</a>]]></item>
				<item id="apoyl_index"><![CDATA[『凹凸曼』手機首頁：實現打開手機版論壇有聚合首頁，支持自定義選擇模塊、顯示順序以及數據源。<a href="http://www.xhkj5.com/gg/addon.php?/?@apoyl_index.plugin" target="_blank">點擊具體了解</a>]]></item>
				<item id="apoyl_wmark"><![CDATA[『凹凸曼』版塊水印：站長可獨立設置每個版塊圖片上傳的水印，能體現每個版塊圖片內容的個性化。<a href="http://www.xhkj5.com/gg/addon.php?/?@apoyl_wmark.plugin" target="_blank">點擊具體了解</a>]]></item>
				<item id="addr"><![CDATA[官網地址：<a href="http://www.xhkj5.com/gg/addon.php?/?@37901.developer" target="_blank">http://www.xhkj5.com/gg/addon.php?/?@37901.developer</a>]]></item>
				<item id="blog"><![CDATA[技術博客：<a href="http://www.apoyl.com" target="_blank">凹凸曼博客</a>]]></item>
				<item id="apoylqq"><![CDATA[技術QQ：411835506]]></item>
				<item id="title"><![CDATA[申請版主]]></item>
				<item id="success"><![CDATA[親，您已經提交申請，等待審核中，審核結果將3天內發到本站系統消息里]]></item>
				<item id="success_select"><![CDATA[親，已經更新成功]]></item>
				<item id="success_pass"><![CDATA[親，您已經通過審核，已經正式成為本站版主]]></item>
				<item id="error_fail"><![CDATA[親，申請失敗，請稍后重試]]></item>
				<item id="error_sub"><![CDATA[親，您已經提交過了，請等待審核]]></item>
				<item id="error_verify"><![CDATA[親，審核未通過，原因請查看系統消息，{hours}小時之后重新提交]]></item>
				<item id="error_forum"><![CDATA[親，您已經本板塊的版主了]]></item>
				<item id="error_group"><![CDATA[親,您無權限]]></item>
				<item id="error_name"><![CDATA[親，姓名不能為空]]></item>
				<item id="error_tel"><![CDATA[親，電話不能為空]]></item>
				<item id="error_sex"><![CDATA[親，性別請選擇]]></item>
				<item id="error_qq"><![CDATA[親，QQ不能為空]]></item>
				<item id="error_handcard"><![CDATA[親，請上傳手持身份證正面]]></item>
				<item id="error_frontcard"><![CDATA[親，請上傳身份證正面]]></item>
				<item id="error_concard"><![CDATA[親，請上傳身份證反面]]></item>
				<item id="error_reasons"><![CDATA[親，申請理由不能為空]]></item>
				<item id="error_select"><![CDATA[親，請選擇通過或拒絕]]></item>
				<item id="error_no_member"><![CDATA[親，用戶已經不存在了]]></item>
				<item id="error_refues"><![CDATA[親，您沒有能通過審核，原因：]]></item>
				<item id="error_empty_msg"><![CDATA[親，拒絕通過時，《未通過原因》不能為空]]></item>
				<item id="operation"><![CDATA[操作]]></item>
				<item id="foruminfo"><![CDATA[版主信息]]></item>
				<item id="forumid"><![CDATA[版塊id： ]]></item>
				<item id="forumname"><![CDATA[版塊名： ]]></item>
				<item id="meminfo"><![CDATA[用戶信息]]></item>
				<item id="reasons"><![CDATA[申請理由]]></item>
				<item id="adminmsg"><![CDATA[未通過原因]]></item>
				<item id="username"><![CDATA[帳號： ]]></item>
				<item id="name"><![CDATA[姓名： ]]></item>
				<item id="tel"><![CDATA[電話： ]]></item>
				<item id="qq"><![CDATA[QQ： ]]></item>
				<item id="sex"><![CDATA[性別： ]]></item>
				<item id="addtime"><![CDATA[提交時間：]]></item>
				<item id="threadinfo"><![CDATA[帖子信息]]></item>
				<item id="digestposts"><![CDATA[精華帖： ]]></item>
				<item id="threads"><![CDATA[主題數： ]]></item>
				<item id="posts"><![CDATA[回復數： ]]></item>
				<item id="onlinetime"><![CDATA[在線時間： {onlinetime}小時]]></item>
				<item id="onlinetimemonth"><![CDATA[本月時間： {onlinetimemonth}小時]]></item>
				<item id="handcard"><![CDATA[手持身份證正面]]></item>
				<item id="frontcard"><![CDATA[身份證正面]]></item>
				<item id="concard"><![CDATA[反面身份證]]></item>
				<item id="imgtitle"><![CDATA[點擊圖片放大]]></item>
				<item id="pre"><![CDATA[預覽]]></item>
				<item id="pass"><![CDATA[通過]]></item>
				<item id="refuse"><![CDATA[拒絕]]></item>
				<item id="tips"><![CDATA[如選拒絕通過，請填寫未通過原因，結果會發系統消息給用戶，如需幫助<a href="http://www.apoyl.com/?page_id=9" target="_blank">請點擊</a>留言。]]></item>
			</item>
			<item id="templatelang">
				<item id="english"><![CDATA[chinese]]></item>
				<item id="title"><![CDATA[申請版主]]></item>
				<item id="close"><![CDATA[關閉]]></item>
				<item id="sub"><![CDATA[確定]]></item>
				<item id="name"><![CDATA[姓名：]]></item>
				<item id="tel"><![CDATA[電話：]]></item>
				<item id="qq"><![CDATA[QQ：]]></item>
				<item id="sex"><![CDATA[性別：]]></item>
				<item id="handcard"><![CDATA[手持身份證正面：]]></item>
				<item id="frontcard"><![CDATA[身份證正面：]]></item>
				<item id="concard"><![CDATA[反面身份證：]]></item>
				<item id="reasons"><![CDATA[申請理由：]]></item>
				<item id="lessm"><![CDATA[上傳照片：建議大小小于2M]]></item>
				<item id="boy"><![CDATA[男]]></item>
				<item id="girl"><![CDATA[女]]></item>
			</item>
			<item id="installlang">
				<item id="english"><![CDATA[chinese]]></item>
			</item>
			<item id="systemlang">
				<item id="file">
					<item id="english"><![CDATA[chinese]]></item>
				</item>
			</item>
		</item>
		<item id="installfile"><![CDATA[install.php]]></item>
		<item id="uninstallfile"><![CDATA[uninstall.php]]></item>
	</item>
</root>
