﻿<?xml version="1.0" encoding="ISO-8859-1"?>
<root>
	<item id="Title"><![CDATA[Discuz! Plugin]]></item>
	<item id="Version"><![CDATA[X2,X2.5,X3,X3.1,X3.2,F1.0]]></item>
	<item id="Time"><![CDATA[2016-12-25 15:22]]></item>
	<item id="From"><![CDATA[讯幻网（www.xhkj5.com）]]></item>
	<item id="Data">
		<item id="plugin">
			<item id="available"><![CDATA[1]]></item>
			<item id="adminid"><![CDATA[1]]></item>
			<item id="name"><![CDATA[讯幻网_『凹凸曼』申请版主]]></item>
			<item id="identifier"><![CDATA[apoyl_moderator]]></item>
			<item id="description"><![CDATA[会员自助申请论坛版主权限，站长通过在线时间，发帖数，精华贴是否通过审核，方便站长集中管理版主]]></item>
			<item id="datatables"><![CDATA[]]></item>
			<item id="directory"><![CDATA[apoyl_moderator/]]></item>
			<item id="copyright"><![CDATA[讯幻网（www.xhkj5.com）]]></item>
			<item id="version"><![CDATA[1.1.1]]></item>
			<item id="__modules">
				<item id="13">
					<item id="name"><![CDATA[xhsiteadkj]]></item>
					<item id="menu"><![CDATA[<span style="color:#E53333;"><b>讯幻网</b></span>]]></item>
					<item id="url"><![CDATA[]]></item>
					<item id="type"><![CDATA[3]]></item>
					<item id="adminid"><![CDATA[0]]></item>
					<item id="displayorder"><![CDATA[0]]></item>
					<item id="navtitle"><![CDATA[]]></item>
					<item id="navicon"><![CDATA[]]></item>
					<item id="navsubname"><![CDATA[]]></item>
					<item id="navsuburl"><![CDATA[]]></item>
				</item>
				<item id="0">
					<item id="name"><![CDATA[moderator]]></item>
					<item id="param"><![CDATA[]]></item>
					<item id="menu"><![CDATA[]]></item>
					<item id="url"><![CDATA[]]></item>
					<item id="type"><![CDATA[11]]></item>
					<item id="adminid"><![CDATA[0]]></item>
					<item id="displayorder"><![CDATA[0]]></item>
					<item id="navtitle"><![CDATA[]]></item>
					<item id="navicon"><![CDATA[]]></item>
					<item id="navsubname"><![CDATA[]]></item>
					<item id="navsuburl"><![CDATA[]]></item>
				</item>
				<item id="1">
					<item id="name"><![CDATA[admin]]></item>
					<item id="param"><![CDATA[]]></item>
					<item id="menu"><![CDATA[审核版主]]></item>
					<item id="url"><![CDATA[]]></item>
					<item id="type"><![CDATA[3]]></item>
					<item id="adminid"><![CDATA[0]]></item>
					<item id="displayorder"><![CDATA[1]]></item>
					<item id="navtitle"><![CDATA[]]></item>
					<item id="navicon"><![CDATA[]]></item>
					<item id="navsubname"><![CDATA[]]></item>
					<item id="navsuburl"><![CDATA[]]></item>
				</item>
				<item id="2">
					<item id="name"><![CDATA[adminpass]]></item>
					<item id="param"><![CDATA[]]></item>
					<item id="menu"><![CDATA[版主信息]]></item>
					<item id="url"><![CDATA[]]></item>
					<item id="type"><![CDATA[3]]></item>
					<item id="adminid"><![CDATA[0]]></item>
					<item id="displayorder"><![CDATA[2]]></item>
					<item id="navtitle"><![CDATA[]]></item>
					<item id="navicon"><![CDATA[]]></item>
					<item id="navsubname"><![CDATA[]]></item>
					<item id="navsuburl"><![CDATA[]]></item>
				</item>
				<item id="3">
					<item id="name"><![CDATA[adminhelp]]></item>
					<item id="param"><![CDATA[]]></item>
					<item id="menu"><![CDATA[更多插件]]></item>
					<item id="url"><![CDATA[]]></item>
					<item id="type"><![CDATA[3]]></item>
					<item id="adminid"><![CDATA[0]]></item>
					<item id="displayorder"><![CDATA[3]]></item>
					<item id="navtitle"><![CDATA[]]></item>
					<item id="navicon"><![CDATA[]]></item>
					<item id="navsubname"><![CDATA[]]></item>
					<item id="navsuburl"><![CDATA[]]></item>
				</item>
			</item>
		</item>
		<item id="version"><![CDATA[X2,X2.5,X3,X3.1,X3.2,F1.0]]></item>
		<item id="var">
			<item id="0">
				<item id="displayorder"><![CDATA[1]]></item>
				<item id="title"><![CDATA[申请理由]]></item>
				<item id="description"><![CDATA[申请版主时候，是否显示此项
如需帮助请留言 地址：http://www.apoyl.com/?page_id=9]]></item>
				<item id="variable"><![CDATA[reasons]]></item>
				<item id="type"><![CDATA[radio]]></item>
				<item id="value"><![CDATA[1]]></item>
				<item id="extra"><![CDATA[]]></item>
			</item>
			<item id="1">
				<item id="displayorder"><![CDATA[2]]></item>
				<item id="title"><![CDATA[姓名]]></item>
				<item id="description"><![CDATA[申请版主时候，是否显示此项]]></item>
				<item id="variable"><![CDATA[realname]]></item>
				<item id="type"><![CDATA[radio]]></item>
				<item id="value"><![CDATA[1]]></item>
				<item id="extra"><![CDATA[]]></item>
			</item>
			<item id="2">
				<item id="displayorder"><![CDATA[3]]></item>
				<item id="title"><![CDATA[电话]]></item>
				<item id="description"><![CDATA[申请版主时候，是否显示此项]]></item>
				<item id="variable"><![CDATA[tel]]></item>
				<item id="type"><![CDATA[radio]]></item>
				<item id="value"><![CDATA[1]]></item>
				<item id="extra"><![CDATA[]]></item>
			</item>
			<item id="3">
				<item id="displayorder"><![CDATA[4]]></item>
				<item id="title"><![CDATA[性别]]></item>
				<item id="description"><![CDATA[申请版主时候，是否显示此项]]></item>
				<item id="variable"><![CDATA[sex]]></item>
				<item id="type"><![CDATA[radio]]></item>
				<item id="value"><![CDATA[0]]></item>
				<item id="extra"><![CDATA[]]></item>
			</item>
			<item id="4">
				<item id="displayorder"><![CDATA[5]]></item>
				<item id="title"><![CDATA[手持身份证正面]]></item>
				<item id="description"><![CDATA[申请版主时候，是否显示此项]]></item>
				<item id="variable"><![CDATA[handcard]]></item>
				<item id="type"><![CDATA[radio]]></item>
				<item id="value"><![CDATA[1]]></item>
				<item id="extra"><![CDATA[]]></item>
			</item>
			<item id="5">
				<item id="displayorder"><![CDATA[6]]></item>
				<item id="title"><![CDATA[身份证正面]]></item>
				<item id="description"><![CDATA[申请版主时候，是否显示此项]]></item>
				<item id="variable"><![CDATA[frontcard]]></item>
				<item id="type"><![CDATA[radio]]></item>
				<item id="value"><![CDATA[0]]></item>
				<item id="extra"><![CDATA[]]></item>
			</item>
			<item id="6">
				<item id="displayorder"><![CDATA[7]]></item>
				<item id="title"><![CDATA[身份证反面]]></item>
				<item id="description"><![CDATA[申请版主时候，是否显示此项]]></item>
				<item id="variable"><![CDATA[concard]]></item>
				<item id="type"><![CDATA[radio]]></item>
				<item id="value"><![CDATA[1]]></item>
				<item id="extra"><![CDATA[]]></item>
			</item>
			<item id="7">
				<item id="displayorder"><![CDATA[8]]></item>
				<item id="title"><![CDATA[QQ]]></item>
				<item id="description"><![CDATA[申请版主时候，是否显示此项]]></item>
				<item id="variable"><![CDATA[qq]]></item>
				<item id="type"><![CDATA[radio]]></item>
				<item id="value"><![CDATA[1]]></item>
				<item id="extra"><![CDATA[]]></item>
			</item>
			<item id="8">
				<item id="displayorder"><![CDATA[9]]></item>
				<item id="title"><![CDATA[启用主版块]]></item>
				<item id="description"><![CDATA[显示论坛首页哪些版块可以申请版主]]></item>
				<item id="variable"><![CDATA[forum]]></item>
				<item id="type"><![CDATA[forums]]></item>
				<item id="extra"><![CDATA[]]></item>
				<item id="__value">
					<item id="0"><![CDATA[]]></item>
				</item>
			</item>
			<item id="9">
				<item id="displayorder"><![CDATA[10]]></item>
				<item id="title"><![CDATA[启用子版块]]></item>
				<item id="description"><![CDATA[显示子版块哪些可以申请版主]]></item>
				<item id="variable"><![CDATA[subforum]]></item>
				<item id="type"><![CDATA[forums]]></item>
				<item id="extra"><![CDATA[]]></item>
				<item id="__value">
					<item id="0"><![CDATA[]]></item>
				</item>
			</item>
			<item id="10">
				<item id="displayorder"><![CDATA[11]]></item>
				<item id="title"><![CDATA[启用自身版块]]></item>
				<item id="description"><![CDATA[显示自己版块页面可以申请版主]]></item>
				<item id="variable"><![CDATA[myforum]]></item>
				<item id="type"><![CDATA[forums]]></item>
				<item id="extra"><![CDATA[]]></item>
				<item id="__value">
					<item id="0"><![CDATA[]]></item>
				</item>
			</item>
			<item id="11">
				<item id="displayorder"><![CDATA[12]]></item>
				<item id="title"><![CDATA[启用用户组]]></item>
				<item id="description"><![CDATA[]]></item>
				<item id="variable"><![CDATA[group]]></item>
				<item id="type"><![CDATA[groups]]></item>
				<item id="extra"><![CDATA[]]></item>
				<item id="__value">
					<item id="0"><![CDATA[10]]></item>
					<item id="1"><![CDATA[11]]></item>
					<item id="2"><![CDATA[12]]></item>
					<item id="3"><![CDATA[13]]></item>
					<item id="4"><![CDATA[14]]></item>
					<item id="5"><![CDATA[15]]></item>
					<item id="6"><![CDATA[1]]></item>
				</item>
			</item>
			<item id="12">
				<item id="displayorder"><![CDATA[13]]></item>
				<item id="title"><![CDATA[提交天数]]></item>
				<item id="description"><![CDATA[未通过审核的会员，距多少天后可再次提交]]></item>
				<item id="variable"><![CDATA[days]]></item>
				<item id="type"><![CDATA[number]]></item>
				<item id="value"><![CDATA[3]]></item>
				<item id="extra"><![CDATA[]]></item>
			</item>
		</item>
		<item id="language">
			<item id="scriptlang">
				<item id="logx_h_k_j_5"><![CDATA[<h2 style="text-align:-webkit-center;">
	<span style="color:#4C33E5;">推荐一个dz商</span><span style="color:#4C33E5;">业插件模版下载的</span><span style="color:#4C33E5;"></span><span style="color:#4C33E5;">网站给大家</span><a href="http://www.xhkj5.com" target="_blank"><span style="color:#4C33E5;">讯幻网</span></a><span style="color:#4C33E5;">（www.xhkj5.com）</span> 
</h2>
<h3 style="text-align:-webkit-center;">
	<span style="color:#E53333;">这</span><span style="color:#E53333;">是一个</span><span style="color:#E53333;">dz商业</span><a href="http://www.xhkj5.com/forum.php?mod=forumdisplay&fid=90" target="_blank"><span style="color:#337FE5;">插</span><u><span style="color:#337FE5;"></span></u><span style="color:#337FE5;">件</span></a><a href="http://www.xhkj5.com/forum.php?mod=forumdisplay&fid=93" target="_blank"><u><span style="color:#337FE5;">模</span></u><u><span style="color:#337FE5;"></span></u><u><span style="color:#337FE5;">版</span></u></a><span style="color:#E53333;">资源破解分享的网站，而且还有很多精品的网站源码下载</span> 
</h3>
<h3 style="text-align:-webkit-center;">
	<span style="color:#E53333;">他们资源每天更新，并且很多都是他们自己出钱在应用中心购买后破解分享出来的</span><br />
</h3>
<h3>
	<div style="text-align:center;">
		<span style="color:#E53333;">不过还是替他们说一下</span> 
	</div>
	<div style="text-align:center;">
		<span style="color:#E53333;">&nbsp;他们站下载的资源只限于自己学习研究内含的设计思想和原理 请勿有任何商业盈利行为</span> 
	</div>
</h3>
<h3 style="text-align:center;">
	<span style="color:#999999;">介绍也介绍完了，给大家做个小导航吧</span> 
</h3>
<h3 style="text-align:center;">
	<span style="color:#337FE5;"><a href="http://www.xhkj5.com/forum.php?mod=forumdisplay&fid=90" target="_blank">dz商业破解插件下载</a> &nbsp; <a href="http://www.xhkj5.com/forum.php?mod=forumdisplay&fid=93" target="_blank">dz商业风格模版下载</a> &nbsp; &nbsp;<a href="http://www.xhkj5.com/forum.php?mod=forumdisplay&fid=72" target="_blank">精品网站源码下载</a> &nbsp; &nbsp;<a href="http://www.xhkj5.com/forum.php?mod=forumdisplay&fid=104" target="_blank">工具素材下载</a></span><span style="color:#337FE5;">&nbsp; &nbsp; <a href="http://www.xhkj5.com/forum.php?mod=forumdisplay&fid=94" target="_blank">精选教程区</a></span> 
</h3> ]]></item>
				<item id="english"><![CDATA[chinese]]></item>
				<item id="apoyl_gif"><![CDATA[『凹凸曼』播放gif：贴内可手动播放、停止gif图片，支持手机版，PC播放，让你网站看上去更美。<a href="http://www.xhkj5.com/gg/addon.php?/?@apoyl_gif.plugin" target="_blank">点击具体了解</a>]]></item>
				<item id="apoyl_hidesection"><![CDATA[『凹凸曼』隐藏版块：为适应不同手机端及PC端运营，可自定义隐藏版块及隐藏后禁止直接通过URL访问。<a href="http://www.xhkj5.com/gg/addon.php?/?@apoyl_hidesection.plugin" target="_blank">点击具体了解</a>]]></item>
				<item id="apoyl_money"><![CDATA[『凹凸曼』发红包了：过年，过节给坛友发点红包，爱恋的她或他，发送一句心里话，访问任意页面自动弹出红包。<a href="http://www.xhkj5.com/gg/addon.php?/?@apoyl_money.plugin" target="_blank">点击具体了解</a>]]></item>
				<item id="apoyl_telbigimg"><![CDATA[『凹凸曼』手机大图：使原来的模糊图片变非常清晰，缩图片裁剪改变，图片自适应手机屏幕，让手机版（标准版和触屏版）的图片更加清晰和美观。<a href="http://www.xhkj5.com/gg/addon.php?/?@apoyl_telbigimg.plugin" target="_blank">点击具体了解</a>]]></item>
				<item id="apoyl_teladv"><![CDATA[『凹凸曼』手机广告：支持手机版系统所有的嵌入点广告位，让站长不在担心手机广告位的问题，文字、图片、代码、flash形式的展现及代码方式手机广告联盟。<a href="http://www.xhkj5.com/gg/addon.php?/?@apoyl_teladv.plugin" target="_blank">点击具体了解</a>]]></item>
				<item id="apoyl_salary"><![CDATA[『凹凸曼』发工资了：对网站做贡献的版主、特定的会员以及一般会员进行奖励，根据业绩考核系统自动发放工资，为热爱这个平台的朋友们提供一个最直接的奖励机制。<a href="http://www.xhkj5.com/gg/addon.php?/?@apoyl_salary.plugin" target="_blank">点击具体了解</a>]]></item>
				<item id="apoyl_mtime"><![CDATA[『凹凸曼』修改时间：商业版支持用户，帖子回帖，日志评论，文章评论，相册批量修改。<a href="http://www.xhkj5.com/gg/addon.php?/?@apoyl_mtime.plugin.59962" target="_blank">点击具体了解</a>]]></item>
				<item id="apoyl_picessence"><![CDATA[『凹凸曼』图片精华：可选一个楼层的精华图片到当前版块顶部展示，也可瀑布流展示你推荐的所有精华图片。<a href="http://www.xhkj5.com/gg/addon.php?/?@apoyl_picessence.plugin" target="_blank">点击具体了解</a>]]></item>
				<item id="apoyl_picdivision"><![CDATA[『凹凸曼』图片分楼：全称图片自动分楼，用户发帖上传多张图片或通过网络云图库插入图片，上传的图片无需插入帖子，就可以实现图片自动分楼。<a href="http://www.xhkj5.com/gg/addon.php?/?@apoyl_picdivision.plugin" target="_blank">点击具体了解</a>]]></item>
				<item id="apoyl_index"><![CDATA[『凹凸曼』手机首页：实现打开手机版论坛有聚合首页，支持自定义选择模块、显示顺序以及数据源。<a href="http://www.xhkj5.com/gg/addon.php?/?@apoyl_index.plugin" target="_blank">点击具体了解</a>]]></item>
				<item id="apoyl_wmark"><![CDATA[『凹凸曼』版块水印：站长可独立设置每个版块图片上传的水印，能体现每个版块图片内容的个性化。<a href="http://www.xhkj5.com/gg/addon.php?/?@apoyl_wmark.plugin" target="_blank">点击具体了解</a>]]></item>
				<item id="addr"><![CDATA[官网地址：<a href="http://www.xhkj5.com/gg/addon.php?/?@37901.developer" target="_blank">http://www.xhkj5.com/gg/addon.php?/?@37901.developer</a>]]></item>
				<item id="blog"><![CDATA[技术博客：<a href="http://www.apoyl.com" target="_blank">凹凸曼博客</a>]]></item>
				<item id="apoylqq"><![CDATA[技术QQ：411835506]]></item>
				<item id="title"><![CDATA[申请版主]]></item>
				<item id="success"><![CDATA[亲，您已经提交申请，等待审核中，审核结果将3天内发到本站系统消息里]]></item>
				<item id="success_select"><![CDATA[亲，已经更新成功]]></item>
				<item id="success_pass"><![CDATA[亲，您已经通过审核，已经正式成为本站版主]]></item>
				<item id="error_fail"><![CDATA[亲，申请失败，请稍后重试]]></item>
				<item id="error_sub"><![CDATA[亲，您已经提交过了，请等待审核]]></item>
				<item id="error_verify"><![CDATA[亲，审核未通过，原因请查看系统消息，{hours}小时之后重新提交]]></item>
				<item id="error_forum"><![CDATA[亲，您已经本板块的版主了]]></item>
				<item id="error_group"><![CDATA[亲,您无权限]]></item>
				<item id="error_name"><![CDATA[亲，姓名不能为空]]></item>
				<item id="error_tel"><![CDATA[亲，电话不能为空]]></item>
				<item id="error_sex"><![CDATA[亲，性别请选择]]></item>
				<item id="error_qq"><![CDATA[亲，QQ不能为空]]></item>
				<item id="error_handcard"><![CDATA[亲，请上传手持身份证正面]]></item>
				<item id="error_frontcard"><![CDATA[亲，请上传身份证正面]]></item>
				<item id="error_concard"><![CDATA[亲，请上传身份证反面]]></item>
				<item id="error_reasons"><![CDATA[亲，申请理由不能为空]]></item>
				<item id="error_select"><![CDATA[亲，请选择通过或拒绝]]></item>
				<item id="error_no_member"><![CDATA[亲，用户已经不存在了]]></item>
				<item id="error_refues"><![CDATA[亲，您没有能通过审核，原因：]]></item>
				<item id="error_empty_msg"><![CDATA[亲，拒绝通过时，《未通过原因》不能为空]]></item>
				<item id="operation"><![CDATA[操作]]></item>
				<item id="foruminfo"><![CDATA[版主信息]]></item>
				<item id="forumid"><![CDATA[版块id： ]]></item>
				<item id="forumname"><![CDATA[版块名： ]]></item>
				<item id="meminfo"><![CDATA[用户信息]]></item>
				<item id="reasons"><![CDATA[申请理由]]></item>
				<item id="adminmsg"><![CDATA[未通过原因]]></item>
				<item id="username"><![CDATA[帐号： ]]></item>
				<item id="name"><![CDATA[姓名： ]]></item>
				<item id="tel"><![CDATA[电话： ]]></item>
				<item id="qq"><![CDATA[QQ： ]]></item>
				<item id="sex"><![CDATA[性别： ]]></item>
				<item id="addtime"><![CDATA[提交时间：]]></item>
				<item id="threadinfo"><![CDATA[帖子信息]]></item>
				<item id="digestposts"><![CDATA[精华帖： ]]></item>
				<item id="threads"><![CDATA[主题数： ]]></item>
				<item id="posts"><![CDATA[回复数： ]]></item>
				<item id="onlinetime"><![CDATA[在线时间： {onlinetime}小时]]></item>
				<item id="onlinetimemonth"><![CDATA[本月时间： {onlinetimemonth}小时]]></item>
				<item id="handcard"><![CDATA[手持身份证正面]]></item>
				<item id="frontcard"><![CDATA[身份证正面]]></item>
				<item id="concard"><![CDATA[反面身份证]]></item>
				<item id="imgtitle"><![CDATA[点击图片放大]]></item>
				<item id="pre"><![CDATA[预览]]></item>
				<item id="pass"><![CDATA[通过]]></item>
				<item id="refuse"><![CDATA[拒绝]]></item>
				<item id="tips"><![CDATA[如选拒绝通过，请填写未通过原因，结果会发系统消息给用户，如需帮助<a href="http://www.apoyl.com/?page_id=9" target="_blank">请点击</a>留言。]]></item>
			</item>
			<item id="templatelang">
				<item id="english"><![CDATA[chinese]]></item>
				<item id="title"><![CDATA[申请版主]]></item>
				<item id="close"><![CDATA[关闭]]></item>
				<item id="sub"><![CDATA[确定]]></item>
				<item id="name"><![CDATA[姓名：]]></item>
				<item id="tel"><![CDATA[电话：]]></item>
				<item id="qq"><![CDATA[QQ：]]></item>
				<item id="sex"><![CDATA[性别：]]></item>
				<item id="handcard"><![CDATA[手持身份证正面：]]></item>
				<item id="frontcard"><![CDATA[身份证正面：]]></item>
				<item id="concard"><![CDATA[反面身份证：]]></item>
				<item id="reasons"><![CDATA[申请理由：]]></item>
				<item id="lessm"><![CDATA[上传照片：建议大小小于2M]]></item>
				<item id="boy"><![CDATA[男]]></item>
				<item id="girl"><![CDATA[女]]></item>
			</item>
			<item id="installlang">
				<item id="english"><![CDATA[chinese]]></item>
			</item>
			<item id="systemlang">
				<item id="file">
					<item id="english"><![CDATA[chinese]]></item>
				</item>
			</item>
		</item>
		<item id="installfile"><![CDATA[install.php]]></item>
		<item id="uninstallfile"><![CDATA[uninstall.php]]></item>
	</item>
</root>
