﻿<?xml version="1.0" encoding="ISO-8859-1"?>
<root>
	<item id="Title"><![CDATA[Discuz! Plugin]]></item>
	<item id="Version"><![CDATA[X2,X2.5,X3,X3.1,X3.2,F1.0]]></item>
	<item id="Time"><![CDATA[2016-08-20 13:48]]></item>
	<item id="From"><![CDATA[分享吧（www.fx8.cc）]]></item>
	<item id="Data">
		<item id="plugin">
			<item id="available"><![CDATA[1]]></item>
			<item id="adminid"><![CDATA[1]]></item>
			<item id="name"><![CDATA[源码哥_【蝦米】问题跟踪]]></item>
			<item id="identifier"><![CDATA[xm_issuetrack]]></item>
			<item id="description"><![CDATA[]]></item>
			<item id="datatables"><![CDATA[]]></item>
			<item id="directory"><![CDATA[xm_issuetrack/]]></item>
			<item id="copyright"><![CDATA[源码哥（www.ymg6.com）]]></item>
			<item id="version"><![CDATA[1.8.1]]></item>
			<item id="__modules">
				<item id="9">
					<item id="name"><![CDATA[myyapmagoo]]></item>
					<item id="menu"><![CDATA[<span style="color:#E53333;"><b>源码哥</b></span>]]></item>
					<item id="url"><![CDATA[]]></item>
					<item id="type"><![CDATA[3]]></item>
					<item id="adminid"><![CDATA[0]]></item>
					<item id="displayorder"><![CDATA[0]]></item>
					<item id="navtitle"><![CDATA[]]></item>
					<item id="navicon"><![CDATA[]]></item>
					<item id="navsubname"><![CDATA[]]></item>
					<item id="navsuburl"><![CDATA[]]></item>
				</item>
				<item id="0">
					<item id="name"><![CDATA[hook]]></item>
					<item id="menu"><![CDATA[]]></item>
					<item id="url"><![CDATA[]]></item>
					<item id="type"><![CDATA[28]]></item>
					<item id="adminid"><![CDATA[0]]></item>
					<item id="displayorder"><![CDATA[0]]></item>
					<item id="navtitle"><![CDATA[]]></item>
					<item id="navicon"><![CDATA[]]></item>
					<item id="navsubname"><![CDATA[]]></item>
					<item id="navsuburl"><![CDATA[]]></item>
				</item>
				<item id="1">
					<item id="name"><![CDATA[hook]]></item>
					<item id="menu"><![CDATA[]]></item>
					<item id="url"><![CDATA[]]></item>
					<item id="type"><![CDATA[11]]></item>
					<item id="adminid"><![CDATA[0]]></item>
					<item id="displayorder"><![CDATA[0]]></item>
					<item id="navtitle"><![CDATA[]]></item>
					<item id="navicon"><![CDATA[]]></item>
					<item id="navsubname"><![CDATA[]]></item>
					<item id="navsuburl"><![CDATA[]]></item>
				</item>
			</item>
		</item>
		<item id="version"><![CDATA[X2,X2.5,X3,X3.1,X3.2,F1.0]]></item>
		<item id="var">
			<item id="0">
				<item id="displayorder"><![CDATA[1]]></item>
				<item id="title"><![CDATA[启用问题跟踪]]></item>
				<item id="description"><![CDATA[是否在当前板块启用插件跟踪]]></item>
				<item id="variable"><![CDATA[forum_enable]]></item>
				<item id="type"><![CDATA[forum_radio]]></item>
				<item id="extra"><![CDATA[]]></item>
				<item id="__value">
					<item id="2"><![CDATA[1]]></item>
					<item id="36"><![CDATA[1]]></item>
					<item id="38"><![CDATA[0]]></item>
				</item>
			</item>
			<item id="1">
				<item id="displayorder"><![CDATA[2]]></item>
				<item id="title"><![CDATA[强制所有帖子为疑问帖]]></item>
				<item id="description"><![CDATA[开启后在本板块所发的所有新帖子均被分类为未解决。源码哥  www.ymg6.com]]></item>
				<item id="variable"><![CDATA[forum_force]]></item>
				<item id="type"><![CDATA[forum_radio]]></item>
				<item id="extra"><![CDATA[]]></item>
				<item id="__value">
					<item id="2"><![CDATA[1]]></item>
					<item id="36"><![CDATA[1]]></item>
					<item id="38"><![CDATA[0]]></item>
				</item>
			</item>
			<item id="2">
				<item id="displayorder"><![CDATA[11]]></item>
				<item id="title"><![CDATA[客服用户组]]></item>
				<item id="description"><![CDATA[仅当此用户组内进行回复时才进行提示等操作。]]></item>
				<item id="variable"><![CDATA[gids]]></item>
				<item id="type"><![CDATA[groups]]></item>
				<item id="extra"><![CDATA[]]></item>
				<item id="__value">
					<item id="0"><![CDATA[1]]></item>
					<item id="1"><![CDATA[2]]></item>
					<item id="2"><![CDATA[3]]></item>
				</item>
			</item>
			<item id="3">
				<item id="displayorder"><![CDATA[21]]></item>
				<item id="title"><![CDATA[主题分类id（未解决）]]></item>
				<item id="description"><![CDATA[]]></item>
				<item id="variable"><![CDATA[forum_id_unsolve]]></item>
				<item id="type"><![CDATA[forum_text]]></item>
				<item id="extra"><![CDATA[]]></item>
				<item id="__value">
					<item id="2"><![CDATA[1]]></item>
					<item id="36"><![CDATA[4]]></item>
					<item id="38"><![CDATA[]]></item>
				</item>
			</item>
			<item id="4">
				<item id="displayorder"><![CDATA[22]]></item>
				<item id="title"><![CDATA[主题分类id（已回复）]]></item>
				<item id="description"><![CDATA[如果不填写或填写0，代表不启用此功能。]]></item>
				<item id="variable"><![CDATA[forum_id_answer]]></item>
				<item id="type"><![CDATA[forum_text]]></item>
				<item id="extra"><![CDATA[]]></item>
				<item id="__value">
					<item id="2"><![CDATA[2]]></item>
					<item id="36"><![CDATA[6]]></item>
					<item id="38"><![CDATA[]]></item>
				</item>
			</item>
			<item id="5">
				<item id="displayorder"><![CDATA[23]]></item>
				<item id="title"><![CDATA[主题分类id（已解决）]]></item>
				<item id="description"><![CDATA[]]></item>
				<item id="variable"><![CDATA[forum_id_solve]]></item>
				<item id="type"><![CDATA[forum_text]]></item>
				<item id="extra"><![CDATA[]]></item>
				<item id="__value">
					<item id="2"><![CDATA[3]]></item>
					<item id="36"><![CDATA[5]]></item>
					<item id="38"><![CDATA[]]></item>
				</item>
			</item>
			<item id="6">
				<item id="displayorder"><![CDATA[31]]></item>
				<item id="title"><![CDATA[允许会员忽略回复]]></item>
				<item id="description"><![CDATA[]]></item>
				<item id="variable"><![CDATA[allowIgnore]]></item>
				<item id="type"><![CDATA[radio]]></item>
				<item id="value"><![CDATA[1]]></item>
				<item id="extra"><![CDATA[]]></item>
			</item>
			<item id="7">
				<item id="displayorder"><![CDATA[32]]></item>
				<item id="title"><![CDATA[认可答案后通知回答者]]></item>
				<item id="description"><![CDATA[]]></item>
				<item id="variable"><![CDATA[pmAfterAccept]]></item>
				<item id="type"><![CDATA[radio]]></item>
				<item id="value"><![CDATA[1]]></item>
				<item id="extra"><![CDATA[]]></item>
			</item>
			<item id="8">
				<item id="displayorder"><![CDATA[35]]></item>
				<item id="title"><![CDATA[对最佳答案的推荐方式]]></item>
				<item id="description"><![CDATA[当最佳答案被选择后，推荐使用一些方式来突出最佳答案以方便后来者。注意：1.如果帖子为悬赏帖，则此处设置无效并将执行提升至沙发操作；2.提升至沙发可能与“抢沙发”道具或其他同类型的插件、扩展冲突，导致功能失效。]]></item>
				<item id="variable"><![CDATA[bestAnswerShow]]></item>
				<item id="type"><![CDATA[select]]></item>
				<item id="value"><![CDATA[3]]></item>
				<item id="extra"><![CDATA[0=不进行推荐
1=回帖推荐
2=提升至沙发
3=回帖推荐，同时也提升至沙发]]></item>
			</item>
		</item>
		<item id="installfile"><![CDATA[install.php]]></item>
		<item id="uninstallfile"><![CDATA[uninstall.php]]></item>
	</item>
</root>