﻿<?xml version="1.0" encoding="ISO-8859-1"?>
<root>
	<item id="Title"><![CDATA[Discuz! Plugin]]></item>
	<item id="Version"><![CDATA[X2,X2.5,X3,X3.1,X3.2,F1.0]]></item>
	<item id="Time"><![CDATA[2016-08-20 13:48]]></item>
	<item id="From"><![CDATA[分享吧（www.fx8.cc）]]></item>
	<item id="Data">
		<item id="plugin">
			<item id="available"><![CDATA[1]]></item>
			<item id="adminid"><![CDATA[1]]></item>
			<item id="name"><![CDATA[源碼哥_【蝦米】問題跟蹤]]></item>
			<item id="identifier"><![CDATA[xm_issuetrack]]></item>
			<item id="description"><![CDATA[]]></item>
			<item id="datatables"><![CDATA[]]></item>
			<item id="directory"><![CDATA[xm_issuetrack/]]></item>
			<item id="copyright"><![CDATA[源碼哥（www.ymg6.com）]]></item>
			<item id="version"><![CDATA[1.8.1]]></item>
			<item id="__modules">
				<item id="9">
					<item id="name"><![CDATA[myyapmagoo]]></item>
					<item id="menu"><![CDATA[<span style="color:#E53333;"><b>源碼哥</b></span>]]></item>
					<item id="url"><![CDATA[]]></item>
					<item id="type"><![CDATA[3]]></item>
					<item id="adminid"><![CDATA[0]]></item>
					<item id="displayorder"><![CDATA[0]]></item>
					<item id="navtitle"><![CDATA[]]></item>
					<item id="navicon"><![CDATA[]]></item>
					<item id="navsubname"><![CDATA[]]></item>
					<item id="navsuburl"><![CDATA[]]></item>
				</item>
				<item id="0">
					<item id="name"><![CDATA[hook]]></item>
					<item id="menu"><![CDATA[]]></item>
					<item id="url"><![CDATA[]]></item>
					<item id="type"><![CDATA[28]]></item>
					<item id="adminid"><![CDATA[0]]></item>
					<item id="displayorder"><![CDATA[0]]></item>
					<item id="navtitle"><![CDATA[]]></item>
					<item id="navicon"><![CDATA[]]></item>
					<item id="navsubname"><![CDATA[]]></item>
					<item id="navsuburl"><![CDATA[]]></item>
				</item>
				<item id="1">
					<item id="name"><![CDATA[hook]]></item>
					<item id="menu"><![CDATA[]]></item>
					<item id="url"><![CDATA[]]></item>
					<item id="type"><![CDATA[11]]></item>
					<item id="adminid"><![CDATA[0]]></item>
					<item id="displayorder"><![CDATA[0]]></item>
					<item id="navtitle"><![CDATA[]]></item>
					<item id="navicon"><![CDATA[]]></item>
					<item id="navsubname"><![CDATA[]]></item>
					<item id="navsuburl"><![CDATA[]]></item>
				</item>
			</item>
		</item>
		<item id="version"><![CDATA[X2,X2.5,X3,X3.1,X3.2,F1.0]]></item>
		<item id="var">
			<item id="0">
				<item id="displayorder"><![CDATA[1]]></item>
				<item id="title"><![CDATA[啟用問題跟蹤]]></item>
				<item id="description"><![CDATA[是否在當前板塊啟用插件跟蹤]]></item>
				<item id="variable"><![CDATA[forum_enable]]></item>
				<item id="type"><![CDATA[forum_radio]]></item>
				<item id="extra"><![CDATA[]]></item>
				<item id="__value">
					<item id="2"><![CDATA[1]]></item>
					<item id="36"><![CDATA[1]]></item>
					<item id="38"><![CDATA[0]]></item>
				</item>
			</item>
			<item id="1">
				<item id="displayorder"><![CDATA[2]]></item>
				<item id="title"><![CDATA[強制所有帖子為疑問帖]]></item>
				<item id="description"><![CDATA[開啟后在本板塊所發的所有新帖子均被分類為未解決。源碼哥  www.ymg6.com]]></item>
				<item id="variable"><![CDATA[forum_force]]></item>
				<item id="type"><![CDATA[forum_radio]]></item>
				<item id="extra"><![CDATA[]]></item>
				<item id="__value">
					<item id="2"><![CDATA[1]]></item>
					<item id="36"><![CDATA[1]]></item>
					<item id="38"><![CDATA[0]]></item>
				</item>
			</item>
			<item id="2">
				<item id="displayorder"><![CDATA[11]]></item>
				<item id="title"><![CDATA[客服用戶組]]></item>
				<item id="description"><![CDATA[僅當此用戶組內進行回復時才進行提示等操作。]]></item>
				<item id="variable"><![CDATA[gids]]></item>
				<item id="type"><![CDATA[groups]]></item>
				<item id="extra"><![CDATA[]]></item>
				<item id="__value">
					<item id="0"><![CDATA[1]]></item>
					<item id="1"><![CDATA[2]]></item>
					<item id="2"><![CDATA[3]]></item>
				</item>
			</item>
			<item id="3">
				<item id="displayorder"><![CDATA[21]]></item>
				<item id="title"><![CDATA[主題分類id（未解決）]]></item>
				<item id="description"><![CDATA[]]></item>
				<item id="variable"><![CDATA[forum_id_unsolve]]></item>
				<item id="type"><![CDATA[forum_text]]></item>
				<item id="extra"><![CDATA[]]></item>
				<item id="__value">
					<item id="2"><![CDATA[1]]></item>
					<item id="36"><![CDATA[4]]></item>
					<item id="38"><![CDATA[]]></item>
				</item>
			</item>
			<item id="4">
				<item id="displayorder"><![CDATA[22]]></item>
				<item id="title"><![CDATA[主題分類id（已回復）]]></item>
				<item id="description"><![CDATA[如果不填寫或填寫0，代表不啟用此功能。]]></item>
				<item id="variable"><![CDATA[forum_id_answer]]></item>
				<item id="type"><![CDATA[forum_text]]></item>
				<item id="extra"><![CDATA[]]></item>
				<item id="__value">
					<item id="2"><![CDATA[2]]></item>
					<item id="36"><![CDATA[6]]></item>
					<item id="38"><![CDATA[]]></item>
				</item>
			</item>
			<item id="5">
				<item id="displayorder"><![CDATA[23]]></item>
				<item id="title"><![CDATA[主題分類id（已解決）]]></item>
				<item id="description"><![CDATA[]]></item>
				<item id="variable"><![CDATA[forum_id_solve]]></item>
				<item id="type"><![CDATA[forum_text]]></item>
				<item id="extra"><![CDATA[]]></item>
				<item id="__value">
					<item id="2"><![CDATA[3]]></item>
					<item id="36"><![CDATA[5]]></item>
					<item id="38"><![CDATA[]]></item>
				</item>
			</item>
			<item id="6">
				<item id="displayorder"><![CDATA[31]]></item>
				<item id="title"><![CDATA[允許會員忽略回復]]></item>
				<item id="description"><![CDATA[]]></item>
				<item id="variable"><![CDATA[allowIgnore]]></item>
				<item id="type"><![CDATA[radio]]></item>
				<item id="value"><![CDATA[1]]></item>
				<item id="extra"><![CDATA[]]></item>
			</item>
			<item id="7">
				<item id="displayorder"><![CDATA[32]]></item>
				<item id="title"><![CDATA[認可答案后通知回答者]]></item>
				<item id="description"><![CDATA[]]></item>
				<item id="variable"><![CDATA[pmAfterAccept]]></item>
				<item id="type"><![CDATA[radio]]></item>
				<item id="value"><![CDATA[1]]></item>
				<item id="extra"><![CDATA[]]></item>
			</item>
			<item id="8">
				<item id="displayorder"><![CDATA[35]]></item>
				<item id="title"><![CDATA[對最佳答案的推薦方式]]></item>
				<item id="description"><![CDATA[當最佳答案被選擇后，推薦使用一些方式來突出最佳答案以方便后來者。注意：1.如果帖子為懸賞帖，則此處設置無效并將執行提升至沙發操作；2.提升至沙發可能與“搶沙發”道具或其他同類型的插件、擴展沖突，導致功能失效。]]></item>
				<item id="variable"><![CDATA[bestAnswerShow]]></item>
				<item id="type"><![CDATA[select]]></item>
				<item id="value"><![CDATA[3]]></item>
				<item id="extra"><![CDATA[0=不進行推薦
1=回帖推薦
2=提升至沙發
3=回帖推薦，同時也提升至沙發]]></item>
			</item>
		</item>
		<item id="installfile"><![CDATA[install.php]]></item>
		<item id="uninstallfile"><![CDATA[uninstall.php]]></item>
	</item>
</root>