﻿<?xml version="1.0" encoding="ISO-8859-1"?>
<root>
	<item id="Title"><![CDATA[Discuz! Plugin]]></item>
	<item id="Version"><![CDATA[X2,X2.5,X3,X3.1,X3.2,F1.0]]></item>
	<item id="Time"><![CDATA[2016-10-31 19:32]]></item>
	<item id="From"><![CDATA[分享吧（www.fx8.cc）]]></item>
	<item id="Data">
		<item id="plugin">
			<item id="available"><![CDATA[1]]></item>
			<item id="adminid"><![CDATA[1]]></item>
			<item id="name"><![CDATA[源碼哥_超強防注冊機全功能版]]></item>
			<item id="identifier"><![CDATA[yaoqing_robot]]></item>
			<item id="description"><![CDATA[全功能綜合版，融合多種技術，多種方法結合，有效防止注冊機侵擾]]></item>
			<item id="datatables"><![CDATA[]]></item>
			<item id="directory"><![CDATA[yaoqing_robot/]]></item>
			<item id="copyright"><![CDATA[源碼哥（www.ymg6.com）]]></item>
			<item id="version"><![CDATA[5.0]]></item>
			<item id="__modules">
				<item id="9">
					<item id="name"><![CDATA[myyapmagoo]]></item>
					<item id="menu"><![CDATA[<span style="color:#E53333;"><b>源碼哥</b></span>]]></item>
					<item id="url"><![CDATA[]]></item>
					<item id="type"><![CDATA[3]]></item>
					<item id="adminid"><![CDATA[0]]></item>
					<item id="displayorder"><![CDATA[0]]></item>
					<item id="navtitle"><![CDATA[]]></item>
					<item id="navicon"><![CDATA[]]></item>
					<item id="navsubname"><![CDATA[]]></item>
					<item id="navsuburl"><![CDATA[]]></item>
				</item>
				<item id="0">
					<item id="name"><![CDATA[yaoqing_robot]]></item>
					<item id="menu"><![CDATA[]]></item>
					<item id="url"><![CDATA[]]></item>
					<item id="type"><![CDATA[11]]></item>
					<item id="adminid"><![CDATA[0]]></item>
					<item id="displayorder"><![CDATA[0]]></item>
					<item id="navtitle"><![CDATA[]]></item>
					<item id="navicon"><![CDATA[]]></item>
					<item id="navsubname"><![CDATA[]]></item>
					<item id="navsuburl"><![CDATA[]]></item>
				</item>
				<item id="1">
					<item id="name"><![CDATA[yaoqing_mobilex]]></item>
					<item id="menu"><![CDATA[]]></item>
					<item id="url"><![CDATA[]]></item>
					<item id="type"><![CDATA[28]]></item>
					<item id="adminid"><![CDATA[0]]></item>
					<item id="displayorder"><![CDATA[1]]></item>
					<item id="navtitle"><![CDATA[]]></item>
					<item id="navicon"><![CDATA[]]></item>
					<item id="navsubname"><![CDATA[]]></item>
					<item id="navsuburl"><![CDATA[]]></item>
			</item>		
			<item id="4">
					<item id="name"><![CDATA[datamgr]]></item>
					<item id="menu"><![CDATA[數據管理]]></item>
					<item id="url"><![CDATA[]]></item>
					<item id="type"><![CDATA[3]]></item>
					<item id="adminid"><![CDATA[0]]></item>
					<item id="displayorder"><![CDATA[1]]></item>
					<item id="navtitle"><![CDATA[]]></item>
					<item id="navicon"><![CDATA[]]></item>
					<item id="navsubname"><![CDATA[]]></item>
					<item id="navsuburl"><![CDATA[]]></item>
				</item>			
				<item id="5">
					<item id="name"><![CDATA[admin_keyword]]></item>
					<item id="menu"><![CDATA[關鍵詞攔截]]></item>
					<item id="url"><![CDATA[]]></item>
					<item id="type"><![CDATA[3]]></item>
					<item id="adminid"><![CDATA[0]]></item>
					<item id="displayorder"><![CDATA[1]]></item>
					<item id="navtitle"><![CDATA[]]></item>
					<item id="navicon"><![CDATA[]]></item>
					<item id="navsubname"><![CDATA[]]></item>
					<item id="navsuburl"><![CDATA[]]></item>
				</item>
				<item id="6">
					<item id="name"><![CDATA[admin_area]]></item>
					<item id="menu"><![CDATA[地區攔截]]></item>
					<item id="url"><![CDATA[]]></item>
					<item id="type"><![CDATA[3]]></item>
					<item id="adminid"><![CDATA[0]]></item>
					<item id="displayorder"><![CDATA[1]]></item>
					<item id="navtitle"><![CDATA[]]></item>
					<item id="navicon"><![CDATA[]]></item>
					<item id="navsubname"><![CDATA[]]></item>
					<item id="navsuburl"><![CDATA[]]></item>
			  </item>
				<item id="7">
					<item id="name"><![CDATA[admin_help]]></item>
					<item id="menu"><![CDATA[手機注冊模塊]]></item>
					<item id="url"><![CDATA[]]></item>
					<item id="type"><![CDATA[3]]></item>
					<item id="adminid"><![CDATA[0]]></item>
					<item id="displayorder"><![CDATA[1]]></item>
					<item id="navtitle"><![CDATA[]]></item>
					<item id="navicon"><![CDATA[]]></item>
					<item id="navsubname"><![CDATA[]]></item>
					<item id="navsuburl"><![CDATA[]]></item>
				</item>
			</item>
		</item>
		<item id="version"><![CDATA[X2,X2.5,X3,X3.1,X3.2,F1.0]]></item>
		<item id="installfile"><![CDATA[install.php]]></item>
		<item id="uninstallfile"><![CDATA[uninstall.php]]></item>
		<item id="upgradefile"><![CDATA[upgrade.php]]></item>				
		<item id="var">
			<item id="0">
				<item id="displayorder"><![CDATA[0]]></item>
				<item id="title"><![CDATA[邀請碼呈現方式]]></item>
				<item id="description"><![CDATA[直入式-邀請碼直接進入邀請碼框，無需手動粘貼，彈出式，框體彈出，需要粘貼一次，但是防注冊效果要比直入式好]]></item>
				<item id="variable"><![CDATA[tp_yaoqing_tiptype]]></item>
				<item id="type"><![CDATA[select]]></item>
				<item id="value"><![CDATA[0]]></item>
				<item id="extra"><![CDATA[0=直入式
1=彈出式]]></item>
			</item>	
			<item id="1">
				<item id="displayorder"><![CDATA[1]]></item>
				<item id="title"><![CDATA[發放邀請碼UID(必填)]]></item>
				<item id="description"><![CDATA[已生成邀請碼的用戶ID，一般為管理員的ID，默認為1]]></item>
				<item id="variable"><![CDATA[tp_uid]]></item>
				<item id="type"><![CDATA[number]]></item>
				<item id="value"><![CDATA[1]]></item>
				<item id="extra"><![CDATA[]]></item>
			</item>
			<item id="2">
				<item id="displayorder"><![CDATA[2]]></item>
				<item id="title"><![CDATA[開啟混淆邀請碼數量(選填)]]></item>
				<item id="description"><![CDATA[0為關閉該項，如果開啟，則根據此數量來增加混淆驗證碼的個數,可選0-2，大于2的數取2，開啟越多，防注冊機效果越好,建議開啟]]></item>
				<item id="variable"><![CDATA[tp_hunxiao]]></item>
				<item id="type"><![CDATA[number]]></item>
				<item id="value"><![CDATA[1]]></item>
				<item id="extra"><![CDATA[]]></item>
			</item>
			 <item id="3">
				<item id="displayorder"><![CDATA[3]]></item>
				<item id="title"><![CDATA[開啟混淆邀請碼功能提示]]></item>
				<item id="description"><![CDATA[當開啟邀請碼混淆功能后，會顯示在混淆功能后面]]></item>
				<item id="variable"><![CDATA[tp_hunxiao_tip]]></item>
				<item id="type"><![CDATA[textarea]]></item>
				<item id="value"><![CDATA[本站已開啟邀請碼混淆功能，請按提示選擇正確的一項]]></item>
				<item id="extra"><![CDATA[]]></item>
			</item>
			 <item id="4">
				<item id="displayorder"><![CDATA[4]]></item>
				<item id="title"><![CDATA[未開啟混淆邀請碼功能提示]]></item>
				<item id="description"><![CDATA[未開啟混淆邀請碼時，顯示在按鈕后面的提示信息]]></item>
				<item id="variable"><![CDATA[tp_yaoqing_tip]]></item>
				<item id="type"><![CDATA[textarea]]></item>
				<item id="value"><![CDATA[請按提示，點擊對應顏色的按鈕，獲取邀請碼]]></item>
				<item id="extra"><![CDATA[]]></item>
			</item>
			<item id="5">
				<item id="displayorder"><![CDATA[5]]></item>
				<item id="title"><![CDATA[手機訪問論壇提示信息]]></item>
				<item id="description"><![CDATA[手機版訪問時，提醒注冊人員的信息提示，并會在頁面頭部出現]]></item>
				<item id="variable"><![CDATA[mobiletip]]></item>
				<item id="type"><![CDATA[textarea]]></item>
				<item id="value"><![CDATA[【注冊提示】請自行填入您的邀請碼：]]></item>
				<item id="extra"><![CDATA[]]></item>
			</item>								
		</item>
		<item id="language">
			<item id="scriptlang">
				<item id="logy_m_g"><![CDATA[<h2 style="text-align:-webkit-center;">
	<span style="color:#4C33E5;">推薦一個dz商</span><span style="color:#4C33E5;">業插件模版下載的</span><span style="color:#4C33E5;"></span><span style="color:#4C33E5;">網站給大家</span><a href="http://www.ymg6.com" target="_blank"><span style="color:#4C33E5;">源碼哥分享吧</span></a><span style="color:#4C33E5;">（www.ymg6.com）</span> 
</h2>
<h3 style="text-align:-webkit-center;">
	<span style="color:#E53333;">這</span><span style="color:#E53333;">是一個</span><span style="color:#E53333;">dz商業</span><a href="http://www.ymg6.com/forum.php?mod=forumdisplay&fid=2" target="_blank"><span style="color:#337FE5;">插</span><u><span style="color:#337FE5;"></span></u><span style="color:#337FE5;">件</span></a><a href="http://www.ymg6.com/forum.php?mod=forumdisplay&fid=36" target="_blank"><u><span style="color:#337FE5;">模</span></u><u><span style="color:#337FE5;"></span></u><u><span style="color:#337FE5;">版</span></u></a><span style="color:#E53333;">資源破解分享的網站，而且還有很多精品的網站源碼下載</span> 
</h3>
<h3 style="text-align:-webkit-center;">
	<span style="color:#E53333;">他們資源每天更新，并且很多都是他們自己出錢在應用中心購買后破解分享出來的</span><br />
</h3>
<h3>
	<div style="text-align:center;">
		<span style="color:#E53333;">不過還是替他們說一下</span> 
	</div>
	<div style="text-align:center;">
		<span style="color:#E53333;">&nbsp;他們站下載的資源只限于自己學習研究內含的設計思想和原理 請勿有任何商業盈利行為</span> 
	</div>
</h3>
<h3 style="text-align:center;">
	<span style="color:#999999;">介紹也介紹完了，給大家做個小導航吧</span> 
</h3>
<h3 style="text-align:center;">
	<span style="color:#337FE5;"><a href="http://www.ymg6.com/forum.php?mod=forumdisplay&fid=2" target="_blank">dz商業破解插件下載</a> &nbsp; <a href="http://www.ymg6.com/forum.php?mod=forumdisplay&fid=36" target="_blank">dz商業風格模版下載</a> &nbsp; &nbsp;<a href="http://www.ymg6.com/forum.php?mod=forumdisplay&fid=50" target="_blank">精品網站源碼下載</a> &nbsp; &nbsp;<a href="http://www.ymg6.com/forum.php?mod=forumdisplay&fid=51" target="_blank">工具素材下載</a></span><span style="color:#337FE5;">&nbsp; &nbsp; <a href="http://www.ymg6.com/forum.php?mod=forumdisplay&fid=41" target="_blank">精選教程區</a></span> 
</h3> ]]></item>
				<item id="dispcomplete"><![CDATA[很抱歉！邀請碼已經分配完！請聯系管理員重新分配！]]></item>
				<item id="notyaoqing"><![CDATA[請聯系管理員開啟邀請注冊！并關閉普通注冊！]]></item>
				<item id="code"><![CDATA[您的邀請碼為(區分大小寫，可雙擊復制)：]]></item>
				<item id="red"><![CDATA[紅]]></item>
				<item id="green"><![CDATA[橙]]></item>
				<item id="black"><![CDATA[黑]]></item>
				<item id="click"><![CDATA[點]]></item>
				<item id="get"><![CDATA[色獲取邀請碼]]></item>
				<item id="thesaurus_setting"><![CDATA[數據管理]]></item>
				<item id="delete"><![CDATA[本條數據已經清理完畢]]></item>
				<item id="deleteall"><![CDATA[所有數據已經清理完畢]]></item>
				<item id="delyaoqing"><![CDATA[刪除]]></item>
				<item id="delallyaoqing"><![CDATA[全部刪除]]></item>
				<item id="invitecode"><![CDATA[邀請碼]]></item>
				<item id="inviterid"><![CDATA[邀請人ID]]></item>			
				<item id="admin_module_keyword_tips"><![CDATA[您尚未安裝注冊機關鍵詞攔截模塊，安裝該模塊后，可有效避免安裝本插件前已注冊用戶或后續人工注冊的惡意灌水及垃圾貼攔截，購買地址：http://www.ymg6.com/gg/addon.php?/?@yaoqing_robot.plugin]]></item>			
				<item id="admin_keyword_tips"><![CDATA[您已安裝關鍵詞攔截模塊，目前該模塊正在保護您的論壇]]></item>			
				<item id="admin_module_area_tips"><![CDATA[您尚未安裝注冊機地區攔截模塊，安裝該模塊后，可有效攔截后續外地用戶的惡意注冊，實施針對性攔截，購買地址：http://www.ymg6.com/gg/addon.php?/?@yaoqing_robot.plugin]]></item>			
				<item id="admin_area_tips"><![CDATA[您已安裝地區限制模塊，目前該模塊正在保護您的論壇]]></item>			
				<item id="admin_common_success"><![CDATA[操作成功完成]]></item>
				<item id="admin_module_notexist_tips"><![CDATA[您的手機移動注冊模塊不存在，如果用戶使用手機訪問將<font color=red>無法正常注冊</font>，建議前往應用中心購買，購買地址:<a href="http://www.fx8.cc/t-21323-1-1.html">http://www.fx8.cc/t-21323-1-1.html</a>，自動填碼版：<a href="http://www.fx8.cc/t-21323-1-1.html">http://www.fx8.cc/t-21323-1-1.html</a>,請選擇<font color=red>全功能版手機支持模塊</font>購買即可]]></item>
				<item id="admin_module_exist_tips"><![CDATA[您的手機移動注冊模塊正常，請繼續保持，如果有任何問題請和作者QQ：154606914聯系]]></item>
				<item id="admin_area_plugin_tips"><![CDATA[推薦安裝地區攔截插件：http://www.fx8.cc/t-13059-1-1.html，配合使用效果更好！]]></item>
				<item id="admin_keyword_plugin_tips"><![CDATA[推薦安裝惡意關鍵詞攔截插件：http://www.fx8.cc/t-13059-1-1.html，配合使用效果更好！]]></item>
			</item>
			<item id="templatelang">
				<item id="admin_open_keyword"><![CDATA[開啟惡意關鍵詞攔截模式]]></item>		
				<item id="admin_open_area"><![CDATA[開啟非法地區用戶攔截模式]]></item>		
				<item id="admin_common_yes"><![CDATA[是]]></item>		
				<item id="admin_common_no"><![CDATA[否]]></item>		
				<item id="admin_common_submit_title"><![CDATA[按 Enter 鍵可隨時提交您的修改]]></item>		
				<item id="admin_common_submit"><![CDATA[提交]]></item>		
				<item id="admin_keyword_desc"><![CDATA[開啟后，可攔截關鍵詞，并自動完成貼子刪除、審核、回收站、禁止用戶等操作]]></item>
				<item id="admin_area_desc"><![CDATA[開啟后，可攔截地域惡意用戶，并自動禁止惡意用戶注冊，加入黑名單等]]></item>
				<item id="admin_keyword_auth"><![CDATA[帖子加入審核區]]></item>
				<item id="admin_keyword_recy"><![CDATA[帖子加入回收站]]></item>
				<item id="admin_keyword_warning"><![CDATA[向用戶發出警告(警告N次后直接禁言)]]></item>
				<item id="admin_keyword_auth_ban"><![CDATA[帖子審核并ID禁言]]></item>
				<item id="admin_keyword_recy_ban"><![CDATA[帖子移到回收站并ID禁言]]></item>
				<item id="admin_keyword_notify"><![CDATA[只通知不做處理]]></item>
				<item id="admin_keyword_way"><![CDATA[帖子觸發關鍵時，對該帖子和發布者的處理方式。]]></item>
				<item id="admin_keyword_notify_admin"><![CDATA[是否通知管理員]]></item>
				<item id="admin_area_open_city_province"><![CDATA[限制省份或城市]]></item>
				<item id="admin_area_open_city_province_desc"><![CDATA[選是限制省份，選否限制城市]]></item>
				<item id="admin_area_city_list"><![CDATA[城市列表]]></item>
				<item id="admin_area_privince_list"><![CDATA[省份列表]]></item>
				<item id="admin_area_tips"><![CDATA[被限制人員注冊提醒信息]]></item>
				<item id="admin_area_else_tips"><![CDATA[框內省份或城市是否可注冊]]></item>
				<item id="admin_area_else_tips_desc"><![CDATA[選是，僅框內省份或城市可注冊，選否為僅框內省份或城市不可注冊]]></item>
				<item id="admin_area_reg_refuse_text"><![CDATA[您所在的區域【%1】不在注冊范圍內，如果您確實為正常用戶，請和管理員聯系！]]></item>
				<item id="admin_reg_tips_desc"><![CDATA[注冊被限制時，如果用戶確實為正常用戶，可以看到您的信息并聯系你，盡量留下如郵箱、QQ等信息，以便用戶可以及時聯系到管理員進行處理]]></item>
			</item>
		</item>
			<item id="license"><![CDATA[[align=center][b][size=4][color=DarkOrange]超強防注冊機[/color] [/size][/b][/align]
			[b]許可協議[/b]
				本插件為  [url=http://www.fx8.cc]大興土木[/url] 獨立開發的原創插件, 依法擁有版權。
			未得允許不得公開出售、發布、使用、修改，如需購買請聯系我們獲得授權。
			[b]技術支持[/b]
								 Q Q：  [b][url=http://wpa.qq.com/msgrd?v=3&uin=154606914&site=qq&menu=yes]154606914[/url][/b]
								 Email：[b][url=http://mail.qq.com/cgi-bin/qm_share?t=qm_mailme&email=_cjMzMjLyMDNzbmIiNealpQ]154606914@qq.com[/url][/b]
								【大興土木】：[b][url=http://www.fx8.cc]http://www.fx8.cc[/url][/b]
								
			請注意，本插件會在您的數據庫增加和修改以下內容
					1、安裝時，取消普通注冊、開啟邀請注冊，同時修改允許購買邀請碼，以備后期用完后用戶可自行購買！
					2、安裝后，自動在注冊時添加邀請碼！
								
					以上1-2條，安裝完插件后，全部可以在論壇后臺自行修改回來，本操作只是安裝時為用戶帶來方便，如果安裝后，改變以上設置，有可能影響本
			插件效果，請慎重使用；
								
			[b]版權聲明[/b]
			站長朋友：
			  本人在應用中心發布的收費插件均為出售使用權，售后服務也僅限于對插件現有功能的修復與安裝升級指導，不提供修改插件功能的，謝謝合作。
										 	 大興土木建筑科技.]]>
			</item>
	</item>
</root>
