﻿<?xml version="1.0" encoding="ISO-8859-1"?>
<root>
	<item id="Title"><![CDATA[Discuz! Plugin]]></item>
	<item id="Version"><![CDATA[X2,X2.5,X3,X3.1,X3.2,F1.0]]></item>
	<item id="Time"><![CDATA[2016-10-31 19:32]]></item>
	<item id="From"><![CDATA[分享吧（www.fx8.cc）]]></item>
	<item id="Data">
		<item id="plugin">
			<item id="available"><![CDATA[1]]></item>
			<item id="adminid"><![CDATA[1]]></item>
			<item id="name"><![CDATA[源码哥_超强防注册机全功能版]]></item>
			<item id="identifier"><![CDATA[yaoqing_robot]]></item>
			<item id="description"><![CDATA[全功能综合版，融合多种技术，多种方法结合，有效防止注册机侵扰]]></item>
			<item id="datatables"><![CDATA[]]></item>
			<item id="directory"><![CDATA[yaoqing_robot/]]></item>
			<item id="copyright"><![CDATA[源码哥（www.ymg6.com）]]></item>
			<item id="version"><![CDATA[5.0]]></item>
			<item id="__modules">
				<item id="9">
					<item id="name"><![CDATA[myyapmagoo]]></item>
					<item id="menu"><![CDATA[<span style="color:#E53333;"><b>源码哥</b></span>]]></item>
					<item id="url"><![CDATA[]]></item>
					<item id="type"><![CDATA[3]]></item>
					<item id="adminid"><![CDATA[0]]></item>
					<item id="displayorder"><![CDATA[0]]></item>
					<item id="navtitle"><![CDATA[]]></item>
					<item id="navicon"><![CDATA[]]></item>
					<item id="navsubname"><![CDATA[]]></item>
					<item id="navsuburl"><![CDATA[]]></item>
				</item>
				<item id="0">
					<item id="name"><![CDATA[yaoqing_robot]]></item>
					<item id="menu"><![CDATA[]]></item>
					<item id="url"><![CDATA[]]></item>
					<item id="type"><![CDATA[11]]></item>
					<item id="adminid"><![CDATA[0]]></item>
					<item id="displayorder"><![CDATA[0]]></item>
					<item id="navtitle"><![CDATA[]]></item>
					<item id="navicon"><![CDATA[]]></item>
					<item id="navsubname"><![CDATA[]]></item>
					<item id="navsuburl"><![CDATA[]]></item>
				</item>
				<item id="1">
					<item id="name"><![CDATA[yaoqing_mobilex]]></item>
					<item id="menu"><![CDATA[]]></item>
					<item id="url"><![CDATA[]]></item>
					<item id="type"><![CDATA[28]]></item>
					<item id="adminid"><![CDATA[0]]></item>
					<item id="displayorder"><![CDATA[1]]></item>
					<item id="navtitle"><![CDATA[]]></item>
					<item id="navicon"><![CDATA[]]></item>
					<item id="navsubname"><![CDATA[]]></item>
					<item id="navsuburl"><![CDATA[]]></item>
			</item>		
			<item id="4">
					<item id="name"><![CDATA[datamgr]]></item>
					<item id="menu"><![CDATA[数据管理]]></item>
					<item id="url"><![CDATA[]]></item>
					<item id="type"><![CDATA[3]]></item>
					<item id="adminid"><![CDATA[0]]></item>
					<item id="displayorder"><![CDATA[1]]></item>
					<item id="navtitle"><![CDATA[]]></item>
					<item id="navicon"><![CDATA[]]></item>
					<item id="navsubname"><![CDATA[]]></item>
					<item id="navsuburl"><![CDATA[]]></item>
				</item>			
				<item id="5">
					<item id="name"><![CDATA[admin_keyword]]></item>
					<item id="menu"><![CDATA[关键词拦截]]></item>
					<item id="url"><![CDATA[]]></item>
					<item id="type"><![CDATA[3]]></item>
					<item id="adminid"><![CDATA[0]]></item>
					<item id="displayorder"><![CDATA[1]]></item>
					<item id="navtitle"><![CDATA[]]></item>
					<item id="navicon"><![CDATA[]]></item>
					<item id="navsubname"><![CDATA[]]></item>
					<item id="navsuburl"><![CDATA[]]></item>
				</item>
				<item id="6">
					<item id="name"><![CDATA[admin_area]]></item>
					<item id="menu"><![CDATA[地区拦截]]></item>
					<item id="url"><![CDATA[]]></item>
					<item id="type"><![CDATA[3]]></item>
					<item id="adminid"><![CDATA[0]]></item>
					<item id="displayorder"><![CDATA[1]]></item>
					<item id="navtitle"><![CDATA[]]></item>
					<item id="navicon"><![CDATA[]]></item>
					<item id="navsubname"><![CDATA[]]></item>
					<item id="navsuburl"><![CDATA[]]></item>
			  </item>
				<item id="7">
					<item id="name"><![CDATA[admin_help]]></item>
					<item id="menu"><![CDATA[手机注册模块]]></item>
					<item id="url"><![CDATA[]]></item>
					<item id="type"><![CDATA[3]]></item>
					<item id="adminid"><![CDATA[0]]></item>
					<item id="displayorder"><![CDATA[1]]></item>
					<item id="navtitle"><![CDATA[]]></item>
					<item id="navicon"><![CDATA[]]></item>
					<item id="navsubname"><![CDATA[]]></item>
					<item id="navsuburl"><![CDATA[]]></item>
				</item>
			</item>
		</item>
		<item id="version"><![CDATA[X2,X2.5,X3,X3.1,X3.2,F1.0]]></item>
		<item id="installfile"><![CDATA[install.php]]></item>
		<item id="uninstallfile"><![CDATA[uninstall.php]]></item>
		<item id="upgradefile"><![CDATA[upgrade.php]]></item>				
		<item id="var">
			<item id="0">
				<item id="displayorder"><![CDATA[0]]></item>
				<item id="title"><![CDATA[邀请码呈现方式]]></item>
				<item id="description"><![CDATA[直入式-邀请码直接进入邀请码框，无需手动粘贴，弹出式，框体弹出，需要粘贴一次，但是防注册效果要比直入式好]]></item>
				<item id="variable"><![CDATA[tp_yaoqing_tiptype]]></item>
				<item id="type"><![CDATA[select]]></item>
				<item id="value"><![CDATA[0]]></item>
				<item id="extra"><![CDATA[0=直入式
1=弹出式]]></item>
			</item>	
			<item id="1">
				<item id="displayorder"><![CDATA[1]]></item>
				<item id="title"><![CDATA[发放邀请码UID(必填)]]></item>
				<item id="description"><![CDATA[已生成邀请码的用户ID，一般为管理员的ID，默认为1]]></item>
				<item id="variable"><![CDATA[tp_uid]]></item>
				<item id="type"><![CDATA[number]]></item>
				<item id="value"><![CDATA[1]]></item>
				<item id="extra"><![CDATA[]]></item>
			</item>
			<item id="2">
				<item id="displayorder"><![CDATA[2]]></item>
				<item id="title"><![CDATA[开启混淆邀请码数量(选填)]]></item>
				<item id="description"><![CDATA[0为关闭该项，如果开启，则根据此数量来增加混淆验证码的个数,可选0-2，大于2的数取2，开启越多，防注册机效果越好,建议开启]]></item>
				<item id="variable"><![CDATA[tp_hunxiao]]></item>
				<item id="type"><![CDATA[number]]></item>
				<item id="value"><![CDATA[1]]></item>
				<item id="extra"><![CDATA[]]></item>
			</item>
			 <item id="3">
				<item id="displayorder"><![CDATA[3]]></item>
				<item id="title"><![CDATA[开启混淆邀请码功能提示]]></item>
				<item id="description"><![CDATA[当开启邀请码混淆功能后，会显示在混淆功能后面]]></item>
				<item id="variable"><![CDATA[tp_hunxiao_tip]]></item>
				<item id="type"><![CDATA[textarea]]></item>
				<item id="value"><![CDATA[本站已开启邀请码混淆功能，请按提示选择正确的一项]]></item>
				<item id="extra"><![CDATA[]]></item>
			</item>
			 <item id="4">
				<item id="displayorder"><![CDATA[4]]></item>
				<item id="title"><![CDATA[未开启混淆邀请码功能提示]]></item>
				<item id="description"><![CDATA[未开启混淆邀请码时，显示在按钮后面的提示信息]]></item>
				<item id="variable"><![CDATA[tp_yaoqing_tip]]></item>
				<item id="type"><![CDATA[textarea]]></item>
				<item id="value"><![CDATA[请按提示，点击对应颜色的按钮，获取邀请码]]></item>
				<item id="extra"><![CDATA[]]></item>
			</item>
			<item id="5">
				<item id="displayorder"><![CDATA[5]]></item>
				<item id="title"><![CDATA[手机访问论坛提示信息]]></item>
				<item id="description"><![CDATA[手机版访问时，提醒注册人员的信息提示，并会在页面头部出现]]></item>
				<item id="variable"><![CDATA[mobiletip]]></item>
				<item id="type"><![CDATA[textarea]]></item>
				<item id="value"><![CDATA[【注册提示】请自行填入您的邀请码：]]></item>
				<item id="extra"><![CDATA[]]></item>
			</item>								
		</item>
		<item id="language">
			<item id="scriptlang">
				<item id="logy_m_g"><![CDATA[<h2 style="text-align:-webkit-center;">
	<span style="color:#4C33E5;">推荐一个dz商</span><span style="color:#4C33E5;">业插件模版下载的</span><span style="color:#4C33E5;"></span><span style="color:#4C33E5;">网站给大家</span><a href="http://www.ymg6.com" target="_blank"><span style="color:#4C33E5;">源码哥分享吧</span></a><span style="color:#4C33E5;">（www.ymg6.com）</span> 
</h2>
<h3 style="text-align:-webkit-center;">
	<span style="color:#E53333;">这</span><span style="color:#E53333;">是一个</span><span style="color:#E53333;">dz商业</span><a href="http://www.ymg6.com/forum.php?mod=forumdisplay&fid=2" target="_blank"><span style="color:#337FE5;">插</span><u><span style="color:#337FE5;"></span></u><span style="color:#337FE5;">件</span></a><a href="http://www.ymg6.com/forum.php?mod=forumdisplay&fid=36" target="_blank"><u><span style="color:#337FE5;">模</span></u><u><span style="color:#337FE5;"></span></u><u><span style="color:#337FE5;">版</span></u></a><span style="color:#E53333;">资源破解分享的网站，而且还有很多精品的网站源码下载</span> 
</h3>
<h3 style="text-align:-webkit-center;">
	<span style="color:#E53333;">他们资源每天更新，并且很多都是他们自己出钱在应用中心购买后破解分享出来的</span><br />
</h3>
<h3>
	<div style="text-align:center;">
		<span style="color:#E53333;">不过还是替他们说一下</span> 
	</div>
	<div style="text-align:center;">
		<span style="color:#E53333;">&nbsp;他们站下载的资源只限于自己学习研究内含的设计思想和原理 请勿有任何商业盈利行为</span> 
	</div>
</h3>
<h3 style="text-align:center;">
	<span style="color:#999999;">介绍也介绍完了，给大家做个小导航吧</span> 
</h3>
<h3 style="text-align:center;">
	<span style="color:#337FE5;"><a href="http://www.ymg6.com/forum.php?mod=forumdisplay&fid=2" target="_blank">dz商业破解插件下载</a> &nbsp; <a href="http://www.ymg6.com/forum.php?mod=forumdisplay&fid=36" target="_blank">dz商业风格模版下载</a> &nbsp; &nbsp;<a href="http://www.ymg6.com/forum.php?mod=forumdisplay&fid=50" target="_blank">精品网站源码下载</a> &nbsp; &nbsp;<a href="http://www.ymg6.com/forum.php?mod=forumdisplay&fid=51" target="_blank">工具素材下载</a></span><span style="color:#337FE5;">&nbsp; &nbsp; <a href="http://www.ymg6.com/forum.php?mod=forumdisplay&fid=41" target="_blank">精选教程区</a></span> 
</h3> ]]></item>
				<item id="dispcomplete"><![CDATA[很抱歉！邀请码已经分配完！请联系管理员重新分配！]]></item>
				<item id="notyaoqing"><![CDATA[请联系管理员开启邀请注册！并关闭普通注册！]]></item>
				<item id="code"><![CDATA[您的邀请码为(区分大小写，可双击复制)：]]></item>
				<item id="red"><![CDATA[红]]></item>
				<item id="green"><![CDATA[橙]]></item>
				<item id="black"><![CDATA[黑]]></item>
				<item id="click"><![CDATA[点]]></item>
				<item id="get"><![CDATA[色获取邀请码]]></item>
				<item id="thesaurus_setting"><![CDATA[数据管理]]></item>
				<item id="delete"><![CDATA[本条数据已经清理完毕]]></item>
				<item id="deleteall"><![CDATA[所有数据已经清理完毕]]></item>
				<item id="delyaoqing"><![CDATA[删除]]></item>
				<item id="delallyaoqing"><![CDATA[全部删除]]></item>
				<item id="invitecode"><![CDATA[邀请码]]></item>
				<item id="inviterid"><![CDATA[邀请人ID]]></item>			
				<item id="admin_module_keyword_tips"><![CDATA[您尚未安装注册机关键词拦截模块，安装该模块后，可有效避免安装本插件前已注册用户或后续人工注册的恶意灌水及垃圾贴拦截，购买地址：http://www.ymg6.com/gg/addon.php?/?@yaoqing_robot.plugin]]></item>			
				<item id="admin_keyword_tips"><![CDATA[您已安装关键词拦截模块，目前该模块正在保护您的论坛]]></item>			
				<item id="admin_module_area_tips"><![CDATA[您尚未安装注册机地区拦截模块，安装该模块后，可有效拦截后续外地用户的恶意注册，实施针对性拦截，购买地址：http://www.ymg6.com/gg/addon.php?/?@yaoqing_robot.plugin]]></item>			
				<item id="admin_area_tips"><![CDATA[您已安装地区限制模块，目前该模块正在保护您的论坛]]></item>			
				<item id="admin_common_success"><![CDATA[操作成功完成]]></item>
				<item id="admin_module_notexist_tips"><![CDATA[您的手机移动注册模块不存在，如果用户使用手机访问将<font color=red>无法正常注册</font>，建议前往应用中心购买，购买地址:<a href="http://www.fx8.cc/t-21323-1-1.html">http://www.fx8.cc/t-21323-1-1.html</a>，自动填码版：<a href="http://www.fx8.cc/t-21323-1-1.html">http://www.fx8.cc/t-21323-1-1.html</a>,请选择<font color=red>全功能版手机支持模块</font>购买即可]]></item>
				<item id="admin_module_exist_tips"><![CDATA[您的手机移动注册模块正常，请继续保持，如果有任何问题请和作者QQ：154606914联系]]></item>
				<item id="admin_area_plugin_tips"><![CDATA[推荐安装地区拦截插件：http://www.fx8.cc/t-13059-1-1.html，配合使用效果更好！]]></item>
				<item id="admin_keyword_plugin_tips"><![CDATA[推荐安装恶意关键词拦截插件：http://www.fx8.cc/t-13059-1-1.html，配合使用效果更好！]]></item>
			</item>
			<item id="templatelang">
				<item id="admin_open_keyword"><![CDATA[开启恶意关键词拦截模式]]></item>		
				<item id="admin_open_area"><![CDATA[开启非法地区用户拦截模式]]></item>		
				<item id="admin_common_yes"><![CDATA[是]]></item>		
				<item id="admin_common_no"><![CDATA[否]]></item>		
				<item id="admin_common_submit_title"><![CDATA[按 Enter 键可随时提交您的修改]]></item>		
				<item id="admin_common_submit"><![CDATA[提交]]></item>		
				<item id="admin_keyword_desc"><![CDATA[开启后，可拦截关键词，并自动完成贴子删除、审核、回收站、禁止用户等操作]]></item>
				<item id="admin_area_desc"><![CDATA[开启后，可拦截地域恶意用户，并自动禁止恶意用户注册，加入黑名单等]]></item>
				<item id="admin_keyword_auth"><![CDATA[帖子加入审核区]]></item>
				<item id="admin_keyword_recy"><![CDATA[帖子加入回收站]]></item>
				<item id="admin_keyword_warning"><![CDATA[向用户发出警告(警告N次后直接禁言)]]></item>
				<item id="admin_keyword_auth_ban"><![CDATA[帖子审核并ID禁言]]></item>
				<item id="admin_keyword_recy_ban"><![CDATA[帖子移到回收站并ID禁言]]></item>
				<item id="admin_keyword_notify"><![CDATA[只通知不做处理]]></item>
				<item id="admin_keyword_way"><![CDATA[帖子触发关键时，对该帖子和发布者的处理方式。]]></item>
				<item id="admin_keyword_notify_admin"><![CDATA[是否通知管理员]]></item>
				<item id="admin_area_open_city_province"><![CDATA[限制省份或城市]]></item>
				<item id="admin_area_open_city_province_desc"><![CDATA[选是限制省份，选否限制城市]]></item>
				<item id="admin_area_city_list"><![CDATA[城市列表]]></item>
				<item id="admin_area_privince_list"><![CDATA[省份列表]]></item>
				<item id="admin_area_tips"><![CDATA[被限制人员注册提醒信息]]></item>
				<item id="admin_area_else_tips"><![CDATA[框内省份或城市是否可注册]]></item>
				<item id="admin_area_else_tips_desc"><![CDATA[选是，仅框内省份或城市可注册，选否为仅框内省份或城市不可注册]]></item>
				<item id="admin_area_reg_refuse_text"><![CDATA[您所在的区域【%1】不在注册范围内，如果您确实为正常用户，请和管理员联系！]]></item>
				<item id="admin_reg_tips_desc"><![CDATA[注册被限制时，如果用户确实为正常用户，可以看到您的信息并联系你，尽量留下如邮箱、QQ等信息，以便用户可以及时联系到管理员进行处理]]></item>
			</item>
		</item>
			<item id="license"><![CDATA[[align=center][b][size=4][color=DarkOrange]超强防注册机[/color] [/size][/b][/align]
			[b]许可协议[/b]
				本插件为  [url=http://www.fx8.cc]大兴土木[/url] 独立开发的原创插件, 依法拥有版权。
			未得允许不得公开出售、发布、使用、修改，如需购买请联系我们获得授权。
			[b]技术支持[/b]
								 Q Q：  [b][url=http://wpa.qq.com/msgrd?v=3&uin=154606914&site=qq&menu=yes]154606914[/url][/b]
								 Email：[b][url=http://mail.qq.com/cgi-bin/qm_share?t=qm_mailme&email=_cjMzMjLyMDNzbmIiNealpQ]154606914@qq.com[/url][/b]
								【大兴土木】：[b][url=http://www.fx8.cc]http://www.fx8.cc[/url][/b]
								
			请注意，本插件会在您的数据库增加和修改以下内容
					1、安装时，取消普通注册、开启邀请注册，同时修改允许购买邀请码，以备后期用完后用户可自行购买！
					2、安装后，自动在注册时添加邀请码！
								
					以上1-2条，安装完插件后，全部可以在论坛后台自行修改回来，本操作只是安装时为用户带来方便，如果安装后，改变以上设置，有可能影响本
			插件效果，请慎重使用；
								
			[b]版权声明[/b]
			站长朋友：
			  本人在应用中心发布的收费插件均为出售使用权，售后服务也仅限于对插件现有功能的修复与安装升级指导，不提供修改插件功能的，谢谢合作。
										 	 大兴土木建筑科技.]]>
			</item>
	</item>
</root>
