﻿<?xml version="1.0" encoding="ISO-8859-1"?>
<root>
	<item id="Title"><![CDATA[Discuz! Plugin]]></item>
	<item id="Version"><![CDATA[X2,X2.5,X3,X3.1,X3.2,F1.0]]></item>
	<item id="Time"><![CDATA[2016-11-03 23:29]]></item>
	<item id="From"><![CDATA[讯幻网（www.xhkj5.com）]]></item>
	<item id="Data">
		<item id="plugin">
			<item id="available"><![CDATA[1]]></item>
			<item id="adminid"><![CDATA[1]]></item>
			<item id="name"><![CDATA[訊幻網_極致 魔方返回頂部]]></item>
			<item id="identifier"><![CDATA[jz52_top]]></item>
			<item id="description"><![CDATA[超級強大的邊欄工具條（返回頂部）多種風格
功能齊全 可任意設置某個功能是否顯示 更多功能持續加入中...]]></item>
			<item id="datatables"><![CDATA[]]></item>
			<item id="directory"><![CDATA[jz52_top/]]></item>
			<item id="copyright"><![CDATA[訊幻網（www.xhkj5.com）]]></item>
			<item id="version"><![CDATA[1.17商業版]]></item>
			<item id="__modules">
				<item id="0">
					<item id="name"><![CDATA[addon]]></item>
					<item id="param"><![CDATA[]]></item>
					<item id="menu"><![CDATA[更多插件]]></item>
					<item id="url"><![CDATA[]]></item>
					<item id="type"><![CDATA[3]]></item>
					<item id="adminid"><![CDATA[0]]></item>
					<item id="displayorder"><![CDATA[0]]></item>
					<item id="navtitle"><![CDATA[]]></item>
					<item id="navicon"><![CDATA[]]></item>
					<item id="navsubname"><![CDATA[]]></item>
					<item id="navsuburl"><![CDATA[]]></item>
				</item>
				<item id="1">
					<item id="name"><![CDATA[jz52_top]]></item>
					<item id="param"><![CDATA[]]></item>
					<item id="menu"><![CDATA[]]></item>
					<item id="url"><![CDATA[]]></item>
					<item id="type"><![CDATA[11]]></item>
					<item id="adminid"><![CDATA[0]]></item>
					<item id="displayorder"><![CDATA[0]]></item>
					<item id="navtitle"><![CDATA[]]></item>
					<item id="navicon"><![CDATA[]]></item>
					<item id="navsubname"><![CDATA[]]></item>
					<item id="navsuburl"><![CDATA[]]></item>
				</item>
				<item id="2">
					<item id="name"><![CDATA[fankui]]></item>
					<item id="param"><![CDATA[]]></item>
					<item id="menu"><![CDATA[反饋 需求 報錯]]></item>
					<item id="url"><![CDATA[]]></item>
					<item id="type"><![CDATA[3]]></item>
					<item id="adminid"><![CDATA[0]]></item>
					<item id="displayorder"><![CDATA[0]]></item>
					<item id="navtitle"><![CDATA[]]></item>
					<item id="navicon"><![CDATA[]]></item>
					<item id="navsubname"><![CDATA[]]></item>
					<item id="navsuburl"><![CDATA[]]></item>
				</item>
			</item>
		</item>
		<item id="version"><![CDATA[X2,X2.5,X3,X3.1,X3.2,F1.0]]></item>
		<item id="var">
			<item id="0">
				<item id="displayorder"><![CDATA[0]]></item>
				<item id="title"><![CDATA[工具條靠左顯示]]></item>
				<item id="description"><![CDATA[]]></item>
				<item id="variable"><![CDATA[jz52_gjtwz]]></item>
				<item id="type"><![CDATA[radio]]></item>
				<item id="value"><![CDATA[0]]></item>
				<item id="extra"><![CDATA[]]></item>
			</item>
			<item id="1">
				<item id="displayorder"><![CDATA[1]]></item>
				<item id="title"><![CDATA[返回頂部下方顯示]]></item>
				<item id="description"><![CDATA[“返回頂部”方塊顯示的位置  選擇“是”顯示在工具條下方 反之顯示在上方]]></item>
				<item id="variable"><![CDATA[jz52_topwz]]></item>
				<item id="type"><![CDATA[radio]]></item>
				<item id="value"><![CDATA[0]]></item>
				<item id="extra"><![CDATA[]]></item>
			</item>
			<item id="2">
				<item id="displayorder"><![CDATA[2]]></item>
				<item id="title"><![CDATA[方塊風格選擇]]></item>
				<item id="description"><![CDATA[]]></item>
				<item id="variable"><![CDATA[jz52_temp]]></item>
				<item id="type"><![CDATA[select]]></item>
				<item id="value"><![CDATA[1]]></item>
				<item id="extra"><![CDATA[1 = 典雅白
2 = Metro 青灰
3 = 典雅灰
4 = 萬花筒
5 = 類360風格
6 = Metro 淡藍
7 = 類貼吧風格
8 = Metro 烈紅]]></item>
			</item>
			<item id="3">
				<item id="displayorder"><![CDATA[3]]></item>
				<item id="title"><![CDATA[是否開啟大方塊]]></item>
				<item id="description"><![CDATA[友情提示
大方塊模式下不要開太多方塊否則會很蛋疼]]></item>
				<item id="variable"><![CDATA[jz52_dfk]]></item>
				<item id="type"><![CDATA[radio]]></item>
				<item id="value"><![CDATA[0]]></item>
				<item id="extra"><![CDATA[]]></item>
			</item>
			<item id="4">
				<item id="displayorder"><![CDATA[4]]></item>
				<item id="title"><![CDATA[列表頁顯示下一頁]]></item>
				<item id="description"><![CDATA[]]></item>
				<item id="variable"><![CDATA[jz52_xyy]]></item>
				<item id="type"><![CDATA[radio]]></item>
				<item id="value"><![CDATA[1]]></item>
				<item id="extra"><![CDATA[]]></item>
			</item>
			<item id="5">
				<item id="displayorder"><![CDATA[5]]></item>
				<item id="title"><![CDATA[帖子頁顯示上下貼]]></item>
				<item id="description"><![CDATA[]]></item>
				<item id="variable"><![CDATA[jz52_ln]]></item>
				<item id="type"><![CDATA[radio]]></item>
				<item id="value"><![CDATA[0]]></item>
				<item id="extra"><![CDATA[]]></item>
			</item>
			<item id="6">
				<item id="displayorder"><![CDATA[6]]></item>
				<item id="title"><![CDATA[列表頁顯示返回主頁]]></item>
				<item id="description"><![CDATA[]]></item>
				<item id="variable"><![CDATA[jz52_fhzy]]></item>
				<item id="type"><![CDATA[radio]]></item>
				<item id="value"><![CDATA[1]]></item>
				<item id="extra"><![CDATA[]]></item>
			</item>
			<item id="7">
				<item id="displayorder"><![CDATA[7]]></item>
				<item id="title"><![CDATA[帖子頁顯示返回列表]]></item>
				<item id="description"><![CDATA[]]></item>
				<item id="variable"><![CDATA[jz52_fhlb]]></item>
				<item id="type"><![CDATA[radio]]></item>
				<item id="value"><![CDATA[1]]></item>
				<item id="extra"><![CDATA[]]></item>
			</item>
			<item id="8">
				<item id="displayorder"><![CDATA[8]]></item>
				<item id="title"><![CDATA[是否顯示發布主題]]></item>
				<item id="description"><![CDATA[]]></item>
				<item id="variable"><![CDATA[jz52_fbztkg]]></item>
				<item id="type"><![CDATA[radio]]></item>
				<item id="value"><![CDATA[0]]></item>
				<item id="extra"><![CDATA[]]></item>
			</item>
			<item id="9">
				<item id="displayorder"><![CDATA[9]]></item>
				<item id="title"><![CDATA[帖子頁顯示快速回復]]></item>
				<item id="description"><![CDATA[]]></item>
				<item id="variable"><![CDATA[jz52_kshf]]></item>
				<item id="type"><![CDATA[radio]]></item>
				<item id="value"><![CDATA[1]]></item>
				<item id="extra"><![CDATA[]]></item>
			</item>
			<item id="10">
				<item id="displayorder"><![CDATA[10]]></item>
				<item id="title"><![CDATA[是否顯示收藏帖子]]></item>
				<item id="description"><![CDATA[]]></item>
				<item id="variable"><![CDATA[jz52_sctz]]></item>
				<item id="type"><![CDATA[radio]]></item>
				<item id="value"><![CDATA[0]]></item>
				<item id="extra"><![CDATA[]]></item>
			</item>
			<item id="11">
				<item id="displayorder"><![CDATA[11]]></item>
				<item id="title"><![CDATA[是否顯示收藏板塊]]></item>
				<item id="description"><![CDATA[]]></item>
				<item id="variable"><![CDATA[jz52_scbk]]></item>
				<item id="type"><![CDATA[radio]]></item>
				<item id="value"><![CDATA[0]]></item>
				<item id="extra"><![CDATA[]]></item>
			</item>
			<item id="12">
				<item id="displayorder"><![CDATA[12]]></item>
				<item id="title"><![CDATA[是否顯示聯系我們]]></item>
				<item id="description"><![CDATA[因為客服中心相當于是聯系我們的升級版故兩個圖標只顯示一個即可]]></item>
				<item id="variable"><![CDATA[jz52_kf]]></item>
				<item id="type"><![CDATA[radio]]></item>
				<item id="value"><![CDATA[0]]></item>
				<item id="extra"><![CDATA[]]></item>
			</item>
			<item id="13">
				<item id="displayorder"><![CDATA[13]]></item>
				<item id="title"><![CDATA[聯系我們地址]]></item>
				<item id="description"><![CDATA[]]></item>
				<item id="variable"><![CDATA[jz52_kfurl]]></item>
				<item id="type"><![CDATA[text]]></item>
				<item id="value"><![CDATA[http://www.xhkj5.com/]]></item>
				<item id="extra"><![CDATA[]]></item>
			</item>
			<item id="14">
				<item id="displayorder"><![CDATA[14]]></item>
				<item id="title"><![CDATA[是否顯示客服中心]]></item>
				<item id="description"><![CDATA[]]></item>
				<item id="variable"><![CDATA[jz52_kfzx]]></item>
				<item id="type"><![CDATA[radio]]></item>
				<item id="value"><![CDATA[1]]></item>
				<item id="extra"><![CDATA[]]></item>
			</item>
			<item id="15">
				<item id="displayorder"><![CDATA[15]]></item>
				<item id="title"><![CDATA[客服中心常用功能區代碼]]></item>
				<item id="description"><![CDATA[]]></item>
				<item id="variable"><![CDATA[jz52_kfzxdm]]></item>
				<item id="type"><![CDATA[textarea]]></item>
				<item id="value"><![CDATA[                            <li>
                                <i class="icon icon_mm"></i>
                                <div class="des sng">
                                    <h4>密碼安全</h4>
                                    <p class="pro"><span>修改密碼</span><span>驗證修改郵箱</span></p>
                                    <p><a href="home.php?mod=spacecp&ac=profile&op=password" target="_blank" class="btn">點此修改</a></p>
                                </div>
                            </li>
                            <li>
                                <i class="icon icon_aq"></i>
                                <div class="des weixin">
                                    <h4>帳號被盜</h4>
                                    <p class="pro"><span>帳號被盜或者忘記登錄密碼</span></p>
                                    <p><a href="javascript:;" onclick="showWindow('login', 'member.php?mod=logging&action=login&viewlostpw=1')" class="btn" >點此找回</a></p>
                                </div>
								
			
                            </li>
                            <li class="no_margin">
                                <i class="icon icon_email"></i>
                                <div class="des soft">
                                    <h4>修改資料</h4>
                                    <p class="pro"><span>修改個人資料</span></p>
                                    <p><a href="home.php?mod=spacecp&ac=profile" target="_blank" class="btn" >點此修改</a></p>
                                </div>
                            </li>
                            <li>
                                <i class="icon icon_phone"></i>
                                <div class="des zengzhi">
                                    <h4>電話服務</h4>
                                    <p class="pro"><span>24小時免費服務熱線</span></p>
                                    <p>4008000008</p>
                                </div>
                            </li>
                            <li>
                                <i class="icon icon_bz"></i>
                                <div class="des tenpay">
                                    <h4>社區幫助</h4>
                                    <p class="pro"><span>社區各種功能使用幫助</span></p>
                                    <p><a href="misc.php?mod=faq" target="_blank" class="btn" >點此進入</a></p>
                                </div>
                            </li>
                            <li class="no_margin">
                                <i class="icon icon_bk"></i>
                                <div class="des serq">
                                    <h4>站務專區</h4>
                                    <p class="pro"><span>去論壇站務區發帖提問</span></p>
                                    <p><a href="http://www.xhkj5.com/" target="_blank" class="btn" >點此進入</a></p>
                                </div>
                            </li>]]></item>
				<item id="extra"><![CDATA[]]></item>
			</item>
			<item id="16">
				<item id="displayorder"><![CDATA[16]]></item>
				<item id="title"><![CDATA[QQ客服]]></item>
				<item id="description"><![CDATA[格式：
名字|號碼]]></item>
				<item id="variable"><![CDATA[jz52_qqlist]]></item>
				<item id="type"><![CDATA[textarea]]></item>
				<item id="value"><![CDATA[客服小妹|2444300667
技術老王|2444300667
客服鈴鐺|2444300667]]></item>
				<item id="extra"><![CDATA[]]></item>
			</item>
			<item id="17">
				<item id="displayorder"><![CDATA[17]]></item>
				<item id="title"><![CDATA[客服中心微博微信代碼]]></item>
				<item id="description"><![CDATA[修改前建議備份原代碼
留空為不顯示]]></item>
				<item id="variable"><![CDATA[jz52_kfzxwbwx]]></item>
				<item id="type"><![CDATA[textarea]]></item>
				<item id="value"><![CDATA[<div class="wxwb" style="width:230px;height:150px;float:left;" >
<style type="text/css">
<style type="text/css">
.wbwx {
	width: 220px;
	padding-left: 10px;
}
.wbwx .wb a .wbt {
    font-size: 18px;
    color: #fff;
	padding-left: 63px;
	padding-top: 16px;
	width: 155px;
}
.wbwx .wx .wxt {
        font-size: 18px;
        color: #fff;
	padding-left: 63px;
	padding-top: 6px;
	width: 155px;
}
.wbwx .wx .wxt1 {
        font-size: 14px;
        color: #fff;
	padding-left: 63px;
	width: 155px;
}
.wbwx .wx .wxt1 i {
    color: #ffd800;
}
.wbwx .wb {
	height: 60px;
	width: 220px;
	margin-bottom: 4px;
}
.wbwx .wb a {
    text-decoration: none;
    display: block;
    height: 60px;
	width: 220px;
    background: url('source/plugin/jz52_top/template/wbwxbj.jpg') no-repeat scroll 0px 0px transparent;
}
.wbwx .wb a:hover {
	background-position: -220px 0px;
	}
.wbwx .wx {
	background: url('source/plugin/jz52_top/template/wbwxbj.jpg') no-repeat scroll 0px 0px transparent;
	height: 60px;
	width: 220px;
	margin-top: 4px;
	background-position: 0 -60px;
}
.wbwx .wx:hover {
	background-position: -220px -60px;
	}
.weixin_code {
    width: 186px;
    height: 209px;
    background: none repeat scroll 0% 0% #FFF;
    border: 1px solid #DDD;
    padding: 15px 15px 12px;
}

.weixin_code p {
    font-size: 14px;
    padding-top: 5px;
    text-align: center;
	margin: 0px;
    padding: 0px;
}
</style>
</style>
<div class="wbwx">
  <div class="wb"><a href="http://www.xhkj5.com/" target="_blank"><div class="wbt" >關注本站新浪微博</div></a></div>
  
  
  <div class="wx" id="jzweixin_t_mob" onmouseover="showMenu({'ctrlid':this.id,'pos':'41!','ctrlclass':'weixin_hover','duration':2});" ><a href="http://www.xhkj5.com/plugin.php?id=alipaybuygroup" target="_blank" ><div class="wxt">本站官方微信平臺</div><div class="wxt1">微信賬號：<i>jzzzzy</i></div></a></div>
  
  
<div style="display: none;" id="jzweixin_t_mob_menu" class="weixin_code">
<div class="weixin_img"><img src="source/plugin/jz52_top/template/wxqr.jpg" height="186" width="186"></div>
<p>使用微信掃一掃</p>
</div>

</div>
</div>]]></item>
				<item id="extra"><![CDATA[]]></item>
			</item>
			<item id="18">
				<item id="displayorder"><![CDATA[18]]></item>
				<item id="title"><![CDATA[旺旺客服]]></item>
				<item id="description"><![CDATA[格式：
名字|帳號
賬號中含中文請先進行url UTF8轉碼
http://tool.chinaz.com/Tools/URLEncode.aspx]]></item>
				<item id="variable"><![CDATA[jz52_wangwang]]></item>
				<item id="type"><![CDATA[textarea]]></item>
				<item id="value"><![CDATA[售前小可|fihe7862
售后素素|caicai%e8%8f%9c%e8%8f%9c_2008
技術訊幻網|2444300667]]></item>
				<item id="extra"><![CDATA[]]></item>
			</item>
			<item id="19">
				<item id="displayorder"><![CDATA[19]]></item>
				<item id="title"><![CDATA[是否顯示分享]]></item>
				<item id="description"><![CDATA[]]></item>
				<item id="variable"><![CDATA[jz52_fenxiang]]></item>
				<item id="type"><![CDATA[radio]]></item>
				<item id="value"><![CDATA[1]]></item>
				<item id="extra"><![CDATA[]]></item>
			</item>
			<item id="20">
				<item id="displayorder"><![CDATA[20]]></item>
				<item id="title"><![CDATA[分享代碼]]></item>
				<item id="description"><![CDATA[百度分享的代碼
不建議亂搞 很蛋疼]]></item>
				<item id="variable"><![CDATA[jz52_fenxidm]]></item>
				<item id="type"><![CDATA[textarea]]></item>
				<item id="value"><![CDATA[<h3>分享到：</h3>
<div class="bdsharebuttonbox" data-tag="share_2">
<a title="分享到QQ空間" href="#" class="bds_qzone" data-cmd="qzone">QQ空間</a>
<a title="分享到新浪微博" href="#" class="bds_tsina" data-cmd="tsina">新浪微博</a>
<a title="分享到騰訊微博" href="#" class="bds_tqq" data-cmd="tqq">騰訊微博</a>
<a title="分享到人人網" href="#" class="bds_renren" data-cmd="renren">人人網</a>
<a title="分享到騰訊朋友" href="#" class="bds_tqf" data-cmd="tqf">騰訊朋友</a>
<a title="分享到百度貼吧" href="#" class="bds_tieba" data-cmd="tieba">百度貼吧</a>
<a title="分享到QQ好友" href="#" class="bds_sqq" data-cmd="sqq">QQ好友</a>
<a title="分享到百度空間" href="#" class="bds_hi" data-cmd="hi">百度空間</a>
<a title="分享到微信" href="#" class="bds_weixin" data-cmd="weixin">微信</a>
<a title="分享到網易微博" href="#" class="bds_t163" data-cmd="t163">網易微博</a>
<a title="分享到搜狐微博" href="#" class="bds_tsohu" data-cmd="tsohu">搜狐微博</a>
<a title="分享到百度搜藏" href="#" class="bds_baidu" data-cmd="baidu">百度搜藏</a>
<a title="分享到QQ收藏" href="#" class="bds_qq" data-cmd="qq">QQ收藏</a>
<a href="#" onclick="return false;" data-cmd="more" target="_blank;">更多...</a>
</div>
<script>with(document)0[(getElementsByTagName('head')[0]||body).appendChild(createElement('script')).src='http://bdimg.share.baidu.com/static/api/js/share.js?v=89860593.js?cdnversion='+~(-new Date()/36e5)];</script>]]></item>
				<item id="extra"><![CDATA[]]></item>
			</item>
			<item id="21">
				<item id="displayorder"><![CDATA[21]]></item>
				<item id="title"><![CDATA[是否顯示手機二維碼]]></item>
				<item id="description"><![CDATA[]]></item>
				<item id="variable"><![CDATA[jz52_qr]]></item>
				<item id="type"><![CDATA[radio]]></item>
				<item id="value"><![CDATA[1]]></item>
				<item id="extra"><![CDATA[]]></item>
			</item>
			<item id="22">
				<item id="displayorder"><![CDATA[22]]></item>
				<item id="title"><![CDATA[手機訪問代碼]]></item>
				<item id="description"><![CDATA[手機訪問左拉框內代碼]]></item>
				<item id="variable"><![CDATA[jz52_qrimg]]></item>
				<item id="type"><![CDATA[textarea]]></item>
				<item id="value"><![CDATA[<img src="source/plugin/jz52_top/template/qr.png" width="228" height="228" />
<p>打開手機掃描上面的二維碼</p>]]></item>
				<item id="extra"><![CDATA[]]></item>
			</item>
			<item id="23">
				<item id="displayorder"><![CDATA[23]]></item>
				<item id="title"><![CDATA[開啟帖子二維碼]]></item>
				<item id="description"><![CDATA[開啟后 帖子內容頁的 手機訪問 選項卡內二維碼會變成當前帖子地址的二維碼 方便手機訪問]]></item>
				<item id="variable"><![CDATA[jz52_tzqr]]></item>
				<item id="type"><![CDATA[radio]]></item>
				<item id="value"><![CDATA[1]]></item>
				<item id="extra"><![CDATA[]]></item>
			</item>
			<item id="24">
				<item id="displayorder"><![CDATA[24]]></item>
				<item id="title"><![CDATA[帖子二維碼說明]]></item>
				<item id="description"><![CDATA[帖子二維碼底部說明]]></item>
				<item id="variable"><![CDATA[jz52_tzqrsm]]></item>
				<item id="type"><![CDATA[text]]></item>
				<item id="value"><![CDATA[手機掃描二維碼快速訪問本帖]]></item>
				<item id="extra"><![CDATA[]]></item>
			</item>
			<item id="25">
				<item id="displayorder"><![CDATA[25]]></item>
				<item id="title"><![CDATA[帖子二維碼logo]]></item>
				<item id="description"><![CDATA[默認為
source/plugin/jz52_top/template/qrlogo.gif
可以修改地址 也可以修改那個圖片]]></item>
				<item id="variable"><![CDATA[jz52_tzqrlo]]></item>
				<item id="type"><![CDATA[text]]></item>
				<item id="value"><![CDATA[source/plugin/jz52_top/template/qrlogo.gif]]></item>
				<item id="extra"><![CDATA[]]></item>
			</item>
			<item id="26">
				<item id="displayorder"><![CDATA[26]]></item>
				<item id="title"><![CDATA[二維碼生成模式]]></item>
				<item id="description"><![CDATA[推薦使用googleAPI]]></item>
				<item id="variable"><![CDATA[jz52_qrsc]]></item>
				<item id="type"><![CDATA[select]]></item>
				<item id="value"><![CDATA[3]]></item>
				<item id="extra"><![CDATA[1 = 聯圖API
2 = googleAPI
3 = 雨滴API]]></item>
			</item>
			<item id="27">
				<item id="displayorder"><![CDATA[27]]></item>
				<item id="title"><![CDATA[二維碼logo定位css]]></item>
				<item id="description"><![CDATA[您可直接用相同尺寸圖片替換source/plugin/jz52_top/template/qrlogo.gif 然后此項設置保持默認
針對小白的說明：width:二維碼logo的寬度 height:二維碼logo的高度 top:logo到浮窗頂部距離 left:logo到左邊距離]]></item>
				<item id="variable"><![CDATA[jz52_qrcss]]></item>
				<item id="type"><![CDATA[textarea]]></item>
				<item id="value"><![CDATA[width:45px;height:45px;position:absolute;top:95px;left:95px;]]></item>
				<item id="extra"><![CDATA[]]></item>
			</item>
			<item id="28">
				<item id="displayorder"><![CDATA[28]]></item>
				<item id="title"><![CDATA[是否顯示關注微信]]></item>
				<item id="description"><![CDATA[]]></item>
				<item id="variable"><![CDATA[jz52_gzwx]]></item>
				<item id="type"><![CDATA[radio]]></item>
				<item id="value"><![CDATA[1]]></item>
				<item id="extra"><![CDATA[]]></item>
			</item>
			<item id="29">
				<item id="displayorder"><![CDATA[29]]></item>
				<item id="title"><![CDATA[關注微信代碼]]></item>
				<item id="description"><![CDATA[]]></item>
				<item id="variable"><![CDATA[jz52_gzwxdm]]></item>
				<item id="type"><![CDATA[textarea]]></item>
				<item id="value"><![CDATA[<img src="source/plugin/jz52_top/template/wxqr.jpg" width="228" height="228" />
<p>微信掃一掃關注本站公眾號</p>]]></item>
				<item id="extra"><![CDATA[]]></item>
			</item>
			<item id="30">
				<item id="displayorder"><![CDATA[30]]></item>
				<item id="title"><![CDATA[是否寬屏模版]]></item>
				<item id="description"><![CDATA[用來計算工具條位置 自由切換寬窄的模版選擇是]]></item>
				<item id="variable"><![CDATA[jz52_thew]]></item>
				<item id="type"><![CDATA[radio]]></item>
				<item id="value"><![CDATA[1]]></item>
				<item id="extra"><![CDATA[]]></item>
			</item>
			<item id="31">
				<item id="displayorder"><![CDATA[31]]></item>
				<item id="title"><![CDATA[寬屏模式邊距]]></item>
				<item id="description"><![CDATA[寬屏模式下 工具條離頁面邊緣的距離 默認為10]]></item>
				<item id="variable"><![CDATA[jz52_right]]></item>
				<item id="type"><![CDATA[number]]></item>
				<item id="value"><![CDATA[10]]></item>
				<item id="extra"><![CDATA[]]></item>
			</item>
			<item id="32">
				<item id="displayorder"><![CDATA[32]]></item>
				<item id="title"><![CDATA[模版寬度]]></item>
				<item id="description"><![CDATA[針對窄版 discuz默認的寬度是960 此項用來計算工具條左右顯示位置]]></item>
				<item id="variable"><![CDATA[jz52_mw]]></item>
				<item id="type"><![CDATA[number]]></item>
				<item id="value"><![CDATA[960]]></item>
				<item id="extra"><![CDATA[]]></item>
			</item>
			<item id="33">
				<item id="displayorder"><![CDATA[33]]></item>
				<item id="title"><![CDATA[工具條左右位置微調]]></item>
				<item id="description"><![CDATA[此項用來微調工具條左右顯示位置 數值越大 工具條離頁面中心越遠]]></item>
				<item id="variable"><![CDATA[jz52_wzwt]]></item>
				<item id="type"><![CDATA[number]]></item>
				<item id="value"><![CDATA[20]]></item>
				<item id="extra"><![CDATA[]]></item>
			</item>
			<item id="34">
				<item id="displayorder"><![CDATA[34]]></item>
				<item id="title"><![CDATA[工具條上下位置調整]]></item>
				<item id="description"><![CDATA[數值越大 越靠上]]></item>
				<item id="variable"><![CDATA[jz52_bootcc]]></item>
				<item id="type"><![CDATA[number]]></item>
				<item id="value"><![CDATA[40]]></item>
				<item id="extra"><![CDATA[]]></item>
			</item>
			<item id="35">
				<item id="displayorder"><![CDATA[35]]></item>
				<item id="title"><![CDATA[是否顯示個人中心]]></item>
				<item id="description"><![CDATA[]]></item>
				<item id="variable"><![CDATA[jz52_grzx]]></item>
				<item id="type"><![CDATA[radio]]></item>
				<item id="value"><![CDATA[1]]></item>
				<item id="extra"><![CDATA[]]></item>
			</item>
			<item id="36">
				<item id="displayorder"><![CDATA[36]]></item>
				<item id="title"><![CDATA[是否顯示搜索]]></item>
				<item id="description"><![CDATA[]]></item>
				<item id="variable"><![CDATA[jz52_sokg]]></item>
				<item id="type"><![CDATA[radio]]></item>
				<item id="value"><![CDATA[1]]></item>
				<item id="extra"><![CDATA[]]></item>
			</item>
			<item id="37">
				<item id="displayorder"><![CDATA[37]]></item>
				<item id="title"><![CDATA[是否顯示QQ群]]></item>
				<item id="description"><![CDATA[]]></item>
				<item id="variable"><![CDATA[jz52_qqqan]]></item>
				<item id="type"><![CDATA[radio]]></item>
				<item id="value"><![CDATA[1]]></item>
				<item id="extra"><![CDATA[]]></item>
			</item>
			<item id="38">
				<item id="displayorder"><![CDATA[38]]></item>
				<item id="title"><![CDATA[QQ群列表游客是否可看]]></item>
				<item id="description"><![CDATA[這里指的是點擊qq群方塊后出來的浮窗]]></item>
				<item id="variable"><![CDATA[jz52_openlist]]></item>
				<item id="type"><![CDATA[radio]]></item>
				<item id="value"><![CDATA[1]]></item>
				<item id="extra"><![CDATA[]]></item>
			</item>
			<item id="39">
				<item id="displayorder"><![CDATA[39]]></item>
				<item id="title"><![CDATA[QQ群列表]]></item>
				<item id="description"><![CDATA[輸入規則：
分類:群名:群號:idkey
一個群一行
idkey獲取地址：http://shang.qq.com/widget/group.php
如果不輸入idkey 會顯示復制加群反之會顯示點擊加群]]></item>
				<item id="variable"><![CDATA[jz52_qqgrouplist]]></item>
				<item id="type"><![CDATA[textarea]]></item>
				<item id="value"><![CDATA[訊幻網會員群:訊幻網會員①:到www.xhkj5.com里面找最新群:3eec7e2b9d707e07945727a43cb5823c415146b9e7322e2830081b9567ee1a6f
訊幻網會員群:訊幻網會員②:c9fff0c783fab7459cdee4a77be0191497948b1530d9b8f925e4a1fc149decb1
訊幻網會員群:這樣顯示復制:123456:
訊幻網會員群:這樣顯示點擊:2444300667:1ae7b1b55a9788e6913bc2ef84dddfdf942383b107521d003d35d43a5c6531ee]]></item>
				<item id="extra"><![CDATA[]]></item>
			</item>
			<item id="40">
				<item id="displayorder"><![CDATA[40]]></item>
				<item id="title"><![CDATA[QQ群說明]]></item>
				<item id="description"><![CDATA[顯示在浮窗下方的文字]]></item>
				<item id="variable"><![CDATA[jz52_qqgroupsm]]></item>
				<item id="type"><![CDATA[textarea]]></item>
				<item id="value"><![CDATA[一群已滿 請加二群 廣告秒T 進群口令：已加入肯德基豪華午餐]]></item>
				<item id="extra"><![CDATA[]]></item>
			</item>
			<item id="41">
				<item id="displayorder"><![CDATA[41]]></item>
				<item id="title"><![CDATA[是否顯示加群二維碼]]></item>
				<item id="description"><![CDATA[ie6不顯示]]></item>
				<item id="variable"><![CDATA[jz52_qqqqrkg]]></item>
				<item id="type"><![CDATA[radio]]></item>
				<item id="value"><![CDATA[1]]></item>
				<item id="extra"><![CDATA[]]></item>
			</item>
			<item id="42">
				<item id="displayorder"><![CDATA[42]]></item>
				<item id="title"><![CDATA[加群二維碼logo]]></item>
				<item id="description"><![CDATA[默認為
source/plugin/jz52_top/template/glogo.gif
可以修改地址 也可以修改那個圖片]]></item>
				<item id="variable"><![CDATA[jz52_qqqqrlo]]></item>
				<item id="type"><![CDATA[text]]></item>
				<item id="value"><![CDATA[source/plugin/jz52_top/template/glogo.gif]]></item>
				<item id="extra"><![CDATA[]]></item>
			</item>
			<item id="43">
				<item id="displayorder"><![CDATA[43]]></item>
				<item id="title"><![CDATA[加群二維碼說明]]></item>
				<item id="description"><![CDATA[]]></item>
				<item id="variable"><![CDATA[jz52_qqqqrsm]]></item>
				<item id="type"><![CDATA[text]]></item>
				<item id="value"><![CDATA[掃描上方二維碼 快速加群]]></item>
				<item id="extra"><![CDATA[]]></item>
			</item>
			<item id="44">
				<item id="displayorder"><![CDATA[44]]></item>
				<item id="title"><![CDATA[是否顯示自定義按鈕]]></item>
				<item id="description"><![CDATA[]]></item>
				<item id="variable"><![CDATA[jz52_zdy]]></item>
				<item id="type"><![CDATA[radio]]></item>
				<item id="value"><![CDATA[0]]></item>
				<item id="extra"><![CDATA[]]></item>
			</item>
			<item id="45">
				<item id="displayorder"><![CDATA[45]]></item>
				<item id="title"><![CDATA[自定義按鈕代碼]]></item>
				<item id="description"><![CDATA[例子：
<a href="http://www.xhkj5.com/" title="這是一個自定義按鈕" class="jzzdy" target="_blank" ><b>這是一個自定義按鈕</b></a>
自定義按鈕的樣式由class="jzzdy"控制 此處不建議修改]]></item>
				<item id="variable"><![CDATA[jz52_zdybt]]></item>
				<item id="type"><![CDATA[textarea]]></item>
				<item id="value"><![CDATA[<a href="http://www.xhkj5.com/" title="這是一個自定義按鈕" class="jzzdy" target="_blank" ><b>這是一個自定義按鈕</b></a>]]></item>
				<item id="extra"><![CDATA[]]></item>
			</item>
			<item id="46">
				<item id="displayorder"><![CDATA[46]]></item>
				<item id="title"><![CDATA[個人中心背景顏色]]></item>
				<item id="description"><![CDATA[]]></item>
				<item id="variable"><![CDATA[jz52_grzxbjs]]></item>
				<item id="type"><![CDATA[color]]></item>
				<item id="value"><![CDATA[#0079b8]]></item>
				<item id="extra"><![CDATA[]]></item>
			</item>
			<item id="47">
				<item id="displayorder"><![CDATA[47]]></item>
				<item id="title"><![CDATA[個人中心背景風格]]></item>
				<item id="description"><![CDATA[]]></item>
				<item id="variable"><![CDATA[jz52_grzxbjthe]]></item>
				<item id="type"><![CDATA[select]]></item>
				<item id="value"><![CDATA[5]]></item>
				<item id="extra"><![CDATA[1 = 無
2 = 星空
3 = 鐵軌
4 = 女孩
5 = 站臺]]></item>
			</item>
			<item id="48">
				<item id="displayorder"><![CDATA[48]]></item>
				<item id="title"><![CDATA[個人中心圖標風格]]></item>
				<item id="description"><![CDATA[]]></item>
				<item id="variable"><![CDATA[jz52_grzxxtb]]></item>
				<item id="type"><![CDATA[select]]></item>
				<item id="value"><![CDATA[2]]></item>
				<item id="extra"><![CDATA[1 = 風格1
2 = 風格2
3 = 風格3]]></item>
			</item>
			<item id="49">
				<item id="displayorder"><![CDATA[49]]></item>
				<item id="title"><![CDATA[個人中心開啟的圖標]]></item>
				<item id="description"><![CDATA[最多顯示8個]]></item>
				<item id="variable"><![CDATA[jz52_grzxtbkz]]></item>
				<item id="type"><![CDATA[selects]]></item>
				<item id="extra"><![CDATA[sc = 收藏
tz = 帖子
hy = 好友
xx = 消息
sz = 設置
xz = 勛章
rw = 任務
tx = 提醒
tc = 退出]]></item>
				<item id="__value">
					<item id="0"><![CDATA[sc]]></item>
					<item id="1"><![CDATA[tz]]></item>
					<item id="2"><![CDATA[xx]]></item>
					<item id="3"><![CDATA[sz]]></item>
					<item id="4"><![CDATA[xz]]></item>
					<item id="5"><![CDATA[rw]]></item>
					<item id="6"><![CDATA[tx]]></item>
					<item id="7"><![CDATA[tc]]></item>
				</item>
			</item>
			<item id="50">
				<item id="displayorder"><![CDATA[50]]></item>
				<item id="title"><![CDATA[在個人中心顯示新提醒數]]></item>
				<item id="description"><![CDATA[個人中心選項卡內 提醒右上角顯示收到的新提醒數 類似ios風格]]></item>
				<item id="variable"><![CDATA[jz52_grzxtxkg]]></item>
				<item id="type"><![CDATA[radio]]></item>
				<item id="value"><![CDATA[1]]></item>
				<item id="extra"><![CDATA[]]></item>
			</item>
			<item id="51">
				<item id="displayorder"><![CDATA[51]]></item>
				<item id="title"><![CDATA[個人中心新信息顯示]]></item>
				<item id="description"><![CDATA[個人中心選項卡內 信息右上角收到新信息后顯示N 類似ios風格]]></item>
				<item id="variable"><![CDATA[jz52_grzxxxxkg]]></item>
				<item id="type"><![CDATA[radio]]></item>
				<item id="value"><![CDATA[1]]></item>
				<item id="extra"><![CDATA[]]></item>
			</item>
			<item id="52">
				<item id="displayorder"><![CDATA[52]]></item>
				<item id="title"><![CDATA[個人中心方塊顯示新提醒]]></item>
				<item id="description"><![CDATA[個人中心的方塊 顯示類似ios提醒小圖標
由于空間所限 只會顯示一個小圖標
也就是：當有新信息時會顯示n 
當有新提醒時會顯示提醒條數 n便不再顯示]]></item>
				<item id="variable"><![CDATA[jz52_grzfktxkg]]></item>
				<item id="type"><![CDATA[radio]]></item>
				<item id="value"><![CDATA[1]]></item>
				<item id="extra"><![CDATA[]]></item>
			</item>
			<item id="53">
				<item id="displayorder"><![CDATA[53]]></item>
				<item id="title"><![CDATA[用戶個人中心背景上傳]]></item>
				<item id="description"><![CDATA[是否允許用戶上傳個人中心背景
此功能尚未開發 只做了ui 請勿打開]]></item>
				<item id="variable"><![CDATA[jz52_grzxbjsckg]]></item>
				<item id="type"><![CDATA[radio]]></item>
				<item id="value"><![CDATA[0]]></item>
				<item id="extra"><![CDATA[]]></item>
			</item>
			<item id="54">
				<item id="displayorder"><![CDATA[54]]></item>
				<item id="title"><![CDATA[工具條浮動優先度]]></item>
				<item id="description"><![CDATA[此項設定主要針對工具條遮擋右下角通知或浮動廣告問題
數值越大 越靠上層 設置為9999一般就能遮擋一切...設置為200就基本不會遮擋浮動通知了]]></item>
				<item id="variable"><![CDATA[jz52_zindex]]></item>
				<item id="type"><![CDATA[text]]></item>
				<item id="value"><![CDATA[200]]></item>
				<item id="extra"><![CDATA[]]></item>
			</item>
			<item id="55">
				<item id="displayorder"><![CDATA[55]]></item>
				<item id="title"><![CDATA[uc安裝目錄]]></item>
				<item id="description"><![CDATA[uc的安裝目錄，默認為uc_server
此項設定針對uc未安裝在默認目錄情況]]></item>
				<item id="variable"><![CDATA[jz52_uc]]></item>
				<item id="type"><![CDATA[text]]></item>
				<item id="value"><![CDATA[uc_server]]></item>
				<item id="extra"><![CDATA[]]></item>
			</item>
		</item>
		<item id="language">
			<item id="scriptlang">
				<item id="log_xhkj5_com"><![CDATA[<h2 style="text-align:-webkit-center;">
	<span style="color:#4C33E5;">推薦一個dz商</span><span style="color:#4C33E5;">業挿件模版下載的</span><span style="color:#4C33E5;"></span><span style="color:#4C33E5;">網站給大家</span><a href="http://www.xhkj5.com" target="_blank"><span style="color:#4C33E5;">訊幻網</span></a><span style="color:#4C33E5;">（www.xhkj5.com）</span> 
</h2>
<h3 style="text-align:-webkit-center;">
	<span style="color:#E53333;">这</span><span style="color:#E53333;">是一個</span><span style="color:#E53333;">dz商業</span><a href="http://www.xhkj5.com/forum.php?mod=forumdisplay&fid=90" target="_blank"><span style="color:#337FE5;">插</span><u><span style="color:#337FE5;"></span></u><span style="color:#337FE5;">件</span></a><a href="http://www.xhkj5.com/forum.php?mod=forumdisplay&fid=93" target="_blank"><u><span style="color:#337FE5;">模</span></u><u><span style="color:#337FE5;"></span></u><u><span style="color:#337FE5;">版</span></u></a><span style="color:#E53333;">資源破解分享的網站，而且還有很多精品的網站源碼下載</span> 
</h3>
<h3 style="text-align:-webkit-center;">
	<span style="color:#E53333;">他們資源每天更新，並且很多都是他們自己出錢在應用中心購買後破解分享出來的</span><br />
</h3>
<h3>
	<div style="text-align:center;">
		<span style="color:#E53333;">不過還是替他們說一下</span> 
	</div>
	<div style="text-align:center;">
		<span style="color:#E53333;">&nbsp;他們站下載的資源只限於自己學習研究內含的設計思想和原理請勿有任何商業盈利行為</span> 
	</div>
</h3>
<h3 style="text-align:center;">
	<span style="color:#999999;">介紹也介紹完了，給大家做個小導航吧</span> 
</h3>
<h3 style="text-align:center;">
	<span style="color:#337FE5;"><a href="http://www.xhkj5.com/forum.php?mod=forumdisplay&fid=90" target="_blank">dz商業破解挿件下載</a> &nbsp; <a href="http://www.xhkj5.com/forum.php?mod=forumdisplay&fid=93" target="_blank">dz商業風格模版下載</a> &nbsp; &nbsp;<a href="http://www.xhkj5.com/forum.php?mod=forumdisplay&fid=72" target="_blank">精品網站源碼下載</a> &nbsp; &nbsp;<a href="http://www.xhkj5.com/forum.php?mod=forumdisplay&fid=73" target="_blank">工具素材下载</a></span><span style="color:#337FE5;">&nbsp; &nbsp; <a href="http://www.xhkj5.com/forum.php?mod=forumdisplay&fid=94" target="_blank">精選教程區</a></span> 
</h3> ]]></item>
				<item id="jz_qqqnoyk"><![CDATA[您還沒有登錄，無法查看本站QQ群]]></item>
			</item>
			<item id="templatelang">
				<item id="jz_sgzt"><![CDATA[上個主題]]></item>
				<item id="jz_xgzt"><![CDATA[下個主題]]></item>
				<item id="jz_xyy"><![CDATA[下一頁]]></item>
				<item id="jz_rysc"><![CDATA[人已收藏]]></item>
				<item id="jz_sctz"><![CDATA[收藏帖子]]></item>
				<item id="jz_scbk"><![CDATA[收藏板塊]]></item>
				<item id="jz_lxwm"><![CDATA[聯系我們]]></item>
				<item id="jz_gfqqq"><![CDATA[官方QQ群]]></item>
				<item id="jz_fenx"><![CDATA[分享]]></item>
				<item id="jz_grzx"><![CDATA[個人中心]]></item>
				<item id="jz_dlzc"><![CDATA[登錄或注冊]]></item>
				<item id="jz_djjr"><![CDATA[點擊加入群]]></item>
				<item id="jz_djfz"><![CDATA[點擊復制號碼]]></item>
				<item id="jz_fzcg"><![CDATA[復制成功]]></item>
				<item id="jz_noqqq"><![CDATA[還沒有任何QQ群展示]]></item>
				<item id="jz_qqqqr"><![CDATA[手機掃描二維碼 快速加群]]></item>
				<item id="jz_fbzt"><![CDATA[發布資源]]></item>
				<item id="jz_kfzx"><![CDATA[客服中心]]></item>
				<item id="jz_kfzxsm"><![CDATA[（部分服務需要通過QQ或旺旺進行溝通，請確認啟動相關軟件。）]]></item>
				<item id="jz_kfzxcy"><![CDATA[常用功能]]></item>
				<item id="jz_kfzxzx"><![CDATA[在線客服]]></item>
				<item id="jz_kfzxmms"><![CDATA[點擊這里聯系在線客服]]></item>
				<item id="jz_gzwx"><![CDATA[關注微信]]></item>
				<item id="jz_fhsy"><![CDATA[返回首頁]]></item>
				<item id="jz_fhlb"><![CDATA[返回列表]]></item>
			</item>
		</item>
	</item>
</root>