﻿<?xml version="1.0" encoding="ISO-8859-1"?>
<root>
	<item id="Title"><![CDATA[Discuz! Plugin]]></item>
	<item id="Version"><![CDATA[X2,X2.5,X3,X3.1,X3.2,F1.0]]></item>
	<item id="Time"><![CDATA[2016-11-03 23:29]]></item>
	<item id="From"><![CDATA[讯幻网（www.xhkj5.com）]]></item>
	<item id="Data">
		<item id="plugin">
			<item id="available"><![CDATA[1]]></item>
			<item id="adminid"><![CDATA[1]]></item>
			<item id="name"><![CDATA[讯幻网_极致 魔方返回顶部]]></item>
			<item id="identifier"><![CDATA[jz52_top]]></item>
			<item id="description"><![CDATA[超级强大的边栏工具条（返回顶部）多种风格
功能齐全 可任意设置某个功能是否显示 更多功能持续加入中...]]></item>
			<item id="datatables"><![CDATA[]]></item>
			<item id="directory"><![CDATA[jz52_top/]]></item>
			<item id="copyright"><![CDATA[讯幻网（www.xhkj5.com）]]></item>
			<item id="version"><![CDATA[1.17商业版]]></item>
			<item id="__modules">
				<item id="0">
					<item id="name"><![CDATA[addon]]></item>
					<item id="param"><![CDATA[]]></item>
					<item id="menu"><![CDATA[更多插件]]></item>
					<item id="url"><![CDATA[]]></item>
					<item id="type"><![CDATA[3]]></item>
					<item id="adminid"><![CDATA[0]]></item>
					<item id="displayorder"><![CDATA[0]]></item>
					<item id="navtitle"><![CDATA[]]></item>
					<item id="navicon"><![CDATA[]]></item>
					<item id="navsubname"><![CDATA[]]></item>
					<item id="navsuburl"><![CDATA[]]></item>
				</item>
				<item id="1">
					<item id="name"><![CDATA[jz52_top]]></item>
					<item id="param"><![CDATA[]]></item>
					<item id="menu"><![CDATA[]]></item>
					<item id="url"><![CDATA[]]></item>
					<item id="type"><![CDATA[11]]></item>
					<item id="adminid"><![CDATA[0]]></item>
					<item id="displayorder"><![CDATA[0]]></item>
					<item id="navtitle"><![CDATA[]]></item>
					<item id="navicon"><![CDATA[]]></item>
					<item id="navsubname"><![CDATA[]]></item>
					<item id="navsuburl"><![CDATA[]]></item>
				</item>
				<item id="2">
					<item id="name"><![CDATA[fankui]]></item>
					<item id="param"><![CDATA[]]></item>
					<item id="menu"><![CDATA[反馈 需求 报错]]></item>
					<item id="url"><![CDATA[]]></item>
					<item id="type"><![CDATA[3]]></item>
					<item id="adminid"><![CDATA[0]]></item>
					<item id="displayorder"><![CDATA[0]]></item>
					<item id="navtitle"><![CDATA[]]></item>
					<item id="navicon"><![CDATA[]]></item>
					<item id="navsubname"><![CDATA[]]></item>
					<item id="navsuburl"><![CDATA[]]></item>
				</item>
			</item>
		</item>
		<item id="version"><![CDATA[X2,X2.5,X3,X3.1,X3.2,F1.0]]></item>
		<item id="var">
			<item id="0">
				<item id="displayorder"><![CDATA[0]]></item>
				<item id="title"><![CDATA[工具条靠左显示]]></item>
				<item id="description"><![CDATA[]]></item>
				<item id="variable"><![CDATA[jz52_gjtwz]]></item>
				<item id="type"><![CDATA[radio]]></item>
				<item id="value"><![CDATA[0]]></item>
				<item id="extra"><![CDATA[]]></item>
			</item>
			<item id="1">
				<item id="displayorder"><![CDATA[1]]></item>
				<item id="title"><![CDATA[返回顶部下方显示]]></item>
				<item id="description"><![CDATA[“返回顶部”方块显示的位置  选择“是”显示在工具条下方 反之显示在上方]]></item>
				<item id="variable"><![CDATA[jz52_topwz]]></item>
				<item id="type"><![CDATA[radio]]></item>
				<item id="value"><![CDATA[0]]></item>
				<item id="extra"><![CDATA[]]></item>
			</item>
			<item id="2">
				<item id="displayorder"><![CDATA[2]]></item>
				<item id="title"><![CDATA[方块风格选择]]></item>
				<item id="description"><![CDATA[]]></item>
				<item id="variable"><![CDATA[jz52_temp]]></item>
				<item id="type"><![CDATA[select]]></item>
				<item id="value"><![CDATA[1]]></item>
				<item id="extra"><![CDATA[1 = 典雅白
2 = Metro 青灰
3 = 典雅灰
4 = 万花筒
5 = 类360风格
6 = Metro 淡蓝
7 = 类贴吧风格
8 = Metro 烈红]]></item>
			</item>
			<item id="3">
				<item id="displayorder"><![CDATA[3]]></item>
				<item id="title"><![CDATA[是否开启大方块]]></item>
				<item id="description"><![CDATA[友情提示
大方块模式下不要开太多方块否则会很蛋疼]]></item>
				<item id="variable"><![CDATA[jz52_dfk]]></item>
				<item id="type"><![CDATA[radio]]></item>
				<item id="value"><![CDATA[0]]></item>
				<item id="extra"><![CDATA[]]></item>
			</item>
			<item id="4">
				<item id="displayorder"><![CDATA[4]]></item>
				<item id="title"><![CDATA[列表页显示下一页]]></item>
				<item id="description"><![CDATA[]]></item>
				<item id="variable"><![CDATA[jz52_xyy]]></item>
				<item id="type"><![CDATA[radio]]></item>
				<item id="value"><![CDATA[1]]></item>
				<item id="extra"><![CDATA[]]></item>
			</item>
			<item id="5">
				<item id="displayorder"><![CDATA[5]]></item>
				<item id="title"><![CDATA[帖子页显示上下贴]]></item>
				<item id="description"><![CDATA[]]></item>
				<item id="variable"><![CDATA[jz52_ln]]></item>
				<item id="type"><![CDATA[radio]]></item>
				<item id="value"><![CDATA[0]]></item>
				<item id="extra"><![CDATA[]]></item>
			</item>
			<item id="6">
				<item id="displayorder"><![CDATA[6]]></item>
				<item id="title"><![CDATA[列表页显示返回主页]]></item>
				<item id="description"><![CDATA[]]></item>
				<item id="variable"><![CDATA[jz52_fhzy]]></item>
				<item id="type"><![CDATA[radio]]></item>
				<item id="value"><![CDATA[1]]></item>
				<item id="extra"><![CDATA[]]></item>
			</item>
			<item id="7">
				<item id="displayorder"><![CDATA[7]]></item>
				<item id="title"><![CDATA[帖子页显示返回列表]]></item>
				<item id="description"><![CDATA[]]></item>
				<item id="variable"><![CDATA[jz52_fhlb]]></item>
				<item id="type"><![CDATA[radio]]></item>
				<item id="value"><![CDATA[1]]></item>
				<item id="extra"><![CDATA[]]></item>
			</item>
			<item id="8">
				<item id="displayorder"><![CDATA[8]]></item>
				<item id="title"><![CDATA[是否显示发布主题]]></item>
				<item id="description"><![CDATA[]]></item>
				<item id="variable"><![CDATA[jz52_fbztkg]]></item>
				<item id="type"><![CDATA[radio]]></item>
				<item id="value"><![CDATA[0]]></item>
				<item id="extra"><![CDATA[]]></item>
			</item>
			<item id="9">
				<item id="displayorder"><![CDATA[9]]></item>
				<item id="title"><![CDATA[帖子页显示快速回复]]></item>
				<item id="description"><![CDATA[]]></item>
				<item id="variable"><![CDATA[jz52_kshf]]></item>
				<item id="type"><![CDATA[radio]]></item>
				<item id="value"><![CDATA[1]]></item>
				<item id="extra"><![CDATA[]]></item>
			</item>
			<item id="10">
				<item id="displayorder"><![CDATA[10]]></item>
				<item id="title"><![CDATA[是否显示收藏帖子]]></item>
				<item id="description"><![CDATA[]]></item>
				<item id="variable"><![CDATA[jz52_sctz]]></item>
				<item id="type"><![CDATA[radio]]></item>
				<item id="value"><![CDATA[0]]></item>
				<item id="extra"><![CDATA[]]></item>
			</item>
			<item id="11">
				<item id="displayorder"><![CDATA[11]]></item>
				<item id="title"><![CDATA[是否显示收藏板块]]></item>
				<item id="description"><![CDATA[]]></item>
				<item id="variable"><![CDATA[jz52_scbk]]></item>
				<item id="type"><![CDATA[radio]]></item>
				<item id="value"><![CDATA[0]]></item>
				<item id="extra"><![CDATA[]]></item>
			</item>
			<item id="12">
				<item id="displayorder"><![CDATA[12]]></item>
				<item id="title"><![CDATA[是否显示联系我们]]></item>
				<item id="description"><![CDATA[因为客服中心相当于是联系我们的升级版故两个图标只显示一个即可]]></item>
				<item id="variable"><![CDATA[jz52_kf]]></item>
				<item id="type"><![CDATA[radio]]></item>
				<item id="value"><![CDATA[0]]></item>
				<item id="extra"><![CDATA[]]></item>
			</item>
			<item id="13">
				<item id="displayorder"><![CDATA[13]]></item>
				<item id="title"><![CDATA[联系我们地址]]></item>
				<item id="description"><![CDATA[]]></item>
				<item id="variable"><![CDATA[jz52_kfurl]]></item>
				<item id="type"><![CDATA[text]]></item>
				<item id="value"><![CDATA[http://www.xhkj5.com/]]></item>
				<item id="extra"><![CDATA[]]></item>
			</item>
			<item id="14">
				<item id="displayorder"><![CDATA[14]]></item>
				<item id="title"><![CDATA[是否显示客服中心]]></item>
				<item id="description"><![CDATA[]]></item>
				<item id="variable"><![CDATA[jz52_kfzx]]></item>
				<item id="type"><![CDATA[radio]]></item>
				<item id="value"><![CDATA[1]]></item>
				<item id="extra"><![CDATA[]]></item>
			</item>
			<item id="15">
				<item id="displayorder"><![CDATA[15]]></item>
				<item id="title"><![CDATA[客服中心常用功能区代码]]></item>
				<item id="description"><![CDATA[]]></item>
				<item id="variable"><![CDATA[jz52_kfzxdm]]></item>
				<item id="type"><![CDATA[textarea]]></item>
				<item id="value"><![CDATA[                            <li>
                                <i class="icon icon_mm"></i>
                                <div class="des sng">
                                    <h4>密码安全</h4>
                                    <p class="pro"><span>修改密码</span><span>验证修改邮箱</span></p>
                                    <p><a href="home.php?mod=spacecp&ac=profile&op=password" target="_blank" class="btn">点此修改</a></p>
                                </div>
                            </li>
                            <li>
                                <i class="icon icon_aq"></i>
                                <div class="des weixin">
                                    <h4>帐号被盗</h4>
                                    <p class="pro"><span>帐号被盗或者忘记登录密码</span></p>
                                    <p><a href="javascript:;" onclick="showWindow('login', 'member.php?mod=logging&action=login&viewlostpw=1')" class="btn" >点此找回</a></p>
                                </div>
								
			
                            </li>
                            <li class="no_margin">
                                <i class="icon icon_email"></i>
                                <div class="des soft">
                                    <h4>修改资料</h4>
                                    <p class="pro"><span>修改个人资料</span></p>
                                    <p><a href="home.php?mod=spacecp&ac=profile" target="_blank" class="btn" >点此修改</a></p>
                                </div>
                            </li>
                            <li>
                                <i class="icon icon_phone"></i>
                                <div class="des zengzhi">
                                    <h4>电话服务</h4>
                                    <p class="pro"><span>24小时免费服务热线</span></p>
                                    <p>4008000008</p>
                                </div>
                            </li>
                            <li>
                                <i class="icon icon_bz"></i>
                                <div class="des tenpay">
                                    <h4>社区帮助</h4>
                                    <p class="pro"><span>社区各种功能使用帮助</span></p>
                                    <p><a href="misc.php?mod=faq" target="_blank" class="btn" >点此进入</a></p>
                                </div>
                            </li>
                            <li class="no_margin">
                                <i class="icon icon_bk"></i>
                                <div class="des serq">
                                    <h4>站务专区</h4>
                                    <p class="pro"><span>去论坛站务区发帖提问</span></p>
                                    <p><a href="http://www.xhkj5.com/" target="_blank" class="btn" >点此进入</a></p>
                                </div>
                            </li>]]></item>
				<item id="extra"><![CDATA[]]></item>
			</item>
			<item id="16">
				<item id="displayorder"><![CDATA[16]]></item>
				<item id="title"><![CDATA[QQ客服]]></item>
				<item id="description"><![CDATA[格式：
名字|号码]]></item>
				<item id="variable"><![CDATA[jz52_qqlist]]></item>
				<item id="type"><![CDATA[textarea]]></item>
				<item id="value"><![CDATA[客服小妹|2444300667
技术老王|2444300667
客服铃铛|2444300667]]></item>
				<item id="extra"><![CDATA[]]></item>
			</item>
			<item id="17">
				<item id="displayorder"><![CDATA[17]]></item>
				<item id="title"><![CDATA[客服中心微博微信代码]]></item>
				<item id="description"><![CDATA[修改前建议备份原代码
留空为不显示]]></item>
				<item id="variable"><![CDATA[jz52_kfzxwbwx]]></item>
				<item id="type"><![CDATA[textarea]]></item>
				<item id="value"><![CDATA[<div class="wxwb" style="width:230px;height:150px;float:left;" >
<style type="text/css">
<style type="text/css">
.wbwx {
	width: 220px;
	padding-left: 10px;
}
.wbwx .wb a .wbt {
    font-size: 18px;
    color: #fff;
	padding-left: 63px;
	padding-top: 16px;
	width: 155px;
}
.wbwx .wx .wxt {
        font-size: 18px;
        color: #fff;
	padding-left: 63px;
	padding-top: 6px;
	width: 155px;
}
.wbwx .wx .wxt1 {
        font-size: 14px;
        color: #fff;
	padding-left: 63px;
	width: 155px;
}
.wbwx .wx .wxt1 i {
    color: #ffd800;
}
.wbwx .wb {
	height: 60px;
	width: 220px;
	margin-bottom: 4px;
}
.wbwx .wb a {
    text-decoration: none;
    display: block;
    height: 60px;
	width: 220px;
    background: url('source/plugin/jz52_top/template/wbwxbj.jpg') no-repeat scroll 0px 0px transparent;
}
.wbwx .wb a:hover {
	background-position: -220px 0px;
	}
.wbwx .wx {
	background: url('source/plugin/jz52_top/template/wbwxbj.jpg') no-repeat scroll 0px 0px transparent;
	height: 60px;
	width: 220px;
	margin-top: 4px;
	background-position: 0 -60px;
}
.wbwx .wx:hover {
	background-position: -220px -60px;
	}
.weixin_code {
    width: 186px;
    height: 209px;
    background: none repeat scroll 0% 0% #FFF;
    border: 1px solid #DDD;
    padding: 15px 15px 12px;
}

.weixin_code p {
    font-size: 14px;
    padding-top: 5px;
    text-align: center;
	margin: 0px;
    padding: 0px;
}
</style>
</style>
<div class="wbwx">
  <div class="wb"><a href="http://www.xhkj5.com/" target="_blank"><div class="wbt" >关注本站新浪微博</div></a></div>
  
  
  <div class="wx" id="jzweixin_t_mob" onmouseover="showMenu({'ctrlid':this.id,'pos':'41!','ctrlclass':'weixin_hover','duration':2});" ><a href="http://www.xhkj5.com/plugin.php?id=alipaybuygroup" target="_blank" ><div class="wxt">本站官方微信平台</div><div class="wxt1">微信账号：<i>jzzzzy</i></div></a></div>
  
  
<div style="display: none;" id="jzweixin_t_mob_menu" class="weixin_code">
<div class="weixin_img"><img src="source/plugin/jz52_top/template/wxqr.jpg" height="186" width="186"></div>
<p>使用微信扫一扫</p>
</div>

</div>
</div>]]></item>
				<item id="extra"><![CDATA[]]></item>
			</item>
			<item id="18">
				<item id="displayorder"><![CDATA[18]]></item>
				<item id="title"><![CDATA[旺旺客服]]></item>
				<item id="description"><![CDATA[格式：
名字|帐号
账号中含中文请先进行url UTF8转码
http://tool.chinaz.com/Tools/URLEncode.aspx]]></item>
				<item id="variable"><![CDATA[jz52_wangwang]]></item>
				<item id="type"><![CDATA[textarea]]></item>
				<item id="value"><![CDATA[售前小可|fihe7862
售后素素|caicai%e8%8f%9c%e8%8f%9c_2008
技术讯幻网|2444300667]]></item>
				<item id="extra"><![CDATA[]]></item>
			</item>
			<item id="19">
				<item id="displayorder"><![CDATA[19]]></item>
				<item id="title"><![CDATA[是否显示分享]]></item>
				<item id="description"><![CDATA[]]></item>
				<item id="variable"><![CDATA[jz52_fenxiang]]></item>
				<item id="type"><![CDATA[radio]]></item>
				<item id="value"><![CDATA[1]]></item>
				<item id="extra"><![CDATA[]]></item>
			</item>
			<item id="20">
				<item id="displayorder"><![CDATA[20]]></item>
				<item id="title"><![CDATA[分享代码]]></item>
				<item id="description"><![CDATA[百度分享的代码
不建议乱搞 很蛋疼]]></item>
				<item id="variable"><![CDATA[jz52_fenxidm]]></item>
				<item id="type"><![CDATA[textarea]]></item>
				<item id="value"><![CDATA[<h3>分享到：</h3>
<div class="bdsharebuttonbox" data-tag="share_2">
<a title="分享到QQ空间" href="#" class="bds_qzone" data-cmd="qzone">QQ空间</a>
<a title="分享到新浪微博" href="#" class="bds_tsina" data-cmd="tsina">新浪微博</a>
<a title="分享到腾讯微博" href="#" class="bds_tqq" data-cmd="tqq">腾讯微博</a>
<a title="分享到人人网" href="#" class="bds_renren" data-cmd="renren">人人网</a>
<a title="分享到腾讯朋友" href="#" class="bds_tqf" data-cmd="tqf">腾讯朋友</a>
<a title="分享到百度贴吧" href="#" class="bds_tieba" data-cmd="tieba">百度贴吧</a>
<a title="分享到QQ好友" href="#" class="bds_sqq" data-cmd="sqq">QQ好友</a>
<a title="分享到百度空间" href="#" class="bds_hi" data-cmd="hi">百度空间</a>
<a title="分享到微信" href="#" class="bds_weixin" data-cmd="weixin">微信</a>
<a title="分享到网易微博" href="#" class="bds_t163" data-cmd="t163">网易微博</a>
<a title="分享到搜狐微博" href="#" class="bds_tsohu" data-cmd="tsohu">搜狐微博</a>
<a title="分享到百度搜藏" href="#" class="bds_baidu" data-cmd="baidu">百度搜藏</a>
<a title="分享到QQ收藏" href="#" class="bds_qq" data-cmd="qq">QQ收藏</a>
<a href="#" onclick="return false;" data-cmd="more" target="_blank;">更多...</a>
</div>
<script>with(document)0[(getElementsByTagName('head')[0]||body).appendChild(createElement('script')).src='http://bdimg.share.baidu.com/static/api/js/share.js?v=89860593.js?cdnversion='+~(-new Date()/36e5)];</script>]]></item>
				<item id="extra"><![CDATA[]]></item>
			</item>
			<item id="21">
				<item id="displayorder"><![CDATA[21]]></item>
				<item id="title"><![CDATA[是否显示手机二维码]]></item>
				<item id="description"><![CDATA[]]></item>
				<item id="variable"><![CDATA[jz52_qr]]></item>
				<item id="type"><![CDATA[radio]]></item>
				<item id="value"><![CDATA[1]]></item>
				<item id="extra"><![CDATA[]]></item>
			</item>
			<item id="22">
				<item id="displayorder"><![CDATA[22]]></item>
				<item id="title"><![CDATA[手机访问代码]]></item>
				<item id="description"><![CDATA[手机访问左拉框内代码]]></item>
				<item id="variable"><![CDATA[jz52_qrimg]]></item>
				<item id="type"><![CDATA[textarea]]></item>
				<item id="value"><![CDATA[<img src="source/plugin/jz52_top/template/qr.png" width="228" height="228" />
<p>打开手机扫描上面的二维码</p>]]></item>
				<item id="extra"><![CDATA[]]></item>
			</item>
			<item id="23">
				<item id="displayorder"><![CDATA[23]]></item>
				<item id="title"><![CDATA[开启帖子二维码]]></item>
				<item id="description"><![CDATA[开启后 帖子内容页的 手机访问 选项卡内二维码会变成当前帖子地址的二维码 方便手机访问]]></item>
				<item id="variable"><![CDATA[jz52_tzqr]]></item>
				<item id="type"><![CDATA[radio]]></item>
				<item id="value"><![CDATA[1]]></item>
				<item id="extra"><![CDATA[]]></item>
			</item>
			<item id="24">
				<item id="displayorder"><![CDATA[24]]></item>
				<item id="title"><![CDATA[帖子二维码说明]]></item>
				<item id="description"><![CDATA[帖子二维码底部说明]]></item>
				<item id="variable"><![CDATA[jz52_tzqrsm]]></item>
				<item id="type"><![CDATA[text]]></item>
				<item id="value"><![CDATA[手机扫描二维码快速访问本帖]]></item>
				<item id="extra"><![CDATA[]]></item>
			</item>
			<item id="25">
				<item id="displayorder"><![CDATA[25]]></item>
				<item id="title"><![CDATA[帖子二维码logo]]></item>
				<item id="description"><![CDATA[默认为
source/plugin/jz52_top/template/qrlogo.gif
可以修改地址 也可以修改那个图片]]></item>
				<item id="variable"><![CDATA[jz52_tzqrlo]]></item>
				<item id="type"><![CDATA[text]]></item>
				<item id="value"><![CDATA[source/plugin/jz52_top/template/qrlogo.gif]]></item>
				<item id="extra"><![CDATA[]]></item>
			</item>
			<item id="26">
				<item id="displayorder"><![CDATA[26]]></item>
				<item id="title"><![CDATA[二维码生成模式]]></item>
				<item id="description"><![CDATA[推荐使用googleAPI]]></item>
				<item id="variable"><![CDATA[jz52_qrsc]]></item>
				<item id="type"><![CDATA[select]]></item>
				<item id="value"><![CDATA[3]]></item>
				<item id="extra"><![CDATA[1 = 联图API
2 = googleAPI
3 = 雨滴API]]></item>
			</item>
			<item id="27">
				<item id="displayorder"><![CDATA[27]]></item>
				<item id="title"><![CDATA[二维码logo定位css]]></item>
				<item id="description"><![CDATA[您可直接用相同尺寸图片替换source/plugin/jz52_top/template/qrlogo.gif 然后此项设置保持默认
针对小白的说明：width:二维码logo的宽度 height:二维码logo的高度 top:logo到浮窗顶部距离 left:logo到左边距离]]></item>
				<item id="variable"><![CDATA[jz52_qrcss]]></item>
				<item id="type"><![CDATA[textarea]]></item>
				<item id="value"><![CDATA[width:45px;height:45px;position:absolute;top:95px;left:95px;]]></item>
				<item id="extra"><![CDATA[]]></item>
			</item>
			<item id="28">
				<item id="displayorder"><![CDATA[28]]></item>
				<item id="title"><![CDATA[是否显示关注微信]]></item>
				<item id="description"><![CDATA[]]></item>
				<item id="variable"><![CDATA[jz52_gzwx]]></item>
				<item id="type"><![CDATA[radio]]></item>
				<item id="value"><![CDATA[1]]></item>
				<item id="extra"><![CDATA[]]></item>
			</item>
			<item id="29">
				<item id="displayorder"><![CDATA[29]]></item>
				<item id="title"><![CDATA[关注微信代码]]></item>
				<item id="description"><![CDATA[]]></item>
				<item id="variable"><![CDATA[jz52_gzwxdm]]></item>
				<item id="type"><![CDATA[textarea]]></item>
				<item id="value"><![CDATA[<img src="source/plugin/jz52_top/template/wxqr.jpg" width="228" height="228" />
<p>微信扫一扫关注本站公众号</p>]]></item>
				<item id="extra"><![CDATA[]]></item>
			</item>
			<item id="30">
				<item id="displayorder"><![CDATA[30]]></item>
				<item id="title"><![CDATA[是否宽屏模版]]></item>
				<item id="description"><![CDATA[用来计算工具条位置 自由切换宽窄的模版选择是]]></item>
				<item id="variable"><![CDATA[jz52_thew]]></item>
				<item id="type"><![CDATA[radio]]></item>
				<item id="value"><![CDATA[1]]></item>
				<item id="extra"><![CDATA[]]></item>
			</item>
			<item id="31">
				<item id="displayorder"><![CDATA[31]]></item>
				<item id="title"><![CDATA[宽屏模式边距]]></item>
				<item id="description"><![CDATA[宽屏模式下 工具条离页面边缘的距离 默认为10]]></item>
				<item id="variable"><![CDATA[jz52_right]]></item>
				<item id="type"><![CDATA[number]]></item>
				<item id="value"><![CDATA[10]]></item>
				<item id="extra"><![CDATA[]]></item>
			</item>
			<item id="32">
				<item id="displayorder"><![CDATA[32]]></item>
				<item id="title"><![CDATA[模版宽度]]></item>
				<item id="description"><![CDATA[针对窄版 discuz默认的宽度是960 此项用来计算工具条左右显示位置]]></item>
				<item id="variable"><![CDATA[jz52_mw]]></item>
				<item id="type"><![CDATA[number]]></item>
				<item id="value"><![CDATA[960]]></item>
				<item id="extra"><![CDATA[]]></item>
			</item>
			<item id="33">
				<item id="displayorder"><![CDATA[33]]></item>
				<item id="title"><![CDATA[工具条左右位置微调]]></item>
				<item id="description"><![CDATA[此项用来微调工具条左右显示位置 数值越大 工具条离页面中心越远]]></item>
				<item id="variable"><![CDATA[jz52_wzwt]]></item>
				<item id="type"><![CDATA[number]]></item>
				<item id="value"><![CDATA[20]]></item>
				<item id="extra"><![CDATA[]]></item>
			</item>
			<item id="34">
				<item id="displayorder"><![CDATA[34]]></item>
				<item id="title"><![CDATA[工具条上下位置调整]]></item>
				<item id="description"><![CDATA[数值越大 越靠上]]></item>
				<item id="variable"><![CDATA[jz52_bootcc]]></item>
				<item id="type"><![CDATA[number]]></item>
				<item id="value"><![CDATA[40]]></item>
				<item id="extra"><![CDATA[]]></item>
			</item>
			<item id="35">
				<item id="displayorder"><![CDATA[35]]></item>
				<item id="title"><![CDATA[是否显示个人中心]]></item>
				<item id="description"><![CDATA[]]></item>
				<item id="variable"><![CDATA[jz52_grzx]]></item>
				<item id="type"><![CDATA[radio]]></item>
				<item id="value"><![CDATA[1]]></item>
				<item id="extra"><![CDATA[]]></item>
			</item>
			<item id="36">
				<item id="displayorder"><![CDATA[36]]></item>
				<item id="title"><![CDATA[是否显示搜索]]></item>
				<item id="description"><![CDATA[]]></item>
				<item id="variable"><![CDATA[jz52_sokg]]></item>
				<item id="type"><![CDATA[radio]]></item>
				<item id="value"><![CDATA[1]]></item>
				<item id="extra"><![CDATA[]]></item>
			</item>
			<item id="37">
				<item id="displayorder"><![CDATA[37]]></item>
				<item id="title"><![CDATA[是否显示QQ群]]></item>
				<item id="description"><![CDATA[]]></item>
				<item id="variable"><![CDATA[jz52_qqqan]]></item>
				<item id="type"><![CDATA[radio]]></item>
				<item id="value"><![CDATA[1]]></item>
				<item id="extra"><![CDATA[]]></item>
			</item>
			<item id="38">
				<item id="displayorder"><![CDATA[38]]></item>
				<item id="title"><![CDATA[QQ群列表游客是否可看]]></item>
				<item id="description"><![CDATA[这里指的是点击qq群方块后出来的浮窗]]></item>
				<item id="variable"><![CDATA[jz52_openlist]]></item>
				<item id="type"><![CDATA[radio]]></item>
				<item id="value"><![CDATA[1]]></item>
				<item id="extra"><![CDATA[]]></item>
			</item>
			<item id="39">
				<item id="displayorder"><![CDATA[39]]></item>
				<item id="title"><![CDATA[QQ群列表]]></item>
				<item id="description"><![CDATA[输入规则：
分类:群名:群号:idkey
一个群一行
idkey获取地址：http://shang.qq.com/widget/group.php
如果不输入idkey 会显示复制加群反之会显示点击加群]]></item>
				<item id="variable"><![CDATA[jz52_qqgrouplist]]></item>
				<item id="type"><![CDATA[textarea]]></item>
				<item id="value"><![CDATA[讯幻网会员群:讯幻网会员①:到www.xhkj5.com里面找最新群:3eec7e2b9d707e07945727a43cb5823c415146b9e7322e2830081b9567ee1a6f
讯幻网会员群:讯幻网会员②:c9fff0c783fab7459cdee4a77be0191497948b1530d9b8f925e4a1fc149decb1
讯幻网会员群:这样显示复制:123456:
讯幻网会员群:这样显示点击:2444300667:1ae7b1b55a9788e6913bc2ef84dddfdf942383b107521d003d35d43a5c6531ee]]></item>
				<item id="extra"><![CDATA[]]></item>
			</item>
			<item id="40">
				<item id="displayorder"><![CDATA[40]]></item>
				<item id="title"><![CDATA[QQ群说明]]></item>
				<item id="description"><![CDATA[显示在浮窗下方的文字]]></item>
				<item id="variable"><![CDATA[jz52_qqgroupsm]]></item>
				<item id="type"><![CDATA[textarea]]></item>
				<item id="value"><![CDATA[一群已满 请加二群 广告秒T 进群口令：已加入肯德基豪华午餐]]></item>
				<item id="extra"><![CDATA[]]></item>
			</item>
			<item id="41">
				<item id="displayorder"><![CDATA[41]]></item>
				<item id="title"><![CDATA[是否显示加群二维码]]></item>
				<item id="description"><![CDATA[ie6不显示]]></item>
				<item id="variable"><![CDATA[jz52_qqqqrkg]]></item>
				<item id="type"><![CDATA[radio]]></item>
				<item id="value"><![CDATA[1]]></item>
				<item id="extra"><![CDATA[]]></item>
			</item>
			<item id="42">
				<item id="displayorder"><![CDATA[42]]></item>
				<item id="title"><![CDATA[加群二维码logo]]></item>
				<item id="description"><![CDATA[默认为
source/plugin/jz52_top/template/glogo.gif
可以修改地址 也可以修改那个图片]]></item>
				<item id="variable"><![CDATA[jz52_qqqqrlo]]></item>
				<item id="type"><![CDATA[text]]></item>
				<item id="value"><![CDATA[source/plugin/jz52_top/template/glogo.gif]]></item>
				<item id="extra"><![CDATA[]]></item>
			</item>
			<item id="43">
				<item id="displayorder"><![CDATA[43]]></item>
				<item id="title"><![CDATA[加群二维码说明]]></item>
				<item id="description"><![CDATA[]]></item>
				<item id="variable"><![CDATA[jz52_qqqqrsm]]></item>
				<item id="type"><![CDATA[text]]></item>
				<item id="value"><![CDATA[扫描上方二维码 快速加群]]></item>
				<item id="extra"><![CDATA[]]></item>
			</item>
			<item id="44">
				<item id="displayorder"><![CDATA[44]]></item>
				<item id="title"><![CDATA[是否显示自定义按钮]]></item>
				<item id="description"><![CDATA[]]></item>
				<item id="variable"><![CDATA[jz52_zdy]]></item>
				<item id="type"><![CDATA[radio]]></item>
				<item id="value"><![CDATA[0]]></item>
				<item id="extra"><![CDATA[]]></item>
			</item>
			<item id="45">
				<item id="displayorder"><![CDATA[45]]></item>
				<item id="title"><![CDATA[自定义按钮代码]]></item>
				<item id="description"><![CDATA[例子：
<a href="http://www.xhkj5.com/" title="这是一个自定义按钮" class="jzzdy" target="_blank" ><b>这是一个自定义按钮</b></a>
自定义按钮的样式由class="jzzdy"控制 此处不建议修改]]></item>
				<item id="variable"><![CDATA[jz52_zdybt]]></item>
				<item id="type"><![CDATA[textarea]]></item>
				<item id="value"><![CDATA[<a href="http://www.xhkj5.com/" title="这是一个自定义按钮" class="jzzdy" target="_blank" ><b>这是一个自定义按钮</b></a>]]></item>
				<item id="extra"><![CDATA[]]></item>
			</item>
			<item id="46">
				<item id="displayorder"><![CDATA[46]]></item>
				<item id="title"><![CDATA[个人中心背景颜色]]></item>
				<item id="description"><![CDATA[]]></item>
				<item id="variable"><![CDATA[jz52_grzxbjs]]></item>
				<item id="type"><![CDATA[color]]></item>
				<item id="value"><![CDATA[#0079b8]]></item>
				<item id="extra"><![CDATA[]]></item>
			</item>
			<item id="47">
				<item id="displayorder"><![CDATA[47]]></item>
				<item id="title"><![CDATA[个人中心背景风格]]></item>
				<item id="description"><![CDATA[]]></item>
				<item id="variable"><![CDATA[jz52_grzxbjthe]]></item>
				<item id="type"><![CDATA[select]]></item>
				<item id="value"><![CDATA[5]]></item>
				<item id="extra"><![CDATA[1 = 无
2 = 星空
3 = 铁轨
4 = 女孩
5 = 站台]]></item>
			</item>
			<item id="48">
				<item id="displayorder"><![CDATA[48]]></item>
				<item id="title"><![CDATA[个人中心图标风格]]></item>
				<item id="description"><![CDATA[]]></item>
				<item id="variable"><![CDATA[jz52_grzxxtb]]></item>
				<item id="type"><![CDATA[select]]></item>
				<item id="value"><![CDATA[2]]></item>
				<item id="extra"><![CDATA[1 = 风格1
2 = 风格2
3 = 风格3]]></item>
			</item>
			<item id="49">
				<item id="displayorder"><![CDATA[49]]></item>
				<item id="title"><![CDATA[个人中心开启的图标]]></item>
				<item id="description"><![CDATA[最多显示8个]]></item>
				<item id="variable"><![CDATA[jz52_grzxtbkz]]></item>
				<item id="type"><![CDATA[selects]]></item>
				<item id="extra"><![CDATA[sc = 收藏
tz = 帖子
hy = 好友
xx = 消息
sz = 设置
xz = 勋章
rw = 任务
tx = 提醒
tc = 退出]]></item>
				<item id="__value">
					<item id="0"><![CDATA[sc]]></item>
					<item id="1"><![CDATA[tz]]></item>
					<item id="2"><![CDATA[xx]]></item>
					<item id="3"><![CDATA[sz]]></item>
					<item id="4"><![CDATA[xz]]></item>
					<item id="5"><![CDATA[rw]]></item>
					<item id="6"><![CDATA[tx]]></item>
					<item id="7"><![CDATA[tc]]></item>
				</item>
			</item>
			<item id="50">
				<item id="displayorder"><![CDATA[50]]></item>
				<item id="title"><![CDATA[在个人中心显示新提醒数]]></item>
				<item id="description"><![CDATA[个人中心选项卡内 提醒右上角显示收到的新提醒数 类似ios风格]]></item>
				<item id="variable"><![CDATA[jz52_grzxtxkg]]></item>
				<item id="type"><![CDATA[radio]]></item>
				<item id="value"><![CDATA[1]]></item>
				<item id="extra"><![CDATA[]]></item>
			</item>
			<item id="51">
				<item id="displayorder"><![CDATA[51]]></item>
				<item id="title"><![CDATA[个人中心新信息显示]]></item>
				<item id="description"><![CDATA[个人中心选项卡内 信息右上角收到新信息后显示N 类似ios风格]]></item>
				<item id="variable"><![CDATA[jz52_grzxxxxkg]]></item>
				<item id="type"><![CDATA[radio]]></item>
				<item id="value"><![CDATA[1]]></item>
				<item id="extra"><![CDATA[]]></item>
			</item>
			<item id="52">
				<item id="displayorder"><![CDATA[52]]></item>
				<item id="title"><![CDATA[个人中心方块显示新提醒]]></item>
				<item id="description"><![CDATA[个人中心的方块 显示类似ios提醒小图标
由于空间所限 只会显示一个小图标
也就是：当有新信息时会显示n 
当有新提醒时会显示提醒条数 n便不再显示]]></item>
				<item id="variable"><![CDATA[jz52_grzfktxkg]]></item>
				<item id="type"><![CDATA[radio]]></item>
				<item id="value"><![CDATA[1]]></item>
				<item id="extra"><![CDATA[]]></item>
			</item>
			<item id="53">
				<item id="displayorder"><![CDATA[53]]></item>
				<item id="title"><![CDATA[用户个人中心背景上传]]></item>
				<item id="description"><![CDATA[是否允许用户上传个人中心背景
此功能尚未开发 只做了ui 请勿打开]]></item>
				<item id="variable"><![CDATA[jz52_grzxbjsckg]]></item>
				<item id="type"><![CDATA[radio]]></item>
				<item id="value"><![CDATA[0]]></item>
				<item id="extra"><![CDATA[]]></item>
			</item>
			<item id="54">
				<item id="displayorder"><![CDATA[54]]></item>
				<item id="title"><![CDATA[工具条浮动优先度]]></item>
				<item id="description"><![CDATA[此项设定主要针对工具条遮挡右下角通知或浮动广告问题
数值越大 越靠上层 设置为9999一般就能遮挡一切...设置为200就基本不会遮挡浮动通知了]]></item>
				<item id="variable"><![CDATA[jz52_zindex]]></item>
				<item id="type"><![CDATA[text]]></item>
				<item id="value"><![CDATA[200]]></item>
				<item id="extra"><![CDATA[]]></item>
			</item>
			<item id="55">
				<item id="displayorder"><![CDATA[55]]></item>
				<item id="title"><![CDATA[uc安装目录]]></item>
				<item id="description"><![CDATA[uc的安装目录，默认为uc_server
此项设定针对uc未安装在默认目录情况]]></item>
				<item id="variable"><![CDATA[jz52_uc]]></item>
				<item id="type"><![CDATA[text]]></item>
				<item id="value"><![CDATA[uc_server]]></item>
				<item id="extra"><![CDATA[]]></item>
			</item>
		</item>
		<item id="language">
			<item id="scriptlang">
				<item id="log_xhkj5_com"><![CDATA[<h2 style="text-align:-webkit-center;">
	<span style="color:#4C33E5;">推荐一个dz商</span><span style="color:#4C33E5;">业插件模版下载的</span><span style="color:#4C33E5;"></span><span style="color:#4C33E5;">网站给大家</span><a href="http://www.xhkj5.com" target="_blank"><span style="color:#4C33E5;">讯幻网</span></a><span style="color:#4C33E5;">（www.xhkj5.com）</span> 
</h2>
<h3 style="text-align:-webkit-center;">
	<span style="color:#E53333;">这</span><span style="color:#E53333;">是一个</span><span style="color:#E53333;">dz商业</span><a href="http://www.xhkj5.com/forum.php?mod=forumdisplay&fid=90" target="_blank"><span style="color:#337FE5;">插</span><u><span style="color:#337FE5;"></span></u><span style="color:#337FE5;">件</span></a><a href="http://www.xhkj5.com/forum.php?mod=forumdisplay&fid=93" target="_blank"><u><span style="color:#337FE5;">模</span></u><u><span style="color:#337FE5;"></span></u><u><span style="color:#337FE5;">版</span></u></a><span style="color:#E53333;">资源破解分享的网站，而且还有很多精品的网站源码下载</span> 
</h3>
<h3 style="text-align:-webkit-center;">
	<span style="color:#E53333;">他们资源每天更新，并且很多都是他们自己出钱在应用中心购买后破解分享出来的</span><br />
</h3>
<h3>
	<div style="text-align:center;">
		<span style="color:#E53333;">不过还是替他们说一下</span> 
	</div>
	<div style="text-align:center;">
		<span style="color:#E53333;">&nbsp;他们站下载的资源只限于自己学习研究内含的设计思想和原理 请勿有任何商业盈利行为</span> 
	</div>
</h3>
<h3 style="text-align:center;">
	<span style="color:#999999;">介绍也介绍完了，给大家做个小导航吧</span> 
</h3>
<h3 style="text-align:center;">
	<span style="color:#337FE5;"><a href="http://www.xhkj5.com/forum.php?mod=forumdisplay&fid=90" target="_blank">dz商业破解插件下载</a> &nbsp; <a href="http://www.xhkj5.com/forum.php?mod=forumdisplay&fid=93" target="_blank">dz商业风格模版下载</a> &nbsp; &nbsp;<a href="http://www.xhkj5.com/forum.php?mod=forumdisplay&fid=72" target="_blank">精品网站源码下载</a> &nbsp; &nbsp;<a href="http://www.xhkj5.com/forum.php?mod=forumdisplay&fid=73" target="_blank">工具素材下载</a></span><span style="color:#337FE5;">&nbsp; &nbsp; <a href="http://www.xhkj5.com/forum.php?mod=forumdisplay&fid=94" target="_blank">精选教程区</a></span> 
</h3> ]]></item>
				<item id="jz_qqqnoyk"><![CDATA[您还没有登录，无法查看本站QQ群]]></item>
			</item>
			<item id="templatelang">
				<item id="jz_sgzt"><![CDATA[上个主题]]></item>
				<item id="jz_xgzt"><![CDATA[下个主题]]></item>
				<item id="jz_xyy"><![CDATA[下一页]]></item>
				<item id="jz_rysc"><![CDATA[人已收藏]]></item>
				<item id="jz_sctz"><![CDATA[收藏帖子]]></item>
				<item id="jz_scbk"><![CDATA[收藏板块]]></item>
				<item id="jz_lxwm"><![CDATA[联系我们]]></item>
				<item id="jz_gfqqq"><![CDATA[官方QQ群]]></item>
				<item id="jz_fenx"><![CDATA[分享]]></item>
				<item id="jz_grzx"><![CDATA[个人中心]]></item>
				<item id="jz_dlzc"><![CDATA[登录或注册]]></item>
				<item id="jz_djjr"><![CDATA[点击加入群]]></item>
				<item id="jz_djfz"><![CDATA[点击复制号码]]></item>
				<item id="jz_fzcg"><![CDATA[复制成功]]></item>
				<item id="jz_noqqq"><![CDATA[还没有任何QQ群展示]]></item>
				<item id="jz_qqqqr"><![CDATA[手机扫描二维码 快速加群]]></item>
				<item id="jz_fbzt"><![CDATA[发布资源]]></item>
				<item id="jz_kfzx"><![CDATA[客服中心]]></item>
				<item id="jz_kfzxsm"><![CDATA[（部分服务需要通过QQ或旺旺进行沟通，请确认启动相关软件。）]]></item>
				<item id="jz_kfzxcy"><![CDATA[常用功能]]></item>
				<item id="jz_kfzxzx"><![CDATA[在线客服]]></item>
				<item id="jz_kfzxmms"><![CDATA[点击这里联系在线客服]]></item>
				<item id="jz_gzwx"><![CDATA[关注微信]]></item>
				<item id="jz_fhsy"><![CDATA[返回首页]]></item>
				<item id="jz_fhlb"><![CDATA[返回列表]]></item>
			</item>
		</item>
	</item>
</root>