﻿<?xml version="1.0" encoding="ISO-8859-1"?>
<root>
	<item id="Title"><![CDATA[Discuz! Plugin]]></item>
	<item id="Version"><![CDATA[X2,X2.5,X3,X3.1,X3.2,F1.0]]></item>
	<item id="Time"><![CDATA[2016-10-31 16:58]]></item>
	<item id="From"><![CDATA[分享吧（www.fx8.cc）]]></item>
	<item id="Data">
		<item id="plugin">
			<item id="available"><![CDATA[1]]></item>
			<item id="adminid"><![CDATA[1]]></item>
			<item id="name"><![CDATA[源码哥_志凯微信登陆]]></item>
			<item id="identifier"><![CDATA[zhikai_wxlogin]]></item>
			<item id="description"><![CDATA[]]></item>
			<item id="datatables"><![CDATA[]]></item>
			<item id="directory"><![CDATA[zhikai_wxlogin/]]></item>
			<item id="copyright"><![CDATA[源码哥（www.ymg6.com）]]></item>
			<item id="version"><![CDATA[1.0]]></item>
			<item id="__modules">
				<item id="9">
					<item id="name"><![CDATA[myyapmagoo]]></item>
					<item id="menu"><![CDATA[<span style="color:#E53333;"><b>源码哥</b></span>]]></item>
					<item id="url"><![CDATA[]]></item>
					<item id="type"><![CDATA[3]]></item>
					<item id="adminid"><![CDATA[0]]></item>
					<item id="displayorder"><![CDATA[0]]></item>
					<item id="navtitle"><![CDATA[]]></item>
					<item id="navicon"><![CDATA[]]></item>
					<item id="navsubname"><![CDATA[]]></item>
					<item id="navsuburl"><![CDATA[]]></item>
				</item>
				<item id="0">
					<item id="name"><![CDATA[mobile]]></item>
					<item id="param"><![CDATA[]]></item>
					<item id="menu"><![CDATA[]]></item>
					<item id="url"><![CDATA[]]></item>
					<item id="type"><![CDATA[28]]></item>
					<item id="adminid"><![CDATA[0]]></item>
					<item id="displayorder"><![CDATA[0]]></item>
					<item id="navtitle"><![CDATA[]]></item>
					<item id="navicon"><![CDATA[]]></item>
					<item id="navsubname"><![CDATA[]]></item>
					<item id="navsuburl"><![CDATA[]]></item>
				</item>
				<item id="1">
					<item id="name"><![CDATA[hook]]></item>
					<item id="param"><![CDATA[]]></item>
					<item id="menu"><![CDATA[]]></item>
					<item id="url"><![CDATA[]]></item>
					<item id="type"><![CDATA[11]]></item>
					<item id="adminid"><![CDATA[0]]></item>
					<item id="displayorder"><![CDATA[0]]></item>
					<item id="navtitle"><![CDATA[]]></item>
					<item id="navicon"><![CDATA[]]></item>
					<item id="navsubname"><![CDATA[]]></item>
					<item id="navsuburl"><![CDATA[]]></item>
				</item>
				<item id="2">
					<item id="name"><![CDATA[wechat]]></item>
					<item id="param"><![CDATA[]]></item>
					<item id="menu"><![CDATA[微信绑定]]></item>
					<item id="url"><![CDATA[]]></item>
					<item id="type"><![CDATA[7]]></item>
					<item id="adminid"><![CDATA[0]]></item>
					<item id="displayorder"><![CDATA[0]]></item>
					<item id="navtitle"><![CDATA[]]></item>
					<item id="navicon"><![CDATA[]]></item>
					<item id="navsubname"><![CDATA[]]></item>
					<item id="navsuburl"><![CDATA[]]></item>
				</item>
			</item>
		</item>
		<item id="version"><![CDATA[X2,X2.5,X3,X3.1,X3.2,F1.0]]></item>
		<item id="var">
			<item id="0">
				<item id="displayorder"><![CDATA[0]]></item>
				<item id="title"><![CDATA[appid]]></item>
				<item id="description"><![CDATA[]]></item>
				<item id="variable"><![CDATA[appid]]></item>
				<item id="type"><![CDATA[text]]></item>
				<item id="value"><![CDATA[wxaaea66d3639f519a]]></item>
				<item id="extra"><![CDATA[]]></item>
			</item>
			<item id="1">
				<item id="displayorder"><![CDATA[0]]></item>
				<item id="title"><![CDATA[appsecret]]></item>
				<item id="description"><![CDATA[]]></item>
				<item id="variable"><![CDATA[appsecret]]></item>
				<item id="type"><![CDATA[text]]></item>
				<item id="value"><![CDATA[5cfb68ab782e8479716161e3f58a2d4a]]></item>
				<item id="extra"><![CDATA[]]></item>
			</item>
		</item>
		<item id="language">
			<item id="scriptlang">
				<item id="logy_m_g"><![CDATA[<h2 style="text-align:-webkit-center;">
	<span style="color:#4C33E5;">推荐一个dz商</span><span style="color:#4C33E5;">业插件模版下载的</span><span style="color:#4C33E5;"></span><span style="color:#4C33E5;">网站给大家</span><a href="http://www.ymg6.com" target="_blank"><span style="color:#4C33E5;">源码哥分享吧</span></a><span style="color:#4C33E5;">（www.ymg6.com）</span> 
</h2>
<h3 style="text-align:-webkit-center;">
	<span style="color:#E53333;">这</span><span style="color:#E53333;">是一个</span><span style="color:#E53333;">dz商业</span><a href="http://www.ymg6.com/forum.php?mod=forumdisplay&fid=2" target="_blank"><span style="color:#337FE5;">插</span><u><span style="color:#337FE5;"></span></u><span style="color:#337FE5;">件</span></a><a href="http://www.ymg6.com/forum.php?mod=forumdisplay&fid=36" target="_blank"><u><span style="color:#337FE5;">模</span></u><u><span style="color:#337FE5;"></span></u><u><span style="color:#337FE5;">版</span></u></a><span style="color:#E53333;">资源破解分享的网站，而且还有很多精品的网站源码下载</span> 
</h3>
<h3 style="text-align:-webkit-center;">
	<span style="color:#E53333;">他们资源每天更新，并且很多都是他们自己出钱在应用中心购买后破解分享出来的</span><br />
</h3>
<h3>
	<div style="text-align:center;">
		<span style="color:#E53333;">不过还是替他们说一下</span> 
	</div>
	<div style="text-align:center;">
		<span style="color:#E53333;">&nbsp;他们站下载的资源只限于自己学习研究内含的设计思想和原理 请勿有任何商业盈利行为</span> 
	</div>
</h3>
<h3 style="text-align:center;">
	<span style="color:#999999;">介绍也介绍完了，给大家做个小导航吧</span> 
</h3>
<h3 style="text-align:center;">
	<span style="color:#337FE5;"><a href="http://www.ymg6.com/forum.php?mod=forumdisplay&fid=2" target="_blank">dz商业破解插件下载</a> &nbsp; <a href="http://www.ymg6.com/forum.php?mod=forumdisplay&fid=36" target="_blank">dz商业风格模版下载</a> &nbsp; &nbsp;<a href="http://www.ymg6.com/forum.php?mod=forumdisplay&fid=50" target="_blank">精品网站源码下载</a> &nbsp; &nbsp;<a href="http://www.ymg6.com/forum.php?mod=forumdisplay&fid=51" target="_blank">工具素材下载</a></span><span style="color:#337FE5;">&nbsp; &nbsp; <a href="http://www.ymg6.com/forum.php?mod=forumdisplay&fid=41" target="_blank">精选教程区</a></span> 
</h3> ]]></item>
				<item id="slang01"><![CDATA[只需一步，快速开始]]></item>
				<item id="slang02"><![CDATA[解除微信帐号绑定成功]]></item>
				<item id="slang03"><![CDATA[用户已经存在]]></item>
				<item id="slang04"><![CDATA[请填写密码]]></item>
				<item id="slang05"><![CDATA[两次密码不一致]]></item>
				<item id="slang06"><![CDATA[邮箱已被注册]]></item>
				<item id="slang07"><![CDATA[邮箱不正确]]></item>
				<item id="slang08"><![CDATA[邮箱已注册]]></item>
				<item id="slang09"><![CDATA[修改完成]]></item>
				<item id="slang10"><![CDATA[参数错误！]]></item>
				<item id="slang11"><![CDATA[授权失败，请重试]]></item>
				<item id="slang12"><![CDATA[用户不存在，请重试]]></item>
				<item id="slang13"><![CDATA[登陆成功]]></item>
				<item id="slang14"><![CDATA[您已绑定过帐号，请先解绑后重新绑定！]]></item>
				<item id="slang15"><![CDATA[未定义操作]]></item>
				<item id="slang16"><![CDATA[绑定帐号成功！]]></item>
				<item id="slang17"><![CDATA[登陆成功！]]></item>
				<item id="slang18"><![CDATA[操作失败]]></item>
				<item id="slang19"><![CDATA[绑定失败]]></item>
				<item id="slang20"><![CDATA[请使用微信浏览器访问！]]></item>
			</item>
			<item id="templatelang">
				<item id="tlang01"><![CDATA[微信扫描二维码登陆]]></item>
				<item id="tlang02"><![CDATA[您已将本站帐号]]></item>
				<item id="tlang03"><![CDATA[与微信绑定]]></item>
				<item id="tlang04"><![CDATA[解除已绑定帐号？]]></item>
				<item id="tlang05"><![CDATA[确认解除]]></item>
				<item id="tlang06"><![CDATA[与微信绑定，如果您想解绑，请先设置密码和邮箱]]></item>
				<item id="tlang07"><![CDATA[更改用户名和密码？]]></item>
				<item id="tlang08"><![CDATA[您只有一次修改机会，请慎重修改]]></item>
				<item id="tlang09"><![CDATA[帐号：]]></item>
				<item id="tlang10"><![CDATA[邮箱：]]></item>
				<item id="tlang11"><![CDATA[密码：]]></item>
				<item id="tlang12"><![CDATA[重复密码：]]></item>
				<item id="tlang13"><![CDATA[确认更改]]></item>
				<item id="tlang14"><![CDATA[使用微信帐号绑定本站，您可以]]></item>
				<item id="tlang15"><![CDATA[<h2 class="xi1 xs2">用微信帐号轻松登录</h2><dt>无需记住本站的帐号和密码，随时使用微信帐号密码轻松登录</dt>]]></item>
				<item id="tlang16"><![CDATA[当前已有]]></item>
				<item id="tlang17"><![CDATA[名会员绑定了微信帐号]]></item>
			</item>
		</item>
		<item id="installfile"><![CDATA[install.php]]></item>
		<item id="uninstallfile"><![CDATA[uninstall.php]]></item>
	</item>
</root>