﻿<?xml version="1.0" encoding="ISO-8859-1"?>
<root>
	<item id="Title"><![CDATA[Discuz! Plugin]]></item>
	<item id="Version"><![CDATA[X2,X2.5,X3,X3.1,X3.2,F1.0]]></item>
	<item id="Time"><![CDATA[2016-10-31 16:58]]></item>
	<item id="From"><![CDATA[分享吧（www.fx8.cc）]]></item>
	<item id="Data">
		<item id="plugin">
			<item id="available"><![CDATA[1]]></item>
			<item id="adminid"><![CDATA[1]]></item>
			<item id="name"><![CDATA[源碼哥_志凱微信登陸]]></item>
			<item id="identifier"><![CDATA[zhikai_wxlogin]]></item>
			<item id="description"><![CDATA[]]></item>
			<item id="datatables"><![CDATA[]]></item>
			<item id="directory"><![CDATA[zhikai_wxlogin/]]></item>
			<item id="copyright"><![CDATA[源碼哥（www.ymg6.com）]]></item>
			<item id="version"><![CDATA[1.0]]></item>
			<item id="__modules">
				<item id="9">
					<item id="name"><![CDATA[myyapmagoo]]></item>
					<item id="menu"><![CDATA[<span style="color:#E53333;"><b>源碼哥</b></span>]]></item>
					<item id="url"><![CDATA[]]></item>
					<item id="type"><![CDATA[3]]></item>
					<item id="adminid"><![CDATA[0]]></item>
					<item id="displayorder"><![CDATA[0]]></item>
					<item id="navtitle"><![CDATA[]]></item>
					<item id="navicon"><![CDATA[]]></item>
					<item id="navsubname"><![CDATA[]]></item>
					<item id="navsuburl"><![CDATA[]]></item>
				</item>
				<item id="0">
					<item id="name"><![CDATA[mobile]]></item>
					<item id="param"><![CDATA[]]></item>
					<item id="menu"><![CDATA[]]></item>
					<item id="url"><![CDATA[]]></item>
					<item id="type"><![CDATA[28]]></item>
					<item id="adminid"><![CDATA[0]]></item>
					<item id="displayorder"><![CDATA[0]]></item>
					<item id="navtitle"><![CDATA[]]></item>
					<item id="navicon"><![CDATA[]]></item>
					<item id="navsubname"><![CDATA[]]></item>
					<item id="navsuburl"><![CDATA[]]></item>
				</item>
				<item id="1">
					<item id="name"><![CDATA[hook]]></item>
					<item id="param"><![CDATA[]]></item>
					<item id="menu"><![CDATA[]]></item>
					<item id="url"><![CDATA[]]></item>
					<item id="type"><![CDATA[11]]></item>
					<item id="adminid"><![CDATA[0]]></item>
					<item id="displayorder"><![CDATA[0]]></item>
					<item id="navtitle"><![CDATA[]]></item>
					<item id="navicon"><![CDATA[]]></item>
					<item id="navsubname"><![CDATA[]]></item>
					<item id="navsuburl"><![CDATA[]]></item>
				</item>
				<item id="2">
					<item id="name"><![CDATA[wechat]]></item>
					<item id="param"><![CDATA[]]></item>
					<item id="menu"><![CDATA[微信綁定]]></item>
					<item id="url"><![CDATA[]]></item>
					<item id="type"><![CDATA[7]]></item>
					<item id="adminid"><![CDATA[0]]></item>
					<item id="displayorder"><![CDATA[0]]></item>
					<item id="navtitle"><![CDATA[]]></item>
					<item id="navicon"><![CDATA[]]></item>
					<item id="navsubname"><![CDATA[]]></item>
					<item id="navsuburl"><![CDATA[]]></item>
				</item>
			</item>
		</item>
		<item id="version"><![CDATA[X2,X2.5,X3,X3.1,X3.2,F1.0]]></item>
		<item id="var">
			<item id="0">
				<item id="displayorder"><![CDATA[0]]></item>
				<item id="title"><![CDATA[appid]]></item>
				<item id="description"><![CDATA[]]></item>
				<item id="variable"><![CDATA[appid]]></item>
				<item id="type"><![CDATA[text]]></item>
				<item id="value"><![CDATA[wxaaea66d3639f519a]]></item>
				<item id="extra"><![CDATA[]]></item>
			</item>
			<item id="1">
				<item id="displayorder"><![CDATA[0]]></item>
				<item id="title"><![CDATA[appsecret]]></item>
				<item id="description"><![CDATA[]]></item>
				<item id="variable"><![CDATA[appsecret]]></item>
				<item id="type"><![CDATA[text]]></item>
				<item id="value"><![CDATA[5cfb68ab782e8479716161e3f58a2d4a]]></item>
				<item id="extra"><![CDATA[]]></item>
			</item>
		</item>
		<item id="language">
			<item id="scriptlang">
				<item id="logy_m_g"><![CDATA[<h2 style="text-align:-webkit-center;">
	<span style="color:#4C33E5;">推薦一個dz商</span><span style="color:#4C33E5;">業插件模版下載的</span><span style="color:#4C33E5;"></span><span style="color:#4C33E5;">網站給大家</span><a href="http://www.ymg6.com" target="_blank"><span style="color:#4C33E5;">源碼哥分享吧</span></a><span style="color:#4C33E5;">（www.ymg6.com）</span> 
</h2>
<h3 style="text-align:-webkit-center;">
	<span style="color:#E53333;">這</span><span style="color:#E53333;">是一個</span><span style="color:#E53333;">dz商業</span><a href="http://www.ymg6.com/forum.php?mod=forumdisplay&fid=2" target="_blank"><span style="color:#337FE5;">插</span><u><span style="color:#337FE5;"></span></u><span style="color:#337FE5;">件</span></a><a href="http://www.ymg6.com/forum.php?mod=forumdisplay&fid=36" target="_blank"><u><span style="color:#337FE5;">模</span></u><u><span style="color:#337FE5;"></span></u><u><span style="color:#337FE5;">版</span></u></a><span style="color:#E53333;">資源破解分享的網站，而且還有很多精品的網站源碼下載</span> 
</h3>
<h3 style="text-align:-webkit-center;">
	<span style="color:#E53333;">他們資源每天更新，并且很多都是他們自己出錢在應用中心購買后破解分享出來的</span><br />
</h3>
<h3>
	<div style="text-align:center;">
		<span style="color:#E53333;">不過還是替他們說一下</span> 
	</div>
	<div style="text-align:center;">
		<span style="color:#E53333;">&nbsp;他們站下載的資源只限于自己學習研究內含的設計思想和原理 請勿有任何商業盈利行為</span> 
	</div>
</h3>
<h3 style="text-align:center;">
	<span style="color:#999999;">介紹也介紹完了，給大家做個小導航吧</span> 
</h3>
<h3 style="text-align:center;">
	<span style="color:#337FE5;"><a href="http://www.ymg6.com/forum.php?mod=forumdisplay&fid=2" target="_blank">dz商業破解插件下載</a> &nbsp; <a href="http://www.ymg6.com/forum.php?mod=forumdisplay&fid=36" target="_blank">dz商業風格模版下載</a> &nbsp; &nbsp;<a href="http://www.ymg6.com/forum.php?mod=forumdisplay&fid=50" target="_blank">精品網站源碼下載</a> &nbsp; &nbsp;<a href="http://www.ymg6.com/forum.php?mod=forumdisplay&fid=51" target="_blank">工具素材下載</a></span><span style="color:#337FE5;">&nbsp; &nbsp; <a href="http://www.ymg6.com/forum.php?mod=forumdisplay&fid=41" target="_blank">精選教程區</a></span> 
</h3> ]]></item>
				<item id="slang01"><![CDATA[只需一步，快速開始]]></item>
				<item id="slang02"><![CDATA[解除微信帳號綁定成功]]></item>
				<item id="slang03"><![CDATA[用戶已經存在]]></item>
				<item id="slang04"><![CDATA[請填寫密碼]]></item>
				<item id="slang05"><![CDATA[兩次密碼不一致]]></item>
				<item id="slang06"><![CDATA[郵箱已被注冊]]></item>
				<item id="slang07"><![CDATA[郵箱不正確]]></item>
				<item id="slang08"><![CDATA[郵箱已注冊]]></item>
				<item id="slang09"><![CDATA[修改完成]]></item>
				<item id="slang10"><![CDATA[參數錯誤！]]></item>
				<item id="slang11"><![CDATA[授權失敗，請重試]]></item>
				<item id="slang12"><![CDATA[用戶不存在，請重試]]></item>
				<item id="slang13"><![CDATA[登陸成功]]></item>
				<item id="slang14"><![CDATA[您已綁定過帳號，請先解綁后重新綁定！]]></item>
				<item id="slang15"><![CDATA[未定義操作]]></item>
				<item id="slang16"><![CDATA[綁定帳號成功！]]></item>
				<item id="slang17"><![CDATA[登陸成功！]]></item>
				<item id="slang18"><![CDATA[操作失敗]]></item>
				<item id="slang19"><![CDATA[綁定失敗]]></item>
				<item id="slang20"><![CDATA[請使用微信瀏覽器訪問！]]></item>
			</item>
			<item id="templatelang">
				<item id="tlang01"><![CDATA[微信掃描二維碼登陸]]></item>
				<item id="tlang02"><![CDATA[您已將本站帳號]]></item>
				<item id="tlang03"><![CDATA[與微信綁定]]></item>
				<item id="tlang04"><![CDATA[解除已綁定帳號？]]></item>
				<item id="tlang05"><![CDATA[確認解除]]></item>
				<item id="tlang06"><![CDATA[與微信綁定，如果您想解綁，請先設置密碼和郵箱]]></item>
				<item id="tlang07"><![CDATA[更改用戶名和密碼？]]></item>
				<item id="tlang08"><![CDATA[您只有一次修改機會，請慎重修改]]></item>
				<item id="tlang09"><![CDATA[帳號：]]></item>
				<item id="tlang10"><![CDATA[郵箱：]]></item>
				<item id="tlang11"><![CDATA[密碼：]]></item>
				<item id="tlang12"><![CDATA[重復密碼：]]></item>
				<item id="tlang13"><![CDATA[確認更改]]></item>
				<item id="tlang14"><![CDATA[使用微信帳號綁定本站，您可以]]></item>
				<item id="tlang15"><![CDATA[<h2 class="xi1 xs2">用微信帳號輕松登錄</h2><dt>無需記住本站的帳號和密碼，隨時使用微信帳號密碼輕松登錄</dt>]]></item>
				<item id="tlang16"><![CDATA[當前已有]]></item>
				<item id="tlang17"><![CDATA[名會員綁定了微信帳號]]></item>
			</item>
		</item>
		<item id="installfile"><![CDATA[install.php]]></item>
		<item id="uninstallfile"><![CDATA[uninstall.php]]></item>
	</item>
</root>