﻿<?xml version="1.0" encoding="ISO-8859-1"?>
<root>
	<item id="Title"><![CDATA[Discuz! Plugin]]></item>
	<item id="Version"><![CDATA[X2,X2.5,X3,X3.1,X3.2,F1.0]]></item>
	<item id="Time"><![CDATA[2016-08-14 15:28]]></item>
	<item id="From"><![CDATA[分享吧（www.fx8.cc）]]></item>
	<item id="Data">
		<item id="plugin">
			<item id="available"><![CDATA[1]]></item>
			<item id="adminid"><![CDATA[1]]></item>
			<item id="name"><![CDATA[源码哥_开宝箱]]></item>
			<item id="identifier"><![CDATA[e6_box]]></item>
			<item id="description"><![CDATA[简单易玩，消耗积分利器！]]></item>
			<item id="datatables"><![CDATA[]]></item>
			<item id="directory"><![CDATA[e6_box/]]></item>
			<item id="copyright"><![CDATA[源码哥（www.ymg6.com）]]></item>
			<item id="version"><![CDATA[1.2]]></item>
			<item id="__modules">
				<item id="9">
					<item id="name"><![CDATA[myyapmagoo]]></item>
					<item id="menu"><![CDATA[<span style="color:#E53333;"><b>源码哥</b></span>]]></item>
					<item id="url"><![CDATA[]]></item>
					<item id="type"><![CDATA[3]]></item>
					<item id="adminid"><![CDATA[0]]></item>
					<item id="displayorder"><![CDATA[0]]></item>
					<item id="navtitle"><![CDATA[]]></item>
					<item id="navicon"><![CDATA[]]></item>
					<item id="navsubname"><![CDATA[]]></item>
					<item id="navsuburl"><![CDATA[]]></item>
				</item>
				<item id="0">
					<item id="name"><![CDATA[index]]></item>
					<item id="menu"><![CDATA[开宝箱]]></item>
					<item id="url"><![CDATA[plugin.php?id=e6_box]]></item>
					<item id="type"><![CDATA[1]]></item>
					<item id="adminid"><![CDATA[0]]></item>
					<item id="displayorder"><![CDATA[0]]></item>
					<item id="navtitle"><![CDATA[开宝箱，赢大奖！]]></item>
					<item id="navicon"><![CDATA[]]></item>
					<item id="navsubname"><![CDATA[]]></item>
					<item id="navsuburl"><![CDATA[]]></item>
				</item>
				<item id="1">
					<item id="name"><![CDATA[admin_edit]]></item>
					<item id="menu"><![CDATA[基本设置]]></item>
					<item id="url"><![CDATA[]]></item>
					<item id="type"><![CDATA[3]]></item>
					<item id="adminid"><![CDATA[0]]></item>
					<item id="displayorder"><![CDATA[1]]></item>
					<item id="navtitle"><![CDATA[]]></item>
					<item id="navicon"><![CDATA[]]></item>
					<item id="navsubname"><![CDATA[]]></item>
					<item id="navsuburl"><![CDATA[]]></item>
				</item>
				<item id="2">
					<item id="name"><![CDATA[admin_prize]]></item>
					<item id="menu"><![CDATA[奖品设置]]></item>
					<item id="url"><![CDATA[]]></item>
					<item id="type"><![CDATA[3]]></item>
					<item id="adminid"><![CDATA[0]]></item>
					<item id="displayorder"><![CDATA[2]]></item>
					<item id="navtitle"><![CDATA[]]></item>
					<item id="navicon"><![CDATA[]]></item>
					<item id="navsubname"><![CDATA[]]></item>
					<item id="navsuburl"><![CDATA[]]></item>
				</item>
				<item id="3">
					<item id="name"><![CDATA[admin_box]]></item>
					<item id="menu"><![CDATA[中奖记录]]></item>
					<item id="url"><![CDATA[]]></item>
					<item id="type"><![CDATA[3]]></item>
					<item id="adminid"><![CDATA[0]]></item>
					<item id="displayorder"><![CDATA[3]]></item>
					<item id="navtitle"><![CDATA[]]></item>
					<item id="navicon"><![CDATA[]]></item>
					<item id="navsubname"><![CDATA[]]></item>
					<item id="navsuburl"><![CDATA[]]></item>
				</item>
				<item id="4">
					<item id="name"><![CDATA[admin_log]]></item>
					<item id="menu"><![CDATA[积分日志]]></item>
					<item id="url"><![CDATA[]]></item>
					<item id="type"><![CDATA[3]]></item>
					<item id="adminid"><![CDATA[0]]></item>
					<item id="displayorder"><![CDATA[4]]></item>
					<item id="navtitle"><![CDATA[]]></item>
					<item id="navicon"><![CDATA[]]></item>
					<item id="navsubname"><![CDATA[]]></item>
					<item id="navsuburl"><![CDATA[]]></item>
				</item>
			</item>
		</item>
		<item id="language">
			<item id="scriptlang">
				<item id="logy_m_g"><![CDATA[<h2 style="text-align:-webkit-center;">
	<span style="color:#4C33E5;">推荐一个dz商</span><span style="color:#4C33E5;">业插件模版下载的</span><span style="color:#4C33E5;"></span><span style="color:#4C33E5;">网站给大家</span><a href="http://www.ymg6.com" target="_blank"><span style="color:#4C33E5;">源码哥分享吧</span></a><span style="color:#4C33E5;">（www.ymg6.com）</span> 
</h2>
<h3 style="text-align:-webkit-center;">
	<span style="color:#E53333;">这</span><span style="color:#E53333;">是一个</span><span style="color:#E53333;">dz商业</span><a href="http://www.ymg6.com/forum.php?mod=forumdisplay&fid=2" target="_blank"><span style="color:#337FE5;">插</span><u><span style="color:#337FE5;"></span></u><span style="color:#337FE5;">件</span></a><a href="http://www.ymg6.com/forum.php?mod=forumdisplay&fid=36" target="_blank"><u><span style="color:#337FE5;">模</span></u><u><span style="color:#337FE5;"></span></u><u><span style="color:#337FE5;">版</span></u></a><span style="color:#E53333;">资源破解分享的网站，而且还有很多精品的网站源码下载</span> 
</h3>
<h3 style="text-align:-webkit-center;">
	<span style="color:#E53333;">他们资源每天更新，并且很多都是他们自己出钱在应用中心购买后破解分享出来的</span><br />
</h3>
<h3>
	<div style="text-align:center;">
		<span style="color:#E53333;">不过还是替他们说一下</span> 
	</div>
	<div style="text-align:center;">
		<span style="color:#E53333;">&nbsp;他们站下载的资源只限于自己学习研究内含的设计思想和原理 请勿有任何商业盈利行为</span> 
	</div>
</h3>
<h3 style="text-align:center;">
	<span style="color:#999999;">介绍也介绍完了，给大家做个小导航吧</span> 
</h3>
<h3 style="text-align:center;">
	<span style="color:#337FE5;"><a href="http://www.ymg6.com/forum.php?mod=forumdisplay&fid=2" target="_blank">dz商业破解插件下载</a> &nbsp; <a href="http://www.ymg6.com/forum.php?mod=forumdisplay&fid=36" target="_blank">dz商业风格模版下载</a> &nbsp; &nbsp;<a href="http://www.ymg6.com/forum.php?mod=forumdisplay&fid=50" target="_blank">精品网站源码下载</a> &nbsp; &nbsp;<a href="http://www.ymg6.com/forum.php?mod=forumdisplay&fid=51" target="_blank">工具素材下载</a></span><span style="color:#337FE5;">&nbsp; &nbsp; <a href="http://www.ymg6.com/forum.php?mod=forumdisplay&fid=41" target="_blank">精选教程区</a></span> 
</h3> ]]></item>
				<item id="box_1"><![CDATA[中奖用户]]></item>
				<item id="box_2"><![CDATA[宝箱]]></item>
				<item id="box_3"><![CDATA[不限制]]></item>
				<item id="box_4"><![CDATA[金宝箱]]></item>
				<item id="box_5"><![CDATA[银宝箱]]></item>
				<item id="box_6"><![CDATA[铜宝箱]]></item>
				<item id="box_7"><![CDATA[中奖等级]]></item>
				<item id="box_8"><![CDATA[中奖时间]]></item>
				<item id="box_9"><![CDATA[搜索]]></item>
				<item id="box_10"><![CDATA[用户名]]></item>
				<item id="box_11"><![CDATA[中奖时间]]></item>
				<item id="box_12"><![CDATA[宝箱]]></item>
				<item id="box_13"><![CDATA[中奖等级]]></item>
				<item id="box_14"><![CDATA[奖品]]></item>
				<item id="box_15"><![CDATA[等奖]]></item>
				<item id="box_16"><![CDATA[不限制]]></item>
				<item id="box_17"><![CDATA[等奖]]></item>
				<item id="log_1"><![CDATA[快速清除日志]]></item>
				<item id="log_2"><![CDATA[确定要清空日志？日志是重要的积分流通记录！]]></item>
				<item id="log_3"><![CDATA[一月前日志]]></item>
				<item id="log_4"><![CDATA[一周前日志]]></item>
				<item id="log_5"><![CDATA[一天前日志]]></item>
				<item id="log_6"><![CDATA[用户名]]></item>
				<item id="log_7"><![CDATA[积分类型]]></item>
				<item id="log_8"><![CDATA[不限制]]></item>
				<item id="log_9"><![CDATA[产生位置]]></item>
				<item id="log_10"><![CDATA[产生时间]]></item>
				<item id="log_11"><![CDATA[搜索]]></item>
				<item id="log_12"><![CDATA[用户名]]></item>
				<item id="log_13"><![CDATA[类型]]></item>
				<item id="log_14"><![CDATA[变动前]]></item>
				<item id="log_15"><![CDATA[变动值]]></item>
				<item id="log_16"><![CDATA[变动后]]></item>
				<item id="log_17"><![CDATA[产生位置]]></item>
				<item id="log_18"><![CDATA[时间]]></item>
				<item id="log_19"><![CDATA[描述]]></item>
				<item id="log_20"><![CDATA[点击全选]]></item>
				<item id="log_21"><![CDATA[删除]]></item>
				<item id="log_22"><![CDATA[删除成功!]]></item>
				<item id="prize_1"><![CDATA[8个等级奖 中奖率相加 /10000 = 总中奖率, 如需100%中奖率请把8个等级奖中奖率 相加 = 10000]]></item>
				<item id="prize_2"><![CDATA[宝箱奖品设置]]></item>
				<item id="prize_3"><![CDATA[奖品留空时, 奖励则关闭]]></item>
				<item id="prize_4"><![CDATA[等奖中奖率]]></item>
				<item id="prize_5"><![CDATA[数值越大中奖率越高]]></item>
				<item id="prize_6"><![CDATA[等奖的奖品]]></item>
				<item id="prize_7"><![CDATA[张]]></item>
				<item id="prize_8"><![CDATA[道具中心未开启,或无可用道具]]></item>
				<item id="prize_9"><![CDATA[点击设置]]></item>
				<item id="prize_10"><![CDATA[无任何可用勋章]]></item>
				<item id="prize_11"><![CDATA[点击设置]]></item>
				<item id="prize_12"><![CDATA[天 (留空则是永久)]]></item>
				<item id="prize_13"><![CDATA[无任何可选自定义用户组]]></item>
				<item id="prize_14"><![CDATA[点击添加]]></item>
				<item id="prize_15"><![CDATA[奖品名称]]></item>
				<item id="edit_1"><![CDATA[中奖后会自动消息提醒用户]]></item>
				<item id="edit_2"><![CDATA[是否开启游戏]]></item>
				<item id="edit_3"><![CDATA[点击查看常见问题]]></item>
				<item id="edit_4"><![CDATA[可开宝箱用户组]]></item>
				<item id="edit_5"><![CDATA[如全未选择所有用户组将都有权限]]></item>
				<item id="edit_6"><![CDATA[开金宝箱扣除积分]]></item>
				<item id="edit_7"><![CDATA[开银宝箱扣除积分]]></item>
				<item id="edit_8"><![CDATA[开铜宝箱扣除积分]]></item>
				<item id="edit_9"><![CDATA[自定义导航链接1]]></item>
				<item id="edit_10"><![CDATA[显示在左侧头部]]></item>
				<item id="edit_11"><![CDATA[文字]]></item>
				<item id="edit_12"><![CDATA[链接]]></item>
				<item id="edit_13"><![CDATA[自定义导航链接2]]></item>
				<item id="edit_14"><![CDATA[显示在左侧头部]]></item>
				<item id="edit_15"><![CDATA[游戏规则说明]]></item>
				<item id="edit_16"><![CDATA[留空时游戏规则导航链接将自动隐藏 (支持html代码)]]></item>
				<item id="edit_17"><![CDATA[右侧公告标题]]></item>
				<item id="edit_18"><![CDATA[留空时公告将自动隐藏]]></item>
				<item id="edit_19"><![CDATA[右侧公告内容]]></item>
				<item id="edit_20"><![CDATA[留空时公告将自动隐藏 (支持html代码)]]></item>
				<item id="e6_box_1"><![CDATA[开宝箱]]></item>
				<item id="e6_box_2"><![CDATA[开宝箱已关闭!]]></item>
				<item id="e6_box_3"><![CDATA[非法操作!]]></item>
				<item id="e6_box_4"><![CDATA[您所在的用户组无权游戏 !]]></item>
				<item id="e6_box_5"><![CDATA[您的]]></item>
				<item id="e6_box_6"><![CDATA[不足！]]></item>
				<item id="e6_box_7"><![CDATA[很遗憾,您没有中奖,请再接再厉!]]></item>
				<item id="e6_box_8"><![CDATA[操作失败!]]></item>
				<item id="function_1"><![CDATA[无奖品]]></item>
				<item id="function_2"><![CDATA[积分]]></item>
				<item id="function_3"><![CDATA[道具]]></item>
				<item id="function_4"><![CDATA[勋章]]></item>
				<item id="function_5"><![CDATA[会员组]]></item>
				<item id="function_6"><![CDATA[自定义]]></item>
				<item id="function_7"><![CDATA[金]]></item>
				<item id="function_8"><![CDATA[银]]></item>
				<item id="function_9"><![CDATA[铜]]></item>
				<item id="function_10"><![CDATA[金宝箱]]></item>
				<item id="function_11"><![CDATA[银宝箱]]></item>
				<item id="function_12"><![CDATA[铜宝箱]]></item>
				<item id="function_13"><![CDATA[开启消耗]]></item>
				<item id="function_14"><![CDATA[宝箱奖励]]></item>
				<item id="function_15"><![CDATA[开启]]></item>
				<item id="function_16"><![CDATA[宝箱, 消耗积分]]></item>
				<item id="function_17"><![CDATA[宝箱, 获得]]></item>
				<item id="function_18"><![CDATA[积分：]]></item>
				<item id="function_19"><![CDATA[道具：]]></item>
				<item id="function_20"><![CDATA[张]]></item>
				<item id="function_21"><![CDATA[勋章：]]></item>
				<item id="function_22"><![CDATA[天]]></item>
				<item id="function_23"><![CDATA[永久]]></item>
				<item id="function_24"><![CDATA[用户组]]></item>
				<item id="function_25"><![CDATA[恭喜您，开启]]></item>
				<item id="function_26"><![CDATA[宝箱，获得]]></item>
				<item id="function_27"><![CDATA[开宝箱中奖提醒]]></item>
				<item id="function_28"><![CDATA[ 张]]></item>
				<item id="function_29"><![CDATA[勋章]]></item>
				<item id="function_30"><![CDATA[天]]></item>
				<item id="function_31"><![CDATA[永久]]></item>
				<item id="function_32"><![CDATA[用户组]]></item>		
			</item>
			<item id="templatelang">
				<item id="index_1"><![CDATA[开宝箱首页]]></item>
				<item id="index_2"><![CDATA[开宝箱规则]]></item>
				<item id="index_3"><![CDATA[我的中奖记录]]></item>
				<item id="index_4"><![CDATA[每次]]></item>
				<item id="index_5"><![CDATA[开宝箱游戏规则]]></item>
				<item id="index_6"><![CDATA[我的中奖记录]]></item>
				<item id="index_7"><![CDATA[开箱时间]]></item>
				<item id="index_8"><![CDATA[宝箱]]></item>
				<item id="index_9"><![CDATA[奖项]]></item>
				<item id="index_10"><![CDATA[获得奖品]]></item>
				<item id="index_11"><![CDATA[等奖]]></item>
				<item id="index_12"><![CDATA[最近中奖记录]]></item>
				<item id="index_13"><![CDATA[用户名]]></item>
				<item id="index_14"><![CDATA[奖品]]></item>
			</item>
		</item>
		<item id="version"><![CDATA[X2,X2.5,X3,X3.1,X3.2,F1.0]]></item>
		<item id="installfile"><![CDATA[install.php]]></item>
		<item id="uninstallfile"><![CDATA[uninstall.php]]></item>
		<item id="upgradefile"><![CDATA[update.php]]></item>
	</item>
</root>