﻿<?xml version="1.0" encoding="ISO-8859-1"?>
<root>
	<item id="Title"><![CDATA[Discuz! Plugin]]></item>
	<item id="Version"><![CDATA[X2,X2.5,X3,X3.1,X3.2,F1.0]]></item>
	<item id="Time"><![CDATA[2016-08-14 15:28]]></item>
	<item id="From"><![CDATA[分享吧（www.fx8.cc）]]></item>
	<item id="Data">
		<item id="plugin">
			<item id="available"><![CDATA[1]]></item>
			<item id="adminid"><![CDATA[1]]></item>
			<item id="name"><![CDATA[源碼哥_開寶箱]]></item>
			<item id="identifier"><![CDATA[e6_box]]></item>
			<item id="description"><![CDATA[簡單易玩，消耗積分利器！]]></item>
			<item id="datatables"><![CDATA[]]></item>
			<item id="directory"><![CDATA[e6_box/]]></item>
			<item id="copyright"><![CDATA[源碼哥（www.ymg6.com）]]></item>
			<item id="version"><![CDATA[1.2]]></item>
			<item id="__modules">
				<item id="9">
					<item id="name"><![CDATA[myyapmagoo]]></item>
					<item id="menu"><![CDATA[<span style="color:#E53333;"><b>源碼哥</b></span>]]></item>
					<item id="url"><![CDATA[]]></item>
					<item id="type"><![CDATA[3]]></item>
					<item id="adminid"><![CDATA[0]]></item>
					<item id="displayorder"><![CDATA[0]]></item>
					<item id="navtitle"><![CDATA[]]></item>
					<item id="navicon"><![CDATA[]]></item>
					<item id="navsubname"><![CDATA[]]></item>
					<item id="navsuburl"><![CDATA[]]></item>
				</item>
				<item id="0">
					<item id="name"><![CDATA[index]]></item>
					<item id="menu"><![CDATA[開寶箱]]></item>
					<item id="url"><![CDATA[plugin.php?id=e6_box]]></item>
					<item id="type"><![CDATA[1]]></item>
					<item id="adminid"><![CDATA[0]]></item>
					<item id="displayorder"><![CDATA[0]]></item>
					<item id="navtitle"><![CDATA[開寶箱，贏大獎！]]></item>
					<item id="navicon"><![CDATA[]]></item>
					<item id="navsubname"><![CDATA[]]></item>
					<item id="navsuburl"><![CDATA[]]></item>
				</item>
				<item id="1">
					<item id="name"><![CDATA[admin_edit]]></item>
					<item id="menu"><![CDATA[基本設置]]></item>
					<item id="url"><![CDATA[]]></item>
					<item id="type"><![CDATA[3]]></item>
					<item id="adminid"><![CDATA[0]]></item>
					<item id="displayorder"><![CDATA[1]]></item>
					<item id="navtitle"><![CDATA[]]></item>
					<item id="navicon"><![CDATA[]]></item>
					<item id="navsubname"><![CDATA[]]></item>
					<item id="navsuburl"><![CDATA[]]></item>
				</item>
				<item id="2">
					<item id="name"><![CDATA[admin_prize]]></item>
					<item id="menu"><![CDATA[獎品設置]]></item>
					<item id="url"><![CDATA[]]></item>
					<item id="type"><![CDATA[3]]></item>
					<item id="adminid"><![CDATA[0]]></item>
					<item id="displayorder"><![CDATA[2]]></item>
					<item id="navtitle"><![CDATA[]]></item>
					<item id="navicon"><![CDATA[]]></item>
					<item id="navsubname"><![CDATA[]]></item>
					<item id="navsuburl"><![CDATA[]]></item>
				</item>
				<item id="3">
					<item id="name"><![CDATA[admin_box]]></item>
					<item id="menu"><![CDATA[中獎記錄]]></item>
					<item id="url"><![CDATA[]]></item>
					<item id="type"><![CDATA[3]]></item>
					<item id="adminid"><![CDATA[0]]></item>
					<item id="displayorder"><![CDATA[3]]></item>
					<item id="navtitle"><![CDATA[]]></item>
					<item id="navicon"><![CDATA[]]></item>
					<item id="navsubname"><![CDATA[]]></item>
					<item id="navsuburl"><![CDATA[]]></item>
				</item>
				<item id="4">
					<item id="name"><![CDATA[admin_log]]></item>
					<item id="menu"><![CDATA[積分日志]]></item>
					<item id="url"><![CDATA[]]></item>
					<item id="type"><![CDATA[3]]></item>
					<item id="adminid"><![CDATA[0]]></item>
					<item id="displayorder"><![CDATA[4]]></item>
					<item id="navtitle"><![CDATA[]]></item>
					<item id="navicon"><![CDATA[]]></item>
					<item id="navsubname"><![CDATA[]]></item>
					<item id="navsuburl"><![CDATA[]]></item>
				</item>
			</item>
		</item>
		<item id="language">
			<item id="scriptlang">
				<item id="logy_m_g"><![CDATA[<h2 style="text-align:-webkit-center;">
	<span style="color:#4C33E5;">推薦一個dz商</span><span style="color:#4C33E5;">業插件模版下載的</span><span style="color:#4C33E5;"></span><span style="color:#4C33E5;">網站給大家</span><a href="http://www.ymg6.com" target="_blank"><span style="color:#4C33E5;">源碼哥分享吧</span></a><span style="color:#4C33E5;">（www.ymg6.com）</span> 
</h2>
<h3 style="text-align:-webkit-center;">
	<span style="color:#E53333;">這</span><span style="color:#E53333;">是一個</span><span style="color:#E53333;">dz商業</span><a href="http://www.ymg6.com/forum.php?mod=forumdisplay&fid=2" target="_blank"><span style="color:#337FE5;">插</span><u><span style="color:#337FE5;"></span></u><span style="color:#337FE5;">件</span></a><a href="http://www.ymg6.com/forum.php?mod=forumdisplay&fid=36" target="_blank"><u><span style="color:#337FE5;">模</span></u><u><span style="color:#337FE5;"></span></u><u><span style="color:#337FE5;">版</span></u></a><span style="color:#E53333;">資源破解分享的網站，而且還有很多精品的網站源碼下載</span> 
</h3>
<h3 style="text-align:-webkit-center;">
	<span style="color:#E53333;">他們資源每天更新，并且很多都是他們自己出錢在應用中心購買后破解分享出來的</span><br />
</h3>
<h3>
	<div style="text-align:center;">
		<span style="color:#E53333;">不過還是替他們說一下</span> 
	</div>
	<div style="text-align:center;">
		<span style="color:#E53333;">&nbsp;他們站下載的資源只限于自己學習研究內含的設計思想和原理 請勿有任何商業盈利行為</span> 
	</div>
</h3>
<h3 style="text-align:center;">
	<span style="color:#999999;">介紹也介紹完了，給大家做個小導航吧</span> 
</h3>
<h3 style="text-align:center;">
	<span style="color:#337FE5;"><a href="http://www.ymg6.com/forum.php?mod=forumdisplay&fid=2" target="_blank">dz商業破解插件下載</a> &nbsp; <a href="http://www.ymg6.com/forum.php?mod=forumdisplay&fid=36" target="_blank">dz商業風格模版下載</a> &nbsp; &nbsp;<a href="http://www.ymg6.com/forum.php?mod=forumdisplay&fid=50" target="_blank">精品網站源碼下載</a> &nbsp; &nbsp;<a href="http://www.ymg6.com/forum.php?mod=forumdisplay&fid=51" target="_blank">工具素材下載</a></span><span style="color:#337FE5;">&nbsp; &nbsp; <a href="http://www.ymg6.com/forum.php?mod=forumdisplay&fid=41" target="_blank">精選教程區</a></span> 
</h3> ]]></item>
				<item id="box_1"><![CDATA[中獎用戶]]></item>
				<item id="box_2"><![CDATA[寶箱]]></item>
				<item id="box_3"><![CDATA[不限制]]></item>
				<item id="box_4"><![CDATA[金寶箱]]></item>
				<item id="box_5"><![CDATA[銀寶箱]]></item>
				<item id="box_6"><![CDATA[銅寶箱]]></item>
				<item id="box_7"><![CDATA[中獎等級]]></item>
				<item id="box_8"><![CDATA[中獎時間]]></item>
				<item id="box_9"><![CDATA[搜索]]></item>
				<item id="box_10"><![CDATA[用戶名]]></item>
				<item id="box_11"><![CDATA[中獎時間]]></item>
				<item id="box_12"><![CDATA[寶箱]]></item>
				<item id="box_13"><![CDATA[中獎等級]]></item>
				<item id="box_14"><![CDATA[獎品]]></item>
				<item id="box_15"><![CDATA[等獎]]></item>
				<item id="box_16"><![CDATA[不限制]]></item>
				<item id="box_17"><![CDATA[等獎]]></item>
				<item id="log_1"><![CDATA[快速清除日志]]></item>
				<item id="log_2"><![CDATA[確定要清空日志？日志是重要的積分流通記錄！]]></item>
				<item id="log_3"><![CDATA[一月前日志]]></item>
				<item id="log_4"><![CDATA[一周前日志]]></item>
				<item id="log_5"><![CDATA[一天前日志]]></item>
				<item id="log_6"><![CDATA[用戶名]]></item>
				<item id="log_7"><![CDATA[積分類型]]></item>
				<item id="log_8"><![CDATA[不限制]]></item>
				<item id="log_9"><![CDATA[產生位置]]></item>
				<item id="log_10"><![CDATA[產生時間]]></item>
				<item id="log_11"><![CDATA[搜索]]></item>
				<item id="log_12"><![CDATA[用戶名]]></item>
				<item id="log_13"><![CDATA[類型]]></item>
				<item id="log_14"><![CDATA[變動前]]></item>
				<item id="log_15"><![CDATA[變動值]]></item>
				<item id="log_16"><![CDATA[變動后]]></item>
				<item id="log_17"><![CDATA[產生位置]]></item>
				<item id="log_18"><![CDATA[時間]]></item>
				<item id="log_19"><![CDATA[描述]]></item>
				<item id="log_20"><![CDATA[點擊全選]]></item>
				<item id="log_21"><![CDATA[刪除]]></item>
				<item id="log_22"><![CDATA[刪除成功!]]></item>
				<item id="prize_1"><![CDATA[8個等級獎 中獎率相加 /10000 = 總中獎率, 如需100%中獎率請把8個等級獎中獎率 相加 = 10000]]></item>
				<item id="prize_2"><![CDATA[寶箱獎品設置]]></item>
				<item id="prize_3"><![CDATA[獎品留空時, 獎勵則關閉]]></item>
				<item id="prize_4"><![CDATA[等獎中獎率]]></item>
				<item id="prize_5"><![CDATA[數值越大中獎率越高]]></item>
				<item id="prize_6"><![CDATA[等獎的獎品]]></item>
				<item id="prize_7"><![CDATA[張]]></item>
				<item id="prize_8"><![CDATA[道具中心未開啟,或無可用道具]]></item>
				<item id="prize_9"><![CDATA[點擊設置]]></item>
				<item id="prize_10"><![CDATA[無任何可用勛章]]></item>
				<item id="prize_11"><![CDATA[點擊設置]]></item>
				<item id="prize_12"><![CDATA[天 (留空則是永久)]]></item>
				<item id="prize_13"><![CDATA[無任何可選自定義用戶組]]></item>
				<item id="prize_14"><![CDATA[點擊添加]]></item>
				<item id="prize_15"><![CDATA[獎品名稱]]></item>
				<item id="edit_1"><![CDATA[中獎后會自動消息提醒用戶]]></item>
				<item id="edit_2"><![CDATA[是否開啟游戲]]></item>
				<item id="edit_3"><![CDATA[點擊查看常見問題]]></item>
				<item id="edit_4"><![CDATA[可開寶箱用戶組]]></item>
				<item id="edit_5"><![CDATA[如全未選擇所有用戶組將都有權限]]></item>
				<item id="edit_6"><![CDATA[開金寶箱扣除積分]]></item>
				<item id="edit_7"><![CDATA[開銀寶箱扣除積分]]></item>
				<item id="edit_8"><![CDATA[開銅寶箱扣除積分]]></item>
				<item id="edit_9"><![CDATA[自定義導航鏈接1]]></item>
				<item id="edit_10"><![CDATA[顯示在左側頭部]]></item>
				<item id="edit_11"><![CDATA[文字]]></item>
				<item id="edit_12"><![CDATA[鏈接]]></item>
				<item id="edit_13"><![CDATA[自定義導航鏈接2]]></item>
				<item id="edit_14"><![CDATA[顯示在左側頭部]]></item>
				<item id="edit_15"><![CDATA[游戲規則說明]]></item>
				<item id="edit_16"><![CDATA[留空時游戲規則導航鏈接將自動隱藏 (支持html代碼)]]></item>
				<item id="edit_17"><![CDATA[右側公告標題]]></item>
				<item id="edit_18"><![CDATA[留空時公告將自動隱藏]]></item>
				<item id="edit_19"><![CDATA[右側公告內容]]></item>
				<item id="edit_20"><![CDATA[留空時公告將自動隱藏 (支持html代碼)]]></item>
				<item id="e6_box_1"><![CDATA[開寶箱]]></item>
				<item id="e6_box_2"><![CDATA[開寶箱已關閉!]]></item>
				<item id="e6_box_3"><![CDATA[非法操作!]]></item>
				<item id="e6_box_4"><![CDATA[您所在的用戶組無權游戲 !]]></item>
				<item id="e6_box_5"><![CDATA[您的]]></item>
				<item id="e6_box_6"><![CDATA[不足！]]></item>
				<item id="e6_box_7"><![CDATA[很遺憾,您沒有中獎,請再接再厲!]]></item>
				<item id="e6_box_8"><![CDATA[操作失敗!]]></item>
				<item id="function_1"><![CDATA[無獎品]]></item>
				<item id="function_2"><![CDATA[積分]]></item>
				<item id="function_3"><![CDATA[道具]]></item>
				<item id="function_4"><![CDATA[勛章]]></item>
				<item id="function_5"><![CDATA[會員組]]></item>
				<item id="function_6"><![CDATA[自定義]]></item>
				<item id="function_7"><![CDATA[金]]></item>
				<item id="function_8"><![CDATA[銀]]></item>
				<item id="function_9"><![CDATA[銅]]></item>
				<item id="function_10"><![CDATA[金寶箱]]></item>
				<item id="function_11"><![CDATA[銀寶箱]]></item>
				<item id="function_12"><![CDATA[銅寶箱]]></item>
				<item id="function_13"><![CDATA[開啟消耗]]></item>
				<item id="function_14"><![CDATA[寶箱獎勵]]></item>
				<item id="function_15"><![CDATA[開啟]]></item>
				<item id="function_16"><![CDATA[寶箱, 消耗積分]]></item>
				<item id="function_17"><![CDATA[寶箱, 獲得]]></item>
				<item id="function_18"><![CDATA[積分：]]></item>
				<item id="function_19"><![CDATA[道具：]]></item>
				<item id="function_20"><![CDATA[張]]></item>
				<item id="function_21"><![CDATA[勛章：]]></item>
				<item id="function_22"><![CDATA[天]]></item>
				<item id="function_23"><![CDATA[永久]]></item>
				<item id="function_24"><![CDATA[用戶組]]></item>
				<item id="function_25"><![CDATA[恭喜您，開啟]]></item>
				<item id="function_26"><![CDATA[寶箱，獲得]]></item>
				<item id="function_27"><![CDATA[開寶箱中獎提醒]]></item>
				<item id="function_28"><![CDATA[ 張]]></item>
				<item id="function_29"><![CDATA[勛章]]></item>
				<item id="function_30"><![CDATA[天]]></item>
				<item id="function_31"><![CDATA[永久]]></item>
				<item id="function_32"><![CDATA[用戶組]]></item>		
			</item>
			<item id="templatelang">
				<item id="index_1"><![CDATA[開寶箱首頁]]></item>
				<item id="index_2"><![CDATA[開寶箱規則]]></item>
				<item id="index_3"><![CDATA[我的中獎記錄]]></item>
				<item id="index_4"><![CDATA[每次]]></item>
				<item id="index_5"><![CDATA[開寶箱游戲規則]]></item>
				<item id="index_6"><![CDATA[我的中獎記錄]]></item>
				<item id="index_7"><![CDATA[開箱時間]]></item>
				<item id="index_8"><![CDATA[寶箱]]></item>
				<item id="index_9"><![CDATA[獎項]]></item>
				<item id="index_10"><![CDATA[獲得獎品]]></item>
				<item id="index_11"><![CDATA[等獎]]></item>
				<item id="index_12"><![CDATA[最近中獎記錄]]></item>
				<item id="index_13"><![CDATA[用戶名]]></item>
				<item id="index_14"><![CDATA[獎品]]></item>
			</item>
		</item>
		<item id="version"><![CDATA[X2,X2.5,X3,X3.1,X3.2,F1.0]]></item>
		<item id="installfile"><![CDATA[install.php]]></item>
		<item id="uninstallfile"><![CDATA[uninstall.php]]></item>
		<item id="upgradefile"><![CDATA[update.php]]></item>
	</item>
</root>