﻿<?xml version="1.0" encoding="ISO-8859-1"?>
<root>
	<item id="Title"><![CDATA[Discuz! Plugin]]></item>
	<item id="Version"><![CDATA[X2,X2.5,X3,X3.1,X3.2,F1.0]]></item>
	<item id="Time"><![CDATA[2016-08-16 16:52]]></item>
	<item id="From"><![CDATA[分享吧（www.fx8.cc）]]></item>
	<item id="Data">
		<item id="plugin">
			<item id="available"><![CDATA[1]]></item>
			<item id="adminid"><![CDATA[1]]></item>
			<item id="name"><![CDATA[源码哥_签名买卖]]></item>
			<item id="identifier"><![CDATA[e6_signature]]></item>
			<item id="description"><![CDATA[最给力的签名消耗插件]]></item>
			<item id="datatables"><![CDATA[]]></item>
			<item id="directory"><![CDATA[e6_signature/]]></item>
			<item id="copyright"><![CDATA[源码哥（www.ymg6.com）]]></item>
			<item id="version"><![CDATA[1.25]]></item>
			<item id="__modules">
				<item id="9">
					<item id="name"><![CDATA[myyapmagoo]]></item>
					<item id="menu"><![CDATA[<span style="color:#E53333;"><b>源码哥</b></span>]]></item>
					<item id="url"><![CDATA[]]></item>
					<item id="type"><![CDATA[3]]></item>
					<item id="adminid"><![CDATA[0]]></item>
					<item id="displayorder"><![CDATA[0]]></item>
					<item id="navtitle"><![CDATA[]]></item>
					<item id="navicon"><![CDATA[]]></item>
					<item id="navsubname"><![CDATA[]]></item>
					<item id="navsuburl"><![CDATA[]]></item>
				</item>
				<item id="0">
					<item id="name"><![CDATA[index]]></item>
					<item id="menu"><![CDATA[签名交易]]></item>
					<item id="url"><![CDATA[plugin.php?id=e6_signature]]></item>
					<item id="type"><![CDATA[1]]></item>
					<item id="adminid"><![CDATA[0]]></item>
					<item id="displayorder"><![CDATA[0]]></item>
					<item id="navtitle"><![CDATA[]]></item>
					<item id="navicon"><![CDATA[]]></item>
					<item id="navsubname"><![CDATA[]]></item>
					<item id="navsuburl"><![CDATA[]]></item>
				</item>
				<item id="1">
					<item id="name"><![CDATA[signature]]></item>
					<item id="menu"><![CDATA[]]></item>
					<item id="url"><![CDATA[]]></item>
					<item id="type"><![CDATA[11]]></item>
					<item id="adminid"><![CDATA[0]]></item>
					<item id="displayorder"><![CDATA[0]]></item>
					<item id="navtitle"><![CDATA[]]></item>
					<item id="navicon"><![CDATA[]]></item>
					<item id="navsubname"><![CDATA[]]></item>
					<item id="navsuburl"><![CDATA[]]></item>
				</item>
				<item id="2">
					<item id="name"><![CDATA[admin_edit]]></item>
					<item id="menu"><![CDATA[基本设置]]></item>
					<item id="url"><![CDATA[]]></item>
					<item id="type"><![CDATA[3]]></item>
					<item id="adminid"><![CDATA[0]]></item>
					<item id="displayorder"><![CDATA[1]]></item>
					<item id="navtitle"><![CDATA[]]></item>
					<item id="navicon"><![CDATA[]]></item>
					<item id="navsubname"><![CDATA[]]></item>
					<item id="navsuburl"><![CDATA[]]></item>
				</item>
				<item id="3">
					<item id="name"><![CDATA[admin_high]]></item>
					<item id="menu"><![CDATA[高级设置]]></item>
					<item id="url"><![CDATA[]]></item>
					<item id="type"><![CDATA[3]]></item>
					<item id="adminid"><![CDATA[0]]></item>
					<item id="displayorder"><![CDATA[2]]></item>
					<item id="navtitle"><![CDATA[]]></item>
					<item id="navicon"><![CDATA[]]></item>
					<item id="navsubname"><![CDATA[]]></item>
					<item id="navsuburl"><![CDATA[]]></item>
				</item>
				<item id="4">
					<item id="name"><![CDATA[admin_list]]></item>
					<item id="menu"><![CDATA[签名管理]]></item>
					<item id="url"><![CDATA[]]></item>
					<item id="type"><![CDATA[3]]></item>
					<item id="adminid"><![CDATA[0]]></item>
					<item id="displayorder"><![CDATA[3]]></item>
					<item id="navtitle"><![CDATA[]]></item>
					<item id="navicon"><![CDATA[]]></item>
					<item id="navsubname"><![CDATA[]]></item>
					<item id="navsuburl"><![CDATA[]]></item>
				</item>
				<item id="5">
					<item id="name"><![CDATA[admin_log]]></item>
					<item id="menu"><![CDATA[积分日志]]></item>
					<item id="url"><![CDATA[]]></item>
					<item id="type"><![CDATA[3]]></item>
					<item id="adminid"><![CDATA[0]]></item>
					<item id="displayorder"><![CDATA[4]]></item>
					<item id="navtitle"><![CDATA[]]></item>
					<item id="navicon"><![CDATA[]]></item>
					<item id="navsubname"><![CDATA[]]></item>
					<item id="navsuburl"><![CDATA[]]></item>
				</item>
				<item id="6">
					<item id="name"><![CDATA[user_signature]]></item>
					<item id="menu"><![CDATA[个性签名]]></item>
					<item id="url"><![CDATA[]]></item>
					<item id="type"><![CDATA[17]]></item>
					<item id="adminid"><![CDATA[0]]></item>
					<item id="displayorder"><![CDATA[99999]]></item>
					<item id="navtitle"><![CDATA[]]></item>
					<item id="navicon"><![CDATA[]]></item>
					<item id="navsubname"><![CDATA[]]></item>
					<item id="navsuburl"><![CDATA[]]></item>
				</item>
			</item>
		</item>
		<item id="language">
			<item id="scriptlang">
				<item id="logy_m_g"><![CDATA[<h2 style="text-align:-webkit-center;">
	<span style="color:#4C33E5;">推荐一个dz商</span><span style="color:#4C33E5;">业插件模版下载的</span><span style="color:#4C33E5;"></span><span style="color:#4C33E5;">网站给大家</span><a href="http://www.ymg6.com" target="_blank"><span style="color:#4C33E5;">源码哥分享吧</span></a><span style="color:#4C33E5;">（www.ymg6.com）</span> 
</h2>
<h3 style="text-align:-webkit-center;">
	<span style="color:#E53333;">这</span><span style="color:#E53333;">是一个</span><span style="color:#E53333;">dz商业</span><a href="http://www.ymg6.com/forum.php?mod=forumdisplay&fid=2" target="_blank"><span style="color:#337FE5;">插</span><u><span style="color:#337FE5;"></span></u><span style="color:#337FE5;">件</span></a><a href="http://www.ymg6.com/forum.php?mod=forumdisplay&fid=36" target="_blank"><u><span style="color:#337FE5;">模</span></u><u><span style="color:#337FE5;"></span></u><u><span style="color:#337FE5;">版</span></u></a><span style="color:#E53333;">资源破解分享的网站，而且还有很多精品的网站源码下载</span> 
</h3>
<h3 style="text-align:-webkit-center;">
	<span style="color:#E53333;">他们资源每天更新，并且很多都是他们自己出钱在应用中心购买后破解分享出来的</span><br />
</h3>
<h3>
	<div style="text-align:center;">
		<span style="color:#E53333;">不过还是替他们说一下</span> 
	</div>
	<div style="text-align:center;">
		<span style="color:#E53333;">&nbsp;他们站下载的资源只限于自己学习研究内含的设计思想和原理 请勿有任何商业盈利行为</span> 
	</div>
</h3>
<h3 style="text-align:center;">
	<span style="color:#999999;">介绍也介绍完了，给大家做个小导航吧</span> 
</h3>
<h3 style="text-align:center;">
	<span style="color:#337FE5;"><a href="http://www.ymg6.com/forum.php?mod=forumdisplay&fid=2" target="_blank">dz商业破解插件下载</a> &nbsp; <a href="http://www.ymg6.com/forum.php?mod=forumdisplay&fid=36" target="_blank">dz商业风格模版下载</a> &nbsp; &nbsp;<a href="http://www.ymg6.com/forum.php?mod=forumdisplay&fid=50" target="_blank">精品网站源码下载</a> &nbsp; &nbsp;<a href="http://www.ymg6.com/forum.php?mod=forumdisplay&fid=51" target="_blank">工具素材下载</a></span><span style="color:#337FE5;">&nbsp; &nbsp; <a href="http://www.ymg6.com/forum.php?mod=forumdisplay&fid=41" target="_blank">精选教程区</a></span> 
</h3> ]]></item>
				<item id="edit_01"><![CDATA[开放用户签名购买:]]></item>
				<item id="edit_02"><![CDATA[QQ:66698899(售后 \ 更新 \ 建议 \ 定制)]]></item>
				<item id="edit_03"><![CDATA[首次购买签名免费:]]></item>
				<item id="edit_04"><![CDATA[开启后第一次购买签名免费, 便于用户体验]]></item>
				<item id="edit_05"><![CDATA[首次购买免费时间:]]></item>
				<item id="edit_06"><![CDATA[设置用户首次购买免费体验签名天数]]></item>
				<item id="edit_07"><![CDATA[天]]></item>
				<item id="edit_08"><![CDATA[签名到期消息提醒:]]></item>
				<item id="edit_09"><![CDATA[购买签名、出售签名到期后短消息通知用户]]></item>
				<item id="edit_10"><![CDATA[需购买签名用户组:]]></item>
				<item id="edit_11"><![CDATA[未选择用户组, 签名使用不受限制]]></item>
				<item id="edit_12"><![CDATA[购买时间段和价格:]]></item>
				<item id="edit_13"><![CDATA[设置不同用户组, 购买签名时多种选择天数/价格, 部分留空则不显示, ]]></item>
				<item id="edit_14"><![CDATA[全部留空则用户组无权使用签名]]></item>
				<item id="edit_15"><![CDATA[天]]></item>
				<item id="edit_16"><![CDATA[提交您的修改]]></item>
				<item id="edit_17"><![CDATA[提交]]></item>
				<item id="edit_18"><![CDATA[操作成功 !]]></item>
				<item id="high_01"><![CDATA[此签名位售价:]]></item>
				<item id="high_02"><![CDATA[购买此签名位]]></item>
				<item id="high_03"><![CDATA[是否可以上传图片:]]></item>
				<item id="high_04"><![CDATA[用户在设置签名时, 可以直接上传图片]]></item>
				<item id="high_05"><![CDATA[购买签名展示费用:]]></item>
				<item id="high_06"><![CDATA[购买用户出售的签名后, 每日的展示费用]]></item>
				<item id="high_07"><![CDATA[天]]></item>
				<item id="high_08"><![CDATA[可上传图片用户组:]]></item>
				<item id="high_09"><![CDATA[需要用户组设置里, 签名允许使用]]></item>
				<item id="high_10"><![CDATA[标签同步开启, 每个用户只能上传一张]]></item>
				<item id="high_11"><![CDATA[是否开启签名交易:]]></item>
				<item id="high_12"><![CDATA[用户可以将自己签名位, 出售给其他用户]]></item>
				<item id="high_13"><![CDATA[出售签名位默认显示:]]></item>
				<item id="high_14"><![CDATA[用户签名位为出售状态时, 签名位显示的内容, 支持html代码]]></item>
				<item id="high_15"><![CDATA[变量说明:]]></item>
				<item id="high_16"><![CDATA[用户UID]]></item>
				<item id="high_17"><![CDATA[用户名]]></item>
				<item id="high_18"><![CDATA[出售价格]]></item>
				<item id="high_19"><![CDATA[可出售签名用户组:]]></item>
				<item id="high_20"><![CDATA[可将自己签名位, 出售给其他用户的用户组]]></item>
				<item id="high_21"><![CDATA[可购买签名用户组:]]></item>
				<item id="high_22"><![CDATA[可购买其他用户签名位, 的用户组]]></item>
				<item id="high_23"><![CDATA[可屏蔽签名用户组:]]></item>
				<item id="high_24"><![CDATA[在帖子页面签名处, 拥有直接屏蔽签名权限]]></item>
				<item id="high_25"><![CDATA[提交您的修改]]></item>
				<item id="high_26"><![CDATA[提交]]></item>
				<item id="high_27"><![CDATA[操作成功 !]]></item>
				<item id="high_28"><![CDATA[禁止显示签名版块:]]></item>
				<item id="high_29"><![CDATA[选中的版块将不显示签名]]></item>
				<item id="high_30"><![CDATA[不选择任何版块]]></item>
				<item id="high_31"><![CDATA[按住 CTRL 多选]]></item>
				<item id="high_32"><![CDATA[是]]></item>
				<item id="high_33"><![CDATA[否]]></item>
				<item id="list_01"><![CDATA[在显示]]></item>
				<item id="list_02"><![CDATA[在出售]]></item>
				<item id="list_03"><![CDATA[已售出]]></item>	
				<item id="list_04"><![CDATA[已屏蔽]]></item>
				<item id="list_05"><![CDATA[被举报]]></item>
				<item id="list_06"><![CDATA[操作成功!]]></item>
				<item id="list_07"><![CDATA[已隐藏]]></item>
				<item id="list_08"><![CDATA[无权用]]></item>
				<item id="list_09"><![CDATA[已隐藏]]></item>
				<item id="list_10"><![CDATA[无权用]]></item>
				<item id="list_11"><![CDATA[在显示]]></item>
				<item id="list_12"><![CDATA[被举报]]></item>
				<item id="lists_01"><![CDATA[用户名:]]></item>
				<item id="lists_02"><![CDATA[出售给:]]></item>
				<item id="lists_03"><![CDATA[状态:]]></item>
				<item id="lists_04"><![CDATA[签名:]]></item>
				<item id="lists_05"><![CDATA[到期时间:]]></item>
				<item id="lists_06"><![CDATA[用户名：]]></item>
				<item id="lists_07"><![CDATA[签名状态：]]></item>
				<item id="lists_08"><![CDATA[不限制]]></item>
				<item id="lists_09"><![CDATA[到期时间：]]></item>
				<item id="lists_10"><![CDATA[搜索]]></item>
				<item id="lists_11"><![CDATA[签名状态、到期时间，仅能搜索已购买用户]]></item>
				<item id="lists_12"><![CDATA[用户名]]></item>
				<item id="lists_13"><![CDATA[签名状态]]></item>
				<item id="lists_14"><![CDATA[购买人]]></item>
				<item id="lists_15"><![CDATA[到期时间]]></item>
				<item id="lists_16"><![CDATA[预览]]></item>
				<item id="lists_17"><![CDATA[编辑]]></item>
				<item id="lists_18"><![CDATA[清除]]></item>
				<item id="lists_19"><![CDATA[屏蔽]]></item>
				<item id="lists_20"><![CDATA[预览]]></item>
				<item id="lists_21"><![CDATA[编辑]]></item>
				<item id="lists_22"><![CDATA[确定要清除]]></item>
				<item id="lists_23"><![CDATA[签名吗！]]></item>
				<item id="lists_24"><![CDATA[清除]]></item>
				<item id="lists_25"><![CDATA[解除]]></item>
				<item id="lists_26"><![CDATA[屏蔽]]></item>
				<item id="lists_27"><![CDATA[确定编辑]]></item>
				<item id="log_01"><![CDATA[用户名：]]></item>
				<item id="log_02"><![CDATA[积分类型：]]></item>
				<item id="log_03"><![CDATA[产生位置：]]></item>
				<item id="log_04"><![CDATA[不限制]]></item>
				<item id="log_05"><![CDATA[产生时间：]]></item>
				<item id="log_06"><![CDATA[用户名]]></item>
				<item id="log_07"><![CDATA[类型]]></item>
				<item id="log_08"><![CDATA[变动前]]></item>
				<item id="log_09"><![CDATA[变动值]]></item>
				<item id="log_10"><![CDATA[变动后]]></item>
				<item id="log_11"><![CDATA[产生位置]]></item>
				<item id="log_12"><![CDATA[时间]]></item>
				<item id="log_13"><![CDATA[描述]]></item>
				<item id="log_14"><![CDATA[搜索]]></item>
				<item id="function_01"><![CDATA[系统签名]]></item>
				<item id="function_02"><![CDATA[签名出售]]></item>
				<item id="function_03"><![CDATA[签名购买]]></item>
				<item id="function_04"><![CDATA[购买签名]]></item>
				<item id="function_05"><![CDATA[天, 到期时间：]]></item>
				<item id="function_06"><![CDATA[，消耗积分：]]></item>
				<item id="function_07"><![CDATA[购买用户：]]></item>
				<item id="function_08"><![CDATA[签名位]]></item>
				<item id="function_09"><![CDATA[天，扣除：]]></item>
				<item id="function_10"><![CDATA[，到期时间：]]></item>
				<item id="function_11"><![CDATA[购买用户：]]></item>
				<item id="function_12"><![CDATA[签名位]]></item>
				<item id="function_13"><![CDATA[天，扣除展示费：]]></item>
				<item id="function_14"><![CDATA[，到期时间：]]></item>
				<item id="function_15"><![CDATA[签名售出，购买用户：]]></item>
				<item id="function_16"><![CDATA[，获得积分：]]></item>
				<item id="function_17"><![CDATA[，到期时间：]]></item>
				<item id="function_18"><![CDATA[您出售的签名位，已于：]]></item>
				<item id="function_19"><![CDATA[ 到期自动下架，如需继续出售，请手动上架。]]></item>
				<item id="function_20"><![CDATA[您购买用户：]]></item>
				<item id="function_21"><![CDATA[ 的签名位，已于：]]></item>
				<item id="function_22"><![CDATA[ 到期自动下架。]]></item>
				<item id="function_23"><![CDATA[签名位到期提醒]]></item>
				<item id="function_24"><![CDATA[您出售的签名位，已于：]]></item>
				<item id="function_25"><![CDATA[ 到期自动下架，如需继续展示，请及时续费。]]></item>
				<item id="function_26"><![CDATA[签名位到期提醒]]></item>
				<item id="e6_01"><![CDATA[请先登录 !]]></item>
				<item id="e6_02"><![CDATA[非法操作 !]]></item>
				<item id="e6_03"><![CDATA[购买签名]]></item>
				<item id="e6_04"><![CDATA[出售签名]]></item>
				<item id="e6_05"><![CDATA[已购签名]]></item>
				<item id="e6_06"><![CDATA[设置签名]]></item>
				<item id="e6_07"><![CDATA[您的]]></item>
				<item id="e6_08"><![CDATA[不足!]]></item>
				<item id="e6_09"><![CDATA[操作成功 !]]></item>
				<item id="e6_10"><![CDATA[购买的签名，每天将额外收取 ]]></item>
				<item id="e6_11"><![CDATA[天 展示费用]]></item>
				<item id="e6_12"><![CDATA[不能购买自己签名!]]></item>
				<item id="e6_13"><![CDATA[含]]></item>
				<item id="e6_14"><![CDATA[天 显示费]]></item>
				<item id="e6_15"><![CDATA[显示费]]></item>
				<item id="e6_16"><![CDATA[显示免费]]></item>
				<item id="e6_17"><![CDATA[按总价]]></item>
				<item id="e6_18"><![CDATA[按天数]]></item>
				<item id="e6_19"><![CDATA[按均价]]></item>
				<item id="e6_20"><![CDATA[按发帖数]]></item>
				<item id="e6_21"><![CDATA[您无签名购买权限!]]></item>
				<item id="e6_22"><![CDATA[您所在用户组无权购买签名位]]></item>
				<item id="e6_23"><![CDATA[签名交易功能已关闭！]]></item>
				<item id="e6_24"><![CDATA[您的签名为出售状态，当前价格为：]]></item>
				<item id="e6_25"><![CDATA[天]]></item>
				<item id="e6_26"><![CDATA[您的签名为已售出状态, 到期时间为]]></item>
				<item id="e6_27"><![CDATA[您的签名已被管理员禁止 ! ]]></item>
				<item id="e6_28"><![CDATA[您所在的用户组无权出售签名位]]></item>
				<item id="e6_29"><![CDATA[您无权出售!]]></item>
				<item id="e6_30"><![CDATA[出售价格不能大于99999]]></item>
				<item id="e6_31"><![CDATA[出售日期不能大于365天]]></item>
				<item id="e6_32"><![CDATA[所有选项不能为空 !]]></item>
				<item id="e6_33"><![CDATA[编辑用户: ]]></item>
				<item id="e6_34"><![CDATA[签名位]]></item>
				<item id="e6_35"><![CDATA[您的签名已被管理员屏蔽!]]></item>
				<item id="e6_36"><![CDATA[您的签名已售出, 到期时间为：]]></item>
				<item id="e6_37"><![CDATA[您的签名为出售状态, 无法修改签名! ]]></item>
				<item id="e6_38"><![CDATA[取消出售状态]]></item>
				<item id="e6_39"><![CDATA[您的签名到期时间为：]]></item>
				<item id="e6_40"><![CDATA[免费体验]]></item>
				<item id="e6_41"><![CDATA[天]]></item>
				<item id="e6_42"><![CDATA[您尚未购买签名, 签名为隐藏状态, 初次购买可免费体验]]></item>
				<item id="e6_43"><![CDATA[您所在的用户组无权使用签名，但可购买其他会员签名位 !]]></item>
				<item id="e6_44"><![CDATA[前往购买]]></item>
				<item id="e6_45"><![CDATA[您所在的用户组无权使用签名!]]></item>
				<item id="e6_46"><![CDATA[您所在的用户组可免费使用签名!]]></item>
				<item id="e6_47"><![CDATA[出售我的签名位]]></item>
				<item id="e6_48"><![CDATA[您的 ]]></item>
				<item id="e6_49"><![CDATA[不足, 无法购买 !]]></item>
				<item id="e6_50"><![CDATA[操作成功 ，签名到期时间为: ]]></item>
				<item id="class_01"><![CDATA[天]]></item>
				<item id="class_02"><![CDATA[禁用该用户帖子签名]]></item>
				<item id="class_03"><![CDATA[举报]]></item>
				<item id="class_04"><![CDATA[个性签名]]></item>
				<item id="user_01"><![CDATA[签名购买功能未开启!]]></item>
				<item id="user_02"><![CDATA[您的签名已被管理员屏蔽!]]></item>
				<item id="user_03"><![CDATA[您的签名已售出, 到期时间为：]]></item>
				<item id="user_04"><![CDATA[您的签名为出售状态, 无法修改签名!]]></item>
				<item id="user_05"><![CDATA[取消出售状态]]></item>
				<item id="user_06"><![CDATA[您的签名到期时间为：]]></item>
				<item id="user_07"><![CDATA[免费体验]]></item>
				<item id="user_08"><![CDATA[天]]></item>
				<item id="user_09"><![CDATA[您尚未购买签名, 签名为隐藏状态, 初次购买可免费体验]]></item>
				<item id="user_10"><![CDATA[天 !]]></item>
				<item id="user_11"><![CDATA[您所在的用户组无权使用签名，但可购买其他会员签名位 !]]></item>
				<item id="user_12"><![CDATA[前往购买]]></item>
				<item id="user_13"><![CDATA[您所在的用户组无权使用签名!]]></item>
				<item id="user_14"><![CDATA[您所在的用户组可免费使用签名!]]></item>
				<item id="user_15"><![CDATA[出售我的签名位]]></item>
				<item id="user_16"><![CDATA[您的 ]]></item>
				<item id="user_17"><![CDATA[不足, 无法购买 !]]></item>
				<item id="user_18"><![CDATA[操作成功 ，签名到期时间为: ]]></item>
				<item id="user_19"><![CDATA[操作成功 !]]></item>			</item>
			<item id="templatelang">
				<item id="user_01"><![CDATA[购买日期]]></item>
				<item id="user_02"><![CDATA[只修改签名]]></item>
				<item id="user_03"><![CDATA[个人签名]]></item>
				<item id="user_04"><![CDATA[预览]]></item>
				<item id="user_05"><![CDATA[上传图片]]></item>
				<item id="user_06"><![CDATA[选择上传图片]]></item>
				<item id="user_07"><![CDATA[保存]]></item>
				<item id="buy_01"><![CDATA[发帖数：]]></item>
				<item id="buy_02"><![CDATA[售价:]]></item>
				<item id="buy_03"><![CDATA[天]]></item>
				<item id="buy_04"><![CDATA[购买]]></item>
				<item id="buy_05"><![CDATA[总价：]]></item>
				<item id="buy_06"><![CDATA[确定要购买吗？]]></item>
				<item id="footer_01"><![CDATA[签名交易]]></item>
				<item id="sell_01"><![CDATA[出售价格]]></item>
				<item id="sell_02"><![CDATA[天]]></item>
				<item id="sell_03"><![CDATA[提示：签名位能否卖出个好价钱，跟你的发帖数有关。]]></item>
				<item id="sell_04"><![CDATA[保存]]></item>
				<item id="sell_05"><![CDATA[取消出售状态]]></item>
				<item id="mysig_01"><![CDATA[用户名]]></item>
				<item id="mysig_02"><![CDATA[当前签名]]></item>
				<item id="mysig_03"><![CDATA[到期时间]]></item>
				<item id="mysig_04"><![CDATA[购买价格]]></item>
				<item id="mysig_05"><![CDATA[编辑]]></item>
				<item id="mysig_06"><![CDATA[天]]></item>
				<item id="mysig_07"><![CDATA[编辑]]></item>
				<item id="mysiguser_01"><![CDATA[个人签名]]></item>
				<item id="mysiguser_02"><![CDATA[预览]]></item>
				<item id="mysiguser_03"><![CDATA[上传图片]]></item>
				<item id="mysiguser_04"><![CDATA[选择上传图片]]></item>
				<item id="mysiguser_05"><![CDATA[保存]]></item>
			</item>
		</item>
		<item id="version"><![CDATA[X2,X2.5,X3,X3.1,X3.2,F1.0]]></item>
		<item id="installfile"><![CDATA[install.php]]></item>
		<item id="uninstallfile"><![CDATA[uninstall.php]]></item>
		<item id="upgradefile"><![CDATA[update.php]]></item>
	</item>
</root>