﻿<?xml version="1.0" encoding="ISO-8859-1"?>
<root>
	<item id="Title"><![CDATA[Discuz! Plugin]]></item>
	<item id="Version"><![CDATA[X2,X2.5,X3,X3.1,X3.2,F1.0]]></item>
	<item id="Time"><![CDATA[2016-08-16 16:52]]></item>
	<item id="From"><![CDATA[分享吧（www.fx8.cc）]]></item>
	<item id="Data">
		<item id="plugin">
			<item id="available"><![CDATA[1]]></item>
			<item id="adminid"><![CDATA[1]]></item>
			<item id="name"><![CDATA[源碼哥_簽名買賣]]></item>
			<item id="identifier"><![CDATA[e6_signature]]></item>
			<item id="description"><![CDATA[最給力的簽名消耗插件]]></item>
			<item id="datatables"><![CDATA[]]></item>
			<item id="directory"><![CDATA[e6_signature/]]></item>
			<item id="copyright"><![CDATA[源碼哥（www.ymg6.com）]]></item>
			<item id="version"><![CDATA[1.25]]></item>
			<item id="__modules">
				<item id="9">
					<item id="name"><![CDATA[myyapmagoo]]></item>
					<item id="menu"><![CDATA[<span style="color:#E53333;"><b>源碼哥</b></span>]]></item>
					<item id="url"><![CDATA[]]></item>
					<item id="type"><![CDATA[3]]></item>
					<item id="adminid"><![CDATA[0]]></item>
					<item id="displayorder"><![CDATA[0]]></item>
					<item id="navtitle"><![CDATA[]]></item>
					<item id="navicon"><![CDATA[]]></item>
					<item id="navsubname"><![CDATA[]]></item>
					<item id="navsuburl"><![CDATA[]]></item>
				</item>
				<item id="0">
					<item id="name"><![CDATA[index]]></item>
					<item id="menu"><![CDATA[簽名交易]]></item>
					<item id="url"><![CDATA[plugin.php?id=e6_signature]]></item>
					<item id="type"><![CDATA[1]]></item>
					<item id="adminid"><![CDATA[0]]></item>
					<item id="displayorder"><![CDATA[0]]></item>
					<item id="navtitle"><![CDATA[]]></item>
					<item id="navicon"><![CDATA[]]></item>
					<item id="navsubname"><![CDATA[]]></item>
					<item id="navsuburl"><![CDATA[]]></item>
				</item>
				<item id="1">
					<item id="name"><![CDATA[signature]]></item>
					<item id="menu"><![CDATA[]]></item>
					<item id="url"><![CDATA[]]></item>
					<item id="type"><![CDATA[11]]></item>
					<item id="adminid"><![CDATA[0]]></item>
					<item id="displayorder"><![CDATA[0]]></item>
					<item id="navtitle"><![CDATA[]]></item>
					<item id="navicon"><![CDATA[]]></item>
					<item id="navsubname"><![CDATA[]]></item>
					<item id="navsuburl"><![CDATA[]]></item>
				</item>
				<item id="2">
					<item id="name"><![CDATA[admin_edit]]></item>
					<item id="menu"><![CDATA[基本設置]]></item>
					<item id="url"><![CDATA[]]></item>
					<item id="type"><![CDATA[3]]></item>
					<item id="adminid"><![CDATA[0]]></item>
					<item id="displayorder"><![CDATA[1]]></item>
					<item id="navtitle"><![CDATA[]]></item>
					<item id="navicon"><![CDATA[]]></item>
					<item id="navsubname"><![CDATA[]]></item>
					<item id="navsuburl"><![CDATA[]]></item>
				</item>
				<item id="3">
					<item id="name"><![CDATA[admin_high]]></item>
					<item id="menu"><![CDATA[高級設置]]></item>
					<item id="url"><![CDATA[]]></item>
					<item id="type"><![CDATA[3]]></item>
					<item id="adminid"><![CDATA[0]]></item>
					<item id="displayorder"><![CDATA[2]]></item>
					<item id="navtitle"><![CDATA[]]></item>
					<item id="navicon"><![CDATA[]]></item>
					<item id="navsubname"><![CDATA[]]></item>
					<item id="navsuburl"><![CDATA[]]></item>
				</item>
				<item id="4">
					<item id="name"><![CDATA[admin_list]]></item>
					<item id="menu"><![CDATA[簽名管理]]></item>
					<item id="url"><![CDATA[]]></item>
					<item id="type"><![CDATA[3]]></item>
					<item id="adminid"><![CDATA[0]]></item>
					<item id="displayorder"><![CDATA[3]]></item>
					<item id="navtitle"><![CDATA[]]></item>
					<item id="navicon"><![CDATA[]]></item>
					<item id="navsubname"><![CDATA[]]></item>
					<item id="navsuburl"><![CDATA[]]></item>
				</item>
				<item id="5">
					<item id="name"><![CDATA[admin_log]]></item>
					<item id="menu"><![CDATA[積分日志]]></item>
					<item id="url"><![CDATA[]]></item>
					<item id="type"><![CDATA[3]]></item>
					<item id="adminid"><![CDATA[0]]></item>
					<item id="displayorder"><![CDATA[4]]></item>
					<item id="navtitle"><![CDATA[]]></item>
					<item id="navicon"><![CDATA[]]></item>
					<item id="navsubname"><![CDATA[]]></item>
					<item id="navsuburl"><![CDATA[]]></item>
				</item>
				<item id="6">
					<item id="name"><![CDATA[user_signature]]></item>
					<item id="menu"><![CDATA[個性簽名]]></item>
					<item id="url"><![CDATA[]]></item>
					<item id="type"><![CDATA[17]]></item>
					<item id="adminid"><![CDATA[0]]></item>
					<item id="displayorder"><![CDATA[99999]]></item>
					<item id="navtitle"><![CDATA[]]></item>
					<item id="navicon"><![CDATA[]]></item>
					<item id="navsubname"><![CDATA[]]></item>
					<item id="navsuburl"><![CDATA[]]></item>
				</item>
			</item>
		</item>
		<item id="language">
			<item id="scriptlang">
				<item id="logy_m_g"><![CDATA[<h2 style="text-align:-webkit-center;">
	<span style="color:#4C33E5;">推薦一個dz商</span><span style="color:#4C33E5;">業插件模版下載的</span><span style="color:#4C33E5;"></span><span style="color:#4C33E5;">網站給大家</span><a href="http://www.ymg6.com" target="_blank"><span style="color:#4C33E5;">源碼哥分享吧</span></a><span style="color:#4C33E5;">（www.ymg6.com）</span> 
</h2>
<h3 style="text-align:-webkit-center;">
	<span style="color:#E53333;">這</span><span style="color:#E53333;">是一個</span><span style="color:#E53333;">dz商業</span><a href="http://www.ymg6.com/forum.php?mod=forumdisplay&fid=2" target="_blank"><span style="color:#337FE5;">插</span><u><span style="color:#337FE5;"></span></u><span style="color:#337FE5;">件</span></a><a href="http://www.ymg6.com/forum.php?mod=forumdisplay&fid=36" target="_blank"><u><span style="color:#337FE5;">模</span></u><u><span style="color:#337FE5;"></span></u><u><span style="color:#337FE5;">版</span></u></a><span style="color:#E53333;">資源破解分享的網站，而且還有很多精品的網站源碼下載</span> 
</h3>
<h3 style="text-align:-webkit-center;">
	<span style="color:#E53333;">他們資源每天更新，并且很多都是他們自己出錢在應用中心購買后破解分享出來的</span><br />
</h3>
<h3>
	<div style="text-align:center;">
		<span style="color:#E53333;">不過還是替他們說一下</span> 
	</div>
	<div style="text-align:center;">
		<span style="color:#E53333;">&nbsp;他們站下載的資源只限于自己學習研究內含的設計思想和原理 請勿有任何商業盈利行為</span> 
	</div>
</h3>
<h3 style="text-align:center;">
	<span style="color:#999999;">介紹也介紹完了，給大家做個小導航吧</span> 
</h3>
<h3 style="text-align:center;">
	<span style="color:#337FE5;"><a href="http://www.ymg6.com/forum.php?mod=forumdisplay&fid=2" target="_blank">dz商業破解插件下載</a> &nbsp; <a href="http://www.ymg6.com/forum.php?mod=forumdisplay&fid=36" target="_blank">dz商業風格模版下載</a> &nbsp; &nbsp;<a href="http://www.ymg6.com/forum.php?mod=forumdisplay&fid=50" target="_blank">精品網站源碼下載</a> &nbsp; &nbsp;<a href="http://www.ymg6.com/forum.php?mod=forumdisplay&fid=51" target="_blank">工具素材下載</a></span><span style="color:#337FE5;">&nbsp; &nbsp; <a href="http://www.ymg6.com/forum.php?mod=forumdisplay&fid=41" target="_blank">精選教程區</a></span> 
</h3> ]]></item>
				<item id="edit_01"><![CDATA[開放用戶簽名購買:]]></item>
				<item id="edit_02"><![CDATA[QQ:66698899(售后 \ 更新 \ 建議 \ 定制)]]></item>
				<item id="edit_03"><![CDATA[首次購買簽名免費:]]></item>
				<item id="edit_04"><![CDATA[開啟后第一次購買簽名免費, 便于用戶體驗]]></item>
				<item id="edit_05"><![CDATA[首次購買免費時間:]]></item>
				<item id="edit_06"><![CDATA[設置用戶首次購買免費體驗簽名天數]]></item>
				<item id="edit_07"><![CDATA[天]]></item>
				<item id="edit_08"><![CDATA[簽名到期消息提醒:]]></item>
				<item id="edit_09"><![CDATA[購買簽名、出售簽名到期后短消息通知用戶]]></item>
				<item id="edit_10"><![CDATA[需購買簽名用戶組:]]></item>
				<item id="edit_11"><![CDATA[未選擇用戶組, 簽名使用不受限制]]></item>
				<item id="edit_12"><![CDATA[購買時間段和價格:]]></item>
				<item id="edit_13"><![CDATA[設置不同用戶組, 購買簽名時多種選擇天數/價格, 部分留空則不顯示, ]]></item>
				<item id="edit_14"><![CDATA[全部留空則用戶組無權使用簽名]]></item>
				<item id="edit_15"><![CDATA[天]]></item>
				<item id="edit_16"><![CDATA[提交您的修改]]></item>
				<item id="edit_17"><![CDATA[提交]]></item>
				<item id="edit_18"><![CDATA[操作成功 !]]></item>
				<item id="high_01"><![CDATA[此簽名位售價:]]></item>
				<item id="high_02"><![CDATA[購買此簽名位]]></item>
				<item id="high_03"><![CDATA[是否可以上傳圖片:]]></item>
				<item id="high_04"><![CDATA[用戶在設置簽名時, 可以直接上傳圖片]]></item>
				<item id="high_05"><![CDATA[購買簽名展示費用:]]></item>
				<item id="high_06"><![CDATA[購買用戶出售的簽名后, 每日的展示費用]]></item>
				<item id="high_07"><![CDATA[天]]></item>
				<item id="high_08"><![CDATA[可上傳圖片用戶組:]]></item>
				<item id="high_09"><![CDATA[需要用戶組設置里, 簽名允許使用]]></item>
				<item id="high_10"><![CDATA[標簽同步開啟, 每個用戶只能上傳一張]]></item>
				<item id="high_11"><![CDATA[是否開啟簽名交易:]]></item>
				<item id="high_12"><![CDATA[用戶可以將自己簽名位, 出售給其他用戶]]></item>
				<item id="high_13"><![CDATA[出售簽名位默認顯示:]]></item>
				<item id="high_14"><![CDATA[用戶簽名位為出售狀態時, 簽名位顯示的內容, 支持html代碼]]></item>
				<item id="high_15"><![CDATA[變量說明:]]></item>
				<item id="high_16"><![CDATA[用戶UID]]></item>
				<item id="high_17"><![CDATA[用戶名]]></item>
				<item id="high_18"><![CDATA[出售價格]]></item>
				<item id="high_19"><![CDATA[可出售簽名用戶組:]]></item>
				<item id="high_20"><![CDATA[可將自己簽名位, 出售給其他用戶的用戶組]]></item>
				<item id="high_21"><![CDATA[可購買簽名用戶組:]]></item>
				<item id="high_22"><![CDATA[可購買其他用戶簽名位, 的用戶組]]></item>
				<item id="high_23"><![CDATA[可屏蔽簽名用戶組:]]></item>
				<item id="high_24"><![CDATA[在帖子頁面簽名處, 擁有直接屏蔽簽名權限]]></item>
				<item id="high_25"><![CDATA[提交您的修改]]></item>
				<item id="high_26"><![CDATA[提交]]></item>
				<item id="high_27"><![CDATA[操作成功 !]]></item>
				<item id="high_28"><![CDATA[禁止顯示簽名版塊:]]></item>
				<item id="high_29"><![CDATA[選中的版塊將不顯示簽名]]></item>
				<item id="high_30"><![CDATA[不選擇任何版塊]]></item>
				<item id="high_31"><![CDATA[按住 CTRL 多選]]></item>
				<item id="high_32"><![CDATA[是]]></item>
				<item id="high_33"><![CDATA[否]]></item>
				<item id="list_01"><![CDATA[在顯示]]></item>
				<item id="list_02"><![CDATA[在出售]]></item>
				<item id="list_03"><![CDATA[已售出]]></item>	
				<item id="list_04"><![CDATA[已屏蔽]]></item>
				<item id="list_05"><![CDATA[被舉報]]></item>
				<item id="list_06"><![CDATA[操作成功!]]></item>
				<item id="list_07"><![CDATA[已隱藏]]></item>
				<item id="list_08"><![CDATA[無權用]]></item>
				<item id="list_09"><![CDATA[已隱藏]]></item>
				<item id="list_10"><![CDATA[無權用]]></item>
				<item id="list_11"><![CDATA[在顯示]]></item>
				<item id="list_12"><![CDATA[被舉報]]></item>
				<item id="lists_01"><![CDATA[用戶名:]]></item>
				<item id="lists_02"><![CDATA[出售給:]]></item>
				<item id="lists_03"><![CDATA[狀態:]]></item>
				<item id="lists_04"><![CDATA[簽名:]]></item>
				<item id="lists_05"><![CDATA[到期時間:]]></item>
				<item id="lists_06"><![CDATA[用戶名：]]></item>
				<item id="lists_07"><![CDATA[簽名狀態：]]></item>
				<item id="lists_08"><![CDATA[不限制]]></item>
				<item id="lists_09"><![CDATA[到期時間：]]></item>
				<item id="lists_10"><![CDATA[搜索]]></item>
				<item id="lists_11"><![CDATA[簽名狀態、到期時間，僅能搜索已購買用戶]]></item>
				<item id="lists_12"><![CDATA[用戶名]]></item>
				<item id="lists_13"><![CDATA[簽名狀態]]></item>
				<item id="lists_14"><![CDATA[購買人]]></item>
				<item id="lists_15"><![CDATA[到期時間]]></item>
				<item id="lists_16"><![CDATA[預覽]]></item>
				<item id="lists_17"><![CDATA[編輯]]></item>
				<item id="lists_18"><![CDATA[清除]]></item>
				<item id="lists_19"><![CDATA[屏蔽]]></item>
				<item id="lists_20"><![CDATA[預覽]]></item>
				<item id="lists_21"><![CDATA[編輯]]></item>
				<item id="lists_22"><![CDATA[確定要清除]]></item>
				<item id="lists_23"><![CDATA[簽名嗎！]]></item>
				<item id="lists_24"><![CDATA[清除]]></item>
				<item id="lists_25"><![CDATA[解除]]></item>
				<item id="lists_26"><![CDATA[屏蔽]]></item>
				<item id="lists_27"><![CDATA[確定編輯]]></item>
				<item id="log_01"><![CDATA[用戶名：]]></item>
				<item id="log_02"><![CDATA[積分類型：]]></item>
				<item id="log_03"><![CDATA[產生位置：]]></item>
				<item id="log_04"><![CDATA[不限制]]></item>
				<item id="log_05"><![CDATA[產生時間：]]></item>
				<item id="log_06"><![CDATA[用戶名]]></item>
				<item id="log_07"><![CDATA[類型]]></item>
				<item id="log_08"><![CDATA[變動前]]></item>
				<item id="log_09"><![CDATA[變動值]]></item>
				<item id="log_10"><![CDATA[變動后]]></item>
				<item id="log_11"><![CDATA[產生位置]]></item>
				<item id="log_12"><![CDATA[時間]]></item>
				<item id="log_13"><![CDATA[描述]]></item>
				<item id="log_14"><![CDATA[搜索]]></item>
				<item id="function_01"><![CDATA[系統簽名]]></item>
				<item id="function_02"><![CDATA[簽名出售]]></item>
				<item id="function_03"><![CDATA[簽名購買]]></item>
				<item id="function_04"><![CDATA[購買簽名]]></item>
				<item id="function_05"><![CDATA[天, 到期時間：]]></item>
				<item id="function_06"><![CDATA[，消耗積分：]]></item>
				<item id="function_07"><![CDATA[購買用戶：]]></item>
				<item id="function_08"><![CDATA[簽名位]]></item>
				<item id="function_09"><![CDATA[天，扣除：]]></item>
				<item id="function_10"><![CDATA[，到期時間：]]></item>
				<item id="function_11"><![CDATA[購買用戶：]]></item>
				<item id="function_12"><![CDATA[簽名位]]></item>
				<item id="function_13"><![CDATA[天，扣除展示費：]]></item>
				<item id="function_14"><![CDATA[，到期時間：]]></item>
				<item id="function_15"><![CDATA[簽名售出，購買用戶：]]></item>
				<item id="function_16"><![CDATA[，獲得積分：]]></item>
				<item id="function_17"><![CDATA[，到期時間：]]></item>
				<item id="function_18"><![CDATA[您出售的簽名位，已于：]]></item>
				<item id="function_19"><![CDATA[ 到期自動下架，如需繼續出售，請手動上架。]]></item>
				<item id="function_20"><![CDATA[您購買用戶：]]></item>
				<item id="function_21"><![CDATA[ 的簽名位，已于：]]></item>
				<item id="function_22"><![CDATA[ 到期自動下架。]]></item>
				<item id="function_23"><![CDATA[簽名位到期提醒]]></item>
				<item id="function_24"><![CDATA[您出售的簽名位，已于：]]></item>
				<item id="function_25"><![CDATA[ 到期自動下架，如需繼續展示，請及時續費。]]></item>
				<item id="function_26"><![CDATA[簽名位到期提醒]]></item>
				<item id="e6_01"><![CDATA[請先登錄 !]]></item>
				<item id="e6_02"><![CDATA[非法操作 !]]></item>
				<item id="e6_03"><![CDATA[購買簽名]]></item>
				<item id="e6_04"><![CDATA[出售簽名]]></item>
				<item id="e6_05"><![CDATA[已購簽名]]></item>
				<item id="e6_06"><![CDATA[設置簽名]]></item>
				<item id="e6_07"><![CDATA[您的]]></item>
				<item id="e6_08"><![CDATA[不足!]]></item>
				<item id="e6_09"><![CDATA[操作成功 !]]></item>
				<item id="e6_10"><![CDATA[購買的簽名，每天將額外收取 ]]></item>
				<item id="e6_11"><![CDATA[天 展示費用]]></item>
				<item id="e6_12"><![CDATA[不能購買自己簽名!]]></item>
				<item id="e6_13"><![CDATA[含]]></item>
				<item id="e6_14"><![CDATA[天 顯示費]]></item>
				<item id="e6_15"><![CDATA[顯示費]]></item>
				<item id="e6_16"><![CDATA[顯示免費]]></item>
				<item id="e6_17"><![CDATA[按總價]]></item>
				<item id="e6_18"><![CDATA[按天數]]></item>
				<item id="e6_19"><![CDATA[按均價]]></item>
				<item id="e6_20"><![CDATA[按發帖數]]></item>
				<item id="e6_21"><![CDATA[您無簽名購買權限!]]></item>
				<item id="e6_22"><![CDATA[您所在用戶組無權購買簽名位]]></item>
				<item id="e6_23"><![CDATA[簽名交易功能已關閉！]]></item>
				<item id="e6_24"><![CDATA[您的簽名為出售狀態，當前價格為：]]></item>
				<item id="e6_25"><![CDATA[天]]></item>
				<item id="e6_26"><![CDATA[您的簽名為已售出狀態, 到期時間為]]></item>
				<item id="e6_27"><![CDATA[您的簽名已被管理員禁止 ! ]]></item>
				<item id="e6_28"><![CDATA[您所在的用戶組無權出售簽名位]]></item>
				<item id="e6_29"><![CDATA[您無權出售!]]></item>
				<item id="e6_30"><![CDATA[出售價格不能大于99999]]></item>
				<item id="e6_31"><![CDATA[出售日期不能大于365天]]></item>
				<item id="e6_32"><![CDATA[所有選項不能為空 !]]></item>
				<item id="e6_33"><![CDATA[編輯用戶: ]]></item>
				<item id="e6_34"><![CDATA[簽名位]]></item>
				<item id="e6_35"><![CDATA[您的簽名已被管理員屏蔽!]]></item>
				<item id="e6_36"><![CDATA[您的簽名已售出, 到期時間為：]]></item>
				<item id="e6_37"><![CDATA[您的簽名為出售狀態, 無法修改簽名! ]]></item>
				<item id="e6_38"><![CDATA[取消出售狀態]]></item>
				<item id="e6_39"><![CDATA[您的簽名到期時間為：]]></item>
				<item id="e6_40"><![CDATA[免費體驗]]></item>
				<item id="e6_41"><![CDATA[天]]></item>
				<item id="e6_42"><![CDATA[您尚未購買簽名, 簽名為隱藏狀態, 初次購買可免費體驗]]></item>
				<item id="e6_43"><![CDATA[您所在的用戶組無權使用簽名，但可購買其他會員簽名位 !]]></item>
				<item id="e6_44"><![CDATA[前往購買]]></item>
				<item id="e6_45"><![CDATA[您所在的用戶組無權使用簽名!]]></item>
				<item id="e6_46"><![CDATA[您所在的用戶組可免費使用簽名!]]></item>
				<item id="e6_47"><![CDATA[出售我的簽名位]]></item>
				<item id="e6_48"><![CDATA[您的 ]]></item>
				<item id="e6_49"><![CDATA[不足, 無法購買 !]]></item>
				<item id="e6_50"><![CDATA[操作成功 ，簽名到期時間為: ]]></item>
				<item id="class_01"><![CDATA[天]]></item>
				<item id="class_02"><![CDATA[禁用該用戶帖子簽名]]></item>
				<item id="class_03"><![CDATA[舉報]]></item>
				<item id="class_04"><![CDATA[個性簽名]]></item>
				<item id="user_01"><![CDATA[簽名購買功能未開啟!]]></item>
				<item id="user_02"><![CDATA[您的簽名已被管理員屏蔽!]]></item>
				<item id="user_03"><![CDATA[您的簽名已售出, 到期時間為：]]></item>
				<item id="user_04"><![CDATA[您的簽名為出售狀態, 無法修改簽名!]]></item>
				<item id="user_05"><![CDATA[取消出售狀態]]></item>
				<item id="user_06"><![CDATA[您的簽名到期時間為：]]></item>
				<item id="user_07"><![CDATA[免費體驗]]></item>
				<item id="user_08"><![CDATA[天]]></item>
				<item id="user_09"><![CDATA[您尚未購買簽名, 簽名為隱藏狀態, 初次購買可免費體驗]]></item>
				<item id="user_10"><![CDATA[天 !]]></item>
				<item id="user_11"><![CDATA[您所在的用戶組無權使用簽名，但可購買其他會員簽名位 !]]></item>
				<item id="user_12"><![CDATA[前往購買]]></item>
				<item id="user_13"><![CDATA[您所在的用戶組無權使用簽名!]]></item>
				<item id="user_14"><![CDATA[您所在的用戶組可免費使用簽名!]]></item>
				<item id="user_15"><![CDATA[出售我的簽名位]]></item>
				<item id="user_16"><![CDATA[您的 ]]></item>
				<item id="user_17"><![CDATA[不足, 無法購買 !]]></item>
				<item id="user_18"><![CDATA[操作成功 ，簽名到期時間為: ]]></item>
				<item id="user_19"><![CDATA[操作成功 !]]></item>			</item>
			<item id="templatelang">
				<item id="user_01"><![CDATA[購買日期]]></item>
				<item id="user_02"><![CDATA[只修改簽名]]></item>
				<item id="user_03"><![CDATA[個人簽名]]></item>
				<item id="user_04"><![CDATA[預覽]]></item>
				<item id="user_05"><![CDATA[上傳圖片]]></item>
				<item id="user_06"><![CDATA[選擇上傳圖片]]></item>
				<item id="user_07"><![CDATA[保存]]></item>
				<item id="buy_01"><![CDATA[發帖數：]]></item>
				<item id="buy_02"><![CDATA[售價:]]></item>
				<item id="buy_03"><![CDATA[天]]></item>
				<item id="buy_04"><![CDATA[購買]]></item>
				<item id="buy_05"><![CDATA[總價：]]></item>
				<item id="buy_06"><![CDATA[確定要購買嗎？]]></item>
				<item id="footer_01"><![CDATA[簽名交易]]></item>
				<item id="sell_01"><![CDATA[出售價格]]></item>
				<item id="sell_02"><![CDATA[天]]></item>
				<item id="sell_03"><![CDATA[提示：簽名位能否賣出個好價錢，跟你的發帖數有關。]]></item>
				<item id="sell_04"><![CDATA[保存]]></item>
				<item id="sell_05"><![CDATA[取消出售狀態]]></item>
				<item id="mysig_01"><![CDATA[用戶名]]></item>
				<item id="mysig_02"><![CDATA[當前簽名]]></item>
				<item id="mysig_03"><![CDATA[到期時間]]></item>
				<item id="mysig_04"><![CDATA[購買價格]]></item>
				<item id="mysig_05"><![CDATA[編輯]]></item>
				<item id="mysig_06"><![CDATA[天]]></item>
				<item id="mysig_07"><![CDATA[編輯]]></item>
				<item id="mysiguser_01"><![CDATA[個人簽名]]></item>
				<item id="mysiguser_02"><![CDATA[預覽]]></item>
				<item id="mysiguser_03"><![CDATA[上傳圖片]]></item>
				<item id="mysiguser_04"><![CDATA[選擇上傳圖片]]></item>
				<item id="mysiguser_05"><![CDATA[保存]]></item>
			</item>
		</item>
		<item id="version"><![CDATA[X2,X2.5,X3,X3.1,X3.2,F1.0]]></item>
		<item id="installfile"><![CDATA[install.php]]></item>
		<item id="uninstallfile"><![CDATA[uninstall.php]]></item>
		<item id="upgradefile"><![CDATA[update.php]]></item>
	</item>
</root>