﻿<?xml version="1.0" encoding="ISO-8859-1"?>
<root>
	<item id="Title"><![CDATA[Discuz! Plugin]]></item>
	<item id="Version"><![CDATA[X2,X2.5,X3,X3.1,X3.2,F1.0]]></item>
	<item id="Time"><![CDATA[2016-11-20 18:10]]></item>
	<item id="From"><![CDATA[讯幻网（www.xhkj5.com）]]></item>
	<item id="Data">
		<item id="plugin">
			<item id="available"><![CDATA[1]]></item>
			<item id="adminid"><![CDATA[1]]></item>
			<item id="name"><![CDATA[讯幻网_[1314]蜘蛛记录统计]]></item>
			<item id="identifier"><![CDATA[study_arrecord]]></item>
			<item id="description"><![CDATA[使用问题请到1314学习网反馈：http://www.1314study.com]]></item>
			<item id="datatables"><![CDATA[]]></item>
			<item id="directory"><![CDATA[study_arrecord/]]></item>
			<item id="copyright"><![CDATA[讯幻网（www.xhkj5.com）]]></item>
			<item id="version"><![CDATA[2.4.1]]></item>
			<item id="__modules">
				<item id="0">
					<item id="name"><![CDATA[hook]]></item>
					<item id="menu"><![CDATA[]]></item>
					<item id="url"><![CDATA[]]></item>
					<item id="type"><![CDATA[11]]></item>
					<item id="adminid"><![CDATA[0]]></item>
					<item id="displayorder"><![CDATA[0]]></item>
					<item id="navtitle"><![CDATA[]]></item>
					<item id="navicon"><![CDATA[]]></item>
					<item id="navsubname"><![CDATA[]]></item>
					<item id="navsuburl"><![CDATA[]]></item>
				</item>
				<item id="1">
					<item id="name"><![CDATA[config]]></item>
					<item id="menu"><![CDATA[插件设置]]></item>
					<item id="url"><![CDATA[]]></item>
					<item id="type"><![CDATA[3]]></item>
					<item id="adminid"><![CDATA[0]]></item>
					<item id="displayorder"><![CDATA[1]]></item>
					<item id="navtitle"><![CDATA[]]></item>
					<item id="navicon"><![CDATA[]]></item>
					<item id="navsubname"><![CDATA[]]></item>
					<item id="navsuburl"><![CDATA[]]></item>
				</item>
				<item id="2">
					<item id="name"><![CDATA[admin_manage]]></item>
					<item id="menu"><![CDATA[蜘蛛记录]]></item>
					<item id="url"><![CDATA[]]></item>
					<item id="type"><![CDATA[3]]></item>
					<item id="adminid"><![CDATA[0]]></item>
					<item id="displayorder"><![CDATA[2]]></item>
					<item id="navtitle"><![CDATA[]]></item>
					<item id="navicon"><![CDATA[]]></item>
					<item id="navsubname"><![CDATA[]]></item>
					<item id="navsuburl"><![CDATA[]]></item>
				</item>
			</item>
		</item>
		<item id="version"><![CDATA[X2,X2.5,X3,X3.1,X3.2,F1.0]]></item>
		<item id="var">
			<item id="0">
				<item id="displayorder"><![CDATA[1]]></item>
				<item id="title"><![CDATA[开启蜘蛛记录]]></item>
				<item id="description"><![CDATA[]]></item>
				<item id="variable"><![CDATA[plugin_radio]]></item>
				<item id="type"><![CDATA[radio_1314]]></item>
				<item id="value"><![CDATA[1]]></item>
				<item id="extra"><![CDATA[]]></item>
			</item>
			<item id="1">
				<item id="displayorder"><![CDATA[2]]></item>
				<item id="title"><![CDATA[是否记录未知的蜘蛛]]></item>
				<item id="description"><![CDATA[]]></item>
				<item id="variable"><![CDATA[other_arrecord]]></item>
				<item id="type"><![CDATA[radio_1314]]></item>
				<item id="value"><![CDATA[1]]></item>
				<item id="extra"><![CDATA[]]></item>
			</item>
			<item id="2">
				<item id="displayorder"><![CDATA[3]]></item>
				<item id="title"><![CDATA[自动清除多少天以前的记录]]></item>
				<item id="description"><![CDATA[每天凌晨自动执行计划任务来清除记录]]></item>
				<item id="variable"><![CDATA[autoclearday]]></item>
				<item id="type"><![CDATA[number_1314]]></item>
				<item id="value"><![CDATA[30]]></item>
				<item id="extra"><![CDATA[]]></item>
			</item>
		</item>
		<item id="installfile"><![CDATA[install.php]]></item>
		<item id="uninstallfile"><![CDATA[uninstall.php]]></item>
		<item id="upgradefile"><![CDATA[upgrade.php]]></item>
		<item id="checkfile"><![CDATA[check.php]]></item>
		<item id="enablefile"><![CDATA[enable.php]]></item>
		<item id="disablefile"><![CDATA[disable.php]]></item>
	</item>
</root>