﻿<?xml version="1.0" encoding="ISO-8859-1"?>
<root>
	<item id="Title"><![CDATA[Discuz! Plugin]]></item>
	<item id="Version"><![CDATA[X2,X2.5,X3,X3.1,X3.2,F1.0]]></item>
	<item id="Time"><![CDATA[2016-12-24 20:44]]></item>
	<item id="From"><![CDATA[分享吧（www.fx8.cc）]]></item>
	<item id="Data">
		<item id="plugin">
			<item id="available"><![CDATA[1]]></item>
			<item id="adminid"><![CDATA[1]]></item>
			<item id="name"><![CDATA[源碼哥_【可可】會員網齡]]></item>
			<item id="identifier"><![CDATA[keke_age]]></item>
			<item id="description"><![CDATA[]]></item>
			<item id="datatables"><![CDATA[]]></item>
			<item id="directory"><![CDATA[keke_age/]]></item>
			<item id="copyright"><![CDATA[源碼哥（www.ymg6.com）]]></item>
			<item id="version"><![CDATA[2.0]]></item>
			<item id="__modules">
				<item id="9">
					<item id="name"><![CDATA[myyapmagoo]]></item>
					<item id="menu"><![CDATA[<span style="color:#E53333;"><b>源碼哥</b></span>]]></item>
					<item id="url"><![CDATA[]]></item>
					<item id="type"><![CDATA[3]]></item>
					<item id="adminid"><![CDATA[0]]></item>
					<item id="displayorder"><![CDATA[0]]></item>
					<item id="navtitle"><![CDATA[]]></item>
					<item id="navicon"><![CDATA[]]></item>
					<item id="navsubname"><![CDATA[]]></item>
					<item id="navsuburl"><![CDATA[]]></item>
				</item>
				<item id="0">
					<item id="name"><![CDATA[app]]></item>
					<item id="param"><![CDATA[]]></item>
					<item id="menu"><![CDATA[<span style="color:red">更多可可精品插件</span>]]></item>
					<item id="url"><![CDATA[]]></item>
					<item id="type"><![CDATA[3]]></item>
					<item id="adminid"><![CDATA[0]]></item>
					<item id="displayorder"><![CDATA[0]]></item>
					<item id="navtitle"><![CDATA[]]></item>
					<item id="navicon"><![CDATA[]]></item>
					<item id="navsubname"><![CDATA[]]></item>
					<item id="navsuburl"><![CDATA[]]></item>
				</item>
				<item id="1">
					<item id="name"><![CDATA[keke_age]]></item>
					<item id="param"><![CDATA[]]></item>
					<item id="menu"><![CDATA[]]></item>
					<item id="url"><![CDATA[]]></item>
					<item id="type"><![CDATA[11]]></item>
					<item id="adminid"><![CDATA[0]]></item>
					<item id="displayorder"><![CDATA[0]]></item>
					<item id="navtitle"><![CDATA[]]></item>
					<item id="navicon"><![CDATA[]]></item>
					<item id="navsubname"><![CDATA[]]></item>
					<item id="navsuburl"><![CDATA[]]></item>
				</item>
			</item>
		</item>
		<item id="version"><![CDATA[X2,X2.5,X3,X3.1,X3.2,F1.0]]></item>
		<item id="var">
			<item id="0">
				<item id="displayorder"><![CDATA[1]]></item>
				<item id="title"><![CDATA[網齡描述]]></item>
				<item id="description"><![CDATA[會員年齡的描述，默認為【會員網齡】，可根據需要更改，例如：時空網可以描述為 【時空年齡】]]></item>
				<item id="variable"><![CDATA[description]]></item>
				<item id="type"><![CDATA[text]]></item>
				<item id="value"><![CDATA[會員網齡]]></item>
				<item id="extra"><![CDATA[]]></item>
			</item>
			<item id="1">
				<item id="displayorder"><![CDATA[2]]></item>
				<item id="title"><![CDATA[描述顏色]]></item>
				<item id="description"><![CDATA[]]></item>
				<item id="variable"><![CDATA[msys]]></item>
				<item id="type"><![CDATA[color]]></item>
				<item id="value"><![CDATA[#333333]]></item>
				<item id="extra"><![CDATA[]]></item>
			</item>
			<item id="2">
				<item id="displayorder"><![CDATA[3]]></item>
				<item id="title"><![CDATA[年齡單位]]></item>
				<item id="description"><![CDATA[會員年齡的單位，默認為 【歲】，可自行修改。年齡計算方式為：自注冊日開始，每1個自然月為1歲。]]></item>
				<item id="variable"><![CDATA[unit]]></item>
				<item id="type"><![CDATA[text]]></item>
				<item id="value"><![CDATA[歲]]></item>
				<item id="extra"><![CDATA[]]></item>
			</item>
			<item id="3">
				<item id="displayorder"><![CDATA[5]]></item>
				<item id="title"><![CDATA[計歲周期]]></item>
				<item id="description"><![CDATA[選擇計歲周期，即多久時間為一歲]]></item>
				<item id="variable"><![CDATA[cycle]]></item>
				<item id="type"><![CDATA[select]]></item>
				<item id="value"><![CDATA[2]]></item>
				<item id="extra"><![CDATA[1 = 每一周計一歲
2 = 每一月計一歲
3 = 每一年計一歲]]></item>
			</item>
			<item id="4">
				<item id="displayorder"><![CDATA[6]]></item>
				<item id="title"><![CDATA[顯示位置]]></item>
				<item id="description"><![CDATA[顯示位置設置，請根據需要設置]]></item>
				<item id="variable"><![CDATA[qrd]]></item>
				<item id="type"><![CDATA[select]]></item>
				<item id="value"><![CDATA[1]]></item>
				<item id="extra"><![CDATA[1 = 頂部
2 = 底部]]></item>
			</item>
			<item id="5">
				<item id="displayorder"><![CDATA[7]]></item>
				<item id="title"><![CDATA[取小數點后幾位]]></item>
				<item id="description"><![CDATA[取小數點后幾位，填寫0時則顯示整數歲數]]></item>
				<item id="variable"><![CDATA[xsd]]></item>
				<item id="type"><![CDATA[number]]></item>
				<item id="value"><![CDATA[1]]></item>
				<item id="extra"><![CDATA[]]></item>
			</item>
			<item id="6">
				<item id="displayorder"><![CDATA[8]]></item>
				<item id="title"><![CDATA[歲數顏色]]></item>
				<item id="description"><![CDATA[歲數的字體顏色]]></item>
				<item id="variable"><![CDATA[color]]></item>
				<item id="type"><![CDATA[color]]></item>
				<item id="value"><![CDATA[#FF0000]]></item>
				<item id="extra"><![CDATA[]]></item>
			</item>
			<item id="7">
				<item id="displayorder"><![CDATA[9]]></item>
				<item id="title"><![CDATA[顯示歲數的用戶組]]></item>
				<item id="description"><![CDATA[顯示歲數的用戶組，空 為全部用戶均顯示]]></item>
				<item id="variable"><![CDATA[xsyhz]]></item>
				<item id="type"><![CDATA[groups]]></item>
				<item id="extra"><![CDATA[]]></item>
				<item id="__value">
					<item id="0"><![CDATA[]]></item>
				</item>
			</item>
		</item>
	</item>
</root>