﻿<?xml version="1.0" encoding="ISO-8859-1"?>
<root>
	<item id="Title"><![CDATA[Discuz! Plugin]]></item>
	<item id="Version"><![CDATA[X2,X2.5,X3,X3.1,X3.2,F1.0]]></item>
	<item id="Time"><![CDATA[2016-12-24 20:44]]></item>
	<item id="From"><![CDATA[分享吧（www.fx8.cc）]]></item>
	<item id="Data">
		<item id="plugin">
			<item id="available"><![CDATA[1]]></item>
			<item id="adminid"><![CDATA[1]]></item>
			<item id="name"><![CDATA[源码哥_【可可】会员网龄]]></item>
			<item id="identifier"><![CDATA[keke_age]]></item>
			<item id="description"><![CDATA[]]></item>
			<item id="datatables"><![CDATA[]]></item>
			<item id="directory"><![CDATA[keke_age/]]></item>
			<item id="copyright"><![CDATA[源码哥（www.ymg6.com）]]></item>
			<item id="version"><![CDATA[2.0]]></item>
			<item id="__modules">
				<item id="9">
					<item id="name"><![CDATA[myyapmagoo]]></item>
					<item id="menu"><![CDATA[<span style="color:#E53333;"><b>源码哥</b></span>]]></item>
					<item id="url"><![CDATA[]]></item>
					<item id="type"><![CDATA[3]]></item>
					<item id="adminid"><![CDATA[0]]></item>
					<item id="displayorder"><![CDATA[0]]></item>
					<item id="navtitle"><![CDATA[]]></item>
					<item id="navicon"><![CDATA[]]></item>
					<item id="navsubname"><![CDATA[]]></item>
					<item id="navsuburl"><![CDATA[]]></item>
				</item>
				<item id="0">
					<item id="name"><![CDATA[app]]></item>
					<item id="param"><![CDATA[]]></item>
					<item id="menu"><![CDATA[<span style="color:red">更多可可精品插件</span>]]></item>
					<item id="url"><![CDATA[]]></item>
					<item id="type"><![CDATA[3]]></item>
					<item id="adminid"><![CDATA[0]]></item>
					<item id="displayorder"><![CDATA[0]]></item>
					<item id="navtitle"><![CDATA[]]></item>
					<item id="navicon"><![CDATA[]]></item>
					<item id="navsubname"><![CDATA[]]></item>
					<item id="navsuburl"><![CDATA[]]></item>
				</item>
				<item id="1">
					<item id="name"><![CDATA[keke_age]]></item>
					<item id="param"><![CDATA[]]></item>
					<item id="menu"><![CDATA[]]></item>
					<item id="url"><![CDATA[]]></item>
					<item id="type"><![CDATA[11]]></item>
					<item id="adminid"><![CDATA[0]]></item>
					<item id="displayorder"><![CDATA[0]]></item>
					<item id="navtitle"><![CDATA[]]></item>
					<item id="navicon"><![CDATA[]]></item>
					<item id="navsubname"><![CDATA[]]></item>
					<item id="navsuburl"><![CDATA[]]></item>
				</item>
			</item>
		</item>
		<item id="version"><![CDATA[X2,X2.5,X3,X3.1,X3.2,F1.0]]></item>
		<item id="var">
			<item id="0">
				<item id="displayorder"><![CDATA[1]]></item>
				<item id="title"><![CDATA[网龄描述]]></item>
				<item id="description"><![CDATA[会员年龄的描述，默认为【会员网龄】，可根据需要更改，例如：时空网可以描述为 【时空年龄】]]></item>
				<item id="variable"><![CDATA[description]]></item>
				<item id="type"><![CDATA[text]]></item>
				<item id="value"><![CDATA[会员网龄]]></item>
				<item id="extra"><![CDATA[]]></item>
			</item>
			<item id="1">
				<item id="displayorder"><![CDATA[2]]></item>
				<item id="title"><![CDATA[描述颜色]]></item>
				<item id="description"><![CDATA[]]></item>
				<item id="variable"><![CDATA[msys]]></item>
				<item id="type"><![CDATA[color]]></item>
				<item id="value"><![CDATA[#333333]]></item>
				<item id="extra"><![CDATA[]]></item>
			</item>
			<item id="2">
				<item id="displayorder"><![CDATA[3]]></item>
				<item id="title"><![CDATA[年龄单位]]></item>
				<item id="description"><![CDATA[会员年龄的单位，默认为 【岁】，可自行修改。年龄计算方式为：自注册日开始，每1个自然月为1岁。]]></item>
				<item id="variable"><![CDATA[unit]]></item>
				<item id="type"><![CDATA[text]]></item>
				<item id="value"><![CDATA[岁]]></item>
				<item id="extra"><![CDATA[]]></item>
			</item>
			<item id="3">
				<item id="displayorder"><![CDATA[5]]></item>
				<item id="title"><![CDATA[计岁周期]]></item>
				<item id="description"><![CDATA[选择计岁周期，即多久时间为一岁]]></item>
				<item id="variable"><![CDATA[cycle]]></item>
				<item id="type"><![CDATA[select]]></item>
				<item id="value"><![CDATA[2]]></item>
				<item id="extra"><![CDATA[1 = 每一周计一岁
2 = 每一月计一岁
3 = 每一年计一岁]]></item>
			</item>
			<item id="4">
				<item id="displayorder"><![CDATA[6]]></item>
				<item id="title"><![CDATA[显示位置]]></item>
				<item id="description"><![CDATA[显示位置设置，请根据需要设置]]></item>
				<item id="variable"><![CDATA[qrd]]></item>
				<item id="type"><![CDATA[select]]></item>
				<item id="value"><![CDATA[1]]></item>
				<item id="extra"><![CDATA[1 = 顶部
2 = 底部]]></item>
			</item>
			<item id="5">
				<item id="displayorder"><![CDATA[7]]></item>
				<item id="title"><![CDATA[取小数点后几位]]></item>
				<item id="description"><![CDATA[取小数点后几位，填写0时则显示整数岁数]]></item>
				<item id="variable"><![CDATA[xsd]]></item>
				<item id="type"><![CDATA[number]]></item>
				<item id="value"><![CDATA[1]]></item>
				<item id="extra"><![CDATA[]]></item>
			</item>
			<item id="6">
				<item id="displayorder"><![CDATA[8]]></item>
				<item id="title"><![CDATA[岁数颜色]]></item>
				<item id="description"><![CDATA[岁数的字体颜色]]></item>
				<item id="variable"><![CDATA[color]]></item>
				<item id="type"><![CDATA[color]]></item>
				<item id="value"><![CDATA[#FF0000]]></item>
				<item id="extra"><![CDATA[]]></item>
			</item>
			<item id="7">
				<item id="displayorder"><![CDATA[9]]></item>
				<item id="title"><![CDATA[显示岁数的用户组]]></item>
				<item id="description"><![CDATA[显示岁数的用户组，空 为全部用户均显示]]></item>
				<item id="variable"><![CDATA[xsyhz]]></item>
				<item id="type"><![CDATA[groups]]></item>
				<item id="extra"><![CDATA[]]></item>
				<item id="__value">
					<item id="0"><![CDATA[]]></item>
				</item>
			</item>
		</item>
	</item>
</root>