﻿<?xml version="1.0" encoding="ISO-8859-1"?>
<root>
	<item id="Title"><![CDATA[Discuz! Plugin]]></item>
	<item id="Version"><![CDATA[X2,X2.5,X3,X3.1,X3.2,F1.0]]></item>
	<item id="Time"><![CDATA[2016-10-25 09:51]]></item>
	<item id="From"><![CDATA[分享吧（www.fx8.cc）]]></item>
	<item id="Data">
		<item id="plugin">
			<item id="available"><![CDATA[1]]></item>
			<item id="adminid"><![CDATA[1]]></item>
			<item id="name"><![CDATA[源碼哥_[Q]多功能圖文列表]]></item>
			<item id="identifier"><![CDATA[qu_forumimglist]]></item>
			<item id="description"><![CDATA[使用本插件可以設置主題列表顯示帖子內的圖片和摘要。]]></item>
			<item id="datatables"><![CDATA[]]></item>
			<item id="directory"><![CDATA[qu_forumimglist/]]></item>
			<item id="copyright"><![CDATA[源碼哥（www.ymg6.com）]]></item>
			<item id="version"><![CDATA[1.0]]></item>
			<item id="__modules">
				<item id="14">
					<item id="name"><![CDATA[myyapmagoo]]></item>
					<item id="menu"><![CDATA[<span style="color:#E53333;"><b>源碼哥</b></span>]]></item>
					<item id="url"><![CDATA[]]></item>
					<item id="type"><![CDATA[3]]></item>
					<item id="adminid"><![CDATA[0]]></item>
					<item id="displayorder"><![CDATA[0]]></item>
					<item id="navtitle"><![CDATA[]]></item>
					<item id="navicon"><![CDATA[]]></item>
					<item id="navsubname"><![CDATA[]]></item>
					<item id="navsuburl"><![CDATA[]]></item>
				</item>
				<item id="0">
					<item id="name"><![CDATA[more]]></item>
					<item id="param"><![CDATA[]]></item>
					<item id="menu"><![CDATA[推薦]]></item>
					<item id="url"><![CDATA[]]></item>
					<item id="type"><![CDATA[3]]></item>
					<item id="adminid"><![CDATA[0]]></item>
					<item id="displayorder"><![CDATA[0]]></item>
					<item id="navtitle"><![CDATA[]]></item>
					<item id="navicon"><![CDATA[]]></item>
					<item id="navsubname"><![CDATA[]]></item>
					<item id="navsuburl"><![CDATA[]]></item>
				</item>
				<item id="1">
					<item id="name"><![CDATA[qu_forumimglist]]></item>
					<item id="param"><![CDATA[]]></item>
					<item id="menu"><![CDATA[]]></item>
					<item id="url"><![CDATA[]]></item>
					<item id="type"><![CDATA[11]]></item>
					<item id="adminid"><![CDATA[0]]></item>
					<item id="displayorder"><![CDATA[0]]></item>
					<item id="navtitle"><![CDATA[]]></item>
					<item id="navicon"><![CDATA[]]></item>
					<item id="navsubname"><![CDATA[]]></item>
					<item id="navsuburl"><![CDATA[]]></item>
				</item>
			</item>
		</item>
		<item id="version"><![CDATA[X2,X2.5,X3,X3.1,X3.2,F1.0]]></item>
		<item id="var">
			<item id="0">
				<item id="displayorder"><![CDATA[0]]></item>
				<item id="title"><![CDATA[摘要長度]]></item>
				<item id="description"><![CDATA[設置為0是不顯示摘要]]></item>
				<item id="variable"><![CDATA[q_zhaiyao]]></item>
				<item id="type"><![CDATA[number]]></item>
				<item id="value"><![CDATA[0]]></item>
				<item id="extra"><![CDATA[]]></item>
			</item>
			<item id="1">
				<item id="displayorder"><![CDATA[1]]></item>
				<item id="title"><![CDATA[圖片高度]]></item>
				<item id="description"><![CDATA[設置圖片展示高度]]></item>
				<item id="variable"><![CDATA[qpicheight]]></item>
				<item id="type"><![CDATA[number]]></item>
				<item id="value"><![CDATA[100]]></item>
				<item id="extra"><![CDATA[]]></item>
			</item>
			<item id="2">
				<item id="displayorder"><![CDATA[2]]></item>
				<item id="title"><![CDATA[圖片寬度]]></item>
				<item id="description"><![CDATA[設置圖片展示寬度]]></item>
				<item id="variable"><![CDATA[qpicwidth]]></item>
				<item id="type"><![CDATA[number]]></item>
				<item id="value"><![CDATA[100]]></item>
				<item id="extra"><![CDATA[]]></item>
			</item>
			<item id="3">
				<item id="displayorder"><![CDATA[3]]></item>
				<item id="title"><![CDATA[僅限制圖片高度]]></item>
				<item id="description"><![CDATA[設置為“是”后，上面設置的圖片高度不會生效！]]></item>
				<item id="variable"><![CDATA[qlimitheight]]></item>
				<item id="type"><![CDATA[radio]]></item>
				<item id="value"><![CDATA[1]]></item>
				<item id="extra"><![CDATA[]]></item>
			</item>
			<item id="4">
				<item id="displayorder"><![CDATA[4]]></item>
				<item id="title"><![CDATA[圖片數量]]></item>
				<item id="description"><![CDATA[設置最多顯示的圖片數量]]></item>
				<item id="variable"><![CDATA[q_num]]></item>
				<item id="type"><![CDATA[number]]></item>
				<item id="value"><![CDATA[5]]></item>
				<item id="extra"><![CDATA[]]></item>
			</item>
			<item id="5">
				<item id="displayorder"><![CDATA[5]]></item>
				<item id="title"><![CDATA[倒序調用圖片]]></item>
				<item id="description"><![CDATA[是否倒序調用帖子中的圖片？]]></item>
				<item id="variable"><![CDATA[q_dx]]></item>
				<item id="type"><![CDATA[radio]]></item>
				<item id="value"><![CDATA[1]]></item>
				<item id="extra"><![CDATA[]]></item>
			</item>
			<item id="6">
				<item id="displayorder"><![CDATA[6]]></item>
				<item id="title"><![CDATA[是否過濾置頂帖]]></item>
				<item id="description"><![CDATA[設置為“是”，置頂帖將不顯示圖片]]></item>
				<item id="variable"><![CDATA[q_zd]]></item>
				<item id="type"><![CDATA[radio]]></item>
				<item id="value"><![CDATA[1]]></item>
				<item id="extra"><![CDATA[]]></item>
			</item>
			<item id="7">
				<item id="displayorder"><![CDATA[7]]></item>
				<item id="title"><![CDATA[開啟版塊]]></item>
				<item id="description"><![CDATA[]]></item>
				<item id="variable"><![CDATA[q_fids]]></item>
				<item id="type"><![CDATA[forums]]></item>
				<item id="extra"><![CDATA[]]></item>
				<item id="__value">
					<item id="0"><![CDATA[41]]></item>
					<item id="1"><![CDATA[42]]></item>
					<item id="2"><![CDATA[49]]></item>
					<item id="3"><![CDATA[45]]></item>
					<item id="4"><![CDATA[2]]></item>
					<item id="5"><![CDATA[50]]></item>
					<item id="6"><![CDATA[51]]></item>
					<item id="7"><![CDATA[52]]></item>
					<item id="8"><![CDATA[40]]></item>
					<item id="9"><![CDATA[36]]></item>
					<item id="10"><![CDATA[48]]></item>
					<item id="11"><![CDATA[47]]></item>
					<item id="12"><![CDATA[46]]></item>
				</item>
			</item>
			<item id="8">
				<item id="displayorder"><![CDATA[8]]></item>
				<item id="title"><![CDATA[圖片左邊距]]></item>
				<item id="description"><![CDATA[設置圖片左邊距]]></item>
				<item id="variable"><![CDATA[q_zbj]]></item>
				<item id="type"><![CDATA[text]]></item>
				<item id="value"><![CDATA[0px]]></item>
				<item id="extra"><![CDATA[]]></item>
			</item>
			<item id="9">
				<item id="displayorder"><![CDATA[8]]></item>
				<item id="title"><![CDATA[圖片下邊距]]></item>
				<item id="description"><![CDATA[設置圖片下邊距]]></item>
				<item id="variable"><![CDATA[q_xbj]]></item>
				<item id="type"><![CDATA[text]]></item>
				<item id="value"><![CDATA[0px]]></item>
				<item id="extra"><![CDATA[]]></item>
			</item>
			<item id="10">
				<item id="displayorder"><![CDATA[8]]></item>
				<item id="title"><![CDATA[圖片上邊距]]></item>
				<item id="description"><![CDATA[設置圖片上邊距]]></item>
				<item id="variable"><![CDATA[q_sbj]]></item>
				<item id="type"><![CDATA[text]]></item>
				<item id="value"><![CDATA[0px]]></item>
				<item id="extra"><![CDATA[]]></item>
			</item>
			<item id="11">
				<item id="displayorder"><![CDATA[8]]></item>
				<item id="title"><![CDATA[圖片右邊距]]></item>
				<item id="description"><![CDATA[設置圖片右邊距]]></item>
				<item id="variable"><![CDATA[q_ybj]]></item>
				<item id="type"><![CDATA[text]]></item>
				<item id="value"><![CDATA[10px]]></item>
				<item id="extra"><![CDATA[]]></item>
			</item>
			<item id="12">
				<item id="displayorder"><![CDATA[9]]></item>
				<item id="title"><![CDATA[圖片圓角]]></item>
				<item id="description"><![CDATA[設置圖片圓角值，0px為無圓角]]></item>
				<item id="variable"><![CDATA[q_yj]]></item>
				<item id="type"><![CDATA[text]]></item>
				<item id="value"><![CDATA[0px]]></item>
				<item id="extra"><![CDATA[]]></item>
			</item>
			<item id="13">
				<item id="displayorder"><![CDATA[10]]></item>
				<item id="title"><![CDATA[點擊圖片]]></item>
				<item id="description"><![CDATA[]]></item>
				<item id="variable"><![CDATA[q_dj]]></item>
				<item id="type"><![CDATA[select]]></item>
				<item id="value"><![CDATA[2]]></item>
				<item id="extra"><![CDATA[1=顯示大圖
2=打開帖子]]></item>
			</item>
		</item>
	</item>
</root>