<?xml version="1.0" encoding="ISO-8859-1"?>
<root>
	<item id="Title"><![CDATA[Discuz! Plugin]]></item>
	<item id="Version"><![CDATA[X2]]></item>
	<item id="Time"><![CDATA[2013-05-10 13:11]]></item>
	<item id="From"><![CDATA[DXC官方 (http://www.xhkj5.com/)]]></item>
	<item id="Data">
		<item id="plugin">
			<item id="available"><![CDATA[1]]></item>
			<item id="adminid"><![CDATA[1]]></item>
			<item id="name"><![CDATA[DXC采集]]></item>
			<item id="identifier"><![CDATA[milu_pick]]></item>
			<item id="description"><![CDATA[批量注册，头像批量采集，会员虚拟在线，文章批量采集。
有何疑问，请访问：http://www.xhkj5.com/]]></item>
			<item id="datatables"><![CDATA[]]></item>
			<item id="directory"><![CDATA[milu_pick/]]></item>
			<item id="copyright"><![CDATA[讯幻网]]></item>
			<item id="version"><![CDATA[2.6]]></item>
			<item id="__modules">
				<item id="0">
					<item id="name"><![CDATA[pick_info]]></item>
					<item id="menu"><![CDATA[插件信息]]></item>
					<item id="url"><![CDATA[]]></item>
					<item id="type"><![CDATA[3]]></item>
					<item id="adminid"><![CDATA[0]]></item>
					<item id="displayorder"><![CDATA[0]]></item>
					<item id="navtitle"><![CDATA[]]></item>
					<item id="navicon"><![CDATA[]]></item>
					<item id="navsubname"><![CDATA[]]></item>
					<item id="navsuburl"><![CDATA[]]></item>
				</item>
				<item id="1">
					<item id="name"><![CDATA[milu_pick]]></item>
					<item id="menu"><![CDATA[]]></item>
					<item id="url"><![CDATA[]]></item>
					<item id="type"><![CDATA[11]]></item>
					<item id="adminid"><![CDATA[0]]></item>
					<item id="displayorder"><![CDATA[0]]></item>
					<item id="navtitle"><![CDATA[]]></item>
					<item id="navicon"><![CDATA[]]></item>
					<item id="navsubname"><![CDATA[]]></item>
					<item id="navsuburl"><![CDATA[]]></item>
				</item>
				<item id="2">
					<item id="name"><![CDATA[member]]></item>
					<item id="menu"><![CDATA[会员批量设置]]></item>
					<item id="url"><![CDATA[]]></item>
					<item id="type"><![CDATA[3]]></item>
					<item id="adminid"><![CDATA[0]]></item>
					<item id="displayorder"><![CDATA[2]]></item>
					<item id="navtitle"><![CDATA[]]></item>
					<item id="navicon"><![CDATA[]]></item>
					<item id="navsubname"><![CDATA[]]></item>
					<item id="navsuburl"><![CDATA[]]></item>
				</item>
				<item id="3">
					<item id="name"><![CDATA[seo]]></item>
					<item id="menu"><![CDATA[伪原创设置]]></item>
					<item id="url"><![CDATA[]]></item>
					<item id="type"><![CDATA[3]]></item>
					<item id="adminid"><![CDATA[0]]></item>
					<item id="displayorder"><![CDATA[3]]></item>
					<item id="navtitle"><![CDATA[]]></item>
					<item id="navicon"><![CDATA[]]></item>
					<item id="navsubname"><![CDATA[]]></item>
					<item id="navsuburl"><![CDATA[]]></item>
				</item>
				<item id="4">
					<item id="name"><![CDATA[picker_create]]></item>
					<item id="menu"><![CDATA[添加采集器]]></item>
					<item id="url"><![CDATA[]]></item>
					<item id="type"><![CDATA[3]]></item>
					<item id="adminid"><![CDATA[0]]></item>
					<item id="displayorder"><![CDATA[5]]></item>
					<item id="navtitle"><![CDATA[]]></item>
					<item id="navicon"><![CDATA[]]></item>
					<item id="navsubname"><![CDATA[]]></item>
					<item id="navsuburl"><![CDATA[]]></item>
				</item>
				<item id="5">
					<item id="name"><![CDATA[picker_manage]]></item>
					<item id="menu"><![CDATA[管理采集器]]></item>
					<item id="url"><![CDATA[]]></item>
					<item id="type"><![CDATA[3]]></item>
					<item id="adminid"><![CDATA[0]]></item>
					<item id="displayorder"><![CDATA[6]]></item>
					<item id="navtitle"><![CDATA[]]></item>
					<item id="navicon"><![CDATA[]]></item>
					<item id="navsubname"><![CDATA[]]></item>
					<item id="navsuburl"><![CDATA[]]></item>
				</item>
				<item id="6">
					<item id="name"><![CDATA[fast_pick]]></item>
					<item id="menu"><![CDATA[单贴采集]]></item>
					<item id="url"><![CDATA[]]></item>
					<item id="type"><![CDATA[3]]></item>
					<item id="adminid"><![CDATA[0]]></item>
					<item id="displayorder"><![CDATA[9]]></item>
					<item id="navtitle"><![CDATA[]]></item>
					<item id="navicon"><![CDATA[]]></item>
					<item id="navsubname"><![CDATA[]]></item>
					<item id="navsuburl"><![CDATA[]]></item>
				</item>
				<item id="7">
					<item id="name"><![CDATA[system_rules]]></item>
					<item id="menu"><![CDATA[内置规则]]></item>
					<item id="url"><![CDATA[]]></item>
					<item id="type"><![CDATA[3]]></item>
					<item id="adminid"><![CDATA[0]]></item>
					<item id="displayorder"><![CDATA[10]]></item>
					<item id="navtitle"><![CDATA[]]></item>
					<item id="navicon"><![CDATA[]]></item>
					<item id="navsubname"><![CDATA[]]></item>
					<item id="navsuburl"><![CDATA[]]></item>
				</item>
				<item id="8">
					<item id="name"><![CDATA[virtual_data]]></item>
					<item id="menu"><![CDATA[虚拟数据]]></item>
					<item id="url"><![CDATA[]]></item>
					<item id="type"><![CDATA[3]]></item>
					<item id="adminid"><![CDATA[0]]></item>
					<item id="displayorder"><![CDATA[11]]></item>
					<item id="navtitle"><![CDATA[]]></item>
					<item id="navicon"><![CDATA[]]></item>
					<item id="navsubname"><![CDATA[]]></item>
					<item id="navsuburl"><![CDATA[]]></item>
				</item>
				<item id="9">
					<item id="name"><![CDATA[help]]></item>
					<item id="menu"><![CDATA[帮助教程]]></item>
					<item id="url"><![CDATA[]]></item>
					<item id="type"><![CDATA[3]]></item>
					<item id="adminid"><![CDATA[0]]></item>
					<item id="displayorder"><![CDATA[16]]></item>
					<item id="navtitle"><![CDATA[]]></item>
					<item id="navicon"><![CDATA[]]></item>
					<item id="navsubname"><![CDATA[]]></item>
					<item id="navsuburl"><![CDATA[]]></item>
				</item>
			</item>
		</item>
		<item id="version"><![CDATA[X2,X2.5,X3]]></item>
		<item id="var">
			<item id="0">
				<item id="displayorder"><![CDATA[0]]></item>
				<item id="title"><![CDATA[是否开启云采集]]></item>
				<item id="description"><![CDATA[开启之后您将能使用服务端的采集规则，自动从服务端寻找规则，并下载添加到本地规则库。]]></item>
				<item id="variable"><![CDATA[open_cloud_pick]]></item>
				<item id="type"><![CDATA[radio]]></item>
				<item id="value"><![CDATA[1]]></item>
				<item id="extra"><![CDATA[]]></item>
			</item>
			<item id="1">
				<item id="displayorder"><![CDATA[0]]></item>
				<item id="title"><![CDATA[特殊图片获取设置]]></item>
				<item id="description"><![CDATA[一行一组，如填：*none.gif@@file 意思就是当图片标签img的src属性包含none.gif时，尝试从file属性获取图片路径。]]></item>
				<item id="variable"><![CDATA[evo_img]]></item>
				<item id="type"><![CDATA[textarea]]></item>
				<item id="value"><![CDATA[]]></item>
				<item id="extra"><![CDATA[]]></item>
			</item>
			<item id="2">
				<item id="displayorder"><![CDATA[0]]></item>
				<item id="title"><![CDATA[最大重定向深度]]></item>
				<item id="description"><![CDATA[支持浏览器重定向，并能控制重定向深度 默认是2]]></item>
				<item id="variable"><![CDATA[max_redirs]]></item>
				<item id="type"><![CDATA[number]]></item>
				<item id="value"><![CDATA[2]]></item>
				<item id="extra"><![CDATA[]]></item>
			</item>
			<item id="3">
				<item id="displayorder"><![CDATA[0]]></item>
				<item id="title"><![CDATA[特殊图片本地化设置]]></item>
				<item id="description"><![CDATA[一行一个。图片路径包含字符就检查本地是否有相应的文件,否则转换成远程路径,但不本地化。比如discuz的默认表情static/image/smiley/ 如果检测到内容含有这些字符，会检查论坛是否有相应的文件，如果有，则不会保存到本地。如果没有，图片路径转换成远程路径（比如搜搜表情）]]></item>
				<item id="variable"><![CDATA[evo_img_no]]></item>
				<item id="type"><![CDATA[textarea]]></item>
				<item id="value"><![CDATA[]]></item>
				<item id="extra"><![CDATA[]]></item>
			</item>
			<item id="4">
				<item id="displayorder"><![CDATA[0]]></item>
				<item id="title"><![CDATA[是否显示错误信息]]></item>
				<item id="description"><![CDATA[显示php运行错误。只用于技术人员排除故障、调试错误用，一般情况下应该关掉。]]></item>
				<item id="variable"><![CDATA[show_error]]></item>
				<item id="type"><![CDATA[radio]]></item>
				<item id="value"><![CDATA[0]]></item>
				<item id="extra"><![CDATA[]]></item>
			</item>
			<item id="5">
				<item id="displayorder"><![CDATA[0]]></item>
				<item id="title"><![CDATA[计划任务是否开启日志]]></item>
				<item id="description"><![CDATA[方便你了解计划任务时的采集过程，记得要定期清空日志。（商业版功能）]]></item>
				<item id="variable"><![CDATA[is_log_cron]]></item>
				<item id="type"><![CDATA[radio]]></item>
				<item id="value"><![CDATA[1]]></item>
				<item id="extra"><![CDATA[]]></item>
			</item>
			<item id="6">
				<item id="displayorder"><![CDATA[0]]></item>
				<item id="title"><![CDATA[文章是否加标签]]></item>
				<item id="description"><![CDATA[加标签有点耗时，请根据自己的需要开启(商业版功能)]]></item>
				<item id="variable"><![CDATA[open_tag]]></item>
				<item id="type"><![CDATA[radio]]></item>
				<item id="value"><![CDATA[1]]></item>
				<item id="extra"><![CDATA[]]></item>
			</item>
			<item id="7">
				<item id="displayorder"><![CDATA[0]]></item>
				<item id="title"><![CDATA[开启定时发布]]></item>
				<item id="description"><![CDATA[是否定时发布文章（商业版功能）]]></item>
				<item id="variable"><![CDATA[is_timing]]></item>
				<item id="type"><![CDATA[radio]]></item>
				<item id="value"><![CDATA[0]]></item>
				<item id="extra"><![CDATA[]]></item>
			</item>
			<item id="8">
				<item id="displayorder"><![CDATA[0]]></item>
				<item id="title"><![CDATA[计划任务是否开启]]></item>
				<item id="description"><![CDATA[计划任务和系统紧密相关，不当的设置可能会导致网站无法访问，如果发现异常，可直接关闭计划任务功能（商业版功能）]]></item>
				<item id="variable"><![CDATA[cron_open]]></item>
				<item id="type"><![CDATA[radio]]></item>
				<item id="value"><![CDATA[0]]></item>
				<item id="extra"><![CDATA[]]></item>
			</item>
			<item id="9">
				<item id="displayorder"><![CDATA[0]]></item>
				<item id="title"><![CDATA[超时时间]]></item>
				<item id="description"><![CDATA[]]></item>
				<item id="variable"><![CDATA[time_out]]></item>
				<item id="type"><![CDATA[number]]></item>
				<item id="value"><![CDATA[10]]></item>
				<item id="extra"><![CDATA[]]></item>
			</item>
			<item id="10">
				<item id="displayorder"><![CDATA[0]]></item>
				<item id="title"><![CDATA[缓存时间]]></item>
				<item id="description"><![CDATA[单位：分钟。填0表示不缓存。为了方便规则调试，测试第一次之后，便将获取到的页面缓存。第二次再测试就比较快。]]></item>
				<item id="variable"><![CDATA[cache_time]]></item>
				<item id="type"><![CDATA[number]]></item>
				<item id="value"><![CDATA[0]]></item>
				<item id="extra"><![CDATA[]]></item>
			</item>
			<item id="11">
				<item id="displayorder"><![CDATA[0]]></item>
				<item id="title"><![CDATA[自动检测版本更新]]></item>
				<item id="description"><![CDATA[仅限商业版。如果开启，有新版本的时候会直接提示。如果不开启，需要手动检测是否有更新。]]></item>
				<item id="variable"><![CDATA[check_version]]></item>
				<item id="type"><![CDATA[radio]]></item>
				<item id="value"><![CDATA[1]]></item>
				<item id="extra"><![CDATA[]]></item>
			</item>
			<item id="12">
				<item id="displayorder"><![CDATA[0]]></item>
				<item id="title"><![CDATA[允许本地化的附件扩展名]]></item>
				<item id="description"><![CDATA[多个用|隔开（商业版功能）参考值：doc|docx|xls|xlsx|ppt|txt|zip|rar|gz|bz2|pdf]]></item>
				<item id="variable"><![CDATA[get_file_ext]]></item>
				<item id="type"><![CDATA[text]]></item>
				<item id="value"><![CDATA[]]></item>
				<item id="extra"><![CDATA[]]></item>
			</item>
			<item id="13">
				<item id="displayorder"><![CDATA[0]]></item>
				<item id="title"><![CDATA[下载图片伪造来路]]></item>
				<item id="description"><![CDATA[下载防盗链是否伪造来路（HTTP Referer）。默认选择是。大部分情况下都有效，少部分防盗链图片必须选择否才能下载。如果后台文章预览可看到图片，但文章发布之后无法显示图片，试着关闭此项再重新发布。]]></item>
				<item id="variable"><![CDATA[is_set_referer]]></item>
				<item id="type"><![CDATA[radio]]></item>
				<item id="value"><![CDATA[1]]></item>
				<item id="extra"><![CDATA[]]></item>
			</item>
		</item>
		<item id="language">
			<item id="scriptlang">
				<item id="reg_finsh"><![CDATA[注册成功]]></item>
				<item id="too_short"><![CDATA[用户名太短]]></item>
				<item id="too_long"><![CDATA[用户名太长]]></item>
				<item id="drop"><![CDATA[放弃]]></item>
				<item id="bad_word"><![CDATA[包含敏感字符]]></item>
				<item id="system_bad_word"><![CDATA[包含被系统屏蔽的字符]]></item>
				<item id="reged"><![CDATA[已经被注册]]></item>
				<item id="wrong_email"><![CDATA[Email 地址无效]]></item>
				<item id="bad_email"><![CDATA[Email包含不可使用的邮箱域名]]></item>
				<item id="email_reged"><![CDATA[Email地址已经被注册]]></item>
				<item id="unknow_error"><![CDATA[未知错误]]></item>
				<item id="uid_reged"><![CDATA[此uid已经被占用]]></item>
				<item id="close"><![CDATA[关闭]]></item>
				<item id="cancel"><![CDATA[取消]]></item>
				<item id="ok"><![CDATA[确定]]></item>
				<item id="no_found_ajaxfunc"><![CDATA[找不到ajax函数]]></item>
				<item id="get_link"><![CDATA[获取到{count}个链接]]></item>
				<item id="get_link_no_data"><![CDATA[无法获取链接列表]]></item>
				<item id="dxc_system_rules"><![CDATA[内置规则]]></item>
				<item id="rules_error_data"><![CDATA[不是标准的导入文件或数据格式!]]></item>
				<item id="error_verson"><![CDATA[版本号不一致!]]></item>
				<item id="rules_no_empty"><![CDATA[规则名称不可以为空]]></item>
				<item id="add"><![CDATA[添加]]></item>
				<item id="modify"><![CDATA[修改]]></item>
				<item id="del"><![CDATA[删除]]></item>
				<item id="success"><![CDATA[成功]]></item>
				<item id="uid_no_exists"><![CDATA[uid为{u}的用户不存在]]></item>
				<item id="jump"><![CDATA[跳过]]></item>
				<item id="fail"><![CDATA[失败]]></item>
				<item id="user_no_exists"><![CDATA[你所填的发布者的uid并不存在]]></item>
				<item id="rules_notice"><![CDATA[规则{msg}成功!]]></item>
				<item id="select_rules"><![CDATA[请选择规则类型]]></item>
				<item id="rules_del_success"><![CDATA[规则删除成功]]></item>
				<item id="del_confirm"><![CDATA[此操作不可以恢复，您确定要删除吗？]]></item>
				<item id="cover_notice"><![CDATA[已经存在一条相同的采集规则了，你是否要覆盖]]></item>
				<item id="import_finsh"><![CDATA[导入完毕]]></item>
				<item id="text"><![CDATA[字符串]]></item>
				<item id="textarea"><![CDATA[文本]]></item>
				<item id="select"><![CDATA[单选选择]]></item>
				<item id="selects"><![CDATA[多项选择]]></item>
				<item id="open_keyword"><![CDATA[开启长尾关键词联想(暂不可用)]]></item>
				<item id="desc_demo"><![CDATA[1 = 光电鼠标<br />2 = 机械鼠标<br />3 = 没有鼠标]]></item>
				<item id="unable_pick"><![CDATA[抱歉，你的服务器禁用了一些采集的函数，导致采集失败]]></item>
				<item id="get_time_out"><![CDATA[获取网页内容超时]]></item>
				<item id="get_link_test"><![CDATA[获取文章链接-调试窗口]]></item>
				<item id="get_title"><![CDATA[获取到的标题]]></item>
				<item id="test"><![CDATA[测试]]></item>
				<item id="insert_var"><![CDATA[插入可变区域]]></item>
				<item id="dom_get"><![CDATA[DOM获取]]></item>
				<item id="str_get"><![CDATA[字符串获取]]></item>
				<item id="title"><![CDATA[标题]]></item>
				<item id="body"><![CDATA[内容]]></item>
				<item id="reply"><![CDATA[回复]]></item>
				<item id="must_select_data"><![CDATA[至少选择一条数据]]></item>
				<item id="no_get_data"><![CDATA[很抱歉，没获取到]]></item>
				<item id="get_data_count"><![CDATA[共获取到{data}条]]></item>
				<item id="class_no_rules"><![CDATA[此分类下暂无规则]]></item>
				<item id="no_set_value"><![CDATA[此项没有设置选择值]]></item>
				<item id="querying"><![CDATA[正在查询，请稍候]]></item>
				<item id="all_select"><![CDATA[全选]]></item>
				<item id="no_keyword"><![CDATA[没有可用的长尾关键词]]></item>
				<item id="get_link_list_test"><![CDATA[获取链接-调试窗口]]></item>
				<item id="start_no_less_end"><![CDATA[起始值不能等于结束值！]]></item>
				<item id="step_no_data"><![CDATA[步长不可以为0！]]></item>
				<item id="long_data"><![CDATA[数据过大，超出范围]]></item>
				<item id="day"><![CDATA[日]]></item>
				<item id="month"><![CDATA[月]]></item>
				<item id="hour"><![CDATA[时]]></item>
				<item id="rules_update_pick"><![CDATA[采集规则同步成功]]></item>
				<item id="pick_start"><![CDATA[采集器初始化中…]]></item>
				<item id="clear_log"><![CDATA[开始清理爬行记录…]]></item>
				<item id="pick_no_select_rules"><![CDATA[出错，采集模式为【内置规则】，却没选择任何规则,请检查设置]]></item>
				<item id="pick_no_link"><![CDATA[出错，获取不到任何链接,请检查设置!]]></item>
				<item id="pick_get_linked"><![CDATA[已经读取到列表，现在开始采集]]></item>
				<item id="no_set_level"><![CDATA[出错,请设置好采集深度！]]></item>
				<item id="read_link"><![CDATA[分析链接]]></item>
				<item id="read_content"><![CDATA[分析网页内容]]></item>
				<item id="is_page_web"><![CDATA[似乎是列表页,放弃]]></item>
				<item id="no_get_title"><![CDATA[标题获取不到]]></item>
				<item id="title_too_short"><![CDATA[标题太短,放弃]]></item>
				<item id="no_get_content"><![CDATA[内容获取不到]]></item>
				<item id="data_too_short"><![CDATA[文章字数太小,放弃]]></item>
				<item id="data_too_long"><![CDATA[内容太长，超出范围,放弃]]></item>
				<item id="article"><![CDATA[文章]]></item>
				<item id="article_exist"><![CDATA[文章已存在,放弃]]></item>
				<item id="add_data"><![CDATA[已入库]]></item>
				<item id="img_article"><![CDATA[图片文章]]></item>
				<item id="no_modify"><![CDATA[从未修改]]></item>
				<item id="title_no_empty"><![CDATA[标题不能为空]]></item>
				<item id="save"><![CDATA[保存]]></item>
				<item id="public"><![CDATA[发布]]></item>
				<item id="view_article"><![CDATA[查看文章]]></item>
				<item id="continue_edit"><![CDATA[继续编辑]]></item>
				<item id="return_list"><![CDATA[返回列表]]></item>
				<item id="select_class"><![CDATA[请选择分类]]></item>
				<item id="article_public_timming"><![CDATA[操作成功！由于设置了定时发布，此文章将于{d}发布。]]></item>
				<item id="add_class"><![CDATA[新建分类]]></item>
				<item id="get_set_finsh"><![CDATA[获取参数，准备就绪]]></item>
				<item id="get_avatar_data"><![CDATA[为uid为{i}的会员采集头像]]></item>
				<item id="pick_name_no_empty"><![CDATA[名称不可以为空]]></item>
				<item id="pick_op_finsh"><![CDATA[采集器{msg}成功!]]></item>
				<item id="must_select_pick"><![CDATA[请先选择至少一个采集器!]]></item>
				<item id="import"><![CDATA[导入]]></item>
				<item id="finsh"><![CDATA[完成]]></item>
				<item id="AccessDenied"><![CDATA[已触发discuz防采集机制，获取失败]]></item>
				<item id="article_content_empty"><![CDATA[这篇文章内容为空]]></item>
				<item id="no_select_article"><![CDATA[请先选择至少一篇文章!]]></item>
				<item id="article_del_finsh"><![CDATA[文章已经彻底删除!]]></item>
				<item id="article_recover"><![CDATA[文章还原成功]]></item>
				<item id="article_trash"><![CDATA[文章已经移到回收站！]]></item>
				<item id="article_import_finsh"><![CDATA[文章导入成功！]]></item>
				<item id="empty_finsh"><![CDATA[清空完毕]]></item>
				<item id="empty_pick_confirm"><![CDATA[此操作不可以恢复，您确定要清空采集器吗？]]></item>
				<item id="del_finsh"><![CDATA[删除完毕！]]></item>
				<item id="pick_del_confirm"><![CDATA[此操作不可以恢复，您确定要删除采集器吗？]]></item>
				<item id="hava_system_rules"><![CDATA[包含内置规则]]></item>
				<item id="no_hava_system_rules"><![CDATA[不包含内置规则]]></item>
				<item id="dxc_rules"><![CDATA[采集器配置]]></item>
				<item id="article_too_many_link"><![CDATA[这篇文章指向自己网站的链接过多，程序处理为列表页了，请换个网址测试一下。]]></item>
				<item id="article_link"><![CDATA[文章链接]]></item>
				<item id="article_title"><![CDATA[文章标题]]></item>
				<item id="article_body"><![CDATA[文章内容]]></item>
				<item id="get_content_test"><![CDATA[获取文章内容-调试窗口]]></item>
				<item id="all"><![CDATA[全部]]></item>
				<item id="no_import"><![CDATA[未导入]]></item>
				<item id="imported"><![CDATA[已导入]]></item>
				<item id="trash"><![CDATA[回收站]]></item>
				<item id="bbs"><![CDATA[论坛]]></item>
				<item id="uninstall_confirm"><![CDATA[是否要删除数据表?]]></item>
				<item id="import_error"><![CDATA[这是内置规则，不可以在这里导入  <a target="_blank" href="?{url}system_rules&myac=rules_import">请点击此处导入</a>]]></item>
				<item id="import_error2"><![CDATA[这是采集器配置,不可以在这里导入  <a target="_blank" href="?{url}picker_manage&myac=pick_import">请点击此处导入</a>]]></item>
				<item id="save_success"><![CDATA[保存成功!]]></item>
				<item id="rules_share_success"><![CDATA[规则上传成功]]></item>
				<item id="rules_share_fail"><![CDATA[规则上传失败]]></item>
				<item id="rules_download_success"><![CDATA[规则下载并导入成功]]></item>
				<item id="rules_download_fail"><![CDATA[规则下载失败，请稍后重试]]></item>
				<item id="r"><![CDATA[√]]></item>
				<item id="e"><![CDATA[×]]></item>
				<item id="el"><![CDATA[……]]></item>
				<item id="yes"><![CDATA[是]]></item>
				<item id="no"><![CDATA[否]]></item>
				<item id="close_func"><![CDATA[您的服务器关闭了fsockopen、pfsockopen、file_get_contents函数，无法使用此插件]]></item>
				<item id="no_conn_server"><![CDATA[连接不上服务器,请检测您的服务器网络是否正常]]></item>
				<item id="no_free"><![CDATA[抱歉，您的试用期已过，请购买商业授权!]]></item>
				<item id="unknow_err"><![CDATA[发生异常!]]></item>
				<item id="time_out_notice"><![CDATA[过期提示]]></item>
				<item id="t_o_n_1"><![CDATA[本插件为商业插件，您的试用期已过]]></item>
				<item id="bug_notice"><![CDATA[购买请点击此链接]]></item>
				<item id="ask_url"><![CDATA[有何问题，请访问]]></item>
				<item id="reply_count"><![CDATA[总共{c}条回复]]></item>
				<item id="page_count"><![CDATA[总共{c}页]]></item>
				<item id="the_page"><![CDATA[第{i}页]]></item>
				<item id="no_log"><![CDATA[没有日志]]></item>
				<item id="log_list"><![CDATA[日志列表]]></item>
				<item id="view_login_page"><![CDATA[点击此处预览获取到的页面]]></item>
				<item id="no_set_public_class"><![CDATA[出错:采集器设置了自动发布，但没有设置好发布栏目]]></item>
				<item id="pick_reply"><![CDATA[采集主题回复...]]></item>
				<item id="pick_page"><![CDATA[分析文章第{page}页]]></item>
				<item id="public_data"><![CDATA[已发布]]></item>
				<item id="article_publiced"><![CDATA[文章已被发布，放弃]]></item>
				<item id="can_use"><![CDATA[可用]]></item>
				<item id="op_success"><![CDATA[操作成功]]></item>
				<item id="link"><![CDATA[链接]]></item>
				<item id="table"><![CDATA[表格]]></item>
				<item id="table_tr"><![CDATA[表格行]]></item>
				<item id="table_td"><![CDATA[单元]]></item>
				<item id="html_p"><![CDATA[段落]]></item>
				<item id="html_font"><![CDATA[字体]]></item>
				<item id="html_div"><![CDATA[层]]></item>
				<item id="table_tbody"><![CDATA[表格体]]></item>
				<item id="html_img"><![CDATA[图像]]></item>
				<item id="html_b"><![CDATA[加粗]]></item>
				<item id="html_br"><![CDATA[换行]]></item>
				<item id="html_nbsp"><![CDATA[空格]]></item>
				<item id="label"><![CDATA[标签]]></item>
				<item id="html_form"><![CDATA[表单]]></item>
				<item id="html_frame"><![CDATA[框架]]></item>
				<item id="html_li"><![CDATA[列表]]></item>
				<item id="html_sub"><![CDATA[上下标]]></item>
				<item id="html_form_label"><![CDATA[表单元素]]></item>
				<item id="html_script"><![CDATA[脚本]]></item>
				<item id="input_url"><![CDATA[请输入文章地址]]></item>
				<item id="get_data"><![CDATA[获取]]></item>
				<item id="no_reply_uid"><![CDATA[请先设置好回帖用户的UID]]></item>
				<item id="format_str"><![CDATA[&ldquo;|“@&rdquo;|”@&middot;|·@&lsquo;|‘@&rsquo;|’@&hellip;|…@&mdash;|—@&divide;|÷@&rarr;|→]]></item>
				<item id="member_set"><![CDATA[采集设置]]></item>
				<item id="member_list"><![CDATA[会员列表]]></item>
				<item id="member_get"><![CDATA[执行采集]]></item>
				<item id="member_public_set"><![CDATA[注册设置]]></item>
				<item id="member_public"><![CDATA[批量注册]]></item>
				<item id="member_log"><![CDATA[已导入会员]]></item>
				<item id="member_field_str"><![CDATA[username@@用户名|realname@@真实姓名|gender@@性别|birthyear#birthmonth#birthday@@生日|birthprovince#birthcity#birthdist#birthcommunity@@出生地|email@@Email|resideprovince#residecity#residedist#residecommunity#residesuite@@居住地|site@@个人主页|bio@@自我介绍|interest@@兴趣爱好|oltime@@在线时间|regdate@@注册时间|lastvisit@@最后访问|regip@@注册 IP|lastip@@上次访问 IP|lastactivity@@上次活动时间|lastpost@@上次发表时间|sightml@@个人签名|idcardtype@@证件类型|bloodtype@@血型|position@@职位|occupation@@职业|company@@公司|revenue@@年收入|education@@学历|affectivestatus@@情感状态|lookingfor@@交友目的|height@@身高|weight@@体重|qq@@QQ|yahoo@@YAHOO帐号|msn@@MSN帐号|taobao@@阿里旺旺帐号|nationality@@国籍|zipcode@@邮编|address@@邮寄地址|zodiac@@生肖|constellation@@星座|telephone@@固定电话|mobile@@手机]]></item>
				<item id="beiyong"><![CDATA[备用]]></item>
				<item id="qiangzhi"><![CDATA[强制]]></item>
				<item id="no_member_import_reg"><![CDATA[数据库里没有可用的用户数据，请先从<a href="{url}"> <b>官网导入</b> </a>或自己采集数据]]></item>
				<item id="save_set"><![CDATA[保存设置]]></item>
				<item id="apliy_set"><![CDATA[立即更新]]></item>
				<item id="system_rules"><![CDATA[内置规则]]></item>
				<item id="public_time_offset"><![CDATA[发布时的时间偏移]]></item>
				<item id="rand_time"><![CDATA[随机时间段]]></item>
				<item id="avatar_set"><![CDATA[头像采集设置]]></item>
				<item id="avatar_get"><![CDATA[头像采集]]></item>
				<item id="no_avatar_member"><![CDATA[所有已导入的会员]]></item>
				<item id="user_set"><![CDATA[自定义]]></item>
				<item id="pick_normal"><![CDATA[普通文章]]></item>
				<item id="pick_img"><![CDATA[图集相册]]></item>
				<item id="pick_info_class"><![CDATA[信息分类]]></item>
				<item id="pick_ask"><![CDATA[问答]]></item>
				<item id="pick_bbs"><![CDATA[论坛]]></item>
				<item id="user_group"><![CDATA[用户组]]></item>
				<item id="user_setting_uid"><![CDATA[自定义uid]]></item>
				<item id="pick_list"><![CDATA[采集器列表]]></item>
				<item id="pick_import"><![CDATA[导入采集器]]></item>
				<item id="pick_online"><![CDATA[采集配置下载]]></item>
				<item id="fastpick_manage"><![CDATA[管理规则]]></item>
				<item id="fastpick_add"><![CDATA[添加规则]]></item>
				<item id="fastpick_edit"><![CDATA[修改规则]]></item>
				<item id="fastpick_import"><![CDATA[导入规则]]></item>
				<item id="fastpick_share"><![CDATA[在线规则库]]></item>
				<item id="fastpick_rules"><![CDATA[单帖采集规则]]></item>
				<item id="share_no_allow"><![CDATA[抱歉，内网用户没有分享权限]]></item>
				<item id="phprpc_error"><![CDATA[<div class="showmess"><p>PHPRPC出错:<span class="red">{msg}</span></p></div>]]></item>
				<item id="all_member"><![CDATA[所有会员]]></item>
				<item id="empty"><![CDATA[空]]></item>
				<item id="fastpick_set"><![CDATA[全局设置]]></item>
				<item id="full_stop"><![CDATA[。]]></item>
				<item id="fastpick_evo"><![CDATA[学习规则]]></item>
				<item id="article_from"><![CDATA[文章来源]]></item>
				<item id="timing"><![CDATA[定时发布]]></item>
				<item id="article_manage"><![CDATA[文章列表]]></item>
				<item id="seo_info"><![CDATA[seo信息]]></item>
				<item id="seo_data_count"><![CDATA[数据分析]]></item>
				<item id="collect_update"><![CDATA[收录更新]]></item>
				<item id="seo_set"><![CDATA[seo设置]]></item>
				<item id="no_public"><![CDATA[未发布]]></item>
				<item id="data_count"><![CDATA[数据统计]]></item>
				<item id="article_public_task"><![CDATA[发布任务]]></item>
				<item id="article_batch"><![CDATA[批量维护]]></item>
				<item id="article_public_sort_desc"><![CDATA[跟入库顺序相同(默认)]]></item>
				<item id="article_public_sort_asc"><![CDATA[跟入库顺序相反]]></item>
				<item id="must_select_optype"><![CDATA[请选择操作方式]]></item>
				<item id="seo_article_list"><![CDATA[文章信息]]></item>
				<item id="get_other_show"><![CDATA[获取文章其他信息]]></item>
				<item id="old_author"><![CDATA[原作者]]></item>
				<item id="public_time"><![CDATA[发布时间]]></item>
				<item id="title_must_keyword"><![CDATA[标题不含设定的关键词]]></item>
				<item id="title_no_must_keyword"><![CDATA[标题含有不允许的关键词]]></item>
				<item id="content_must_keyword"><![CDATA[内容不含设定的关键词]]></item>
				<item id="content_no_must_keyword"><![CDATA[内容含有不允许关键词]]></item>
				<item id="no_visit_err-1"><![CDATA[网址被过滤]]></item>
				<item id="no_visit_err-2"><![CDATA[网址不含设定的字符]]></item>
				<item id="no_visit_err-3"><![CDATA[网址含有不允许的字符]]></item>
				<item id="no_visit_err-4"><![CDATA[网址超出域名范围]]></item>
				<item id="no_visit_err-5"><![CDATA[网址已被访问过]]></item>
				<item id="DXC_installing"><![CDATA[正在安装中，请稍后……]]></item>
				<item id="xml_no_found"><![CDATA[xml文件 {f} 丢失，安装失败！]]></item>
				<item id="cloudaddons_unwriteabledirs"><![CDATA[站点 {basedir} 目录下的以下目录不可写，无法在线更新插件:<br />{unwriteabledirs}]]></item>
				<item id="upgrade_checking"><![CDATA[正在检测新版本……]]></item>
				<item id="import_article_success"><![CDATA[成功导入{c}篇文章(部分文章如果已存在会忽略)]]></item>
				<item id="import_article_loading"><![CDATA[正在导入文章，请稍后……]]></item>
				<item id="import_member_success"><![CDATA[成功导入{c}条会员数据(部分数据如果已存在会忽略)]]></item>
				<item id="fastpick_evo_log"><![CDATA[错误日志]]></item>
				<item id="no_member_tips"><![CDATA[您还没有采集任何会员，您可以直接在线导入会员数据</li><ul><li>方法1、[会员列表]--[更多操作]--[导入官网的会员数据]</li><li>方法2、直接<a href="{url}">点击此处下载</a>]]></item>
				<item id="free_user"><![CDATA[免费用户]]></item>
				<item id="no_query_info"><![CDATA[由于您的服务器功能限制，查询不到账号信息]]></item>
				<item id="no_user_dateline"><![CDATA[到期时间]]></item>
				<item id="forever_use"><![CDATA[永久使用]]></item>
				<item id="no_free_use"><![CDATA[版本到期，请购买商业授权]]></item>
				<item id="free_use"><![CDATA[免费试用]]></item>
				<item id="user_no_query"><![CDATA[查询不到账号信息]]></item>
				<item id="dir_no_write"><![CDATA[请先确保 {dir} 目录有可写权限！]]></item>
				<item id="lan_upgrage"><![CDATA[插件不支持内网升级]]></item>
				<item id="lan_network"><![CDATA[获取不到域名，可能您是以IP地址访问网站，或您的网站处于局域网]]></item>
				<item id="no_conn_up"><![CDATA[连接不上服务器，无法检测版本。请检测您的服务器网络是否正常]]></item>
				<item id="up_no_err"><![CDATA[发生错误，请与DXC官网联系寻求技术支持！]]></item>
				<item id="up_no_free"><![CDATA[您的版本已经过期，不能升级]]></item>
				<item id="up_no_set_err"><![CDATA[您的域名未被授权，不能升级，请您购买商业版]]></item>
				<item id="up_newed"><![CDATA[您的版本已经是最新的了]]></item>
				<item id="no_normal_up"><![CDATA[发生错误，来路可疑，您的信息已经被服务端锁定]]></item>
				<item id="check_have_new"><![CDATA[检测到有新的版本可供升级，您可以选择自动升级或者下载安装包手动升级。]]></item>
				<item id="cofirm_up"><![CDATA[自动升级前请您先备份程序及数据库，确定开始升级吗？]]></item>
				<item id="version"><![CDATA[版本]]></item>
				<item id="auto_up"><![CDATA[自动升级]]></item>
				<item id="no_auto_up"><![CDATA[手动下载]]></item>
				<item id="no_have"><![CDATA[无]]></item>
				<item id="up_notice"><![CDATA[更新说明]]></item>
				<item id="no_normal_get"><![CDATA[请求不合法]]></item>
				<item id="up_fail"><![CDATA[升级失败]]></item>
				<item id="vip_user"><![CDATA[VIP用户]]></item>
				<item id="check_new"><![CDATA[检查更新]]></item>
				<item id="up_to_vip"><![CDATA[升级到商业版]]></item>
				<item id="fast_pick_rules"><![CDATA[单帖规则]]></item>
				<item id="no_get_all"><![CDATA[标题和内容获取不到]]></item>
				<item id="loading"><![CDATA[请稍等]]></item>
				<item id="year"><![CDATA[年]]></item>
				<item id="minute"><![CDATA[分]]></item>
				<item id="sec"><![CDATA[秒]]></item>
				<item id="no_pick_func"><![CDATA[非常抱歉，您的服务器同时关闭了<span class="red">fsockopen</span>和<span class="red">pfsockopen</span>函数，此功能无法使用]]></item>
				<item id="lan_no_use"><![CDATA[抱歉，内网用户无法使用此功能]]></item>
				<item id="default_sort"><![CDATA[默认排序]]></item>
				<item id="upload_dateline"><![CDATA[上传时间]]></item>
				<item id="download_count"><![CDATA[下载次数]]></item>
				<item id="sort_desc"><![CDATA[递减]]></item>
				<item id="sort_asc"><![CDATA[递增]]></item>
				<item id="per_page_show"><![CDATA[每页显示{n}个]]></item>
				<item id="search_num"><![CDATA[一共搜索到 {n} 条结果]]></item>
				<item id="start_config"><![CDATA[初始化中…]]></item>
				<item id="pick_url"><![CDATA[采集网址]]></item>
				<item id="data_have"><![CDATA[资料已存在]]></item>
				<item id="no_any_info"><![CDATA[获取不到任何资料项]]></item>
				<item id="no_must_info"><![CDATA[取不到所有必须资料]]></item>
				<item id="no_user_space"><![CDATA[用户空间不存在]]></item>
				<item id="username_no_chinese"><![CDATA[用户名不是中文]]></item>
				<item id="info_add"><![CDATA[资料入库]]></item>
				<item id="pick_user_finsh"><![CDATA[<p>本次结果：总共采集了<strong>{n}</strong>个会员,其中，成功<strong>{s}</strong>个，失败<strong>{n_s}</strong>个</p><p>总耗时 <span class="red">{all}</span> 平均每个耗时<span class="red">{avg}秒</span></p>]]></item>
				<item id="no_c_data"><![CDATA[请先选择数据]]></item>
				<item id="del_user_confirm"><![CDATA[是否确定要删除?<br />(此操作仅仅删除掉采集到的会员，不会影响已经注册到论坛的会员)]]></item>
				<item id="other"><![CDATA[其他]]></item>
				<item id="boshi"><![CDATA[博士]]></item>
				<item id="shuoshi"><![CDATA[硕士]]></item>
				<item id="benke"><![CDATA[本科]]></item>
				<item id="zuanke"><![CDATA[专科]]></item>
				<item id="zhongxue"><![CDATA[中学]]></item>
				<item id="xiaoxue"><![CDATA[小学]]></item>
				<item id="err"><![CDATA[出错！]]></item>
				<item id="no_pwd"><![CDATA[会员注册密码不能为空!]]></item>
				<item id="run_finsh"><![CDATA[执行完毕]]></item>
				<item id="uping"><![CDATA[正在更新,请稍后……]]></item>
				<item id="get_user_dataing"><![CDATA[正在获取会员数据包信息]]></item>
				<item id="un_know"><![CDATA[未知]]></item>
				<item id="hove_user_data"><![CDATA[有会员数据包可以下载]]></item>
				<item id="user_data_download_notice"><![CDATA[说明：会员数据采集自discuz官网。免费版仅提供1000条数据。商业版提供5000条以上（不断增加）。]]></item>
				<item id="user_data_size"><![CDATA[数据包大小]]></item>
				<item id="update_dateline"><![CDATA[更新日期]]></item>
				<item id="member_count"><![CDATA[会员数据量]]></item>
				<item id="tiao"><![CDATA[条]]></item>
				<item id="confirm_download"><![CDATA[确认下载]]></item>
				<item id="data_downloading"><![CDATA[数据正在下载……]]></item>
				<item id="download_fail"><![CDATA[下载失败]]></item>
				<item id="importing"><![CDATA[正在导入,请稍后……]]></item>
				<item id="reg_member"><![CDATA[注册会员]]></item>
				<item id="reg_over"><![CDATA[<p>本次结果：总共注册了<strong>{n}</strong>个会员,其中，成功<strong>{s}</strong>个，失败<strong>{n_s}</strong>个</p><p>总耗时 <span class="red">{all}</span> 平均每个耗时<span class="red">{avg}秒</span></p><p>查看已导入的会员:只需在[会员列表]选择[已导入]，然后[搜索]就可以看到</p>]]></item>
				<item id="please_set_avatar_url"><![CDATA[请设置头像采集地址]]></item>
				<item id="set_pick_uid_start"><![CDATA[请设置好从哪个会员采集头像]]></item>
				<item id="no_import_user_data"><![CDATA[目前还没有任何已导入会员]]></item>
				<item id="pick_avatar_finsh"><![CDATA[<p>本次结果：总共读取<strong>{n}</strong>个头像，成功为<strong>{g}</strong>个会员替换头像。</p>
<p>总耗时 <span class="red">{all}</span> 平均每个会员设置头像耗时<span class="red">{avg}秒</span></p>]]></item>
				<item id="alway_no_get"><![CDATA[目标站点连续50个地址都获取不到头像，采集自动停止，请检查设置是否正确]]></item>
				<item id="the_uid"><![CDATA[正在采集会员UID为]]></item>
				<item id="the_avatar"><![CDATA[的头像]]></item>
				<item id="no_get_avatar"><![CDATA[没有获取到头像]]></item>
				<item id="avatar_no_exists"><![CDATA[头像不存在]]></item>
				<item id="user_no_set_avatar"><![CDATA[此用户没有设置头像]]></item>
				<item id="the_uid_set"><![CDATA[正在为UID为]]></item>
				<item id="the_user_set_avatar"><![CDATA[的会员更换头像]]></item>
				<item id="avatar_dir_no_wirte"><![CDATA[头像目录建立失败，请检查目录是否有可写权限]]></item>
				<item id="no_set_uidurl"><![CDATA[请把采集的站点地址和uid范围填写正确]]></item>
				<item id="check_user_url"><![CDATA[无法获取内容，请检查网址是否正确]]></item>
				<item id="user_name"><![CDATA[用户名]]></item>
				<item id="pick_must_set_cookie"><![CDATA[没有获取到任何资料项，请确认设置是否正确,比如是否设置了登录cookie]]></item>
				<item id="the_test_url"><![CDATA[测试链接]]></item>
				<item id="bbb"><![CDATA[出生年份#出生月份#生日]]></item>
				<item id="bbbb"><![CDATA[出生省份#出生地#出生县#出生小区]]></item>
				<item id="rrrrr"><![CDATA[居住省份#居住地#居住县#居住小区#房间]]></item>
				<item id="b_year"><![CDATA[出生年份]]></item>
				<item id="b_month"><![CDATA[出生月份]]></item>
				<item id="b_day"><![CDATA[生日]]></item>
				<item id="baomi"><![CDATA[保密]]></item>
				<item id="man"><![CDATA[男]]></item>
				<item id="men"><![CDATA[女]]></item>
				<item id="the_user_info"><![CDATA[的个人资料]]></item>
				<item id="query"><![CDATA[查询]]></item>
				<item id="now_select_picker"><![CDATA[请选择采集器]]></item>
				<item id="msg_notice"><![CDATA[消息提示]]></item>
				<item id="never_notice"><![CDATA[不再提示]]></item>
				<item id="default_class"><![CDATA[默认分类]]></item>
				<item id="no_get_info"><![CDATA[获取不到信息]]></item>
				<item id="field_name"><![CDATA[字段名称]]></item>
				<item id="the_get_info"><![CDATA[获取到的信息]]></item>
				<item id="trun_info"><![CDATA[转换之后还原]]></item>
				<item id="no_turn"><![CDATA[不需转换]]></item>
				<item id="get_other_notice"><![CDATA[<br />说明：如果要采集时间，程序必须把日期格式进行转换才能使用,<br />
	如果转换之后无法还原，可能是日期格式不标准。<br />如果还原之后的日期和获取到的日期有一定的偏差，试着检查一下论坛的时区设置]]></item>
				<item id="no_article_export"><![CDATA[采集器下面没有文章可以导出]]></item>
				<item id="export_article_count"><![CDATA[[导出文章{c}篇]]]></item>
				<item id="up_page"><![CDATA[上一页]]></item>
				<item id="no_set_list_rules"><![CDATA[列表规则没有填写]]></item>
				<item id="check_list_rules"><![CDATA[请检查列表规则]]></item>
				<item id="get_link_c"><![CDATA[得到有效链接{c}个]]></item>
				<item id="so_short_title"><![CDATA[标题太短]]></item>
				<item id="no_article_view"><![CDATA[可能不是文章页]]></item>
				<item id="is_list_page"><![CDATA[可能是列表页]]></item>
				<item id="no_member_reg"><![CDATA[会员库已经没有可注册的会员，批量注册提前结束]]></item>
				<item id="to_max_memory"><![CDATA[内存使用达到最大限制，为了不影响网站访问，采集器提前结束采集]]></item>
				<item id="pick_finsh"><![CDATA[<p>本次结果：总共分析了<strong>{guc}</strong>个网址。 其中, 读取网址<strong>{g_v}</strong>个，忽略<strong>{v_i}</strong>个</p>
		<p>总共读取了<strong>{a}</strong>篇文章。其中，入库<strong>{a_va}</strong>篇，丢弃<strong>{v_a}</strong>篇</p>
<p>总耗时 <span class="red">{all}</span> 平均处理每个网址耗时<span class="red">{avg}秒</span></p>]]></item>
				<item id="rules_search_index"><![CDATA[规则搜索索引]]></item>
				<item id="search_index_notice"><![CDATA[当匹配一个规则时，先从本地搜索，再从服务端搜索，然后把结果生成索引，下次再搜索的时候速度就非常快。<br />程序会自动清除过期的索引]]></item>
				<item id="search_index_c"><![CDATA[索引分类</span>索引数目]]></item>
				<item id="server_"><![CDATA[服务端]]></item>
				<item id="local_"><![CDATA[本地]]></item>
				<item id="log_size"><![CDATA[日志文件占用空间]]></item>
				<item id="auto_pick_notice"><![CDATA[计划任务执行过程，会产生日志，方便了解采集器运行状况(商业版的功能)]]></item>
				<item id="cache_file_size"><![CDATA[缓存文件占用空间]]></item>
				<item id="cache_size_value"><![CDATA[占用空间:{s}  限额:{p}MB]]></item>
				<item id="cache_notice"><![CDATA[存放缓存文件、临时文件，达到限额值，程序会自动清除缓存]]></item>
				<item id="can_visit_url"><![CDATA[是否允许访问远程url]]></item>
				<item id="no_open_no_run"><![CDATA[若此功能没有开启，插件将无法运行]]></item>
				<item id="no_get_value"><![CDATA[检测不到]]></item>
				<item id="pick_no_run"><![CDATA[插件无法运行,建议联系空间商开启]]></item>
				<item id="open_crul"><![CDATA[是否开启curl]]></item>
				<item id="open_crul_notice"><![CDATA[不影响使用，开启之后可以拥有更快的采集速度]]></item>
				<item id="open_tow_p"><![CDATA[fsockopen函数和pfsockopen函数至少开启一个]]></item>
				<item id="no_tow_notice"><![CDATA[<ul id="tipslis"><li>无法重定向采集</li><li>无法采集登录可见网页</li><li>无法采集某些防盗链图片</li><li>无法在规则库上传、下载规则</li></ul>]]></item>
				<item id="func"><![CDATA[函数]]></item>
				<item id="no_use_pick"><![CDATA[无法采集、插件无法使用]]></item>
				<item id="pick_dir_write"><![CDATA[插件目录是否可写]]></item>
				<item id="memory_notice"><![CDATA[采集程序比常规程序占用较多的内存，所以尽可能把php内存限制调高一点，一般设置为主机内存的四分之一左右。即主机内存是1G，php最大内存设置为256MB.<br />如何设置php最大内存限制？请<a style="color:blue" target="_blank" href="http://www.xhkj5.com/forum.php?mod=viewthread&tid=6434&fromuid=1">访问此处</a>]]></item>
				<item id="php_memory_set"><![CDATA[PHP内存限制]]></item>
				<item id="set_up"><![CDATA[以上]]></item>
				<item id="no_use_func"><![CDATA[被禁用的函数]]></item>
				<item id="time_out_time"><![CDATA[脚本超时时间]]></item>
				<item id="no_limit"><![CDATA[不限制]]></item>
				<item id="picker_del_firm"><![CDATA[不要移动到即将被删除的分类]]></item>
				<item id="bat_import_article"><![CDATA[每批{a}个，总共{t}个。正在执行,请稍后……<br />当文章包含大量图片时，等待时间会比较长，请不要中途中断执行<br/>]]></item>
				<item id="add_dateline"><![CDATA[入库时间]]></item>
				<item id="pic_num"><![CDATA[图片数]]></item>
				<item id="disable_func"><![CDATA[抱歉，您的服务器未开启{f}函数，无法使用此功能。]]></item>
				<item id="have_new_version"><![CDATA[亲，有新的版本更新了，要不要 <a href="{url}" >立刻更新</a>？]]></item>
				<item id="p_num_limit"><![CDATA[抱歉，免费版最多能创建{n}个采集配置！]]></item>
				<item id="f_num_limit"><![CDATA[抱歉，免费版最多能创建{n}条单贴规则！]]></item>
				<item id="s_num_limit"><![CDATA[抱歉，免费版最多能创建{n}条内置规则！]]></item>
				<item id="article_public_limit"><![CDATA[抱歉，免费版每天发布文章不能超过{n}篇]]></item>
				<item id="member_num_limit"><![CDATA[抱歉，您已经超出了免费版会员数据最大容量{n}条，不能再采集]]></item>
				<item id="pick_upgrade_downloading_file"><![CDATA[正在从官方下载更新文件 {file} <br>已完成{percent}]]></item>
				<item id="diff_upgrade_file"><![CDATA[正在对比文件差异]]></item>
				<item id="cloudaddons_download_error"><![CDATA[数据下载错误]]></item>
				<item id="cloudaddons_install_files_changed"><![CDATA[以下文件丢失或者被修改过，是否继续覆盖？<br /><br />{files}]]></item>
				<item id="open_gzinflate"><![CDATA[是否开启gzinflate函数]]></item>
				<item id="no_gzinflate_notice"><![CDATA[无法在线导入会员数据]]></item>
				<item id="phpversion"><![CDATA[PHP版本]]></item>
				<item id="http_visit"><![CDATA[请先确保{file} 拥有 http 访问权限]]></item>
				<item id="zend_enable"><![CDATA[您的网站无法运行通过 zend 加密的应用,不可以安装DXC商业版。<br />解决此问题请安装Zend Optimizer<a style="color:blue" href="http://www.xhkj5.com/thread-6780-1-1.html" target="_brank">点击此处</a>]]></item>
				<item id="open_zend"><![CDATA[运行zend加密应用]]></item>
				<item id="zend_notice"><![CDATA[可以运行zend加密应用，可以安装DXC商业版]]></item>
			</item>
			<item id="templatelang">
				<item id="run"><![CDATA[我要执行]]></item>
				<item id="stop"><![CDATA[ 终止执行]]></item>
				<item id="content_edit"><![CDATA[内容编辑]]></item>
				<item id="public_to"><![CDATA[发布到]]></item>
				<item id="protal"><![CDATA[门户]]></item>
				<item id="bbs"><![CDATA[论坛]]></item>
				<item id="blog"><![CDATA[博客]]></item>
				<item id="title"><![CDATA[标题]]></item>
				<item id="summary"><![CDATA[摘要]]></item>
				<item id="share_rules"><![CDATA[分享规则]]></item>
				<item id="add_about_article"><![CDATA[添加相关文章]]></item>
				<item id="select"><![CDATA[选择]]></item>
				<item id="public_article"><![CDATA[发布文章]]></item>
				<item id="save_article"><![CDATA[保存文章]]></item>
				<item id="article_set"><![CDATA[文章设置]]></item>
				<item id="default_set"><![CDATA[(默认采用采集器的配置)]]></item>
				<item id="article_from"><![CDATA[文章来源]]></item>
				<item id="from_url"><![CDATA[来源地址]]></item>
				<item id="public_time"><![CDATA[发布时间]]></item>
				<item id="article_tag"><![CDATA[聚合标签]]></item>
				<item id="old_author"><![CDATA[原作者]]></item>
				<item id="article_public_ahthor"><![CDATA[文章发布者]]></item>
				<item id="add_uid"><![CDATA[(填uid)]]></item>
				<item id="article_hits"><![CDATA[文章点击率]]></item>
				<item id="download_img"><![CDATA[图片本地化]]></item>
				<item id="yes"><![CDATA[是]]></item>
				<item id="no"><![CDATA[否]]></item>
				<item id="img_water"><![CDATA[图片水印]]></item>
				<item id="tag"><![CDATA[文章标签]]></item>
				<item id="tag_notice"><![CDATA[(用逗号或空格隔开，最多5 个)]]></item>
				<item id="auto_get"><![CDATA[自动获取]]></item>
				<item id="search"><![CDATA[搜索]]></item>
				<item id="pic_num"><![CDATA[图片数]]></item>
				<item id="article_list"><![CDATA[文章列表]]></item>
				<item id="article_title"><![CDATA[文章标题]]></item>
				<item id="last_modify_dateline"><![CDATA[最后修改时间]]></item>
				<item id="add_dateline"><![CDATA[入库时间]]></item>
				<item id="op"><![CDATA[操作]]></item>
				<item id="edit"><![CDATA[编辑]]></item>
				<item id="view"><![CDATA[查看]]></item>
				<item id="no_data"><![CDATA[暂无数据]]></item>
				<item id="select_all"><![CDATA[全选]]></item>
				<item id="recover"><![CDATA[还原文章]]></item>
				<item id="trash"><![CDATA[移入回收站]]></item>
				<item id="del"><![CDATA[删除]]></item>
				<item id="import_protal"><![CDATA[导入门户]]></item>
				<item id="import_bbs"><![CDATA[导入论坛]]></item>
				<item id="import_blog"><![CDATA[导入博客]]></item>
				<item id="submit"><![CDATA[提交]]></item>
				<item id="title_set"><![CDATA[标题识别设置]]></item>
				<item id="test_url"><![CDATA[测试地址]]></item>
				<item id="input_test_url"><![CDATA[先输入一个你要分析的文章地址,下面要用来测试]]></item>
				<item id="title_get_rules"><![CDATA[标题 获取规则]]></item>
				<item id="insert_title_area"><![CDATA[插入标题区域]]></item>
				<item id="dom_get"><![CDATA[DOM获取]]></item>
				<item id="str_get"><![CDATA[字符串获取]]></item>
				<item id="evo_get"><![CDATA[智能获取]]></item>
				<item id="str_get_notice"><![CDATA[字符串识别就是根据起止字符串截取内容]]></item>
				<item id="dom_get_notice"><![CDATA[一般来说，dom的效率比字符识别慢3-4倍左右]]></item>
				<item id="dom_page_get_notice"><![CDATA[规则分为两行，第一行是列表的获取规则，第二行设置a标签的属性.写法如：<br />ul.list01 li<br />a<br />详细教程请<a href="http://www.xhkj5.com/guide/rules.htm" target="_brank">点击访问</a>]]></item>
				<item id="title_notice"><![CDATA[在要获取的地方放入[title]]]></item>
				<item id="misc_notice"><![CDATA[*代替任意字符、回车、换行]]></item>
				<item id="is_format_title"><![CDATA[是否需要进一步处理标题]]></item>
				<item id="title_replace"><![CDATA[标题替换]]></item>
				<item id="replace_notice"><![CDATA[用@@隔开，每行一组。比如 aa@@bb，表示将aa替换成bb]]></item>
				<item id="title_filter_rules"><![CDATA[标题剔除规则]]></item>
				<item id="rules_type"><![CDATA[规则类型]]></item>
				<item id="rules_body"><![CDATA[规则内容]]></item>
				<item id="add_one_rules"><![CDATA[增加一组规则]]></item>
				<item id="hit_view_result"><![CDATA[点击查看测试结果]]></item>
				<item id="content_rules_set"><![CDATA[内容识别设置]]></item>
				<item id="content_get_rules"><![CDATA[内容 获取规则]]></item>
				<item id="from_get_rules"><![CDATA[文章来源 获取规则]]></item>
				<item id="author_get_rules"><![CDATA[原作者 获取规则]]></item>
				<item id="dateline_get_rules"><![CDATA[发布时间 获取规则]]></item>
				<item id="insert_data"><![CDATA[要获取的区域请插入]]></item>
				<item id="insert_content"><![CDATA[插入内容区域]]></item>
				<item id="content_notice"><![CDATA[在要获取的地方放入[body]]]></item>
				<item id="is_format_body"><![CDATA[是否需要进一步处理内容]]></item>
				<item id="body_filter_rules"><![CDATA[内容剔除规则]]></item>
				<item id="list_get_notice"><![CDATA[列表区域识别设置]]></item>
				<item id="list_get_rules"><![CDATA[列表获取规则]]></item>
				<item id="insert_link"><![CDATA[插入链接区域[link]]]></item>
				<item id="insert_link_notice"><![CDATA[在要获取的地方放入]]></item>
				<item id="link_test"><![CDATA[测试列表地址]]></item>
				<item id="pick_clear_log"><![CDATA[清空爬行记录 如果你需要重复探测，可以先清理掉采集器的爬行记录]]></item>
				<item id="run_pick"><![CDATA[我要采集]]></item>
				<item id="pick_finsh"><![CDATA[文章采集完毕]]></item>
				<item id="menu_base_set"><![CDATA[基本配置]]></item>
				<item id="menu_url_rules"><![CDATA[网址规则]]></item>
				<item id="menu_body_rules_set"><![CDATA[内容规则]]></item>
				<item id="menu_public_set"><![CDATA[发布设置]]></item>
				<item id="menu_misc_set"><![CDATA[其他设置]]></item>
				<item id="rules_name"><![CDATA[规则名称]]></item>
				<item id="rules_name_notice"><![CDATA[请取个名称，便于区分]]></item>
				<item id="pick_type"><![CDATA[采集模式]]></item>
				<item id="system_rules"><![CDATA[内置规则]]></item>
				<item id="user_set"><![CDATA[自定义]]></item>
				<item id="insert_test_url"><![CDATA[<span class="vtop rowform">输入任意网址，以便分析其结构:<span style=" font-weight:normal">(输入文章列表页或者文章详细页的地址)</span></span>]]></item>
				<item id="auto_match_rules"><![CDATA[点击自动匹配规则]]></item>
				<item id="select_system_rules"><![CDATA[内置规则选择:]]></item>
				<item id="pick_range_set"><![CDATA[采集范围设置]]></item>
				<item id="pick_range_select"><![CDATA[采集范围选择]]></item>
				<item id="auto_notice"><![CDATA[此处由采集器自动处理]]></item>
				<item id="url_type_pagelist"><![CDATA[从分页列表采集文章]]></item>
				<item id="url_type_url_range"><![CDATA[从URL范围采集文章]]></item>
				<item id="url_type_url_manyou"><![CDATA[从比较模糊的网址采集]]></item>
				<item id="url_type_url_rss"><![CDATA[从RSS地址采集]]></item>
				<item id="url_type_url_manylist"><![CDATA[从多层列表中采集]]></item>
				<item id="url_range"><![CDATA[网址范围]]></item>
				<item id="url_ext_set"><![CDATA[网址扩展设置]]></item>
				<item id="body_replace"><![CDATA[内容替换]]></item>
				<item id="auto_0"><![CDATA[自动补0]]></item>
				<item id="from"><![CDATA[从]]></item>
				<item id="to"><![CDATA[到]]></item>
				<item id="step_add"><![CDATA[每次增长]]></item>
				<item id="start_place"><![CDATA[爬行入口]]></item>
				<item id="start_url_notice"><![CDATA[一行一个，一般设置一个就够]]></item>
				<item id="url_level"><![CDATA[爬行深度]]></item>
				<item id="url_level_notice"><![CDATA[算上入口地址，爬虫从A链接爬到B链接再爬到C链接，这样算做三层深度,推荐2。不填默认2]]></item>
				<item id="is_in_domain"><![CDATA[是否只在入口域名范围内]]></item>
				<item id="rss_url"><![CDATA[rss地址]]></item>
				<item id="row_one"><![CDATA[每行一个 不填默认忽略]]></item>
				<item id="hits_get_link"><![CDATA[点击获取链接]]></item>
				<item id="pick_start_url"><![CDATA[采集入口地址]]></item>
				<item id="pick_start_url_notice"><![CDATA[从这个入口开始采集]]></item>
				<item id="test"><![CDATA[测试]]></item>
				<item id="filter_url"><![CDATA[进一步过滤或添加网址]]></item>
				<item id="pick_url"><![CDATA[要采集的网址]]></item>
				<item id="no_pick_url"><![CDATA[要过滤的网址]]></item>
				<item id="add_url_notice"><![CDATA[手动添加要采集的网址，填完整的网址，不支持正则、模糊。每行一个]]></item>
				<item id="filter_url_notice"><![CDATA[手动添加要过滤的网址，填完整的网址，不支持正则、模糊。每行一个]]></item>
				<item id="url_contain_notice"><![CDATA[网址必须包含下列字符]]></item>
				<item id="url_no_notice"><![CDATA[网址不包含下列字符]]></item>
				<item id="public_uid"><![CDATA[发布者UID]]></item>
				<item id="public_uid_notice"><![CDATA[1、多个UID用|符号隔开，指定范围半角逗号 "," 隔开。如1|24表示在1和24中随机，1,100表示从1到100的用户随机发布。 2、如果要发布视频，请给予用户所在的用户组发布视频的权限。 3、如果按照设置无法取得用户，用当前登录用户顶替]]></item>
				<item id="article_hits_notice"><![CDATA[1,100表示点击率（或查看数）从1,100随机设置]]></item>
				<item id="public_dateline"><![CDATA[文章（主题）发布时间设置]]></item>
				<item id="public_dateline_notice"><![CDATA[1、如采集到的时间不规范，系统用发布时的时间补上。<br />
2、随机时间：‘0到2’代表‘现在-未来2小时’随机，假如填‘-2到2’，代表‘过去2小时-未来2小时’随机]]></item>
				<item id="img_water_yes"><![CDATA[打水印]]></item>
				<item id="img_water_no"><![CDATA[不打水印]]></item>
				<item id="is_download_img"><![CDATA[图片本地化]]></item>
				<item id="download_img_notice"><![CDATA[自动下载图片到本地]]></item>
				<item id="pick_page_num"><![CDATA[每批采集数]]></item>
				<item id="pick_page_num_notice"><![CDATA[分批执行任务，每批执行的数量。服务器性能太差的用户，请将数字调小一点]]></item>
				<item id="pick_all_num"><![CDATA[采集总数]]></item>
				<item id="pick_all_num_notice"><![CDATA[读取够此数目的链接(不是文章)就停止采集,若计划任务执行，请设置一个数目，以免采集器无限度的执行。]]></item>
				<item id="time_out"><![CDATA[超时时间]]></item>
				<item id="s"><![CDATA[秒]]></item>
				<item id="max_redirs"><![CDATA[最大重定向深度]]></item>
				<item id="max_redirs_notice"><![CDATA[支持浏览器重定向，并能控制重定向深度 默认是2]]></item>
				<item id="article_min_num"><![CDATA[文章最低字数]]></item>
				<item id="article_min_num_notice"><![CDATA[自动过滤低于此数字的文章.]]></item>
				<item id="save_notice"><![CDATA[按 Enter 键可随时提交你的修改]]></item>
				<item id="var_place"><![CDATA[变化的地方请用(*)代替]]></item>
				<item id="fast_insert"><![CDATA[插入通配符(*)]]></item>
				<item id="row_insert_something"><![CDATA[每行一个，(*)代表任意字符]]></item>
				<item id="name"><![CDATA[名称]]></item>
				<item id="pick_url_count"><![CDATA[探索数]]></item>
				<item id="import_num"><![CDATA[未导文章/总文章]]></item>
				<item id="run_times"><![CDATA[运行次数]]></item>
				<item id="pick"><![CDATA[采集]]></item>
				<item id="copy"><![CDATA[复制]]></item>
				<item id="export"><![CDATA[导出]]></item>
				<item id="empty"><![CDATA[清空]]></item>
				<item id="view_article"><![CDATA[查看文章]]></item>
				<item id="picker"><![CDATA[采集器]]></item>
				<item id="import_rules"><![CDATA[导入规则]]></item>
				<item id="import_rules_notice"><![CDATA[（文本还是字符串方式导入，二选一）]]></item>
				<item id="import_systemrules_notice"><![CDATA[请将规则文本粘贴到文本框内]]></item>
				<item id="file_import"><![CDATA[从文本文件导入]]></item>
				<item id="base_set"><![CDATA[基本信息]]></item>
				<item id="content_type"><![CDATA[内容类型]]></item>
				<item id="auto_match_set"><![CDATA[自动识别设置]]></item>
				<item id="auto_list_id"><![CDATA[列表页识别唯一字符串]]></item>
				<item id="auto_list_id_notice"><![CDATA[依此唯一字符串识别网页,自动匹配规则(不允许有中文和换行)]]></item>
				<item id="auto_detail_id"><![CDATA[详细页（主题页）识别唯一字符串]]></item>
				<item id="url_set"><![CDATA[网址设置]]></item>
				<item id="url_var_set"><![CDATA[url列表地址通用形式]]></item>
				<item id="insert_var_place"><![CDATA[插入可变区域]]></item>
				<item id="var_notice"><![CDATA[变量用（*）代替，比如]]></item>
				<item id="create_var_notice"><![CDATA[点击生成变量]]></item>
				<item id="rules_var_set"><![CDATA[规则变量配置]]></item>
				<item id="var_set_name"><![CDATA[配置名称]]></item>
				<item id="var_set_type"><![CDATA[配置类型]]></item>
				<item id="rules_var_ext_set"><![CDATA[扩充设置]]></item>
				<item id="rules_var_detail_notice"><![CDATA[详细介绍]]></item>
				<item id="about_desc"><![CDATA[规则备注]]></item>
				<item id="article"><![CDATA[文章]]></item>
				<item id="all_select"><![CDATA[全选]]></item>
				<item id="class"><![CDATA[类别]]></item>
				<item id="list_public_author"><![CDATA[提供者]]></item>
				<item id="desc"><![CDATA[描述]]></item>
				<item id="system_rules_list"><![CDATA[内置规则列表]]></item>
				<item id="update"><![CDATA[同步]]></item>
				<item id="update_desc"><![CDATA[把更改同步到规则中]]></item>
				<item id="rules"><![CDATA[规则]]></item>
				<item id="help_pick"><![CDATA[使用教程]]></item>
				<item id="help_bbs"><![CDATA[官方论坛]]></item>
				<item id="help"><![CDATA[帮助]]></item>
				<item id="insert_var"><![CDATA[插入变量]]></item>
				<item id="share_rules_list"><![CDATA[在线规则库]]></item>
				<item id="share_dateline"><![CDATA[上传时间]]></item>
				<item id="time_public"><![CDATA[发布时的时间]]></item>
				<item id="time_rand"><![CDATA[随机的时间段]]></item>
				<item id="rules_upload"><![CDATA[上传规则]]></item>
				<item id="all"><![CDATA[全部]]></item>
				<item id="download"><![CDATA[下载]]></item>
				<item id="download_count"><![CDATA[下载数]]></item>
				<item id="img"><![CDATA[图片]]></item>
				<item id="replies"><![CDATA[回复数]]></item>
				<item id="page_num"><![CDATA[页数]]></item>
				<item id="visit"><![CDATA[访问]]></item>
				<item id="format_content"><![CDATA[格式化内容]]></item>
				<item id="clear_html"><![CDATA[自动去除选定标签]]></item>
				<item id="reply_get_set"><![CDATA[回复识别设置]]></item>
				<item id="reply_set_notice"><![CDATA[(如果不采集论坛、问答,这项可不填写)]]></item>
				<item id="reply_get_rules_notice"><![CDATA[回复/回帖 获取规则]]></item>
				<item id="inher_content"><![CDATA[继承内容规则]]></item>
				<item id="inher_notice"><![CDATA[有些时候，回复规则和内容规则是一样的，这时候可以用继承]]></item>
				<item id="insert_reply"><![CDATA[插入回复区域]]></item>
				<item id="format_reply"><![CDATA[是否需要进一步处理回复]]></item>
				<item id="reply_replace"><![CDATA[回复替换规则]]></item>
				<item id="auto_clear_html"><![CDATA[自动去除选定标签]]></item>
				<item id="reply_del_rules"><![CDATA[回复剔除规则]]></item>
				<item id="max_replies"><![CDATA[最大采集回复数]]></item>
				<item id="max_replies_notice"><![CDATA[填20代表采集前20个回复,填10,20表示随机采集此范围数目的回复数。不填写或者填0，表示采集完所有回复，请谨慎填写，如果帖子回复太多，可能很耗时间]]></item>
				<item id="page_get_type"><![CDATA[分页获取方式]]></item>
				<item id="page_get_type_notice"><![CDATA[(如果文章获取回帖没有分页,这项可不填写)]]></item>
				<item id="page_get_rules"><![CDATA[分页 获取规则]]></item>
				<item id="insert_page"><![CDATA[插入分页区域]]></item>
				<item id="page_mode"><![CDATA[分页模式]]></item>
				<item id="all_list_mode"><![CDATA[全部列出模式]]></item>
				<item id="up_down_mode"><![CDATA[上下页模式]]></item>
				<item id="dom_demo"><![CDATA[dom规则示例]]></item>
				<item id="hit_view_page"><![CDATA[点击测试分页]]></item>
				<item id="rules_version"><![CDATA[发布版本]]></item>
				<item id="is_need_login"><![CDATA[是否需要cookie支持]]></item>
				<item id="is_word_replace"><![CDATA[是否开启同义词替换]]></item>
				<item id="reply_author"><![CDATA[回帖者]]></item>
				<item id="word_replace_notice"><![CDATA[有些文章同义词替换之后，可读性较差，请慎重开启]]></item>
				<item id="is_public_del"><![CDATA[是否发布后就删除文章]]></item>
				<item id="is_public_del_notice"><![CDATA[文章发布后就直接删除.]]></item>
				<item id="content_merge"><![CDATA[分页文章是否合并发布]]></item>
				<item id="content_merge_notice"><![CDATA[选择否：发到门户分页显示，发布到博客会强制合并，而发布到论坛会从第二页起以回复的形式发布]]></item>
				<item id="is_public_reply"><![CDATA[是否发布回复]]></item>
				<item id="is_reply_rand"><![CDATA[是否将回帖打乱]]></item>
				<item id="reply_rand_notice"><![CDATA[是否将回帖打乱再发布]]></item>
				<item id="is_auto_public"><![CDATA[自动发布文章]]></item>
				<item id="auto_public_notice"><![CDATA[采集的同时，直接发布文章. 请注意：自动发布的文章定时发布将不起作用。]]></item>
				<item id="bind_class"><![CDATA[绑定栏目]]></item>
				<item id="please_select"><![CDATA[请选择]]></item>
				<item id="auto_public_class"><![CDATA[绑定栏目，或者自动采集之后自动发布到这个栏目]]></item>
				<item id="cron"><![CDATA[计划任务(商业版功能)]]></item>
				<item id="is_can"><![CDATA[是否可用]]></item>
				<item id="cron_notice"><![CDATA[最好设定好采集总数，防止过多的采集造成服务器负载过高]]></item>
				<item id="lastrun"><![CDATA[上次执行]]></item>
				<item id="nextrun"><![CDATA[下次执行]]></item>
				<item id="del_op"><![CDATA[删除]]></item>
				<item id="log"><![CDATA[日志]]></item>
				<item id="ask_qq"><![CDATA[在线咨询]]></item>
				<item id="click_ask"><![CDATA[点击这里给我发消息]]></item>
				<item id="blog_person_class"><![CDATA[个人分类]]></item>
				<item id="user_info"><![CDATA[账号信息]]></item>
				<item id="user_level"><![CDATA[账号级别]]></item>
				<item id="user_vip_text"><![CDATA[VIP用户 永久使用]]></item>
				<item id="member_public_set"><![CDATA[发布设置]]></item>
				<item id="one_pick"><![CDATA[一键采集]]></item>
				<item id="more_op"><![CDATA[更多操作]]></item>
				<item id="import_picker"><![CDATA[导入采集器配置]]></item>
				<item id="import_picker_notice"><![CDATA[请将配置文本粘贴到文本框内]]></item>
				<item id="import_pick_class"><![CDATA[规则所属分类]]></item>
				<item id="picker_download"><![CDATA[采集器下载]]></item>
				<item id="version"><![CDATA[版本]]></item>
				<item id="fastpick_list"><![CDATA[单帖采集规则列表]]></item>
				<item id="fastpick_auto_detail_id"><![CDATA[文章内容页（主题页）识别唯一字符串]]></item>
				<item id="share"><![CDATA[分享]]></item>
				<item id="evo_rules_list"><![CDATA[智能学习规则列表]]></item>
				<item id="bbname"><![CDATA[网站]]></item>
				<item id="hit_num"><![CDATA[命中次数]]></item>
				<item id="evo_dateline"><![CDATA[时间]]></item>
				<item id="rules_manage"><![CDATA[管理规则]]></item>
				<item id="public_sort"><![CDATA[文章发布顺序]]></item>
				<item id="timing_dateline"><![CDATA[预计发布时间]]></item>
				<item id="timing_public_to"><![CDATA[发布位置]]></item>
				<item id="now_status"><![CDATA[目前状态]]></item>
				<item id="word_seo_notice"><![CDATA[是否对采集的文章进行伪原创处理，只在发布之后进行处理，采集到的文章还是会保持原样]]></item>
				<item id="is_get_other"><![CDATA[是否采集文章其他信息]]></item>
				<item id="article_public_sort_notice"><![CDATA[如果是边采边发布，那么将按照先采先发布的原则]]></item>
				<item id="time_pick_time"><![CDATA[采集到的时间]]></item>
				<item id="sleep_notice"><![CDATA[单位：秒. 填1,5 表示读取一个url停顿1秒，读取完一批停顿5秒;只填 1 表示读取一个url停顿1秒]]></item>
				<item id="trun"><![CDATA[转换]]></item>
				<item id="Aboutus"><![CDATA[赞助我们]]></item>
				<item id="Joinus"><![CDATA[加入我们]]></item>
				<item id="_version"><![CDATA[程序版本]]></item>
				<item id="evo_ID"><![CDATA[识别区域]]></item>
				<item id="like_up"><![CDATA[解释同上]]></item>
				<item id="edit_rules"><![CDATA[编辑对应的规则]]></item>
				<item id="del_log"><![CDATA[删除日志]]></item>
				<item id="err_why"><![CDATA[出错原因]]></item>
				<item id="err_url"><![CDATA[出错网址]]></item>
				<item id="evo_log_list"><![CDATA[规则匹配错误日志列表]]></item>
				<item id="err_log_notice"><![CDATA[说明：出现在这个列表的规则往往是需要改良的，意味着这个规则被匹配到却没有获取到内容。<br />
试着检查一下自动匹配规则填写的[识别唯一字符串]是否合理]]></item>
				<item id="QQqun"><![CDATA[讨论QQ群：① 178241065（已满) ② 217728367(已满) ③187859276]]></item>
				<item id="weibo"><![CDATA[官方微博：]]></item>
				<item id="select_value"><![CDATA[选项]]></item>
				<item id="op_area"><![CDATA[操作范围]]></item>
				<item id="selected_data"><![CDATA[所选数据]]></item>
				<item id="all_data"><![CDATA[全部数据&nbsp; “全部数据”是指全部分页的数据，请慎重选择!]]></item>
				<item id="batch_recover"><![CDATA[批量恢复文章]]></item>
				<item id="batch_public_p"><![CDATA[批量发布到门户]]></item>
				<item id="batch_public_b"><![CDATA[批量发布到论坛]]></item>
				<item id="batch_public_blog"><![CDATA[批量发布到博客]]></item>
				<item id="move_to_picker"><![CDATA[批量移动到采集器]]></item>
				<item id="batch_cancel"><![CDATA[批量取消]]></item>
				<item id="batch_cancel_timing"><![CDATA[取消定时发布不会删除掉文章]]></item>
				<item id="batch_del"><![CDATA[批量删除]]></item>
				<item id="sec_set"><![CDATA[辅助设置]]></item>
				<item id="per_run_num"><![CDATA[每批次执行数目]]></item>
				<item id="run_num_notice"><![CDATA[将所选文章再分批执行,服务器性能太差的用户，请将数值改小]]></item>
				<item id="realy"><![CDATA[准备就绪]]></item>
				<item id="just_stop"><![CDATA[暂停]]></item>
				<item id="run_picker"><![CDATA[执行采集]]></item>
				<item id="go_last"><![CDATA[继续上次]]></item>
				<item id="go_picker"><![CDATA[重新采集]]></item>
				<item id="avatar_pick_url"><![CDATA[头像采集地址:]]></item>
				<item id="avatar_pick_url_notice"><![CDATA[若头像地址是  http://uc.discuz.net/data/avatar/001/56/07/03_avatar_middle.jpg&nbsp;取前面那段，即  http://uc.discuz.net/ 。如果不会设置，推荐填写  http://uc.discuz.net/]]></item>
				<item id="start_pick_uid"><![CDATA[从目标网站的哪个会员开始采集头像 :]]></item>
				<item id="start_pick_uid_notice"><![CDATA[从此uid开始获取头像 ,比如你想从disucz的这个会员开始采集头像：  http://www.discuz.net/home.php?mod=space&amp;uid=1560705 ，那么这里就填他的uid，即 1560705。]]></item>
				<item id="cover_old_avatar"><![CDATA[是否覆盖旧头像]]></item>
				<item id="set_avatar_uid"><![CDATA[你要为哪些会员更换头像]]></item>
				<item id="avatar_user_set"><![CDATA[1,10代表 更换uid为1到10的会员头像;1|10 更换uid为1和10的会员，填10表示更换uid为10的会员]]></item>
				<item id="no_set_picker_name"><![CDATA[规则名称还没写!]]></item>
				<item id="lan_no_share"><![CDATA[抱歉，内网用户没有分享权限]]></item>
				<item id="rules_desc"><![CDATA[规则描述]]></item>
				<item id="open_fastpick"><![CDATA[是否开启单帖采集]]></item>
				<item id="use_usergroup"><![CDATA[指定可用用户组]]></item>
				<item id="use_usergroup_notice"><![CDATA[ 如选“空”，则开启所有选项。<br>按住 CTRL 多选]]></item>
				<item id="use_fid"><![CDATA[指定可用版块]]></item>
				<item id="open_from"><![CDATA[是否开启文章来源]]></item>
				<item id="open_evo_get"><![CDATA[是否启用智能获取]]></item>
				<item id="evo_get_notice"><![CDATA[在规则获取不到内容时，尝试智能获取 (服务器性能太差不要开)]]></item>
				<item id="auto_learn"><![CDATA[是否启用自动学习]]></item>
				<item id="learn_notice"><![CDATA[智能获取达到一定程度之后，程序会自动学习]]></item>
				<item id="cancel"><![CDATA[取消]]></item>
				<item id="_visit"><![CDATA[重复爬行]]></item>
				<item id="love_action"><![CDATA[兴趣爱好]]></item>
				<item id="user_name"><![CDATA[用户名]]></item>
				<item id="oltime"><![CDATA[在线时间]]></item>
				<item id="reg_ip"><![CDATA[注册ip]]></item>
				<item id="reg"><![CDATA[注册]]></item>
				<item id="lastpost"><![CDATA[上次发表时间]]></item>
				<item id="reg_dateline"><![CDATA[注册时间]]></item>
				<item id="lastactivity"><![CDATA[上次活动时间]]></item>
				<item id="lastvisit"><![CDATA[最后访问]]></item>
				<item id="gender"><![CDATA[性别]]></item>
				<item id="b_day"><![CDATA[生日]]></item>
				<item id="baomi"><![CDATA[保密]]></item>
				<item id="man"><![CDATA[男]]></item>
				<item id="men"><![CDATA[女]]></item>
				<item id="lastip"><![CDATA[上次访问ip]]></item>
				<item id="_height"><![CDATA[身高]]></item>
				<item id="_weight"><![CDATA[体重]]></item>
				<item id="telephone"><![CDATA[固定电话]]></item>
				<item id="mobile"><![CDATA[手机]]></item>
				<item id="idcardtype"><![CDATA[证件类型]]></item>
				<item id="id_card"><![CDATA[身份证]]></item>
				<item id="huzhao"><![CDATA[护照]]></item>
				<item id="car_id"><![CDATA[驾驶证]]></item>
				<item id="send_address"><![CDATA[邮寄地址]]></item>
				<item id="zipcode"><![CDATA[邮编]]></item>
				<item id="graduateschool"><![CDATA[毕业院校]]></item>
				<item id="birthprovince"><![CDATA[出生地]]></item>
				<item id="resideprovince"><![CDATA[居住地]]></item>
				<item id="modify"><![CDATA[修改]]></item>
				<item id="education"><![CDATA[学历]]></item>
				<item id="company"><![CDATA[公司]]></item>
				<item id="occupation"><![CDATA[职业]]></item>
				<item id="position"><![CDATA[职位]]></item>
				<item id="revenue"><![CDATA[年收入]]></item>
				<item id="affectivestatus"><![CDATA[情感状态]]></item>
				<item id="lookingfor"><![CDATA[交友目的]]></item>
				<item id="bloodtype_select"><![CDATA[血型]]></item>
				<item id="alipay"><![CDATA[支付宝]]></item>
				<item id="taobao"><![CDATA[阿里旺旺]]></item>
				<item id="site"><![CDATA[个人主页]]></item>
				<item id="bio"><![CDATA[自我介绍]]></item>
				<item id="run_reg"><![CDATA[执行注册]]></item>
				<item id="day"><![CDATA[日]]></item>
				<item id="month"><![CDATA[月]]></item>
				<item id="hour"><![CDATA[时]]></item>
				<item id="s_username"><![CDATA[按用户名搜索]]></item>
				<item id="s_uid"><![CDATA[按UID搜索]]></item>
				<item id="s_email"><![CDATA[按Email搜索]]></item>
				<item id="no_import"><![CDATA[未导入]]></item>
				<item id="imported"><![CDATA[已导入]]></item>
				<item id="export_all"><![CDATA[导出所有会员]]></item>
				<item id="export_notice"><![CDATA[导出用户信息最多支持 10000 条数据。导出的 .xls 文件可用 EXCEL 打开。 ]]></item>
				<item id="import_member"><![CDATA[导入官网的会员数据]]></item>
				<item id="import_DXC_userdata"><![CDATA[下载DXC官网采集好的会员数据]]></item>
				<item id="gong"><![CDATA[共]]></item>
				<item id="member_list"><![CDATA[会员列表]]></item>
				<item id="_the_user"><![CDATA[个会员]]></item>
				<item id="avatar"><![CDATA[头像]]></item>
				<item id="import_dateline"><![CDATA[导入时间]]></item>
				<item id="detail"><![CDATA[详情]]></item>
				<item id="use_must_know"><![CDATA[使用须知]]></item>
				<item id="use_must_know1"><![CDATA[1、选项中的“备用”是指如果资料中没有此项，才会应用设置，“强制”是指，不管资料有无此项目，一律按照自定义中的设置</br>比如采集到的会员，注册时间可能是一年前的，不符合需求。此时，可以选择“强制”,导入时按照自己设置的注册时间。而若选择'备用',当注册时间为空的时候，才使用自己设置的时间]]></item>
				<item id="use_must_know2"><![CDATA[2、用户的生日、星座、QQ号、邮箱等资料项系统会随机设置，不需要用户设置。有些资料系统故意以一定的概率留空，因为在真实的环境中，不是每个会员都会把个人资料完善好，太过完善反而不真实。]]></item>
				<item id="use_must_know3"><![CDATA[3、设置完毕之后，推荐使用‘立即更新’，此时将会把所做的设置都同步更新到目前的资料中,方便您导出做其他用途。而选择”保存设置“，则是当批量注册的时候才会使用设置]]></item>
				<item id="show_all"><![CDATA[全部展开]]></item>
				<item id="reg_pwd"><![CDATA[会员注册密码]]></item>
				<item id="reg_pwd_notice"><![CDATA[不能留空，也不要设置过于简单的密码，防止注册的会员被恶意使用]]></item>
				<item id="reg_num"><![CDATA[注册总数]]></item>
				<item id="reg_num_notice"><![CDATA[留空会注册完所有会员]]></item>
				<item id="reg_jump_num"><![CDATA[每批注册数]]></item>
				<item id="info_set"><![CDATA[资料设置]]></item>
				<item id="reg_dateline_notice"><![CDATA[如果哪个框不填或者填0，默认用发布时的时间填充]]></item>
				<item id="ip_type"><![CDATA[随机IP设置]]></item>
				<item id="rand_ip_notice"><![CDATA[一行一个或用半角逗号隔开，用户的注册IP、上次访问 IP将从这些ip中随机选取]]></item>
				<item id="money_set_notice"><![CDATA[5,50代表随机在线时间从5到50小时，5|10|20代表从这三个中随机,若填0，则使用系统默认初始设置。强烈建议大家根据自己的需要设置在线时间、金钱和积分等项目]]></item>
				<item id="apliy_type"><![CDATA[应用策略]]></item>
				<item id="apliy_type_notice"><![CDATA[保存设置---导入的时候才应用以上设置&nbsp; 立即更新--立刻按照设置批量更新会员资料]]></item>
				<item id="member_pick_url"><![CDATA[目标站点]]></item>
				<item id="member_pick_url_notice"><![CDATA[格式如：http://www.discuz.net/。 访问用户的空间地址： <span style="color:#CC3366">http://www.discuz.net/</span>home.php?mod=space&uid=1575902&do=profile(取红色那段即可)<br />discuz官网目前有防刷新机制，频繁采集可能导致无法访问。]]></item>
				<item id="uid_range"><![CDATA[UID范围]]></item>
				<item id="uid_range_notice"><![CDATA[1,30代表范围从1到30，1|30|50代表1、30、50。表示从这些uid范围的会员去采集资料]]></item>
				<item id="pick_need_login"><![CDATA[是否需要登录才能看见会员资料:]]></item>
				<item id="must_chinese"><![CDATA[用户名是否必须是中文:]]></item>
				<item id="no_chinese_jump"><![CDATA[用户名不是中文名就跳过]]></item>
				<item id="pick_num_notice"><![CDATA[采够了设定的数目就自动停止]]></item>
				<item id="jump_num"><![CDATA[每批采集数:]]></item>
				<item id="data_count"><![CDATA[数据统计]]></item>
				<item id="count_field"><![CDATA[统计项目]]></item>
				<item id="result"><![CDATA[结果]]></item>
				<item id="shuoming"><![CDATA[说明]]></item>
				<item id="evo_check"><![CDATA[环境检测]]></item>
				<item id="check_field"><![CDATA[检测项目]]></item>
				<item id="check_result"><![CDATA[检查结果]]></item>
				<item id="result_desc"><![CDATA[建议/说明]]></item>
				<item id="suport"><![CDATA[支持]]></item>
				<item id="no_suport"><![CDATA[不支持]]></item>
				<item id="server_value"><![CDATA[服务器参数]]></item>
				<item id="value_name"><![CDATA[参数名称]]></item>
				<item id="set_value"><![CDATA[参数值]]></item>
				<item id="recoment_value"><![CDATA[推荐值]]></item>
				<item id="no_check_value"><![CDATA[检测不到]]></item>
				<item id="download_picker"><![CDATA[下载采集器]]></item>
				<item id="ok"><![CDATA[确定]]></item>
				<item id="select_class"><![CDATA[选择分类]]></item>
				<item id="picker_class"><![CDATA[该分类下的采集器]]></item>
				<item id="move_picker_"><![CDATA[该分类下的采集器移动到]]></item>
				<item id="so_del"><![CDATA[直接删除]]></item>
				<item id="must_set_pickername"><![CDATA[请至少填写采集器名称!]]></item>
				<item id="rules_class"><![CDATA[规则所属分类:]]></item>
				<item id="class_notice"><![CDATA[分类，方便自己管理]]></item>
				<item id="fast_pick_notice"><![CDATA[输入<font color="red">文章列表地址</font>，无需其他设置，提交就可以采集了。<br>]]></item>
				<item id="text_get"><![CDATA[采集内容获取：]]></item>
				<item id="filter_text"><![CDATA[采集信息过滤]]></item>
				<item id="keyword_flag"><![CDATA[是否根据关键词采集?]]></item>
				<item id="keyword_title"><![CDATA[标题包含关键词:]]></item>
				<item id="keyword_content_exclude"><![CDATA[内容不包含关键词:]]></item>
				<item id="keyword_content"><![CDATA[内容包含关键词:]]></item>
				<item id="keyword_title_exclude"><![CDATA[标题不包含的关键词:]]></item>
				<item id="is_download_file"><![CDATA[附件本地化:]]></item>
				<item id="download_file_notice"><![CDATA[自动下载文章或者帖子附件到本地]]></item>
				<item id="stop_time"><![CDATA[采集停顿设置:]]></item>
				<item id="share_picker"><![CDATA[分享采集器]]></item>
				<item id="picker_name"><![CDATA[采集器名称:]]></item>
				<item id="import_zip"><![CDATA[导入zip文件：]]></item>
				<item id="import_article"><![CDATA[导入文章]]></item>
				<item id="close"><![CDATA[关闭]]></item>
				<item id="click_close"><![CDATA[点击就关闭窗口]]></item>
				<item id="hide_all"><![CDATA[全部折叠]]></item>
				<item id="sort"><![CDATA[顺序]]></item>
				<item id="wait_run"><![CDATA[等待触发]]></item>
				<item id="export_article"><![CDATA[导出文章]]></item>
				<item id="add_picker"><![CDATA[添加采集器]]></item>
				<item id="add_class"><![CDATA[添加分类]]></item>
				<item id="p_select"><![CDATA[请选择]]></item>
				<item id="_move"><![CDATA[转移]]></item>
				<item id="row_class"><![CDATA[一行一组]]></item>
				<item id="push_reply_footer"><![CDATA[回复尾随机加内容:]]></item>
				<item id="push_reply_body"><![CDATA[回复中随机加隐藏内容:]]></item>
				<item id="push_reply_header"><![CDATA[回复头随机加内容:]]></item>
				<item id="push_content_footer"><![CDATA[内容尾随机加内容:]]></item>
				<item id="push_content_body"><![CDATA[内容中随机添加隐藏内容:]]></item>
				<item id="push_content_header"><![CDATA[内容头随机加内容:]]></item>
				<item id="push_title_footer_notice"><![CDATA[一行一组 标题一般有字数控制，不要加太多东西。]]></item>
				<item id="push_title_footer"><![CDATA[标题尾随机加内容:]]></item>
				<item id="push_title_header"><![CDATA[标题头随机加内容:]]></item>
				<item id="show_open_seo_mod"><![CDATA[文章在显示的时候，程序才会进行伪原创加工显示。保存在数据库中的内容还是原始的内容。可根据实际需要开启或者关闭]]></item>
				<item id="open_seo"><![CDATA[是否开启伪原创]]></item>
				<item id="vir_must_online_"><![CDATA[指定哪些会员一定在线。多个用|符号隔开，指定范围请用逗号隔开数字，如20,30]]></item>
				<item id="vir_must_online"><![CDATA[保持在线的会员uid:]]></item>
				<item id="online_data_user_set"><![CDATA[1,10代表 从uid为1到10中随机选取;1|10 表示从uid为1和10的会员随机选取。</p><p>请注意，这里设置的范围最好比上面设置的在线会员数量要大]]></item>
				<item id="an_many"><![CDATA[按住 CTRL 多选]]></item>
				<item id="online_data_from"><![CDATA[虚拟在线会员数据来源:]]></item>
				<item id="today_fid_data"><![CDATA[修改今日数据的版块 :]]></item>
				<item id="today_fid_data_notice"><![CDATA[<p> 会按照上面设置的倍数对这些版块的今日发帖数和总贴数等数据进行修改。</p><p> 按住 CTRL 多选 </p>]]></item>
				<item id="vir_data_bei_notice"><![CDATA[昨日发帖，今日发帖，总帖子，总会员，最高在线的记录的倍数。]]></item>
				<item id="vir_data_bei"><![CDATA[数据倍数 :]]></item>
				<item id="vir_online_guest_count"><![CDATA[在线游客数量:]]></item>
				<item id="vir_online_member_count"><![CDATA[在线会员数量:]]></item>
				<item id="vir_online_member_count_notice"><![CDATA[20,30代表在20和30之间随机，最好填一个范围，不然每次在线人数都是一个固定数目，那也太假了]]></item>
				<item id="vir_open"><![CDATA[是否开启虚拟数据:]]></item>
				<item id="vir_open_notice"><![CDATA[是否开启虚拟数据，若关闭，下面所做的设置将不生效]]></item>
				<item id="reply_dateline"><![CDATA[回复发布时间设置]]></item>
				<item id="reply_dateline_notice"><![CDATA[填5表示主题发布时间之后5小时随机。填1,5表示主题发布时间之后1到5小时之间随机。默认值2]]></item>
				<item id="imported_data_notice"><![CDATA[小提示：想查看已导入注册的会员，选择‘已导入’搜索即可]]></item>
				<item id="no_have"><![CDATA[无]]></item>
				<item id="reg_jump_notice"><![CDATA[分批执行任务。设置每批执行的数目，推荐值：1000]]></item>
				<item id="show_open_seo_mod_notice"><![CDATA[免费版只能对论坛帖子进行伪原创。商业版可对门户，博客，论坛的文章全部伪原创。<br />伪原创作用范围是整站文章，而不仅仅是采集器发布的文章]]></item>
				<item id="show_open_fastpick_notice"><![CDATA[免费版只能论坛使用，商业版可以用于门户、论坛]]></item>
				<item id="_add"><![CDATA[前台发布]]></item>
				<item id="public_add_class_notice"><![CDATA[可以在采集器编辑的【发布设置】绑定栏目]]></item>
			</item>
			<item id="installlang">
				<item id="english"><![CDATA[chinese]]></item>
			</item>
		</item>
		<item id="installfile"><![CDATA[install.php]]></item>
		<item id="uninstallfile"><![CDATA[uninstall.php]]></item>
		<item id="upgradefile"><![CDATA[upgrade.php]]></item>
		<item id="checkfile"><![CDATA[check.php]]></item>
	</item>
</root>