﻿<?xml version="1.0" encoding="ISO-8859-1"?>
<root>
	<item id="Title"><![CDATA[Discuz! Plugin]]></item>
	<item id="Version"><![CDATA[X2,X2.5,X3,X3.1,X3.2,F1.0]]></item>
	<item id="Time"><![CDATA[2016-12-24 20:52]]></item>
	<item id="From"><![CDATA[讯幻网www.xhkj5.com]]></item>
	<item id="Data">
		<item id="plugin">
			<item id="available"><![CDATA[1]]></item>
			<item id="adminid"><![CDATA[1]]></item>
			<item id="name"><![CDATA[讯幻网_商学派通用二级导航]]></item>
			<item id="identifier"><![CDATA[sxp_cj_01]]></item>
			<item id="description"><![CDATA[商学派插件应用——通用二级导航，更多discuz应用安装就在http://www.xhkj5.com/gg/addon.php?/?@3982.developer]]></item>
			<item id="datatables"><![CDATA[]]></item>
			<item id="directory"><![CDATA[sxp_cj_01/]]></item>
			<item id="copyright"><![CDATA[讯幻网（www.xhkj5.com）]]></item>
			<item id="version"><![CDATA[1.0]]></item>
			<item id="__modules">
				<item id="0">
					<item id="name"><![CDATA[nv_core]]></item>
					<item id="param"><![CDATA[]]></item>
					<item id="menu"><![CDATA[]]></item>
					<item id="url"><![CDATA[]]></item>
					<item id="type"><![CDATA[11]]></item>
					<item id="adminid"><![CDATA[0]]></item>
					<item id="displayorder"><![CDATA[0]]></item>
					<item id="navtitle"><![CDATA[]]></item>
					<item id="navicon"><![CDATA[]]></item>
					<item id="navsubname"><![CDATA[]]></item>
					<item id="navsuburl"><![CDATA[]]></item>
				</item>
			</item>
		</item>
		<item id="version"><![CDATA[X2,X2.5,X3,X3.1,X3.2,F1.0]]></item>
		<item id="var">
			<item id="0">
				<item id="displayorder"><![CDATA[1]]></item>
				<item id="title"><![CDATA[导航背景色]]></item>
				<item id="description"><![CDATA[]]></item>
				<item id="variable"><![CDATA[nav_bg]]></item>
				<item id="type"><![CDATA[color]]></item>
				<item id="value"><![CDATA[#F6F6F6]]></item>
				<item id="extra"><![CDATA[]]></item>
			</item>
			<item id="1">
				<item id="displayorder"><![CDATA[2]]></item>
				<item id="title"><![CDATA[导航宽度]]></item>
				<item id="description"><![CDATA[选择和你当前使用模板对应的宽度 / 单位：px]]></item>
				<item id="variable"><![CDATA[nav_width]]></item>
				<item id="type"><![CDATA[select]]></item>
				<item id="value"><![CDATA[2]]></item>
				<item id="extra"><![CDATA[1=960
2=980
3=1000
4=1150
5=1190
6=1200]]></item>
			</item>
			<item id="2">
				<item id="displayorder"><![CDATA[3]]></item>
				<item id="title"><![CDATA[导航向下距离]]></item>
				<item id="description"><![CDATA[填写任意数字 / 单位：px]]></item>
				<item id="variable"><![CDATA[nav_margin_bottom]]></item>
				<item id="type"><![CDATA[text]]></item>
				<item id="value"><![CDATA[5]]></item>
				<item id="extra"><![CDATA[]]></item>
			</item>
			<item id="3">
				<item id="displayorder"><![CDATA[5]]></item>
				<item id="title"><![CDATA[文字颜色]]></item>
				<item id="description"><![CDATA[]]></item>
				<item id="variable"><![CDATA[nav_a]]></item>
				<item id="type"><![CDATA[color]]></item>
				<item id="value"><![CDATA[#555555]]></item>
				<item id="extra"><![CDATA[]]></item>
			</item>
			<item id="4">
				<item id="displayorder"><![CDATA[6]]></item>
				<item id="title"><![CDATA[文字字体]]></item>
				<item id="description"><![CDATA[]]></item>
				<item id="variable"><![CDATA[nav_family]]></item>
				<item id="type"><![CDATA[text]]></item>
				<item id="value"><![CDATA[Microsoft YaHei,Tahoma,Helvetica,"SimSun",sans-serif]]></item>
				<item id="extra"><![CDATA[]]></item>
			</item>
			<item id="5">
				<item id="displayorder"><![CDATA[7]]></item>
				<item id="title"><![CDATA[文字鼠标悬停色(a:hover)]]></item>
				<item id="description"><![CDATA[]]></item>
				<item id="variable"><![CDATA[nav_a_hover]]></item>
				<item id="type"><![CDATA[color]]></item>
				<item id="value"><![CDATA[#FF6600]]></item>
				<item id="extra"><![CDATA[]]></item>
			</item>
			<item id="6">
				<item id="displayorder"><![CDATA[20]]></item>
				<item id="title"><![CDATA[栏目1图标]]></item>
				<item id="description"><![CDATA[]]></item>
				<item id="variable"><![CDATA[nav_area1_icon]]></item>
				<item id="type"><![CDATA[text]]></item>
				<item id="value"><![CDATA[url(source/plugin/sxp_cj_01/template/image/headicon1.png)]]></item>
				<item id="extra"><![CDATA[]]></item>
			</item>
			<item id="7">
				<item id="displayorder"><![CDATA[21]]></item>
				<item id="title"><![CDATA[栏目1文字及链接]]></item>
				<item id="description"><![CDATA[导航宽度≥1190时，显示8个，否则显示6个；]]></item>
				<item id="variable"><![CDATA[nav_area1]]></item>
				<item id="type"><![CDATA[textarea]]></item>
				<item id="value"><![CDATA[<li><a target="_blank" href="#">苏州购物</a></li>
<li><a target="_blank" href="#">娱乐至上</a></li>
<li><a target="_blank" href="#">家居装饰</a></li>
<li><a target="_blank" href="#">妈咪宝贝</a></li>
<li><a target="_blank" href="#">妈咪宝贝</a></li>
<li><a target="_blank" href="#">同城车友</a></li>
<li><a target="_blank" href="#">妈咪宝贝</a></li>
<li><a target="_blank" href="#">同城车友</a></li>]]></item>
				<item id="extra"><![CDATA[]]></item>
			</item>
			<item id="8">
				<item id="displayorder"><![CDATA[22]]></item>
				<item id="title"><![CDATA[栏目2图标]]></item>
				<item id="description"><![CDATA[]]></item>
				<item id="variable"><![CDATA[nav_area2_icon]]></item>
				<item id="type"><![CDATA[text]]></item>
				<item id="value"><![CDATA[url(source/plugin/sxp_cj_01/template/image/headicon2.png)]]></item>
				<item id="extra"><![CDATA[]]></item>
			</item>
			<item id="9">
				<item id="displayorder"><![CDATA[23]]></item>
				<item id="title"><![CDATA[栏目2文字及链接]]></item>
				<item id="description"><![CDATA[导航宽度≥1190时，显示8个，否则显示6个；]]></item>
				<item id="variable"><![CDATA[nav_area2]]></item>
				<item id="type"><![CDATA[textarea]]></item>
				<item id="value"><![CDATA[<li><a target="_blank" href="#">苏州购物</a></li>
<li><a target="_blank" href="#">娱乐至上</a></li>
<li><a target="_blank" href="#">家居装饰</a></li>
<li><a target="_blank" href="#">妈咪宝贝</a></li>
<li><a target="_blank" href="#">妈咪宝贝</a></li>
<li><a target="_blank" href="#">同城车友</a></li>
<li><a target="_blank" href="#">妈咪宝贝</a></li>
<li><a target="_blank" href="#">同城车友</a></li>]]></item>
				<item id="extra"><![CDATA[]]></item>
			</item>
			<item id="10">
				<item id="displayorder"><![CDATA[24]]></item>
				<item id="title"><![CDATA[栏目3图标]]></item>
				<item id="description"><![CDATA[]]></item>
				<item id="variable"><![CDATA[nav_area3_icon]]></item>
				<item id="type"><![CDATA[text]]></item>
				<item id="value"><![CDATA[url(source/plugin/sxp_cj_01/template/image/headicon3.png) ]]></item>
				<item id="extra"><![CDATA[]]></item>
			</item>
			<item id="11">
				<item id="displayorder"><![CDATA[25]]></item>
				<item id="title"><![CDATA[栏目3文字及链接]]></item>
				<item id="description"><![CDATA[]]></item>
				<item id="variable"><![CDATA[nav_area3]]></item>
				<item id="type"><![CDATA[textarea]]></item>
				<item id="value"><![CDATA[<li><a target="_blank" href="#">苏州购物</a></li>
<li><a target="_blank" href="#">娱乐至上</a></li>
<li><a target="_blank" href="#">家居装饰</a></li>
<li><a target="_blank" href="#">妈咪宝贝</a></li>
<li><a target="_blank" href="#">妈咪宝贝</a></li>
<li><a target="_blank" href="#">同城车友</a></li>]]></item>
				<item id="extra"><![CDATA[]]></item>
			</item>
			<item id="12">
				<item id="displayorder"><![CDATA[26]]></item>
				<item id="title"><![CDATA[栏目4文字及链接]]></item>
				<item id="description"><![CDATA[]]></item>
				<item id="variable"><![CDATA[nav_area4]]></item>
				<item id="type"><![CDATA[textarea]]></item>
				<item id="value"><![CDATA[<a target="_blank" href="#">精彩专题</a>]]></item>
				<item id="extra"><![CDATA[]]></item>
			</item>
			<item id="13">
				<item id="displayorder"><![CDATA[27]]></item>
				<item id="title"><![CDATA[栏目4背景色]]></item>
				<item id="description"><![CDATA[]]></item>
				<item id="variable"><![CDATA[nav_area4_bg]]></item>
				<item id="type"><![CDATA[color]]></item>
				<item id="value"><![CDATA[#92BB1A]]></item>
				<item id="extra"><![CDATA[]]></item>
			</item>
			<item id="14">
				<item id="displayorder"><![CDATA[28]]></item>
				<item id="title"><![CDATA[栏目4文字颜色]]></item>
				<item id="description"><![CDATA[]]></item>
				<item id="variable"><![CDATA[nav_area4_a]]></item>
				<item id="type"><![CDATA[color]]></item>
				<item id="value"><![CDATA[#FFFFFF]]></item>
				<item id="extra"><![CDATA[]]></item>
			</item>
			<item id="15">
				<item id="displayorder"><![CDATA[29]]></item>
				<item id="title"><![CDATA[栏目4文字鼠标悬停色(a:hover)]]></item>
				<item id="description"><![CDATA[]]></item>
				<item id="variable"><![CDATA[nav_area4_hover]]></item>
				<item id="type"><![CDATA[color]]></item>
				<item id="value"><![CDATA[#FFFFFF]]></item>
				<item id="extra"><![CDATA[]]></item>
			</item>
		</item>
	</item>
</root>